gene_id,in_grid,has_sites,y_a_true,y_a_ens,y_a_seed42,y_a_seed123,y_a_seed456,y_a_seed789,y_a_seed2024
YOL001W,True,True,-0.24482521414756775,-0.6339439302682877,-0.2895627021789551,-1.458362340927124,-0.6258402466773987,-0.16281010210514069,-0.6331442594528198
YOL002C,True,True,0.04409168288111687,-0.834212702512741,-0.5370843410491943,-0.9010040760040283,-0.2924676239490509,-0.7598243355751038,-1.6806831359863281
YOL003C,True,True,-0.007768542971462011,-0.26342459917068484,-0.14924737811088562,-0.43739068508148193,-0.32140958309173584,0.27610519528388977,-0.6851805448532104
YOL004W,True,True,0.8545726537704468,0.3210981011390686,0.6894175410270691,0.2805587649345398,0.02220931649208069,1.096592903137207,-0.4832880198955536
YOL005C,True,True,1.2221399545669556,0.30537496209144593,0.34833964705467224,0.31252992153167725,0.1111021339893341,0.5612187385559082,0.19368436932563782
YOL006C,True,True,0.9821895956993103,1.3225401759147644,1.419597864151001,1.787611722946167,1.532450556755066,1.263893485069275,0.6091472506523132
YOL007C,True,True,0.7977595925331116,0.4367764711380005,0.6852356791496277,-0.3016083538532257,0.7475566267967224,0.7496254444122314,0.3030729591846466
YOL008W,False,True,-0.20285435020923615,-0.45680852346122264,-0.39551135897636414,-0.539007842540741,-0.8998671174049377,-0.0035473909229040146,-0.4461089074611664
YOL009C,False,True,0.19305314123630524,-0.08689020425081254,0.07522782683372498,-0.3549514710903168,-0.41332104802131653,0.24510563910007477,0.013488031923770905
YOL010W,True,True,0.468755841255188,0.7442772030830384,0.8266334533691406,0.7339616417884827,0.5694481134414673,1.0230001211166382,0.5683426856994629
YOL011W,True,True,-0.10579942166805267,0.8326929390430451,0.6503605842590332,1.1344642639160156,0.7823898196220398,1.3260786533355713,0.2701713740825653
YOL012C,True,True,0.5497588515281677,0.7838273048400879,0.7845924496650696,0.7270879149436951,1.0967546701431274,0.5198808312416077,0.7908206582069397
YOL013C,True,True,0.2915593087673187,-0.14260608479380607,0.07935667037963867,-0.47610312700271606,0.024186018854379654,0.1395084261894226,-0.47997841238975525
YOL013W-A,False,True,-1.8897221088409424,-2.2736140727996825,-1.3339660167694092,-1.8104121685028076,-3.011842727661133,-2.8091681003570557,-2.402681350708008
YOL013W-B,False,False,-2.088510751724243,-0.5643523633480072,0.2606394290924072,-0.33281317353248596,-1.21504545211792,-0.5552338361740112,-0.9793087840080261
YOL014W,True,True,-0.08441035449504852,-0.15571492314338684,-0.3693394660949707,-0.33988267183303833,0.3887116014957428,0.7441327571868896,-1.2021968364715576
YOL015W,True,True,-1.1411479711532593,0.2885989844799042,0.6101480722427368,0.8600636124610901,-0.5798436403274536,0.882314920425415,-0.32968804240226746
YOL016C,True,True,0.41732484102249146,0.7657647967338562,1.0147795677185059,0.9170812964439392,0.6975911259651184,0.7699457406997681,0.42942625284194946
YOL017W,True,True,-0.20577266812324524,0.42714800536632536,0.7748336791992188,0.5410444140434265,0.06739988178014755,0.7664414048194885,-0.01397935301065445
YOL018C,False,True,0.5840561389923096,0.5143224239349365,0.772511899471283,0.37814706563949585,0.7614463567733765,0.8599117398262024,-0.20040494203567505
YOL019W,True,True,0.9133861660957336,0.6822289407253266,0.7367520928382874,1.1195526123046875,-0.02664545178413391,1.215620517730713,0.36586493253707886
YOL019W-A,False,True,-2.088510751724243,0.5052993953227997,0.8157405257225037,0.6186468005180359,0.1817239373922348,0.8379751443862915,0.07241056859493256
YOL020W,True,True,0.4595666825771332,0.5977634787559509,0.6786192059516907,0.3745581805706024,0.7836207747459412,1.0031064748764038,0.14891275763511658
YOL021C,True,True,0.5032573342323303,0.7565886557102204,0.6794638633728027,0.5815760493278503,1.1206698417663574,1.2199755907058716,0.1812579333782196
YOL022C,True,False,0.6085663437843323,-0.7160904765129089,-0.41231396794319153,-1.4706895351409912,-0.20353516936302185,-0.7419637441635132,-0.7519499659538269
YOL023W,True,True,-0.2084423005580902,0.8231424212455749,1.1060289144515991,0.7709910869598389,0.8403208255767822,0.732278048992157,0.6660932302474976
YOL024W,False,False,-1.7144646644592285,-0.7633004706352949,-0.6910744905471802,-1.312605857849121,-0.7329659461975098,-0.023184916004538536,-1.056671142578125
YOL025W,True,True,-0.2484516054391861,0.5075828552246093,0.5734555125236511,0.3458281457424164,0.7926133275032043,0.40744221210479736,0.41857507824897766
YOL026C,True,True,1.1321818828582764,0.24856967702507973,0.9201481342315674,-0.016140054911375046,-0.27394166588783264,0.34067031741142273,0.2721116542816162
YOL027C,True,True,0.9581441879272461,0.9241897344589234,1.5330822467803955,0.5278531908988953,0.9574759602546692,1.0670185089111328,0.5355187654495239
YOL028C,True,True,1.009493112564087,-0.23299617171287537,-0.185746431350708,-0.20076808333396912,-1.0684237480163574,0.5562562346458435,-0.2662988305091858
YOL029C,True,False,0.1278906613588333,-0.8233631432056427,-0.3987490236759186,-1.0351026058197021,-0.8202831149101257,-0.5890045762062073,-1.2736763954162598
YOL030W,True,True,0.6964038014411926,0.06691790223121644,0.3339117765426636,-0.15652956068515778,-0.1360533982515335,0.26920199394226074,0.02405869960784912
YOL031C,True,True,0.4280807673931122,0.819323045015335,1.4168859720230103,0.6626819372177124,0.5750975608825684,0.9675557613372803,0.4743939936161041
YOL032W,True,True,0.21024712920188904,0.8013714492321015,1.4832220077514648,0.4821315407752991,0.6503117084503174,0.9840497970581055,0.40714219212532043
YOL033W,True,False,-0.537468671798706,-0.28366839736700056,-0.22601744532585144,-0.21717017889022827,-0.35253795981407166,-0.07121890038251877,-0.5513975024223328
YOL034W,True,True,0.2096780389547348,0.6925585269927979,1.437482476234436,0.7083249688148499,0.7370386123657227,0.736640989780426,-0.1566944122314453
YOL035C,False,False,-1.7548974752426147,-0.06927257999777794,0.1902279555797577,-0.645976185798645,0.0563032366335392,0.2370551973581314,-0.18397310376167297
YOL036W,True,True,0.5993341207504272,0.5302259802818299,0.23655667901039124,0.9888518452644348,0.4992670714855194,0.626388430595398,0.30006587505340576
YOL037C,False,False,-2.003502607345581,0.0023720830678939818,0.27737465500831604,-0.18525370955467224,0.3802800476551056,-0.13355787098407745,-0.326982706785202
YOL038C-A,True,True,1.2752268314361572,0.5357463300228119,0.5766956210136414,0.4369778633117676,0.8989427089691162,0.6229500770568848,0.14316537976264954
YOL038W,True,True,1.3939096927642822,0.7527850866317749,0.8510760068893433,0.8111189007759094,1.0784918069839478,0.6880642175674438,0.3351745009422302
YOL039W,True,True,0.5832198262214661,1.3615859627723694,2.0663459300994873,0.9211718440055847,1.0498439073562622,1.339468002319336,1.4311001300811768
YOL040C,True,True,2.036766290664673,1.1548274517059327,1.4168691635131836,1.0342648029327393,1.497178554534912,1.1025599241256714,0.7232648134231567
YOL041C,True,True,0.8016772866249084,1.0276650428771972,0.8313764929771423,0.9133837819099426,1.3565365076065063,1.0912762880325317,0.9457521438598633
YOL042W,False,False,-0.4801081418991089,-0.41444006115198134,-0.7666171193122864,-0.7716466784477234,-0.12142279744148254,0.05765532702207565,-0.4701690375804901
YOL043C,True,False,-0.10829702764749527,-0.7201373528689146,-0.7089571952819824,-1.045702338218689,-1.1720138788223267,-0.00861135683953762,-0.6654019951820374
YOL044W,False,True,-0.2900741696357727,-0.06424233317375183,0.18672972917556763,-0.5862905979156494,0.3342229723930359,0.29527559876441956,-0.5511493682861328
YOL045W,True,True,0.2655080258846283,0.040869760885834695,-0.12145275622606277,-0.02875749208033085,0.04841696098446846,0.4636051058769226,-0.15746301412582397
YOL046C,False,False,-1.9908815622329712,-0.23041043803095818,-0.10389582812786102,-0.3526308834552765,-0.060448598116636276,0.4131060838699341,-1.0481829643249512
YOL047C,True,True,-1.4915549755096436,0.2825727790594101,0.12198086082935333,0.20578628778457642,0.4472450613975525,0.5662701725959778,0.07158151268959045
YOL048C,True,True,-0.14757080376148224,-0.5830768346786499,-0.39555662870407104,-0.9873164296150208,-0.15930968523025513,-0.5301246643066406,-0.843076765537262
YOL049W,True,True,0.6527405977249146,0.6040058553218841,0.39255470037460327,1.1248066425323486,0.603000283241272,0.5949441194534302,0.3047235310077667
YOL050C,False,False,-1.639182448387146,-0.693200221657753,-0.7950180768966675,-0.9328119158744812,0.17772585153579712,-0.20071251690387726,-1.7151844501495361
YOL051W,False,True,1.0828896760940552,1.3225508093833924,1.8752269744873047,1.2611151933670044,1.2938402891159058,1.4788368940353394,0.7037346959114075
YOL052C,True,True,0.7879452109336853,0.2670129701495171,0.6596472859382629,0.17596928775310516,0.3461178243160248,0.09444835036993027,0.058882102370262146
YOL052C-A,False,True,-0.3754267692565918,0.08431589603424072,0.6152125000953674,-0.22060030698776245,0.5611540675163269,0.2734212875366211,-0.8076080679893494
YOL053W,True,True,0.44812366366386414,-0.06986762136220932,-0.2283504754304886,-0.5790397524833679,0.5191044211387634,-0.1086791530251503,0.04762685298919678
YOL054W,True,True,0.5431395173072815,0.06626327782869339,0.13237592577934265,-0.3710307776927948,0.11652867496013641,0.5740460157394409,-0.12060344964265823
YOL055C,False,False,-0.720003604888916,-0.5117309749126434,-0.7250297665596008,-0.6173391938209534,-0.7190082669258118,-0.1559106707572937,-0.3413669764995575
YOL056W,True,True,0.3795434534549713,0.23022548854351044,0.4020349383354187,0.11257678270339966,0.2191309630870819,0.4753699004650116,-0.05798514187335968
YOL057W,False,True,0.21219883859157562,0.4202406108379364,0.5566390752792358,-0.020861685276031494,0.6417271494865417,0.6891750693321228,0.2345234453678131
YOL058W,False,True,0.9782732129096985,0.38177317976951597,0.045049577951431274,0.5430571436882019,0.658146321773529,0.25201889872550964,0.4105939567089081
YOL059W,True,True,1.514225721359253,0.9452489972114563,1.2967123985290527,0.9389180541038513,0.9335350394248962,0.9275587797164917,0.6295207142829895
YOL060C,True,True,1.1175615787506104,0.8570724248886108,1.154046893119812,1.0432116985321045,1.4687378406524658,0.37862586975097656,0.2407398223876953
YOL061W,True,True,0.3633718192577362,0.2700443506240845,0.3258117139339447,0.3846266269683838,0.41410061717033386,0.8420106172561646,-0.6163278222084045
YOL062C,True,True,0.5367338061332703,0.19218988716602325,0.12754854559898376,0.20854932069778442,0.14386843144893646,0.40115320682525635,0.07982993125915527
YOL063C,True,False,-0.3278621435165405,0.11641181409358978,0.44454455375671387,-0.1796264350414276,0.2912525236606598,0.12141449004411697,-0.0955260619521141
YOL064C,True,True,0.11875472962856293,0.030082107335329056,0.08263425529003143,0.0206715427339077,0.06379187852144241,0.14487822353839874,-0.161565363407135
YOL065C,False,True,0.22553029656410217,-0.6446783661842346,-0.7521479725837708,-0.5662757158279419,0.08527368307113647,-0.7350303530693054,-1.2552114725112915
YOL066C,False,False,0.16731883585453033,-0.10822324752807617,0.11776137351989746,-0.2510475516319275,-0.3852914571762085,0.2639967203140259,-0.2865353226661682
YOL067C,True,True,0.8396010398864746,0.42202636450529096,0.49977630376815796,0.7132946252822876,0.43711382150650024,0.5751753449440002,-0.11522827297449112
YOL068C,True,True,0.8427512645721436,0.3460554495453835,0.2888830304145813,0.3354288339614868,0.6785997748374939,0.5207183361053467,-0.09335272759199142
YOL069W,True,True,0.05310692638158798,-0.01318185105919838,0.1276189684867859,0.034481268376111984,-0.3897366523742676,0.4339926242828369,-0.2722654640674591
YOL070C,True,True,0.7664246559143066,0.2544290542602539,0.36997008323669434,0.339264452457428,0.3004794418811798,0.2891448140144348,-0.026713520288467407
YOL071W,True,True,0.9490100145339966,0.16384010389447212,0.500163733959198,-0.0586831234395504,0.4454573392868042,0.3356648087501526,-0.4034022390842438
YOL072W,False,True,0.022829845547676086,-1.0057639360427857,-0.9470556974411011,-0.8866426944732666,-0.6002575159072876,-0.9271684885025024,-1.6676952838897705
YOL073C,False,True,0.20806501805782318,-0.850802543759346,-0.7760009765625,-0.9081381559371948,-0.15445400774478912,-1.00675368309021,-1.4086658954620361
YOL075C,True,True,-0.7440013289451599,-0.0028528086841106415,-0.1188698559999466,-0.025111746042966843,0.37391361594200134,0.44695764780044556,-0.6911537051200867
YOL076W,True,True,0.453590452671051,0.6301436007022858,0.9419341683387756,0.4561259150505066,0.6105891466140747,0.9545690417289734,0.1874997317790985
YOL077C,True,True,1.0322009325027466,0.8816369473934174,0.9518690705299377,1.0441884994506836,0.814060389995575,1.2342828512191772,0.36378392577171326
YOL077W-A,True,True,1.6023564338684082,-0.38408934473991396,-0.47609490156173706,0.17557334899902344,-0.21146956086158752,-0.8668535351753235,-0.5416020750999451
YOL078W,False,True,-0.04896540194749832,0.37245050221681597,0.690081775188446,0.3959040641784668,0.43087491393089294,0.3077992796897888,0.03759247809648514
YOL079W,False,False,-1.9724780321121216,-0.20259796380996703,-0.0663958415389061,-0.2410794496536255,-0.1941731721162796,-0.06746035069227219,-0.44388100504875183
YOL080C,True,True,0.5001569986343384,-0.12087437659502029,0.17355205118656158,-0.42619016766548157,0.33310744166374207,-0.04403936117887497,-0.6408018469810486
YOL081W,True,True,0.3649650514125824,0.6122081398963928,0.536906361579895,0.40192702412605286,0.4952046275138855,1.3323004245758057,0.2947022616863251
YOL082W,True,True,0.072688989341259,0.6852671504020691,0.6125330924987793,0.49827009439468384,0.5272979140281677,1.3267848491668701,0.4614498019218445
YOL083C-A,False,False,-1.921277642250061,-1.1874272495508194,-1.189154863357544,-1.3372182846069336,-1.3662989139556885,-0.14842505753040314,-1.8960391283035278
YOL083W,True,True,-0.5649816989898682,0.12616641521453859,0.1792098581790924,0.06780281662940979,0.1383708119392395,0.4609513282775879,-0.21550273895263672
YOL084W,True,True,-1.1951961517333984,-0.5188108503818512,-0.7969419360160828,-0.435940682888031,-0.5976129770278931,-0.2895912528038025,-0.47396740317344666
YOL085C,False,False,-1.6389124393463135,0.08840487748384476,0.6140734553337097,-0.5033983588218689,0.5475711226463318,-0.039026789367198944,-0.17719504237174988
YOL085W-A,False,False,-0.10626305639743805,-0.3060343399643898,-0.3470799922943115,-0.5925166010856628,-0.46059656143188477,-0.07605656236410141,-0.053921982645988464
YOL086C,True,True,1.7672889232635498,1.948418378829956,2.357820510864258,2.069204807281494,2.212153196334839,1.812140703201294,1.2907726764678955
YOL086W-A,True,True,0.238462895154953,0.5957731246948242,0.8900535702705383,0.27752622961997986,0.7800588011741638,0.7507120966911316,0.2805149257183075
YOL087C,True,True,0.16124381124973297,0.2817347079515457,-0.03154473379254341,0.018291238695383072,0.5745443105697632,0.434966504573822,0.4124162197113037
YOL088C,True,True,0.5536664724349976,0.25668279975652697,0.5797067284584045,-0.41646671295166016,0.36669665575027466,0.8063186407089233,-0.05284131318330765
YOL089C,True,True,-0.4351838529109955,0.22473548650741576,0.09866410493850708,0.11278688907623291,0.2999512255191803,0.6744939684867859,-0.06221875548362732
YOL090W,True,True,-0.023070096969604492,0.06671490222215652,0.05255889892578125,0.0062474533915519714,0.22264184057712555,0.26754993200302124,-0.2154236137866974
YOL091W,True,True,-1.334310531616211,-1.1079777359962464,-0.7457591891288757,-0.9023756384849548,-1.779296636581421,-1.1361290216445923,-0.9763281941413879
YOL092W,True,True,0.590799868106842,-0.32148746959865093,-0.4169386029243469,-0.4478130340576172,-0.4582400619983673,-0.02050766907632351,-0.26393797993659973
YOL093W,True,True,1.131037950515747,0.26402016580104826,0.6187439560890198,-0.043693624436855316,0.21605804562568665,0.5639680624008179,-0.03497561067342758
YOL094C,True,True,0.17896708846092224,0.37424353659152987,0.41645151376724243,0.13482899963855743,0.42639419436454773,0.7292409539222717,0.1643020212650299
YOL095C,True,True,-0.5643731951713562,0.107497189193964,-0.015423551201820374,-0.1969723403453827,-0.054921235889196396,0.63508141040802,0.16972166299819946
YOL096C,True,True,-0.035769615322351456,0.09644904732704163,0.17527493834495544,-0.23766468465328217,0.13403533399105072,0.6137444972991943,-0.2031448483467102
YOL097C,True,True,0.5292906761169434,0.37602209225296973,0.47907549142837524,0.0315537266433239,0.5993015766143799,0.6728524565696716,0.09732721000909805
YOL097W-A,True,True,-0.6476660966873169,-0.0454793244600296,-0.2028304934501648,-0.2500506639480591,0.17751817405223846,0.11502432078123093,-0.06705795973539352
YOL098C,True,True,0.43100425601005554,0.2505024209618568,0.3845391571521759,0.14289459586143494,0.5145826935768127,0.2208518385887146,-0.010356180369853973
YOL099C,False,False,-1.2408440113067627,-0.42586669474840166,-0.3452357351779938,-0.518818199634552,-0.13803747296333313,0.05369379371404648,-1.1809358596801758
YOL100W,True,True,0.20761582255363464,0.5218401804566384,0.7914112210273743,0.15468809008598328,0.6285024881362915,0.9892080426216125,0.045391060411930084
YOL101C,True,True,-0.558953583240509,0.17690059244632722,0.24470537900924683,0.13242162764072418,-0.5960513353347778,0.8559316396713257,0.2474956512451172
YOL102C,True,True,0.056922201067209244,-1.9043492317199706,-1.5293586254119873,-2.2282352447509766,-1.9682509899139404,-2.1218326091766357,-1.6740686893463135
YOL103W,False,True,0.4307391345500946,0.4594622582197189,0.3862762451171875,0.22791916131973267,0.5051793456077576,1.0620360374450684,0.11590050160884857
YOL104C,True,True,-0.41706183552742004,-0.6273290470242501,-1.2388641834259033,-0.7129823565483093,-0.3460429310798645,-0.942236065864563,0.10348030179738998
YOL105C,True,True,0.12120858579874039,-0.21550149694085122,-0.21224042773246765,0.024951111525297165,-0.1698833405971527,-0.18060302734375,-0.5397318005561829
YOL106W,False,False,-1.1656928062438965,-0.43595106452703475,-0.8229993581771851,-0.6244271397590637,0.14681516587734222,0.11426987498998642,-0.9934138655662537
YOL107W,True,True,0.282907634973526,-0.12036959119141102,-0.02372446097433567,-0.6774070858955383,0.19265420734882355,-0.06876780837774277,-0.02460280805826187
YOL108C,True,True,1.1410753726959229,0.35618783831596373,0.45974984765052795,0.35985827445983887,0.34145161509513855,0.2772688567638397,0.34261059761047363
YOL109W,True,True,1.9677560329437256,1.5775124311447144,1.6325074434280396,2.157156229019165,1.6037304401397705,1.6426488161087036,0.8515192270278931
YOL110W,True,True,-0.4174368977546692,-0.3616897284984589,0.6003679633140564,-0.8545464873313904,-0.5418390035629272,0.27413275837898254,-1.2865638732910156
YOL111C,True,True,1.005720853805542,0.17068178504705428,0.8182477951049805,0.20406381785869598,0.08122176676988602,0.6256402730941772,-0.8757647275924683
YOL112W,False,True,0.6000497341156006,-0.05395485907793045,-0.0825919583439827,-0.3463906943798065,0.2507268488407135,0.199081689119339,-0.2906001806259155
YOL113W,True,True,-0.06296833604574203,0.4335644140839577,0.6064857840538025,0.5086161494255066,0.46970757842063904,0.489713191986084,0.09329936653375626
YOL114C,True,True,-0.050535909831523895,0.5222423419356346,0.4890297055244446,0.8361486196517944,0.564395010471344,0.753372073173523,-0.03173369914293289
YOL115W,False,True,0.2065124213695526,0.0949612319469452,0.5111786127090454,-0.7128061056137085,0.3573497235774994,0.15510031580924988,0.16398361325263977
YOL116W,True,True,0.22301200032234192,0.4136310974135995,0.5466161966323853,0.6819009184837341,0.015015860088169575,0.6757760047912598,0.14884650707244873
YOL117W,True,False,-0.18227045238018036,-0.38784505128860475,-0.854841411113739,-0.3820057809352875,-0.3583182692527771,0.26257559657096863,-0.6066353917121887
YOL118C,False,False,-1.2064766883850098,-0.45490439161658286,-0.0015450529754161835,-0.8331945538520813,-0.6171074509620667,0.17496874928474426,-0.9976436495780945
YOL119C,False,True,0.3526555895805359,0.15073507241904735,-0.013451183214783669,0.3684212565422058,0.4884301722049713,0.2376573234796524,-0.3273822069168091
YOL120C,True,True,1.0188838243484497,1.1564046561717987,1.685720443725586,1.1775901317596436,1.2114295959472656,1.4185523986816406,0.2887307107448578
YOL121C,True,True,1.0812923908233643,1.8258091449737548,2.178257942199707,1.7855937480926514,1.6510908603668213,2.0692412853240967,1.444861888885498
YOL122C,True,True,-0.36050093173980713,0.35578017234802245,0.3346098065376282,0.20724022388458252,0.5506965517997742,0.8499460816383362,-0.16359180212020874
YOL123W,True,True,0.3019360303878784,1.1933438897132873,1.3474644422531128,1.3011966943740845,1.3587604761123657,0.9771132469177246,0.9821845889091492
YOL124C,True,True,0.171620175242424,0.7305417597293854,1.1920477151870728,0.5284304618835449,0.7319801449775696,0.8190854787826538,0.3811649978160858
YOL125W,True,True,0.2575626075267792,0.044762599468231204,0.27181899547576904,0.30000540614128113,-0.09562020003795624,-0.2132207304239273,-0.03917047381401062
YOL126C,True,True,0.6434570550918579,0.39513077586889267,0.8871768712997437,0.2097720503807068,0.0850091204047203,0.6223157644271851,0.17138007283210754
YOL127W,True,True,0.7519931793212891,1.9190542697906494,2.5278468132019043,2.611861228942871,1.5077731609344482,1.653361201286316,1.2944289445877075
YOL128C,True,True,-0.8039452433586121,-1.3835041046142578,-0.5183694958686829,-1.9061552286148071,-2.01810622215271,-0.9089170098304749,-1.5659725666046143
YOL129W,True,True,0.5533187389373779,-0.07045473605394363,0.17057088017463684,-0.27966731786727905,0.06744863837957382,0.16072934865951538,-0.47135522961616516
YOL130W,True,True,0.32245463132858276,0.3315164536237717,-0.08962913602590561,0.3418446183204651,0.7645888924598694,0.7544464468955994,-0.11366855353116989
YOL131W,True,True,-1.7993923425674438,-0.9723796665668487,-0.44861456751823425,-0.8656582832336426,-0.917687714099884,-0.9249155521392822,-1.7050222158432007
YOL132W,True,True,-1.6386202573776245,-1.2345577359199524,-1.02445387840271,-1.8514387607574463,-0.5792503952980042,-1.3172560930252075,-1.400389552116394
YOL133W,True,True,0.7743965983390808,0.20486433506011964,0.5633441805839539,-0.31327560544013977,0.16167572140693665,0.5425750613212585,0.07000231742858887
YOL134C,False,False,-1.9733052253723145,-1.0609633564949035,-1.0585812330245972,-1.5511300563812256,-0.930483877658844,-0.48736512660980225,-1.2772564888000488
YOL135C,True,True,0.9841502904891968,0.5052058517932891,0.6167284846305847,0.5014703869819641,0.3513889014720917,0.9047044515609741,0.1517370343208313
YOL136C,True,True,0.5333938598632812,0.22851868122816085,0.3971234858036041,-0.0333661213517189,0.6848700046539307,0.14863665401935577,-0.05467061698436737
YOL137W,False,True,0.0038281718734651804,0.022824271768331527,0.4018334746360779,0.02472829446196556,0.20388247072696686,0.43193766474723816,-0.9482605457305908
YOL138C,False,True,0.02254900150001049,0.1063124492764473,0.19439959526062012,0.149018794298172,0.8365032076835632,-0.1186334416270256,-0.5297259092330933
YOL139C,True,True,0.9096654057502747,0.7188170909881592,0.5456982254981995,0.4451391100883484,0.888631284236908,1.0971510410308838,0.6174657940864563
YOL140W,True,True,-0.2943861782550812,0.40471569299697874,0.27433544397354126,0.3441343307495117,0.39626505970954895,0.6828213930130005,0.3260222375392914
YOL141W,True,False,-0.31953343749046326,-0.37677576690912246,-0.4556773602962494,-0.6307125091552734,-0.5056893229484558,-0.1977587640285492,-0.0940408781170845
YOL142W,True,True,0.7581906318664551,0.5536142289638519,0.6190295219421387,0.7135652899742126,0.3602718710899353,0.9626666307449341,0.11253783106803894
YOL143C,True,True,0.723778247833252,0.28735521361231803,0.8361759781837463,0.5814428925514221,0.25506678223609924,-0.2467450648546219,0.010835479944944382
YOL144W,True,True,0.5005812048912048,0.48102769404649737,0.745966374874115,0.3652377128601074,0.7725646495819092,0.6326974630355835,-0.11132773011922836
YOL145C,True,True,0.7146801948547363,0.3646465852856636,0.6399827599525452,0.23151394724845886,0.6496980786323547,0.4004378318786621,-0.09839969128370285
YOL146W,True,True,0.13550066947937012,-0.10093723684549331,-0.053520672023296356,-0.06466951966285706,0.18707628548145294,-0.2144409418106079,-0.3591313362121582
YOL147C,True,True,-0.11487776041030884,-0.07004652172327042,0.4987369179725647,-0.07012905925512314,0.18945714831352234,-0.23887820541858673,-0.7294194102287292
YOL148C,True,True,0.7129207849502563,0.628687071800232,0.7770822644233704,0.35048431158065796,0.7611345648765564,0.9681447148323059,0.28658950328826904
YOL149W,True,True,0.7164118885993958,0.08235688135027885,0.19703352451324463,0.0614321194589138,0.0974847823381424,0.07927332073450089,-0.02343934029340744
YOL150C,False,False,-1.3738634586334229,-0.7887547582387924,-0.5160186290740967,-1.211782455444336,-0.8754379153251648,-0.1304473727941513,-1.2100874185562134
YOL151W,False,True,1.5475022792816162,-0.1677047073841095,0.1690993309020996,-0.8530730605125427,0.048064589500427246,0.1334007978439331,-0.3360151946544647
YOL152W,True,True,-1.6790744066238403,-0.9254273757338524,0.05625153332948685,-0.9995279908180237,-1.4943313598632812,-1.0112859010696411,-1.1782431602478027
YOL154W,True,True,1.318295955657959,0.05230669602751732,0.46779537200927734,0.0310581736266613,1.2341049909591675,-0.8916912078857422,-0.5797338485717773
YOL155C,True,True,0.0250971931964159,-1.5562930583953858,-1.5724600553512573,-1.8656315803527832,-1.3913174867630005,-1.763815999031067,-1.1882401704788208
YOL155W-A,False,True,-2.088510751724243,-0.14643245041370392,-0.04519599676132202,-0.46305811405181885,-0.17741887271404266,0.2664625644683838,-0.31295183300971985
YOL156W,True,False,-1.88042151927948,-1.8034510135650634,-2.2688803672790527,-1.769684076309204,-1.7933790683746338,-1.1961007118225098,-1.989210844039917
YOL157C,True,False,-1.308638334274292,-0.35530221909284593,-0.26637139916419983,-0.16461779177188873,-0.9205078482627869,-0.09767390042543411,-0.32734015583992004
YOL158C,False,True,0.783129096031189,0.963983005285263,1.1212730407714844,0.8544663786888123,1.0977497100830078,1.337759017944336,0.4086668789386749
YOL159C,True,True,-0.4939460754394531,-0.1565730795264244,-0.06773044914007187,-0.44650188088417053,-0.28001660108566284,0.28895753622055054,-0.27757400274276733
YOL159C-A,False,True,-0.340106338262558,0.5781710013747215,0.47561115026474,0.7892722487449646,0.877056360244751,0.8510532975196838,-0.10213804990053177
YOL160W,False,False,-1.6012815237045288,-0.2518689036369324,0.3559761047363281,-0.4675114154815674,-0.35299697518348694,-0.5314906239509583,-0.2633216083049774
YOL161C,True,True,-2.018502712249756,-2.0751797676086428,-1.6247410774230957,-1.7426027059555054,-1.9498382806777954,-2.405348062515259,-2.6533687114715576
YOL162W,True,False,-1.5635168552398682,-1.3202281951904298,-1.5130279064178467,-1.1769479513168335,-1.8425655364990234,-0.7012025117874146,-1.3673970699310303
YOL163W,True,False,-1.531921625137329,-0.9864249229431152,-0.908174455165863,-0.8420402407646179,-1.520310401916504,-0.7694273591041565,-0.8921721577644348
YOL164W,True,True,-0.3658665120601654,0.036572711542248726,0.24621140956878662,0.2230677604675293,0.11497746407985687,0.023747900500893593,-0.42514097690582275
YOL164W-A,True,False,-1.6838750839233398,-0.4075524315237999,-0.43907132744789124,-0.40893661975860596,-0.14791901409626007,0.061668507754802704,-1.103503704071045
YOL165C,True,False,-1.6897159814834595,-0.7425366401672363,-1.495339035987854,-0.5951700806617737,-0.2670177221298218,-0.35066360235214233,-1.0044927597045898
YOL166C,False,False,-2.088510751724243,-0.43238461278378965,-0.6727846264839172,-0.5791162252426147,-0.08910373598337173,0.005099082365632057,-0.8260175585746765
YOL166W-A,False,False,-2.088510751724243,-1.1111075103282928,-1.970715880393982,-0.8282979130744934,-1.792051911354065,0.3575687110424042,-1.3220405578613281
YOR001W,True,True,0.3681214451789856,0.36136124432086947,0.45844703912734985,0.13951662182807922,0.222946897149086,0.5596203804016113,0.4262752830982208
YOR002W,True,True,-0.008495241403579712,0.28490543067455293,0.2145184874534607,0.13815465569496155,-0.07982413470745087,0.9072867631912231,0.24439138174057007
YOR003W,True,True,-0.48937851190567017,-1.0234059810638427,-0.9006953239440918,-1.2397966384887695,-0.9133086800575256,-1.5105335712432861,-0.5526956915855408
YOR004W,False,True,0.5218609571456909,0.36275421380996703,0.16256797313690186,0.5044799447059631,0.8392645716667175,0.5258382558822632,-0.2183796763420105
YOR005C,True,True,-0.5990946888923645,-0.7164604663848877,-0.3891794681549072,-0.48818439245224,-0.5236691832542419,-1.0188608169555664,-1.162408471107483
YOR006C,True,True,0.7537696957588196,0.488916939496994,0.3892085552215576,0.6958991289138794,0.589181125164032,0.5969516634941101,0.173344224691391
YOR007C,True,True,0.8228327035903931,0.6009758532047271,1.204765796661377,0.35833030939102173,0.6695126891136169,0.8340837955474854,-0.06181332468986511
YOR008C,False,True,1.0317186117172241,0.5322234690189361,0.8983139395713806,0.48508358001708984,0.3385690450668335,0.727365255355835,0.21178552508354187
YOR008C-A,True,True,-1.513265609741211,0.3706377446651459,0.49452537298202515,0.280870258808136,0.2777784764766693,0.4237717390060425,0.37624287605285645
YOR008W-B,False,False,0.08439410477876663,-0.07079747021198272,0.08100476861000061,-0.30400896072387695,-0.16312149167060852,0.03608179837465286,-0.0039434656500816345
YOR009W,True,True,-0.49863219261169434,0.3830147564411163,0.46383529901504517,0.6846626400947571,0.32726532220840454,0.28116247057914734,0.15814805030822754
YOR010C,True,True,-0.7593582272529602,0.3337330400943756,0.9226666688919067,0.2796587347984314,0.07660520076751709,0.7069833278656006,-0.31724873185157776
YOR011W,True,True,-0.6681786179542542,-0.39900392591953276,0.11095550656318665,-1.0020713806152344,-0.08059187233448029,-0.6639225482940674,-0.3593893349170685
YOR011W-A,False,False,-1.8604087829589844,-1.2160493373870849,-1.5536988973617554,-1.9455022811889648,-0.9575154185295105,-0.43812817335128784,-1.1854019165039062
YOR012W,False,True,-0.8811018466949463,-0.5353156387805938,-1.162731647491455,-0.5057324171066284,-0.5637595057487488,0.19736000895500183,-0.6417146325111389
YOR013W,False,False,-0.10583700239658356,-1.1090578079223632,-1.8245556354522705,-1.3784635066986084,-0.8824538588523865,-0.4222033619880676,-1.0376126766204834
YOR014W,True,True,0.49551987648010254,0.26113840043544767,0.06703566014766693,0.2778719961643219,0.41798099875450134,0.39629459381103516,0.14650875329971313
YOR015W,False,False,-0.29439690709114075,-0.21198326274752616,-0.23087121546268463,9.973719716072083e-05,-0.34682032465934753,-0.2118215560913086,-0.2705029547214508
YOR016C,True,True,0.21966533362865448,0.17489472031593323,0.10132306814193726,0.07413139939308167,0.4004364609718323,0.5561809539794922,-0.25759828090667725
YOR017W,False,True,0.07060132920742035,0.15150844752788545,0.3229561746120453,0.21413910388946533,-0.16173754632472992,0.5156073570251465,-0.1334228515625
YOR018W,True,True,0.2523050010204315,0.8402712225914002,0.8158730864524841,0.8963186740875244,1.2198848724365234,0.6476391553878784,0.6216403245925903
YOR019W,True,True,-0.5826165676116943,-0.6865861237049102,-0.7947764992713928,-0.5060444474220276,-0.3803984820842743,-0.5210277438163757,-1.230683445930481
YOR020C,True,True,1.945880651473999,0.09777778685092926,0.4528356194496155,-0.17177189886569977,0.5182066559791565,-0.78142911195755,0.47104766964912415
YOR020W-A,True,True,1.0221846103668213,0.8337218403816223,0.5234466195106506,0.9980478882789612,1.006898045539856,1.1984764337539673,0.4417402148246765
YOR021C,True,True,0.6611610651016235,0.7178689479827881,0.9147091507911682,0.8772125840187073,0.745514988899231,0.9504345655441284,0.10147345066070557
YOR022C,True,True,-0.19036230444908142,0.488782174885273,0.38078123331069946,0.3735821545124054,0.572984516620636,1.0523520708084106,0.06421089917421341
YOR023C,True,True,1.1107444763183594,0.6976863145828247,0.9569006562232971,0.7725279331207275,0.7899393439292908,0.5463289618492126,0.42273467779159546
YOR024W,False,False,-1.937984585762024,-0.4509276427328587,-1.0732285976409912,-0.07860937714576721,0.03010786697268486,-0.41112202405929565,-0.7217860817909241
YOR025W,True,True,0.8940514922142029,0.7729402542114258,0.9489450454711914,1.1140836477279663,0.5977188348770142,0.5810888409614563,0.6228649020195007
YOR026W,True,True,0.27251681685447693,0.15042169932276012,0.21301761269569397,0.17778688669204712,0.013880235143005848,0.6171144247055054,-0.2696906626224518
YOR027W,True,True,1.1868678331375122,1.066091626882553,1.7013250589370728,1.168744444847107,1.0309531688690186,0.9842755794525146,0.4451598823070526
YOR028C,False,True,0.29483336210250854,0.0656513288617134,-0.060838013887405396,0.5512271523475647,0.14191456139087677,-0.19737009704113007,-0.10667695850133896
YOR029W,False,False,-1.7764222621917725,-1.0610117316246033,-0.9607784152030945,-1.5104433298110962,-0.8157883286476135,-0.5211414694786072,-1.496907114982605
YOR030W,True,True,0.38942405581474304,-0.6860609635710716,-0.703639566898346,-0.7814720273017883,-0.5224211812019348,-0.11660169810056686,-1.3061703443527222
YOR032C,True,True,-0.8580121397972107,0.12508755475282668,0.6811893582344055,0.7254320979118347,-0.5441389679908752,0.055146463215351105,-0.29219117760658264
YOR032W-A,True,True,-0.7169725298881531,-0.4830486785620451,-0.005705391988158226,-1.2546238899230957,-0.23675358295440674,-0.5460598468780518,-0.37210068106651306
YOR033C,False,True,-0.03738164156675339,0.14146795272827148,0.5403082966804504,-0.20935408771038055,0.19457007944583893,0.3829019069671631,-0.20108643174171448
YOR034C,True,True,-0.05620009824633598,0.10547829121351242,0.2127266526222229,-0.11587713658809662,0.08401085436344147,0.4278167486190796,-0.08128566294908524
YOR034C-A,True,True,-0.6704772114753723,0.0778747856616974,0.1340591162443161,-0.10331802070140839,0.15180861949920654,0.44577664136886597,-0.2389524281024933
YOR035C,True,True,0.19707684218883514,0.21375207006931304,0.27573561668395996,-0.32043391466140747,0.49178266525268555,0.4837660491466522,0.137909933924675
YOR036W,True,True,1.1536537408828735,0.6511086642742157,0.39557307958602905,0.7674250602722168,0.6101340055465698,1.0244090557098389,0.45800212025642395
YOR037W,False,False,0.5081114768981934,-0.08245123028755189,0.5378783941268921,-0.22837743163108826,-0.6061028838157654,0.3983514904975891,-0.514005720615387
YOR038C,True,True,0.007950300350785255,0.42367088943719866,0.4608640670776367,0.4410298466682434,0.5570199489593506,0.6475133895874023,0.011927194893360138
YOR039W,True,True,0.5834050178527832,0.6625853642821312,0.5128814578056335,0.8446851372718811,0.915162980556488,0.9987257719039917,0.04147147387266159
YOR040W,True,True,-0.30747681856155396,0.5165962517261505,-0.12149554491043091,0.6020328402519226,0.8556849956512451,0.7512261867523193,0.4955327808856964
YOR041C,False,False,-1.6476045846939087,-0.7984081387519837,-0.812552809715271,-1.2236099243164062,-1.0713094472885132,0.13199323415756226,-1.01656174659729
YOR042W,True,True,1.0395891666412354,1.108524000644684,1.287874460220337,1.1391953229904175,1.0662541389465332,0.9065372347831726,1.142758846282959
YOR043W,True,True,0.6656965017318726,0.3495301306247711,0.6646167635917664,0.261679083108902,0.7591204643249512,0.7484441995620728,-0.6862098574638367
YOR044W,True,True,0.5530966520309448,-0.08148032538592816,-0.549415647983551,-0.5577118992805481,0.5255364179611206,-0.026410793885588646,0.2006002962589264
YOR045W,True,True,0.7505142092704773,0.5964013457298278,0.736648678779602,0.7143234014511108,0.6671718955039978,0.5815350413322449,0.28232771158218384
YOR046C,True,True,0.5954180955886841,0.5476002275943757,0.4767012596130371,0.3453247547149658,0.8189336657524109,0.9407979846000671,0.1562434732913971
YOR047C,True,True,0.9434884190559387,0.5637984961271286,0.9740846157073975,0.09393848478794098,0.5617031455039978,0.9915601015090942,0.19770613312721252
YOR048C,True,True,0.47574082016944885,0.5582469284534455,0.6906496286392212,0.3511219024658203,0.5843088030815125,1.0144578218460083,0.15069648623466492
YOR049C,True,True,-0.8978104591369629,-0.6558620512485505,-0.5693753361701965,0.10749080777168274,-0.9800474047660828,-0.5788105130195618,-1.2585678100585938
YOR050C,False,False,-1.8719758987426758,-0.37207241654396056,-0.4148491621017456,-0.8424220681190491,-0.4615730941295624,0.16942760348320007,-0.3109453618526459
YOR051C,True,True,0.5248363018035889,0.48800577856600286,0.5796683430671692,0.6974438428878784,0.022427456453442574,0.7880207300186157,0.3524685204029083
YOR052C,True,True,1.5110454559326172,0.09688239246606827,0.5357657074928284,0.11299830675125122,0.5286914110183716,-0.11849086731672287,-0.574552595615387
YOR053W,False,False,-1.1308698654174805,-0.394607612490654,-0.5679877996444702,-0.6108093857765198,-0.6082640290260315,-0.07374770194292068,-0.11222914606332779
YOR054C,True,True,0.7491916418075562,-0.0798931136727333,-0.20471036434173584,0.009846866130828857,-0.32544901967048645,0.1596347838640213,-0.0387878343462944
YOR055W,False,False,-1.9711805582046509,-0.3931556135416031,-0.4575968384742737,-0.9230937361717224,-0.44133076071739197,0.1807519644498825,-0.3245086967945099
YOR056C,True,True,0.5734176635742188,0.645033061504364,0.4486282467842102,0.2791707515716553,1.020790934562683,0.7834151387214661,0.6931602358818054
YOR057W,True,True,0.16408951580524445,0.21063019149005413,0.021858012303709984,-0.2515236437320709,0.4698456823825836,0.6095939874649048,0.2033769190311432
YOR058C,True,True,0.21075570583343506,0.2573419585824013,0.8393904566764832,0.3285926282405853,0.34744444489479065,0.05230758339166641,-0.28102532029151917
YOR059C,True,True,0.4120582640171051,0.41133257523179056,0.709981381893158,0.037915538996458054,0.3119112551212311,0.9611342549324036,0.03572044521570206
YOR060C,True,True,0.4530009627342224,0.4386114075779915,0.617004930973053,0.20915430784225464,0.4522157311439514,0.8245511054992676,0.09013096243143082
YOR061W,False,True,0.7287587523460388,0.0801717609167099,0.18197882175445557,0.33803457021713257,-0.1378130167722702,0.31819039583206177,-0.2995319664478302
YOR062C,False,True,0.2243659496307373,-0.2310724139213562,-0.3977534770965576,-0.34361904859542847,-0.43041732907295227,0.4221487045288086,-0.40572091937065125
YOR063W,True,True,1.6335773468017578,1.1903245449066162,1.5798296928405762,1.5468673706054688,0.6293131709098816,1.4962447881698608,0.6993677020072937
YOR064C,True,True,0.5526285767555237,0.6229184150695801,0.6086000204086304,0.5669607520103455,0.8750770688056946,0.6309564113616943,0.43299782276153564
YOR065W,False,True,0.28425106406211853,0.8178877234458923,0.26422053575515747,0.9936409592628479,0.8434385657310486,1.0586178302764893,0.9295207262039185
YOR066W,True,True,0.8478933572769165,0.0867884747684002,0.18389083445072174,0.012366112321615219,-0.3652245104312897,0.4717422425746918,0.1311676949262619
YOR067C,True,True,-0.164680615067482,0.01942378580570221,0.25780755281448364,-0.007060185074806213,-0.2932332158088684,0.5039756298065186,-0.36437085270881653
YOR068C,False,False,-1.953100562095642,-0.6844889596104622,-0.7469198703765869,-0.6187347769737244,-0.8700627684593201,0.04425682872533798,-1.2309842109680176
YOR069W,False,True,0.42961135506629944,-0.09365356899797916,-0.005497919395565987,-0.41719508171081543,-0.291527658700943,0.44683951139450073,-0.20088669657707214
YOR070C,True,True,0.4148169755935669,-0.006606695801019668,-0.17710131406784058,-0.03458179906010628,0.35798242688179016,0.3553884029388428,-0.5347211956977844
YOR071C,True,True,-0.28861621022224426,0.2375682085752487,0.7571101784706116,0.10520164668560028,0.5145318508148193,0.6051926612854004,-0.794195294380188
YOR072W,False,False,-1.644194483757019,-0.44074746761471034,-0.9487778544425964,-0.6700604557991028,0.013713995926082134,-0.17608577013015747,-0.4225272536277771
YOR072W-A,False,False,-0.9698861241340637,-0.38889065124094485,-0.8950791954994202,-0.5702077746391296,-0.02402498945593834,-0.030008872970938683,-0.4251324236392975
YOR072W-B,False,True,-2.088510751724243,0.37383797615766523,1.159948706626892,0.013784434646368027,0.05113895609974861,0.7325412034988403,-0.0882234200835228
YOR073W,True,True,0.37694674730300903,0.9975816488265992,1.5587270259857178,1.3492580652236938,0.5375786423683167,0.9852117300033569,0.5571327805519104
YOR073W-A,False,False,-1.9901304244995117,-0.9067350193858147,-1.7053064107894897,-1.231715440750122,-0.5939562916755676,0.09511760622262955,-1.0978145599365234
YOR074C,True,True,0.5601571798324585,0.18955991566181182,0.602851927280426,-0.05485987663269043,0.19222934544086456,0.7730270624160767,-0.5654488801956177
YOR075W,True,True,0.32821419835090637,0.2525332644581795,0.41665220260620117,0.3836480379104614,-0.16519898176193237,0.7456541061401367,-0.11808904260396957
YOR076C,True,True,-0.16473250091075897,0.719189316034317,1.2622214555740356,0.5499165654182434,0.8376625180244446,0.7829628586769104,0.16318318247795105
YOR077W,True,True,0.4889550507068634,0.16425933688879013,0.31535643339157104,0.015069812536239624,-0.2475120574235916,0.7631913423538208,-0.024808846414089203
YOR078W,True,True,1.2853407859802246,1.1222691774368285,1.5122228860855103,0.8409674763679504,1.0982110500335693,1.261828899383545,0.8981155753135681
YOR079C,True,True,-0.4390423595905304,-0.7407765716314316,-0.6157431602478027,-1.070190668106079,-0.8435853123664856,-0.22628097236156464,-0.9480827450752258
YOR080W,True,True,0.11050976812839508,-0.27765578776597977,-0.08087173104286194,-0.7146386504173279,-0.47481104731559753,0.0339212641119957,-0.15187877416610718
YOR081C,True,True,0.8139799237251282,0.4298057734966278,0.4053080379962921,0.4814379811286926,0.30833491683006287,0.6408932209014893,0.3130547106266022
YOR082C,False,False,-1.6654356718063354,-0.6398089498281478,-0.8075149655342102,-0.4511493742465973,-0.9661628603935242,-0.16205258667469025,-0.8121649622917175
YOR083W,True,True,0.7548487186431885,0.7239527881145478,1.0199878215789795,0.8884707689285278,0.5618191361427307,0.6598145961761475,0.48967161774635315
YOR084W,True,True,0.41449663043022156,-0.21408674605190753,0.0035306867212057114,-0.11664882302284241,0.3831489086151123,-0.8841057419776917,-0.45635876059532166
YOR085W,True,True,0.7835781574249268,0.6467333197593689,0.7601993680000305,0.6867793202400208,0.9411787390708923,0.6234557032585144,0.22205346822738647
YOR086C,True,True,0.4389263391494751,0.4397875279188156,0.6069963574409485,0.8355750441551208,0.4389443099498749,0.15619589388370514,0.1612260341644287
YOR087W,True,True,-0.2997955083847046,0.3840312883257866,0.8929856419563293,-0.01379905641078949,0.5201367735862732,0.41775548458099365,0.10307759791612625
YOR089C,True,True,1.653550148010254,0.6667860805988312,0.632492184638977,0.5214237570762634,0.6174279451370239,1.0856209993362427,0.4769655168056488
YOR090C,True,True,0.5295312404632568,0.5439349576830864,0.629551351070404,0.6119073033332825,0.657116711139679,0.911622166633606,-0.09052274376153946
YOR091W,True,True,1.5231034755706787,0.662828904390335,0.9343350529670715,0.5792867541313171,0.6766448616981506,0.8166052103042603,0.30727264285087585
YOR092W,True,True,-0.09655704349279404,0.7487180471420288,1.0214118957519531,0.9941003918647766,0.9378281831741333,0.4565766155719757,0.3336731493473053
YOR093C,True,True,-0.4002058804035187,0.16721018478274347,-0.009226422756910324,0.27096837759017944,-0.053821861743927,0.6340364217758179,-0.0059055909514427185
YOR094W,True,True,0.16721244156360626,0.3351636156439781,0.39499008655548096,0.08275425434112549,0.6496331691741943,0.6035559177398682,-0.05511534959077835
YOR095C,True,True,0.16661952435970306,0.3835799276828766,0.3581850528717041,0.16140669584274292,0.47610458731651306,0.57505863904953,0.3471446633338928
YOR096W,True,True,1.0557042360305786,1.8616029977798463,1.7594082355499268,2.0786824226379395,2.124940872192383,2.1045539379119873,1.2404295206069946
YOR097C,True,True,1.0892449617385864,0.31870215348899367,0.022043628618121147,0.566356897354126,0.3132024109363556,0.773526668548584,-0.08161883801221848
YOR098C,True,True,0.7106032967567444,0.4793306142091751,0.683855414390564,-0.147209033370018,0.29569706320762634,1.3293704986572266,0.23493912816047668
YOR099W,True,True,-0.006140573415905237,0.25076107420027255,0.029004571959376335,0.13547609746456146,0.06050458177924156,0.9643593430519104,0.06446077674627304
YOR100C,True,True,-1.0925302505493164,-0.14925790429115296,-0.31141573190689087,-0.35828840732574463,-0.27164795994758606,0.4314146935939789,-0.2363521158695221
YOR101W,True,True,0.5146077275276184,0.6173021890223026,1.25599205493927,-0.04671616479754448,0.2830198407173157,1.1268316507339478,0.46738356351852417
YOR102W,False,False,-0.8526800870895386,-0.7189911291003227,-1.0726574659347534,-1.5177220106124878,-0.2824743092060089,0.04532558470964432,-0.7674274444580078
YOR103C,True,True,0.46237659454345703,0.3844096563756466,0.4925275444984436,0.018821943551301956,0.8244943022727966,0.6953427791595459,-0.10913828760385513
YOR104W,True,True,0.38727596402168274,0.17146658897399902,0.35538360476493835,-0.14541272819042206,0.1413387507200241,0.8572865128517151,-0.3512631952762604
YOR105W,False,False,-1.4484816789627075,-0.7267545714974404,-0.9401664137840271,-0.6313832402229309,-0.7867197394371033,0.0633343979716301,-1.3388378620147705
YOR106W,True,True,0.5283232927322388,-0.0019622161984443665,0.26036733388900757,-0.39240965247154236,-0.18637250363826752,0.3581242263317108,-0.04952048510313034
YOR107W,True,True,0.3690584599971771,0.3788574695587158,0.6353378295898438,0.5706110000610352,0.740401029586792,-0.2636784315109253,0.2116159200668335
YOR108C-A,False,False,-1.1997793912887573,-0.7278717070817947,-0.5505498647689819,-0.748417854309082,-1.2550604343414307,-0.15307874977588654,-0.9322516322135925
YOR108W,True,True,0.24464185535907745,0.8831269383430481,0.8428155183792114,1.2536306381225586,0.877431333065033,0.8394888043403625,0.602268397808075
YOR109W,True,True,0.35647302865982056,0.24303411412984133,0.5211580395698547,0.2519895136356354,0.007211961783468723,0.708254337310791,-0.2734432816505432
YOR110W,False,True,0.3599231541156769,0.7476201355457306,1.0115511417388916,0.968407928943634,0.8039455413818359,0.7269664406776428,0.22722962498664856
YOR111W,False,False,-0.2557254433631897,-0.038254290074110034,-0.14850395917892456,-0.039511341601610184,0.27712109684944153,0.052401743829250336,-0.3327789902687073
YOR112W,False,True,0.4982483685016632,0.005912494659423828,0.23655205965042114,-0.33398696780204773,-0.23013579845428467,0.6127489805221558,-0.25561580061912537
YOR113W,True,True,0.8828917741775513,0.17633146345615386,0.46002432703971863,0.17606699466705322,0.37652572989463806,-0.11877252906560898,-0.012187205255031586
YOR114W,True,True,-0.12146312743425369,0.3407180830836296,0.33782893419265747,0.7820430397987366,0.2633115351200104,0.21722553670406342,0.1031813696026802
YOR115C,True,True,0.6279783844947815,0.5568479478359223,0.8652470707893372,0.14480060338974,0.6241748929023743,0.9929141998291016,0.15710297226905823
YOR116C,True,True,0.061203960329294205,0.18157964944839478,0.21810083091259003,-0.11170418560504913,0.5360479950904846,0.53519606590271,-0.2697424590587616
YOR117W,True,True,0.5736323595046997,0.1899777740240097,0.4805217385292053,0.08370047807693481,-0.1514299064874649,0.3061174750328064,0.2309790849685669
YOR118W,False,False,0.27110329270362854,0.06347371488809586,-0.24188372492790222,0.39328330755233765,-0.21925072371959686,0.42927002906799316,-0.04405031353235245
YOR119C,True,True,0.39160534739494324,-0.2034351110458374,0.19114559888839722,-0.3115145266056061,-0.23199623823165894,-0.46670886874198914,-0.19810152053833008
YOR120W,True,True,-0.5526840686798096,0.17092042416334152,0.299959659576416,0.4358407258987427,0.4307875335216522,-0.19779954850673676,-0.11418624967336655
YOR121C,False,False,-0.06004365533590317,-0.3804847612977028,-0.5260424017906189,-0.856814444065094,-0.22786372900009155,0.09751703590154648,-0.389220267534256
YOR122C,True,True,1.2744004726409912,1.1727991700172424,1.3388148546218872,1.3486851453781128,1.1402651071548462,1.3512756824493408,0.6849550604820251
YOR123C,True,True,1.3648680448532104,0.45660502314567564,0.515032172203064,0.40975314378738403,0.6209332942962646,0.9319673776626587,-0.19466087222099304
YOR124C,True,True,0.2247747927904129,0.2934366688132286,0.4534335732460022,0.24140116572380066,0.16247573494911194,0.5926106572151184,0.017262212932109833
YOR125C,True,True,0.4985921382904053,-0.29127469956874846,-0.07868383079767227,-0.403977632522583,-0.1842820793390274,-0.10161971300840378,-0.6878102421760559
YOR126C,False,True,-0.4528633952140808,0.11922509595751762,0.18095999956130981,0.045975979417562485,0.38499364256858826,0.14973598718643188,-0.16554012894630432
YOR127W,True,True,0.11227739602327347,0.2171182230114937,0.38025423884391785,0.06585727632045746,0.393673300743103,0.07181449979543686,0.17399179935455322
YOR128C,False,False,-2.074021100997925,-0.3404452443122864,-0.11003965139389038,-1.1367301940917969,0.30347195267677307,-0.30348634719848633,-0.45544198155403137
YOR129C,True,True,-0.42416897416114807,-0.2924221843481064,-0.5433120727539062,-0.24462682008743286,0.07491667568683624,-0.4077959358692169,-0.34129276871681213
YOR130C,True,True,0.13427959382534027,0.2694419533014297,0.18137842416763306,0.12410947680473328,0.3857419788837433,0.24379132688045502,0.4121885597705841
YOR131C,True,True,1.0964527130126953,0.6155246675014496,0.6756594181060791,0.5666998028755188,0.8047475814819336,0.7361751794815063,0.2943413555622101
YOR132W,False,True,0.30487504601478577,0.8543642699718476,0.9489839673042297,1.3066906929016113,0.5569236874580383,0.9849797487258911,0.47424325346946716
YOR133W,True,True,-0.012241794727742672,0.7491185128688812,0.7078481316566467,0.6641779541969299,0.9208431839942932,1.1656814813613892,0.2870418131351471
YOR134W,True,True,-1.6006001234054565,-1.320254349708557,-1.0662956237792969,-1.5040907859802246,-1.5004186630249023,-1.1113179922103882,-1.4191486835479736
YOR135C,False,False,-1.7486299276351929,-0.4386186180636287,-0.009643138386309147,-1.0050761699676514,-0.024338094517588615,-0.2658628821372986,-0.8881728053092957
YOR136W,True,True,1.333309531211853,0.3433321386575699,-0.1261299103498459,1.1333155632019043,0.08075838536024094,0.7074354887008667,-0.07871883362531662
YOR137C,True,True,-0.24070416390895844,0.10950862169265747,-0.2600680887699127,0.3717203140258789,0.3455893397331238,0.4819847345352173,-0.3916831910610199
YOR138C,False,True,0.4002404510974884,0.3802064672112465,0.315746009349823,0.5128776431083679,0.4939269721508026,0.5602046251296997,0.018277086317539215
YOR139C,False,False,-1.8851450681686401,-0.7958002761006355,-0.8674796223640442,-1.5048503875732422,-1.3717412948608398,0.12490632385015488,-0.3598363995552063
YOR140W,True,True,0.9737324118614197,-0.7891035616397858,-0.7038763165473938,-0.9047271609306335,-0.766605794429779,-1.2403326034545898,-0.3299759328365326
YOR141C,True,True,0.7119331955909729,1.1281173348426818,1.0401517152786255,1.4356938600540161,1.171438217163086,1.234419822692871,0.7588830590248108
YOR142W,True,True,0.5065084099769592,0.9206757783889771,0.8369809985160828,0.614780604839325,0.8528457283973694,1.4522464275360107,0.8465251326560974
YOR143C,True,True,-0.19949230551719666,0.07267233151942491,0.3541637063026428,0.19887711107730865,0.011070319451391697,-0.24404726922512054,0.04329778999090195
YOR144C,True,True,-0.06219677999615669,0.24835072159767152,0.2258433699607849,0.2480153739452362,0.5282106995582581,0.4884442090988159,-0.24876004457473755
YOR145C,True,True,1.5828311443328857,1.1892761945724488,1.235367774963379,1.0574581623077393,1.4006259441375732,1.436881422996521,0.8160476684570312
YOR146W,False,False,-1.482474684715271,-0.9292412579059601,0.1154036819934845,-1.5562818050384521,-0.2411985993385315,-0.9440361261367798,-2.0200934410095215
YOR147W,True,True,0.15161751210689545,0.9300351142883301,1.3976871967315674,0.8424497246742249,0.9431630969047546,0.9555312395095825,0.511344313621521
YOR148C,True,True,0.3564147353172302,0.14762235581874847,0.33562546968460083,-0.4028739333152771,0.7921741604804993,0.2129903882741928,-0.19980430603027344
YOR149C,True,False,-0.4182332754135132,-0.33721294701099397,-0.2552417516708374,-0.7664145827293396,0.28751519322395325,-0.23357956111431122,-0.7183440327644348
YOR150W,True,True,0.23532862961292267,0.609281849861145,1.0880107879638672,0.31998926401138306,0.5188449025154114,0.9026429057121277,0.2169213891029358
YOR151C,False,True,0.4487549364566803,0.5975127577781677,1.2056148052215576,0.36603501439094543,0.3474142551422119,0.7997540831565857,0.26874563097953796
YOR152C,True,True,-0.6139469146728516,-0.3794581308960915,-0.299793541431427,-0.7379088997840881,-0.21380716562271118,-0.0456894114613533,-0.6000916361808777
YOR153W,True,True,1.288724422454834,0.7400156617164612,0.6534841060638428,0.7500198483467102,0.7734909653663635,0.7902026176452637,0.7328807711601257
YOR154W,True,True,-0.014324559830129147,-0.0023124344646930695,-0.08085060119628906,-0.07290492951869965,-0.02737222984433174,0.4445006847381592,-0.2749350965023041
YOR155C,True,True,0.023335788398981094,-0.14665817022323607,-0.5538015961647034,-0.15807834267616272,-0.08111611008644104,0.2035503387451172,-0.14384514093399048
YOR156C,False,False,0.24129025638103485,-0.14865025840699672,-0.11387079209089279,-0.386841356754303,-0.019726550206542015,0.29796266555786133,-0.5207752585411072
YOR157C,True,True,0.9851480722427368,1.020514225959778,1.5621390342712402,1.2211405038833618,1.0822609663009644,0.6612234711647034,0.5758071541786194
YOR158W,True,True,0.6825736165046692,0.6122201681137085,0.33897900581359863,0.8640346527099609,0.46791574358940125,1.101243257522583,0.28892818093299866
YOR159C,True,True,1.3428022861480713,-0.0335991308093071,0.11708691716194153,-0.20356333255767822,0.1221519485116005,0.29323112964630127,-0.49690231680870056
YOR160W,False,True,-0.06848803907632828,0.10317882634699345,-0.0021713990718126297,0.0002849288284778595,0.426584392786026,0.5070011019706726,-0.4158048927783966
YOR161C,True,True,-0.27265965938568115,0.3561851352453232,0.5436904430389404,0.3810153901576996,-0.19325710833072662,0.8773311972618103,0.1721457540988922
YOR161C-C,True,True,-1.0494184494018555,-0.3313265925738961,0.1017797440290451,-1.5372555255889893,-0.0016258240211755037,0.3219009041786194,-0.54143226146698
YOR161W-A,False,False,-0.5501477718353271,-0.062210933119058606,0.3057468831539154,-0.22287729382514954,0.04941090568900108,-0.17501892149448395,-0.26831623911857605
YOR161W-B,False,False,-1.3926458358764648,0.054228538274765016,0.9087201356887817,-0.8778740167617798,0.5168350338935852,0.1797018051147461,-0.4562402665615082
YOR162C,True,True,-0.12197954952716827,0.4116699039936066,0.41971874237060547,0.24341291189193726,0.3766418695449829,0.6683647036552429,0.3502112925052643
YOR163W,True,True,1.376470923423767,-0.27687833905220033,-0.9966616034507751,-0.448392391204834,-0.21097496151924133,0.20767831802368164,0.06395894289016724
YOR164C,True,True,0.5365166664123535,-0.03953926041722298,-0.2571341097354889,0.2633385956287384,-0.05774710699915886,0.12231258302927017,-0.2684662640094757
YOR165W,True,True,0.20031854510307312,-0.5068108707666397,-0.9583383202552795,-0.64844810962677,-0.2479027658700943,-0.2831381559371948,-0.39622700214385986
YOR166C,True,False,0.05415264889597893,-0.05576400049030781,0.030558714643120766,-0.17311546206474304,0.05503600463271141,0.33780741691589355,-0.5291066765785217
YOR167C,True,True,1.6558284759521484,0.9322461187839508,1.0528243780136108,1.29034423828125,0.7935114502906799,1.1477618217468262,0.3767887055873871
YOR168W,True,True,0.39540112018585205,0.4967291384935379,0.7769994139671326,0.20422452688217163,0.17517565190792084,0.8838170766830444,0.44342902302742004
YOR169C,False,False,-2.088510751724243,-0.5221781000494957,-0.7744527459144592,-0.6402426958084106,-0.5009267926216125,-0.050951771438121796,-0.6443164944648743
YOR170W,False,False,-2.088510751724243,0.0778483122587204,0.12944206595420837,0.3121824264526367,0.22286322712898254,-0.13840489089488983,-0.13684126734733582
YOR171C,True,True,0.0536273792386055,0.025436212308704853,-0.021665554493665695,-0.09281819313764572,-0.010015266947448254,0.43443822860717773,-0.1827581524848938
YOR172W,True,True,0.1617860347032547,0.34923487305641177,0.3194425702095032,0.4569637179374695,0.09534037113189697,0.6248691082000732,0.24955859780311584
YOR173W,True,True,-0.4400421380996704,0.12433336600661278,0.18869933485984802,-0.06229332461953163,0.19526465237140656,0.3529722988605499,-0.052976131439208984
YOR174W,True,True,0.2922251522541046,0.2921501100063324,0.5873115658760071,-0.3927539885044098,1.1239705085754395,0.38337576389312744,-0.2411532998085022
YOR175C,True,True,0.0356922410428524,-0.12667179107666016,-0.3190384805202484,-0.1378094106912613,-0.22520117461681366,0.333976686000824,-0.2852865755558014
YOR176W,True,True,0.24164769053459167,0.9796960830688477,1.146331548690796,1.2026617527008057,1.19130277633667,0.6346942186355591,0.7234901189804077
YOR177C,True,True,-0.9938476085662842,0.049283291399478915,0.5518028140068054,-0.022588245570659637,0.2881469428539276,-0.38446521759033203,-0.1864798367023468
YOR178C,False,True,-0.8678272366523743,-0.25360859036445615,0.41066813468933105,-0.7744669318199158,-0.9630860686302185,0.26521557569503784,-0.2063736617565155
YOR179C,True,True,0.34558239579200745,-0.11521294713020325,-0.11664696037769318,-0.3851619362831116,0.5658865571022034,-0.19128777086734772,-0.44885462522506714
YOR180C,False,True,-0.41206997632980347,-1.1615305423736573,-0.8623791337013245,-1.4784741401672363,-0.5188624262809753,-1.5539467334747314,-1.3939902782440186
YOR181W,True,True,1.2519861459732056,0.33599013537168504,0.6769526600837708,0.1984192132949829,0.29213449358940125,0.39421966671943665,0.11822464317083359
YOR182C,True,True,2.300558567047119,0.4378932535648346,0.6749059557914734,0.9399296641349792,-0.3040708303451538,0.4157865047454834,0.46291497349739075
YOR183W,True,True,-1.8943618535995483,0.44374539852142336,0.5435323119163513,0.2214832901954651,0.5377210378646851,1.4642159938812256,-0.5482256412506104
YOR184W,True,True,0.7194252014160156,0.591795240342617,0.9718940854072571,0.6900709867477417,0.4776642322540283,0.8042908906936646,0.015056006610393524
YOR185C,True,True,-0.28142961859703064,-0.11671209260821343,-0.219251811504364,-0.03234628960490227,0.5739068984985352,-1.0557646751403809,0.14989541471004486
YOR186C-A,False,False,-0.768973171710968,-0.704083600640297,-0.5070482492446899,-1.2913146018981934,-0.43421342968940735,-0.13078658282756805,-1.157055139541626
YOR186W,True,True,-1.300346851348877,-0.4299068972468376,-1.0234639644622803,-0.5624083876609802,0.37155866622924805,-0.8637781143188477,-0.07144268602132797
YOR187W,True,True,0.5949122905731201,1.0900081038475036,0.8163444399833679,1.6746116876602173,0.9976380467414856,1.1124099493026733,0.8490363955497742
YOR188W,True,True,0.6147450804710388,0.507673466205597,0.4806203246116638,0.41550546884536743,0.5944622755050659,0.7945969104766846,0.2531823515892029
YOR189W,True,True,1.0798698663711548,0.9363240122795105,1.0392627716064453,1.3658552169799805,0.9383437633514404,0.7705339789390564,0.5676243305206299
YOR190W,True,True,-1.7818242311477661,-1.408093023300171,-0.9384172558784485,-1.4991395473480225,-1.155094861984253,-2.4525701999664307,-0.9952432513237
YOR191W,False,True,0.4730678200721741,0.47797448486089705,0.22880274057388306,0.8845579028129578,0.4021468162536621,0.8164031505584717,0.05796181410551071
YOR192C,True,False,-1.5759413242340088,-1.5195940732955933,-1.391541600227356,-1.7582446336746216,-1.57086980342865,-1.0922436714172363,-1.7850706577301025
YOR192C-C,True,True,-0.5671737790107727,-0.316104881092906,0.30785098671913147,-0.54264235496521,-0.4403097629547119,0.016078421846032143,-0.9215016961097717
YOR193W,True,True,-0.21367870271205902,0.5353210926055908,0.6247008442878723,0.1988777220249176,0.5413831472396851,1.0520780086517334,0.2595657408237457
YOR194C,True,True,1.7300771474838257,0.3543834209442139,0.4470239281654358,0.10862290859222412,0.6578202843666077,0.4575687348842621,0.10088124871253967
YOR195W,True,True,0.5233747959136963,0.26508155316114423,0.31663092970848083,0.14668208360671997,0.4641989767551422,0.4535044729709625,-0.05560869723558426
YOR196C,True,True,0.652671217918396,0.4276795953512192,0.22105558216571808,0.4457852840423584,0.34210923314094543,0.750152587890625,0.379295289516449
YOR197W,True,True,1.0706485509872437,0.7426547393202781,0.8607246279716492,0.7545340657234192,0.9956692457199097,1.0753154754638672,0.027030281722545624
YOR198C,True,True,1.4761608839035034,1.12816002368927,1.0041322708129883,0.7161293625831604,1.7808566093444824,1.5731744766235352,0.5665073990821838
YOR199W,False,False,-1.6078988313674927,-0.31227738559246065,-0.5746240019798279,-0.12604840099811554,-0.4164207875728607,0.289315402507782,-0.733609139919281
YOR200W,False,False,-1.7908148765563965,-0.08503793627023697,-0.44758445024490356,-0.008409351110458374,0.02945571392774582,0.3833620548248291,-0.3820136487483978
YOR201C,False,True,0.7618051171302795,0.4960596740245819,0.616743266582489,0.4250100553035736,0.7168133854866028,0.4981408417224884,0.22359082102775574
YOR202W,False,True,-2.088510751724243,0.4893505871295929,0.436750590801239,0.4559876322746277,0.5087065100669861,0.7316930294036865,0.31361517310142517
YOR203W,False,False,-2.008643865585327,-0.1385600298643112,-0.5792564749717712,-0.009349696338176727,0.09693101793527603,0.1448993682861328,-0.34602436423301697
YOR204W,True,True,0.9208992123603821,0.8918825209140777,1.014678716659546,1.0410414934158325,1.006649374961853,0.9615742564201355,0.43546876311302185
YOR205C,False,True,0.3527604937553406,0.5859636709094047,0.7667487263679504,0.8409002423286438,0.5596972703933716,0.7424906492233276,0.019981466233730316
YOR206W,True,True,0.7503148913383484,0.9057236313819885,1.1957321166992188,0.7319409251213074,1.0652614831924438,1.200838565826416,0.33484506607055664
YOR207C,True,True,0.031344734132289886,0.540395724773407,0.3109862208366394,0.28447234630584717,0.3914232552051544,1.3223140239715576,0.3927827775478363
YOR208W,True,True,0.0956692174077034,0.7409450650215149,0.5578942894935608,0.7226152420043945,0.8941934108734131,1.1405702829360962,0.38945209980010986
YOR209C,True,True,0.7295104265213013,0.41676926612854004,0.9157602190971375,-0.22674024105072021,0.43256863951683044,1.1349308490753174,-0.17267313599586487
YOR210W,True,True,1.2969460487365723,-0.9257108420133591,-1.6275768280029297,-1.8272886276245117,0.2138061672449112,-0.33416593074798584,-1.0533289909362793
YOR211C,True,True,0.11708605289459229,0.5132407356053591,1.060098648071289,0.9002735018730164,0.39118656516075134,-0.018386220559477806,0.23303118348121643
YOR212W,True,True,1.0962655544281006,0.9296676039695739,1.0867030620574951,0.6520959734916687,0.7923199534416199,1.3948224782943726,0.7223965525627136
YOR213C,True,True,0.3923557996749878,-0.06062196344137192,0.114298015832901,-0.13260076940059662,0.16691432893276215,-0.03516291826963425,-0.41655847430229187
YOR214C,True,True,-1.9548792839050293,-0.10897334367036819,-0.2422652691602707,-0.35510680079460144,-0.43859854340553284,0.4440903663635254,0.047013528645038605
YOR215C,True,True,1.1175402402877808,0.8355966150760651,1.0043513774871826,0.6565449833869934,1.0652823448181152,1.1701916456222534,0.28161272406578064
YOR216C,True,False,0.9781265258789062,0.0389132484793663,-0.17513076961040497,-0.2271011471748352,0.22069743275642395,0.37478703260421753,0.0013136938214302063
YOR217W,False,False,0.4998258054256439,-0.796722948551178,-0.4756678342819214,-0.8540300726890564,-0.5635313391685486,-0.757652223110199,-1.3327332735061646
YOR218C,False,False,-1.6981772184371948,-1.3086302757263184,-1.010636806488037,-1.223887324333191,-1.8476941585540771,-0.8967800140380859,-1.5641530752182007
YOR219C,True,True,0.18386973440647125,0.6657726168632507,0.8363092541694641,0.3870662748813629,0.6091697216033936,1.0136029720306396,0.48271486163139343
YOR220W,True,True,0.3050053119659424,0.2733383424580097,0.2714512348175049,-0.024383332580327988,0.5868222117424011,0.3946770429611206,0.13812455534934998
YOR221C,True,True,0.5408799648284912,0.007108090072870254,0.2561239004135132,-0.03240632638335228,0.31490013003349304,0.21087832748889923,-0.7139555811882019
YOR222W,True,True,0.46272197365760803,-0.07415214478969574,0.08068108558654785,-0.598192572593689,0.19837771356105804,0.34114041924476624,-0.39276736974716187
YOR223W,True,True,0.49607014656066895,0.15290022194385527,0.448029488325119,-0.32616570591926575,0.2608271539211273,0.2392338067293167,0.14257636666297913
YOR224C,True,True,1.3153210878372192,0.6575293838977814,0.6488798260688782,0.449258416891098,0.9284958839416504,0.8337944746017456,0.42721831798553467
YOR225W,False,False,-1.530373215675354,-0.5463688135147095,-0.2021876573562622,-0.6675586700439453,-0.6883097290992737,-0.6079469919204712,-0.565841019153595
YOR226C,False,True,1.2025928497314453,1.0648865222930908,0.8759695887565613,1.0435237884521484,1.3736212253570557,1.2972538471221924,0.7340641617774963
YOR227W,True,True,0.45484182238578796,0.6519894897937775,0.9910126328468323,0.2492656111717224,0.5352884531021118,0.9857868552207947,0.49859389662742615
YOR228C,True,True,-0.5662940740585327,0.134713277220726,0.5077376365661621,-0.16246730089187622,0.2530815303325653,0.21413426101207733,-0.13891974091529846
YOR229W,True,True,0.4457002282142639,-0.040774986147880554,0.016882000491023064,-0.13429637253284454,-0.01933419518172741,0.3137451410293579,-0.3808715045452118
YOR230W,True,True,0.5119328498840332,0.27764634042978287,0.5290079116821289,0.5405849814414978,-0.485507994890213,0.8421914577484131,-0.038044653832912445
YOR231C-A,False,False,-2.088510751724243,-0.023603132367134093,0.4222095012664795,-0.28126510977745056,-0.132649764418602,0.3727967441082001,-0.4991070330142975
YOR231W,True,True,0.6596235036849976,0.025176844000816344,0.22296042740345,-0.32483500242233276,-0.20199227333068848,0.6278897523880005,-0.19813868403434753
YOR232W,True,True,0.7850654721260071,0.4693126901984215,0.3682308793067932,0.3917026221752167,0.602357804775238,0.9155294299125671,0.06874271482229233
YOR233W,True,True,0.3814377784729004,0.02366224229335785,-0.13903450965881348,-0.1485716551542282,0.350484699010849,0.07265625149011612,-0.017223574221134186
YOR234C,True,True,1.1448149681091309,0.9633562326431274,1.5096542835235596,0.8676422238349915,0.54754638671875,1.3085013628005981,0.583436906337738
YOR235W,False,False,0.4439990818500519,-0.2557481974363327,-0.8588674664497375,-0.3966638445854187,-0.45272061228752136,0.39551088213920593,0.034000054001808167
YOR236W,True,True,0.4740678668022156,1.1403466820716859,1.3956811428070068,0.9036810398101807,1.191274881362915,1.2819194793701172,0.9291768670082092
YOR237W,True,True,-0.878696620464325,0.3188866376876831,-0.33976298570632935,0.6119647026062012,0.4039224684238434,1.1301716566085815,-0.21186265349388123
YOR238W,False,False,-0.27319592237472534,-0.4774323672056198,-0.9639832377433777,-0.5703964829444885,0.37707263231277466,-0.2297927588224411,-1.0000619888305664
YOR239W,True,True,0.9632516503334045,0.27034535855054853,0.3626100420951843,0.5114076137542725,0.01591651141643524,0.5409559011459351,-0.07916327565908432
YOR241W,True,True,0.636971116065979,0.09033147990703583,0.10610216856002808,-0.05992940813302994,-0.2281361222267151,0.6056855320930481,0.027935229241847992
YOR242C,True,False,-1.3514050245285034,-0.22779295444488526,-0.267520010471344,-0.3666958212852478,-0.18090030550956726,0.20638051629066467,-0.5302291512489319
YOR243C,True,True,0.4608931839466095,0.6743700444698334,0.4658999741077423,0.7498813271522522,0.5906481146812439,1.1802186965942383,0.3852021098136902
YOR244W,False,True,0.6362872123718262,0.5838490426540375,0.9400940537452698,0.4598478674888611,0.575676441192627,0.5859131813049316,0.3577136695384979
YOR245C,True,True,0.049602266401052475,0.09628580212593078,0.1260336935520172,0.2654426097869873,0.12180110812187195,-0.03307372331619263,0.0012253224849700928
YOR246C,True,True,0.7475485801696777,0.6707336664199829,0.3710218667984009,0.5193569660186768,0.7512295842170715,1.1517314910888672,0.5603284239768982
YOR247W,True,True,1.3701390027999878,-0.19867107570171355,0.6330468058586121,-0.3445131182670593,-0.14759592711925507,-0.48506414890289307,-0.6492289900779724
YOR248W,False,False,-1.9974528551101685,-1.2994642496109008,-1.5323081016540527,-1.276360034942627,-1.2936230897903442,-1.0858573913574219,-1.3091726303100586
YOR249C,True,True,-0.3639638125896454,-0.9748706564307212,-1.063344955444336,-1.3529813289642334,-0.554075300693512,-0.0792488381266594,-1.8247028589248657
YOR250C,False,False,0.02363683097064495,-0.3142681151628494,-0.5799708962440491,-0.5043022632598877,-0.17310674488544464,0.27147620916366577,-0.5854368805885315
YOR251C,True,True,-0.06457830965518951,0.14966993182897567,0.16380675137043,-0.07276870310306549,0.18203674256801605,0.5796871781349182,-0.10441230982542038
YOR252W,True,True,0.9056612849235535,0.6816654622554779,0.8795258402824402,0.6949905157089233,0.7123162150382996,0.6708740592002869,0.4506206810474396
YOR253W,True,True,0.4845764636993408,0.14377351254224777,-0.009144194424152374,0.4360623359680176,0.02743467688560486,0.2751782238483429,-0.010663479566574097
YOR254C,True,True,0.9321158528327942,0.8828079462051391,1.0909086465835571,1.0466657876968384,0.7975534200668335,0.9771398305892944,0.5017720460891724
YOR255W,True,True,-1.9945030212402344,-0.2876094415783882,-0.19923430681228638,-0.18193870782852173,-1.1848156452178955,0.2266879826784134,-0.09874653071165085
YOR256C,False,True,0.028038037940859795,0.496704626083374,0.21946150064468384,0.46761661767959595,0.564729630947113,0.8425198197364807,0.3891955614089966
YOR257W,True,True,1.3670669794082642,0.5590261876583099,0.5976329445838928,0.37701165676116943,0.9108918309211731,0.6914862394332886,0.21810826659202576
YOR258W,True,True,-0.3151770234107971,0.3490733176469803,0.6424410939216614,0.06375707685947418,0.42806491255760193,0.5258060097694397,0.08529749512672424
YOR259C,False,True,1.2176514863967896,0.6201234310865402,1.1452958583831787,0.33152270317077637,0.5582994818687439,1.019421935081482,0.0460771769285202
YOR260W,True,True,0.8526105284690857,0.6197080388665199,0.8380249738693237,0.7801433801651001,0.4470044672489166,1.0435128211975098,-0.01014544814825058
YOR261C,True,True,0.5044801831245422,0.5854913353919983,0.9365460872650146,0.31787610054016113,0.7597728967666626,0.7608836889266968,0.1523779034614563
YOR262W,True,True,0.3852297365665436,0.0686833493411541,0.04946282505989075,-0.10160745680332184,0.02048049494624138,0.5260874032974243,-0.1510065197944641
YOR263C,False,False,-1.965377926826477,-0.8257639415562152,-0.027752462774515152,-1.1379876136779785,-1.248382329940796,-0.40190380811691284,-1.312793493270874
YOR264W,True,True,0.54609215259552,0.7610498473048211,1.1051762104034424,1.3054869174957275,0.6487826108932495,0.07421823590993881,0.6715852618217468
YOR265W,True,True,1.0741370916366577,0.14461856707930565,0.09536612033843994,0.06063124164938927,0.6122502088546753,0.0752004012465477,-0.12035513669252396
YOR266W,True,True,-0.49014922976493835,0.49045893251895906,0.13041158020496368,0.7695614695549011,0.8834433555603027,0.847497820854187,-0.17861956357955933
YOR267C,True,True,1.287508249282837,1.0194518446922303,1.1555074453353882,1.3106193542480469,1.0255064964294434,1.1270725727081299,0.4785533547401428
YOR268C,True,True,-1.1782019138336182,-0.6614362753927707,-1.022311806678772,-0.5163416266441345,-0.06051458790898323,-0.9988853931427002,-0.7091279625892639
YOR269W,True,True,0.09339778125286102,-1.2774277091026307,-1.981015920639038,-2.091010808944702,-0.918546736240387,-0.8801156878471375,-0.5164493918418884
YOR270C,True,True,0.39853474497795105,0.651255989074707,0.5117996335029602,0.8290824890136719,0.7683756947517395,0.7409791946411133,0.4060429334640503
YOR271C,True,True,0.5373499989509583,0.8420621156692505,0.8944126963615417,0.6231387257575989,0.7126279473304749,1.2008023262023926,0.7793288826942444
YOR272W,True,True,0.8023397922515869,0.6754736602306366,0.893794059753418,0.8592635989189148,0.27488788962364197,0.6093059778213501,0.7401167750358582
YOR273C,False,True,0.6437864899635315,-0.04325143732130528,0.1649695485830307,-0.02899468131363392,0.4566187560558319,0.19399531185626984,-1.002846121788025
YOR274W,True,True,0.40537670254707336,0.4297630935907364,1.0047869682312012,0.6783402562141418,-0.06730171293020248,0.637022078037262,-0.10403212159872055
YOR275C,False,True,0.1635631024837494,0.7358063817024231,0.905441403388977,0.20632457733154297,0.9477382302284241,1.1510303020477295,0.4684973955154419
YOR276W,True,True,1.0399072170257568,0.812651664018631,1.2522186040878296,0.37727099657058716,0.9877667427062988,1.1307823657989502,0.31521961092948914
YOR277C,False,False,-1.4780068397521973,-1.2321652173995972,-1.2421404123306274,-1.6346385478973389,-1.1238141059875488,-0.7390449047088623,-1.4211881160736084
YOR278W,True,True,-0.3492656350135803,-1.2430721044540405,-0.6391014456748962,-1.6614879369735718,-0.7590926289558411,-1.1393389701843262,-2.0163395404815674
YOR279C,True,True,0.060423776507377625,0.16585098318755626,0.5588015913963318,-0.059297773987054825,0.5540056824684143,0.0008398834615945816,-0.22509446740150452
YOR280C,True,True,0.30668193101882935,-0.9902700006961822,-1.4172097444534302,-1.370229959487915,-0.41319331526756287,-1.0934187173843384,-0.6572982668876648
YOR281C,False,True,0.8465739488601685,0.7547936022281647,1.0639963150024414,0.9218708872795105,1.1351110935211182,0.6497768759727478,0.003212839365005493
YOR282W,False,False,-1.728392481803894,-0.8286025822162628,-1.1145703792572021,-1.0944088697433472,-0.334987998008728,-0.390695720911026,-1.2083499431610107
YOR283W,True,True,0.4611916244029999,-0.48952061831951144,-0.19981330633163452,-0.2513808608055115,-0.19865994155406952,-0.7196299433708191,-1.0781190395355225
YOR284W,True,True,0.2088928371667862,0.22299399524927138,0.629398763179779,-0.05588154494762421,0.23862138390541077,0.28197693824768066,0.020854435861110687
YOR285W,True,True,0.8813180327415466,0.23430197089910507,0.2367485761642456,0.07721938192844391,0.18216848373413086,0.719781219959259,-0.04440780729055405
YOR286W,True,True,0.9793121814727783,0.15063974559307097,-0.19734087586402893,0.6528250575065613,0.25078284740448,-0.05059727281332016,0.09752897173166275
YOR287C,True,True,0.5843226909637451,0.009092110395431518,-0.19588276743888855,0.573265016078949,0.23904284834861755,-0.4075404405593872,-0.16342410445213318
YOR288C,True,True,0.21799182891845703,0.35505685284733773,0.3249145746231079,0.004647117108106613,0.5889692902565002,0.8877919912338257,-0.031038708984851837
YOR289W,True,True,0.4877684712409973,0.5030227482318879,0.38203614950180054,0.3864559829235077,0.4211530387401581,0.8634095191955566,0.46205905079841614
YOR290C,True,True,0.9517151117324829,0.745233416557312,1.169000506401062,0.2230222225189209,0.6773207783699036,1.0679560899734497,0.5888674855232239
YOR291W,True,True,-0.13951753079891205,0.7358108937740326,1.154313325881958,0.4474732577800751,0.9675333499908447,0.8804754614830017,0.22925907373428345
YOR292C,True,True,-0.3685092628002167,0.7523776173591614,1.459228515625,0.27457088232040405,0.5371027588844299,0.8613208532333374,0.6296650767326355
YOR293C-A,True,True,-1.5364587306976318,-0.9549305081367493,-0.37937235832214355,-0.8165940046310425,-0.9895902276039124,-0.9665917158126831,-1.6225042343139648
YOR293W,True,True,1.8609874248504639,1.2804439663887024,1.772019386291504,1.6547622680664062,0.891716480255127,1.3411211967468262,0.7426005005836487
YOR294W,True,True,0.9386675953865051,-0.14662035852670668,-0.34056589007377625,-0.0643342137336731,0.2073756456375122,0.04888053983449936,-0.5844578742980957
YOR295W,True,False,0.3359346389770508,-0.14134032279253006,0.27811524271965027,-0.7875650525093079,0.11856421083211899,0.32117751240730286,-0.6369935274124146
YOR296W,True,True,-0.3023250997066498,-0.008896647393703461,0.4543873965740204,-1.0794364213943481,0.19510392844676971,0.3593941032886505,0.02606775611639023
YOR297C,True,True,0.5940810441970825,-1.2998788118362428,-0.7311066389083862,-1.6358672380447388,-2.246309518814087,-1.184065818786621,-0.7020448446273804
YOR298C-A,True,True,2.3560879230499268,1.5301011323928833,1.719477891921997,2.161902666091919,0.8891865015029907,1.7063782215118408,1.173560380935669
YOR298W,True,True,-1.3994958400726318,-1.3946358203887939,-1.2559995651245117,-1.54662024974823,-1.6906763315200806,-1.0609526634216309,-1.4189302921295166
YOR299W,True,True,0.3137347996234894,0.5298555672168732,0.1826762557029724,0.49890631437301636,0.46506303548812866,1.2029366493225098,0.29969558119773865
YOR300W,False,False,-1.5636919736862183,-0.12384993135929108,0.4459499418735504,-0.7917618155479431,0.24056652188301086,0.18674246966838837,-0.7007467746734619
YOR301W,True,True,0.9035862684249878,0.783829641342163,1.1991939544677734,0.2777646780014038,0.8194602131843567,1.3243657350540161,0.2983636260032654
YOR302W,True,True,1.9335789680480957,-0.23602588176727296,-0.5378513336181641,0.4632854461669922,0.4473194479942322,-0.5459855198860168,-1.0068974494934082
YOR303W,True,True,0.9495957493782043,-0.20025904029607772,-0.6710557341575623,0.23142284154891968,0.49842289090156555,-0.121526800096035,-0.9385583996772766
YOR304C-A,True,False,0.3029034733772278,-1.023848259449005,-1.2339433431625366,-1.6605536937713623,-1.0891313552856445,-0.5335521697998047,-0.6020607352256775
YOR304W,True,True,0.4629287123680115,0.19991286098957062,0.6981790661811829,-0.09949316084384918,0.20242145657539368,0.4838791787624359,-0.2854222357273102
YOR305W,True,False,0.3457910716533661,-0.09982216618955135,0.18392330408096313,-0.33058157563209534,-0.01633266918361187,0.43907713890075684,-0.7751970291137695
YOR306C,False,True,-0.1267472505569458,-0.6438380241394043,-0.1319580376148224,-0.7826610207557678,-1.3966403007507324,-0.5709282159805298,-0.33700254559516907
YOR307C,True,True,0.2536119222640991,-1.112000286579132,-0.5318067073822021,-2.1030564308166504,-0.6870017647743225,-0.7511622905731201,-1.4869742393493652
YOR308C,False,True,0.5968322157859802,0.6093402460217476,1.2552961111068726,0.2784406840801239,0.795595109462738,0.6376696825027466,0.07969964295625687
YOR309C,False,False,-1.4771509170532227,0.20094957798719407,0.3103572726249695,-0.041093550622463226,0.24078021943569183,0.7161121964454651,-0.22140824794769287
YOR310C,True,True,0.34902897477149963,0.8760726511478424,1.2605640888214111,0.743985116481781,1.144831657409668,0.4658449590206146,0.7651374340057373
YOR311C,True,True,0.5432668328285217,0.5444102212786674,0.6170290112495422,0.8669966459274292,0.23513777554035187,0.949687123298645,0.05320055037736893
YOR312C,True,True,1.4346482753753662,1.5227885961532592,1.4937591552734375,1.877001404762268,1.3886594772338867,1.5887587070465088,1.2657642364501953
YOR313C,True,True,-0.9840285181999207,-2.1524274349212646,-2.3331377506256104,-2.540442943572998,-2.4308056831359863,-1.4002537727355957,-2.057497024536133
YOR314W,False,False,-2.076655387878418,-1.370617961883545,-1.0992474555969238,-1.5971399545669556,-1.6710455417633057,-1.003371238708496,-1.4822856187820435
YOR314W-A,False,False,-1.2814067602157593,-0.6087873101234436,-0.7537781000137329,-0.7361226677894592,-0.32182151079177856,-0.31393420696258545,-0.9182800650596619
YOR315W,True,True,0.8041442036628723,-0.6989362895488739,-0.5919726490974426,-0.6069644093513489,-1.3226220607757568,-0.5494403839111328,-0.42368194460868835
YOR316C,False,True,1.161199927330017,-0.714975506067276,-1.1362781524658203,-0.599656879901886,-1.1037232875823975,-0.2700909972190857,-0.46512821316719055
YOR316C-A,False,True,-0.8793647289276123,-1.0130620539188384,-0.8547301888465881,-1.1297311782836914,-0.49993494153022766,-0.8378037810325623,-1.743110179901123
YOR317W,True,True,0.7524588704109192,1.221917748451233,1.409309983253479,1.299794316291809,1.0041937828063965,1.6513546705245972,0.7449359893798828
YOR318C,False,False,-0.48359373211860657,-0.40257066767662764,-0.6118519902229309,-0.6351302862167358,0.011066482402384281,0.1324864625930786,-0.9094240069389343
YOR319W,True,True,0.20183753967285156,0.5054293885827065,0.5278181433677673,0.5683631300926208,0.521980345249176,0.838579535484314,0.07040578871965408
YOR320C,True,True,-0.02987559139728546,0.1339011825621128,0.2522355318069458,0.05368298664689064,0.17303837835788727,0.39931029081344604,-0.2087612748146057
YOR321W,True,True,-0.09332536160945892,0.49415011405944825,0.9288033843040466,0.09114828705787659,0.46005889773368835,0.9568367004394531,0.033903300762176514
YOR322C,True,True,0.3953051269054413,0.579145359992981,1.0528736114501953,0.29788637161254883,0.7109341025352478,0.5068039894104004,0.32722872495651245
YOR323C,True,True,0.46108478307724,0.18792643994092942,0.3012040853500366,0.27459755539894104,0.09080852568149567,0.07261443883180618,0.20040759444236755
YOR324C,True,True,0.05377570167183876,0.29141378700733184,0.3073234558105469,0.3742688298225403,0.2583536207675934,0.582406759262085,-0.06528373062610626
YOR325W,False,False,-1.894927978515625,-0.2434137910604477,-0.415209025144577,-0.24414768815040588,-0.19328899681568146,0.37325426936149597,-0.7376775145530701
YOR326W,True,True,0.5158082842826843,0.6076546549797058,0.4821602702140808,0.7208866477012634,0.6850314736366272,0.9583413600921631,0.19185352325439453
YOR327C,True,True,0.9825285077095032,0.7129150450229644,0.3983329236507416,0.7462210655212402,0.8529048562049866,0.9329991936683655,0.6341171860694885
YOR328W,True,False,-0.5816104412078857,-0.4063690394163132,-0.549248993396759,-0.4806635081768036,-0.2425505369901657,-0.3099812865257263,-0.4494008719921112
YOR329C,True,True,0.9988971948623657,0.3190912038087845,0.0922570675611496,0.4043617844581604,0.3834526240825653,0.472406804561615,0.24297773838043213
YOR329W-A,False,False,-1.9969364404678345,-0.3414282476529479,-0.23208045959472656,-1.0278376340866089,-0.005099530331790447,0.09302077442407608,-0.5351443886756897
YOR330C,False,True,0.19634728133678436,0.8202735543251037,1.0191781520843506,0.6767805814743042,0.6916570663452148,0.8702695369720459,0.8434824347496033
YOR331C,False,False,-1.889426827430725,-0.5758499711751938,-0.573633074760437,-1.0181825160980225,-0.806178867816925,-0.16713573038578033,-0.3141196668148041
YOR332W,True,True,0.9869586229324341,0.9974048614501954,1.2286603450775146,1.218353033065796,0.8787432312965393,0.7454372644424438,0.9158304333686829
YOR333C,False,False,-1.840880274772644,-0.6392790675163269,-0.23807188868522644,-1.1717040538787842,-0.3962824046611786,-0.6597877740859985,-0.7305492162704468
YOR334W,True,True,-0.12532170116901398,0.1821393460035324,0.2860561013221741,-0.002791091799736023,0.4598674774169922,0.33150190114974976,-0.16393765807151794
YOR335C,True,True,0.2494678795337677,0.875699257850647,0.9066089391708374,0.7191644310951233,0.7615581750869751,1.3635547161102295,0.6276100277900696
YOR335W-A,False,False,-2.088510751724243,-0.27441178262233734,-0.49942106008529663,-1.1070023775100708,0.3855192959308624,0.1485193520784378,-0.2996741235256195
YOR336W,True,True,-0.35029423236846924,0.5197389081120491,1.0987199544906616,-0.08504728972911835,0.39787864685058594,1.2328691482543945,-0.04572591930627823
YOR337W,True,True,0.17966046929359436,0.6113980233669281,0.30980977416038513,1.039297103881836,0.5043472647666931,0.7752770781517029,0.42825889587402344
YOR338W,True,True,-0.804962158203125,-0.03596457839012146,0.48540300130844116,0.17938506603240967,0.5065582394599915,-1.0881208181381226,-0.263048380613327
YOR339C,True,False,-1.471886157989502,-0.6620003551244735,-0.7437727451324463,-0.7101048827171326,-0.8837043642997742,0.13314886391162872,-1.1055686473846436
YOR340C,True,True,0.9042935967445374,0.16481302678585052,0.41177406907081604,0.33031731843948364,0.19790907204151154,0.31069931387901306,-0.42663463950157166
YOR341W,True,True,0.27423861622810364,0.4159289613366127,0.9285028576850891,0.49079424142837524,0.5644998550415039,-0.09786077588796616,0.1937086284160614
YOR342C,True,True,0.9631490707397461,0.193959641456604,0.8731407523155212,0.7384358048439026,0.1846705824136734,-0.1516997367143631,-0.6747491955757141
YOR343C,False,False,-0.5161774754524231,-0.7905360102653504,-1.046886682510376,-1.1233229637145996,-0.38911202549934387,-0.2788391411304474,-1.1145192384719849
YOR344C,True,True,1.1172605752944946,0.9455311834812165,1.5642125606536865,0.4541240632534027,0.835076630115509,1.637383222579956,0.23685944080352783
YOR345C,False,False,-1.9643770456314087,-0.5978747785091401,-0.857210636138916,-0.7078320980072021,-0.3175489008426666,-0.286105751991272,-0.8206765055656433
YOR346W,True,True,-0.10813958197832108,-0.14803609624505043,-0.012854013592004776,-0.3045347332954407,-0.19182543456554413,0.35849371552467346,-0.589460015296936
YOR347C,True,True,0.2039310187101364,-0.380477586388588,0.39704659581184387,-0.1289607584476471,-0.9283501505851746,-0.1268623024225235,-1.1152613162994385
YOR348C,True,True,-1.3334977626800537,-0.12928174249827862,-0.2267637401819229,-0.3532457947731018,0.38283345103263855,0.02378634549677372,-0.47301897406578064
YOR349W,True,True,-0.7367463111877441,0.7591094851493836,1.1584579944610596,0.6587128639221191,0.7173840403556824,1.1654741764068604,0.09551835060119629
YOR350C,False,True,-0.3349134922027588,0.3246731132268906,0.06780804693698883,0.25113779306411743,0.3348819315433502,0.7387314438819885,0.2308063507080078
YOR351C,False,True,-2.033173084259033,-0.6731983125209808,-0.4358489215373993,-0.7265149354934692,-0.5941582322120667,-0.9781671762466431,-0.6313022971153259
YOR352W,True,True,-0.010154617950320244,0.04480469971895218,0.17517077922821045,0.1361706256866455,-0.42628946900367737,0.3098239302635193,0.02914763242006302
YOR353C,True,True,0.19871066510677338,0.6633175790309906,1.1304025650024414,0.6690667271614075,0.436813086271286,0.9400712251663208,0.14023429155349731
YOR354C,True,True,-0.007572892587631941,0.2567686574533582,0.450195848941803,0.037770818918943405,-0.010624277405440807,0.6962614059448242,0.11023949086666107
YOR355W,True,True,0.5075238943099976,1.1369789600372315,1.5909712314605713,1.1006063222885132,0.9267821311950684,1.480682611465454,0.5858525037765503
YOR356W,False,True,0.09979861974716187,-0.6248892962932586,-0.6176206469535828,-0.3450773358345032,-1.1410053968429565,-0.6023924350738525,-0.4183506667613983
YOR357C,True,True,0.3559001386165619,0.19877307564020158,0.05517666041851044,0.3558078408241272,0.11156255006790161,0.547279953956604,-0.0759616270661354
YOR358W,True,True,0.4544774889945984,0.4885211825370789,0.4804235100746155,0.3782282769680023,0.8889539241790771,0.4912230670452118,0.20377713441848755
YOR359W,True,True,0.8400012850761414,0.9532953262329101,1.3930553197860718,0.703136146068573,1.0138201713562012,0.8905597925186157,0.7659052014350891
YOR360C,True,True,0.22688031196594238,0.1427895285189152,-0.09938152879476547,-0.007299359887838364,0.4055670499801636,0.5179240703582764,-0.10286258906126022
YOR361C,True,True,0.7743723392486572,0.6572223722934722,1.0034961700439453,0.713373601436615,0.4985704720020294,0.8097719550132751,0.2608996629714966
YOR362C,True,True,1.3731505870819092,-0.013753364980220794,-0.3017028570175171,0.14545920491218567,-0.2376255989074707,0.25206640362739563,0.07303602248430252
YOR363C,False,True,-0.1789504736661911,-0.786528792977333,-0.47342339158058167,-1.352992057800293,-0.23956690728664398,-0.7192218899726868,-1.14743971824646
YOR364W,False,False,-0.4182310104370117,-1.51000919342041,-1.5716685056686401,-1.8469150066375732,-1.6541212797164917,-0.5176641941070557,-1.95967698097229
YOR365C,True,True,-1.6325081586837769,-0.6720290198922158,-1.6171876192092896,-0.2571186125278473,-0.6046364903450012,-0.04199705272912979,-0.8392053246498108
YOR366W,False,False,-1.4596627950668335,-0.40472604185342786,-0.9893441796302795,-0.960685670375824,0.15553562343120575,0.12472138553857803,-0.3538573682308197
YOR367W,True,True,0.1902742236852646,0.35144044160842897,0.4114148020744324,0.7032464146614075,0.5634642243385315,0.2884743809700012,-0.20939761400222778
YOR368W,True,False,-0.30002084374427795,-0.07039208076894284,0.08576281368732452,0.21667912602424622,0.02824998088181019,0.2596493065357208,-0.9423016309738159
YOR369C,True,True,1.3260791301727295,1.1918120503425598,1.3027610778808594,0.9664731621742249,1.273733139038086,1.4141432046890259,1.001949667930603
YOR370C,True,True,0.7148481607437134,0.5600214242935181,0.6636356711387634,0.9628871083259583,0.31901633739471436,0.6766672134399414,0.1779007911682129
YOR371C,True,True,0.31985509395599365,0.507455299794674,0.6275812983512878,0.6545461416244507,0.5840194821357727,0.6919227838516235,-0.020793206989765167
YOR372C,True,True,1.1297941207885742,0.7135712802410126,1.1001542806625366,0.6443207263946533,0.8156561255455017,0.7235225439071655,0.2842027246952057
YOR373W,True,True,0.5261488556861877,0.8536066770553589,1.1251473426818848,0.8514693379402161,0.5480635166168213,1.1467127799987793,0.596640408039093
YOR374W,False,True,0.7697732448577881,-0.07472711205482482,0.5047719478607178,0.37713348865509033,0.47233742475509644,-1.4715843200683594,-0.2562941014766693
YOR375C,False,True,0.9405577778816223,0.596701580286026,0.11349564790725708,0.5359053015708923,0.539824903011322,1.3103843927383423,0.4838976562023163
YOR376W,False,False,-1.8951338529586792,-0.7981738150119781,-0.8833970427513123,-0.9897356629371643,-0.8935146927833557,-0.7578544616699219,-0.4663672149181366
YOR376W-A,True,True,0.5833874344825745,-0.172158819437027,0.32602065801620483,-0.5908628106117249,-0.5839118957519531,0.40879637002944946,-0.4208364188671112
YOR377W,True,True,-0.27154815196990967,-0.5854491367936134,-0.8455596566200256,-1.2582160234451294,-0.5041905045509338,-0.0509188249707222,-0.2683606743812561
YOR378W,False,True,-1.6371506452560425,-0.9285643935203552,-1.3739571571350098,-0.540596604347229,-1.3979178667068481,-0.45583951473236084,-0.8745108246803284
YOR379C,False,False,-0.18946285545825958,0.42995728328824045,0.8956061601638794,-0.02245062217116356,0.5017462372779846,0.6654623746871948,0.10942226648330688
YOR380W,True,True,-0.19043685495853424,-0.19955593943595887,-0.032016903162002563,-0.7516621947288513,-0.2565564215183258,0.3574542999267578,-0.31499847769737244
YOR381W,False,True,-0.22664998471736908,-0.7893132746219635,-0.9035634398460388,-1.0507493019104004,-0.7796315550804138,-1.1957396268844604,-0.01688244938850403
YOR381W-A,True,False,-0.8138972520828247,-0.18734990879893304,-0.1266036480665207,-0.6510745882987976,-0.04968535527586937,0.14680127799510956,-0.25618723034858704
YOR382W,False,True,2.198023796081543,0.8099243342876434,1.607361078262329,1.0842646360397339,0.6797412037849426,1.0720819234848022,-0.3938271701335907
YOR383C,False,True,2.347623825073242,0.4971328541636467,1.1688001155853271,0.5330983996391296,0.2596086859703064,0.5811958312988281,-0.05703876167535782
YOR384W,False,True,0.529343843460083,0.24626958072185517,0.354458212852478,0.09869419038295746,0.16987238824367523,0.2112610787153244,0.3970620334148407
YOR385W,True,True,0.14747002720832825,0.5219966471195221,0.3770579993724823,0.7792182564735413,0.4145224988460541,0.6415187120437622,0.39766576886177063
YOR386W,True,True,0.024650761857628822,-0.3248117670416832,-0.44203150272369385,-1.1095376014709473,0.034694261848926544,0.26034992933273315,-0.36753392219543457
YOR387C,True,True,-1.8258227109909058,-0.9534197270870208,-1.3213434219360352,-0.8285956978797913,-0.2989979088306427,-1.5531134605407715,-0.7650481462478638
YOR388C,True,True,-2.016035795211792,0.15997922271490098,0.5831004977226257,0.21824243664741516,0.4914713501930237,0.07575639337301254,-0.5686745643615723
YOR389W,True,True,-0.5677316784858704,-0.19002250730991363,0.040350332856178284,0.4202938675880432,0.38472694158554077,-1.6170949935913086,-0.17838868498802185
YOR390W,True,True,-1.2203528881072998,0.49948431104421614,0.6501851677894592,0.8942344188690186,0.21176570653915405,0.7330422401428223,0.008194021880626678
YOR391C,True,True,-1.991233229637146,-0.3787796601653099,0.19748133420944214,-0.5441280007362366,-0.9090617299079895,0.08768684417009354,-0.7258767485618591
YOR392W,False,False,-2.088510751724243,-0.44037034511566164,-0.3791895806789398,-0.7866069078445435,0.08240106701850891,-0.29364800453186035,-0.8248082995414734
YOR393W,False,False,-2.088510751724243,-0.32501510679721834,-0.5614259243011475,-0.6321907639503479,0.0642361268401146,-0.08590064197778702,-0.40979433059692383
YOR394C-A,True,True,-0.8565143942832947,0.027336399257183074,0.2864574193954468,0.11332538723945618,-1.0531131029129028,0.8452757596969604,-0.0552634671330452
YOR394W,False,True,-2.088510751724243,-1.7508594751358033,-1.6239955425262451,-1.551226258277893,-1.3374950885772705,-2.119771718978882,-2.1218087673187256
YOR396C-A,False,False,-2.088510751724243,-1.0309568867087364,-1.089464545249939,-1.6259229183197021,-1.6132886409759521,0.11848974972963333,-0.9445980787277222
YOR396W,False,True,-2.088510751724243,-1.021814215183258,-0.7619296312332153,-1.3810887336730957,-1.7428878545761108,-0.3389849066734314,-0.884179949760437
YPL001W,True,True,-0.1598052829504013,0.006790086627006531,-0.1210283413529396,0.1929071694612503,0.10383548587560654,0.13254012167453766,-0.27430400252342224
YPL002C,True,True,0.125136137008667,0.04599786698818207,0.16972345113754272,-0.26922765374183655,0.32110872864723206,0.20385991036891937,-0.19547510147094727
YPL003W,True,True,-0.30144283175468445,0.2092885345220566,0.3456276059150696,0.23383495211601257,0.7492402791976929,0.20523391664028168,-0.4874940812587738
YPL004C,True,True,1.152430772781372,0.00834643840789795,1.3140581846237183,0.8100228309631348,-1.3866816759109497,0.41003239154815674,-1.1056995391845703
YPL005W,True,True,-0.38039258122444153,0.2586231265217066,-0.021940751001238823,0.15838585793972015,0.5148053169250488,0.7145114541053772,-0.07264624536037445
YPL006W,True,True,-0.5831637382507324,-0.021011428395286202,0.07624037563800812,0.014427166432142258,0.003811691654846072,0.11168501526117325,-0.3112213909626007
YPL007C,False,True,-0.31234312057495117,-0.05683252066373825,-0.043997325003147125,-0.41536810994148254,0.2816195785999298,-0.2776174545288086,0.1712007075548172
YPL008W,False,True,-0.015963923186063766,0.5860520496964454,0.6280397772789001,0.9502156972885132,0.22820015251636505,1.014168381690979,0.10963623970746994
YPL009C,False,True,0.6238402128219604,0.5100648730993271,0.6379169821739197,0.4489889144897461,0.2387225478887558,1.0746484994888306,0.1500474214553833
YPL010W,True,True,0.2653638422489166,0.6814346790313721,0.55791836977005,0.6275131106376648,0.9583626389503479,1.101811170578003,0.16156810522079468
YPL011C,True,True,0.7995221614837646,0.8336057305335999,1.1029869318008423,0.8127739429473877,0.8656404614448547,1.2299561500549316,0.1566711664199829
YPL012W,True,True,0.2743036150932312,0.44331724047660825,0.2588716149330139,0.3010217249393463,0.6590637564659119,0.8530526161193848,0.14457648992538452
YPL013C,True,True,1.611689805984497,0.5410147681832314,0.8197179436683655,0.31798040866851807,0.758275032043457,0.7856599688529968,0.023440487682819366
YPL014W,False,True,1.1508147716522217,1.156956386566162,1.573858380317688,1.0953149795532227,0.8146806359291077,1.4468857049942017,0.8540422320365906
YPL015C,True,True,0.7100965976715088,1.3129266142845153,1.3811206817626953,1.28947114944458,1.4929851293563843,1.4597604274749756,0.9412956833839417
YPL016W,True,True,0.3376496732234955,0.8517632961273194,1.5131590366363525,0.5409960150718689,0.5658416152000427,1.1347272396087646,0.5040925741195679
YPL017C,True,True,-1.1337450742721558,0.8784464061260223,0.4457589089870453,0.9917696118354797,0.9449451565742493,1.509426236152649,0.5003321170806885
YPL018W,True,True,0.4596128463745117,1.3285948872566222,1.4544451236724854,1.149101734161377,1.8532631397247314,1.3712642192840576,0.8149002194404602
YPL019C,True,True,0.8605908155441284,1.0508588671684265,1.105658769607544,0.9807303547859192,1.100022554397583,1.4858113527297974,0.5820713043212891
YPL020C,False,True,-0.14684700965881348,-0.47575919385999443,-0.1606447398662567,-0.576806366443634,-0.004510837607085705,-0.7820904850959778,-0.8547435402870178
YPL021W,False,True,-2.088510751724243,-1.0832960724830627,-0.7096067070960999,-0.8588322997093201,-0.9448450207710266,-1.6108002662658691,-1.292396068572998
YPL022W,True,True,0.1803407520055771,0.2516115218400955,0.3550046682357788,0.4905601143836975,0.5066447257995605,0.2351406067609787,-0.32929250597953796
YPL023C,False,True,0.36727964878082275,-0.29390870928764345,-0.6686244606971741,-0.30550360679626465,-0.5462011098861694,0.32814687490463257,-0.2773612439632416
YPL024W,True,True,0.0759100615978241,1.352019226551056,0.7236066460609436,2.166356086730957,1.080356240272522,1.424651026725769,1.365126132965088
YPL025C,False,False,-0.788330078125,0.10420758128166199,-0.4364192485809326,0.2380644679069519,0.3805546462535858,0.3797075152397156,-0.04086947441101074
YPL026C,True,True,0.6609274744987488,1.3216285526752471,1.6916176080703735,1.5367467403411865,1.6890385150909424,1.2374451160430908,0.4532947838306427
YPL027W,True,True,-1.8291715383529663,0.15973628051578997,0.9732361435890198,0.5317049622535706,-0.22442780435085297,-0.004181286320090294,-0.47765061259269714
YPL028W,True,True,0.6428619027137756,1.2707698345184326,0.9627040028572083,1.562596321105957,1.4314905405044556,1.4495670795440674,0.9474912285804749
YPL029W,True,False,-0.17692193388938904,-0.001278957724571228,-0.2992314100265503,0.04715793952345848,0.019789230078458786,0.3055296242237091,-0.07964017242193222
YPL030W,True,True,0.24149511754512787,0.3773048914968967,0.30206719040870667,0.02491193637251854,0.5729807615280151,1.018326997756958,-0.03176242858171463
YPL031C,True,True,0.7090933918952942,0.8924748420715332,0.8834912180900574,0.472517192363739,1.331992745399475,1.040143370628357,0.7342296838760376
YPL032C,True,True,1.2393778562545776,0.724446177482605,0.536226212978363,0.6646921038627625,0.49138298630714417,1.546213984489441,0.38371559977531433
YPL033C,True,False,-1.9415462017059326,-1.04322343878448,-0.9691569209098816,-2.1608927249908447,-0.689141571521759,-0.022349169477820396,-1.3745768070220947
YPL034W,True,True,-0.22697217762470245,0.019486004114151002,-0.15209108591079712,-0.05290018022060394,0.192239448428154,0.3686496615409851,-0.25846782326698303
YPL035C,False,False,-2.015238046646118,-0.5996372908353805,-0.7750186324119568,-1.1332573890686035,-0.4721379578113556,0.19592700898647308,-0.81369948387146
YPL036W,True,True,-1.1049212217330933,1.3061975717544556,1.196563959121704,1.3057589530944824,1.3247222900390625,1.5817286968231201,1.1222139596939087
YPL037C,True,True,1.602588176727295,1.436480450630188,0.9690463542938232,1.9960126876831055,1.1191627979278564,1.8442332744598389,1.253947138786316
YPL038W,True,False,0.8116603493690491,0.016192671656608582,0.18264450132846832,0.24265354871749878,-0.5652344226837158,0.41295182704925537,-0.19205209612846375
YPL038W-A,False,False,-1.9621068239212036,-0.6290671925991773,-0.6869639158248901,-0.5761671662330627,-1.1633224487304688,-0.0132936742156744,-0.7055887579917908
YPL039W,True,True,0.3094090223312378,-0.2025752604007721,-0.42867565155029297,-0.18452608585357666,-0.32339295744895935,0.3666708469390869,-0.4429524540901184
YPL040C,True,True,-0.2287740558385849,0.4751899719238281,0.8843894004821777,0.40786033868789673,0.38375529646873474,0.5643802285194397,0.13556459546089172
YPL041C,True,True,-0.5698357820510864,-0.4390897810459137,-1.192924976348877,-0.636213481426239,-0.07965388894081116,0.338545560836792,-0.6252021193504333
YPL042C,True,True,0.27635398507118225,0.5167101860046387,0.670216977596283,0.6150058507919312,0.3364168107509613,1.1502954959869385,-0.18838420510292053
YPL043W,True,True,1.2042007446289062,0.36767038255929946,0.23030883073806763,0.6713829636573792,0.4344962537288666,0.6085172295570374,-0.10635336488485336
YPL044C,False,False,-1.7425572872161865,0.0006014645099639892,0.37069225311279297,-0.5561909675598145,0.10006105899810791,0.29335635900497437,-0.20491138100624084
YPL045W,False,False,0.11919976025819778,-0.42916309237480166,-0.6504858136177063,-0.5702727437019348,-0.4405805170536041,0.32399260997772217,-0.8084689974784851
YPL046C,True,False,0.6260518431663513,-0.42090422213077544,-0.24003632366657257,-0.6070707440376282,-0.5481839776039124,0.17281651496887207,-0.8820465803146362
YPL047W,True,True,0.9211720824241638,0.15070010721683502,0.06872253119945526,0.10302171111106873,0.4522748291492462,0.4451301693916321,-0.3156487047672272
YPL048W,True,True,0.8917521238327026,1.1804878950119018,1.1309936046600342,1.3551392555236816,1.2819581031799316,1.4897534847259521,0.6445950269699097
YPL049C,True,True,1.3090680837631226,0.9508635520935058,0.9968120455741882,0.8427539467811584,0.9359809160232544,1.1649762392044067,0.8137946128845215
YPL050C,True,True,0.8054530024528503,0.8233196616172791,0.7438881993293762,0.9631341099739075,1.0627108812332153,1.062016248703003,0.2848488688468933
YPL051W,False,False,0.24616682529449463,-0.5767347797751426,-0.09640247374773026,-1.44134521484375,-0.1997695118188858,-0.6891464591026306,-0.4570102393627167
YPL052W,True,True,-0.05176763981580734,0.4926618993282318,0.9036588072776794,0.3034708499908447,0.567025363445282,0.8197327256202698,-0.13057824969291687
YPL053C,False,True,0.532770037651062,0.6487738713622093,0.6123418211936951,0.8364494442939758,0.7992405295372009,1.1077613830566406,-0.11192382127046585
YPL054W,True,True,-0.597999632358551,0.02303210198879242,0.5162345767021179,0.3921307325363159,-0.16763876378536224,0.45589980483055115,-1.0814658403396606
YPL055C,True,True,1.2828418016433716,0.45250369906425475,0.4875802993774414,0.31823739409446716,0.876265287399292,0.40370458364486694,0.1767309308052063
YPL056C,True,True,0.651915967464447,1.0621296286582946,1.1741328239440918,0.7728144526481628,1.3937485218048096,1.3161715269088745,0.6537808179855347
YPL057C,True,True,0.4695900082588196,0.947098183631897,1.8799591064453125,0.6853694319725037,0.7507347464561462,0.7814500331878662,0.6379776000976562
YPL058C,False,True,-0.6912851929664612,0.08040408194065093,0.5130986571311951,0.09081077575683594,0.11635498702526093,0.16379427909851074,-0.482038289308548
YPL059W,True,True,0.5586915016174316,0.64792959690094,0.9728366136550903,0.4512479305267334,0.44743064045906067,1.0635780096054077,0.3045547902584076
YPL060W,False,True,-0.457174152135849,0.42519386261701586,0.5809027552604675,0.1472761183977127,0.9122646450996399,0.5974474549293518,-0.11192166060209274
YPL061W,True,True,2.1009438037872314,0.9485180497169494,1.29104745388031,1.386030673980713,0.7511196732521057,0.9769845008850098,0.3374079465866089
YPL062W,False,False,-0.6993289589881897,0.05507227182388306,-0.372099369764328,0.16111615300178528,0.10054366290569305,0.2712615132331848,0.11453939974308014
YPL063W,False,True,1.083669900894165,0.3118682295084,0.7240807414054871,0.07440157234668732,0.3131948709487915,0.6596587300300598,-0.21199476718902588
YPL064C,False,True,0.4730547368526459,0.5534629106521607,0.8117951154708862,0.5477827191352844,0.4365193545818329,0.670383095741272,0.3008342683315277
YPL065W,False,False,0.4169420301914215,-0.6865579888224602,-1.4171795845031738,-0.6947836875915527,-0.7773211598396301,-0.06364434212446213,-0.47986117005348206
YPL066W,True,True,0.8315473794937134,0.6959848821163177,0.6593579053878784,0.7042823433876038,0.32311341166496277,1.2464438676834106,0.5467268824577332
YPL067C,True,True,-0.21156913042068481,0.36049001589417456,0.7281875014305115,0.004945043474435806,-0.21566449105739594,0.5803152322769165,0.704666793346405
YPL068C,True,True,0.7292947173118591,1.3685439586639405,2.1424074172973633,1.1738166809082031,1.9340035915374756,0.8854289054870605,0.7070631980895996
YPL069C,False,True,0.45507192611694336,-0.6608950510621071,-0.086512990295887,-0.27048230171203613,-0.7710497975349426,-0.3815259337425232,-1.7949042320251465
YPL070W,False,True,0.17383910715579987,0.2830874025821686,-0.03529387712478638,0.4438645541667938,0.2840627431869507,0.516569972038269,0.20623362064361572
YPL071C,True,True,0.6313350200653076,0.3517789453268051,0.7798693776130676,0.7065455317497253,0.6161059737205505,-0.2118476778268814,-0.13177847862243652
YPL072W,False,True,-0.05285888537764549,0.4095422148704529,0.24849015474319458,0.4324439764022827,0.2658441960811615,0.8886228799819946,0.21230986714363098
YPL073C,False,False,-2.02390193939209,-1.6788631200790405,-1.1388496160507202,-1.9480481147766113,-2.188514232635498,-1.2221113443374634,-1.8967922925949097
YPL074W,False,True,0.4232950508594513,0.2936814770102501,0.5413845181465149,0.2698354721069336,0.2227129340171814,0.5327356457710266,-0.09826118499040604
YPL075W,True,True,0.5045831203460693,0.7856768369674683,1.3615881204605103,0.6118086576461792,0.833745539188385,1.1457219123840332,-0.024480044841766357
YPL076W,True,False,-0.17950087785720825,-0.1844078615307808,-0.4317891001701355,-0.5858553051948547,0.10240673273801804,-0.07389812916517258,0.06709649413824081
YPL077C,False,False,0.18729253113269806,-0.32645205557346346,-0.6366381645202637,-0.5300846695899963,-0.22012531757354736,0.21996213495731354,-0.46537426114082336
YPL078C,True,True,0.7563232183456421,0.7800477147102356,0.8392080068588257,0.5094203948974609,0.8987430930137634,0.9880388975143433,0.6648281812667847
YPL079W,True,True,0.944275438785553,1.810024881362915,2.2574856281280518,1.9003801345825195,1.8984805345535278,1.8150054216384888,1.1787726879119873
YPL080C,False,False,-1.743299961090088,-1.3804043650627136,-1.2832202911376953,-1.8511021137237549,-1.4344172477722168,-0.9607478976249695,-1.3725342750549316
YPL081W,True,True,1.3428423404693604,1.2689641952514648,1.4964320659637451,1.1925243139266968,1.3935494422912598,1.2523114681243896,1.010003685951233
YPL082C,True,True,0.24733394384384155,0.6388812184333801,1.1119539737701416,-0.08682993054389954,0.7109275460243225,0.99198317527771,0.4663713276386261
YPL083C,True,False,-0.19070835411548615,-0.6665454626083374,-0.6490921974182129,-1.4126510620117188,-0.702202320098877,0.4090067744255066,-0.977788507938385
YPL084W,True,True,0.4429449141025543,0.5736559361219407,0.7611200213432312,0.776194155216217,0.4937244951725006,0.7794480323791504,0.05779297649860382
YPL085W,True,True,0.7698162198066711,-0.16470996737480165,-0.10200101137161255,0.2223975956439972,-0.547136127948761,0.5317275524139404,-0.9285378456115723
YPL086C,True,True,-0.04331120476126671,-0.32339155822992327,-0.07620836049318314,-1.2182905673980713,-0.35959938168525696,0.253767192363739,-0.21662667393684387
YPL087W,True,True,-0.46923360228538513,-0.3230043530464172,-0.0669819712638855,-0.07251596450805664,-0.5369288921356201,-0.266946017742157,-0.6716489195823669
YPL088W,True,True,-0.4431624710559845,0.7364099308848381,1.0322636365890503,0.9733055233955383,0.41767218708992004,1.2204768657684326,0.03833144158124924
YPL089C,False,True,1.0875581502914429,0.7955149292945862,0.6542225480079651,0.5832833647727966,0.9348260164260864,1.261869192123413,0.5433735251426697
YPL090C,True,True,0.7115585803985596,1.5438195943832398,1.9113526344299316,1.3147563934326172,1.6022703647613525,1.4793363809585571,1.4113821983337402
YPL091W,True,True,0.3799894154071808,0.2756041169166565,0.2689094543457031,0.09124994277954102,0.23120135068893433,0.45845460891723633,0.3282052278518677
YPL092W,False,True,-0.48408737778663635,0.08574051260948182,0.3834919035434723,0.19158531725406647,-0.19576822221279144,-0.2619308829307556,0.31132444739341736
YPL093W,True,True,0.5575481057167053,1.033058524131775,1.3068346977233887,1.0471136569976807,0.8493801355361938,1.1635479927062988,0.7984161376953125
YPL094C,True,True,1.2646327018737793,0.9038429260253906,1.2648489475250244,0.7004477381706238,0.7537956237792969,1.2882325649261475,0.5118897557258606
YPL095C,False,True,0.1587328463792801,-0.4632212966680527,-0.3593841791152954,-1.153003454208374,-0.13028067350387573,-0.16776202619075775,-0.5056761503219604
YPL096C-A,True,True,0.18820959329605103,0.23950109742581843,0.6069192290306091,0.05128690227866173,0.6759641766548157,-0.0134910698980093,-0.12317375093698502
YPL096W,False,True,0.6150674223899841,-0.10853089690208435,0.07951632142066956,-0.0724639892578125,0.506337583065033,-0.6837469935417175,-0.37229740619659424
YPL097W,True,True,0.018811628222465515,0.12905269414186477,0.14745359122753143,0.0285717211663723,-0.03166593238711357,0.41868263483047485,0.08222145587205887
YPL098C,True,True,0.5847654938697815,0.25229800269007685,0.8535136580467224,0.03646714612841606,-0.23113980889320374,0.5577724575996399,0.04487656056880951
YPL099C,True,True,0.1635846197605133,-0.24408309608697892,-0.3242448568344116,-0.509674608707428,-0.23770771920681,-0.23401720821857452,0.08522891253232956
YPL100W,True,True,-0.05708086118102074,0.06485489681363106,-0.00232701376080513,0.0019432827830314636,0.24869295954704285,0.47536706924438477,-0.39940181374549866
YPL101W,True,True,0.6967892646789551,-0.5274728536605835,-0.15855878591537476,-0.6317173838615417,-0.2918439507484436,-0.36172860860824585,-1.1935155391693115
YPL102C,False,False,-1.788711667060852,-0.7254370436072349,-1.1017742156982422,-1.5606880187988281,-0.10209609568119049,-0.10799995809793472,-0.7546269297599792
YPL103C,True,True,-0.15722887217998505,-1.1828132688999176,-0.7192936539649963,-1.8240904808044434,-2.026358127593994,-0.13416191935539246,-1.2101621627807617
YPL104W,True,True,-0.2204323559999466,0.3919502094388008,0.6236560940742493,0.3536157011985779,0.4504863917827606,0.637345552444458,-0.10535269230604172
YPL105C,True,True,0.8326849937438965,0.09712453708052635,0.2431195080280304,-0.02629837766289711,0.15878121554851532,0.3441248834133148,-0.23410454392433167
YPL106C,True,True,0.8416719436645508,1.4150500059127809,1.540478229522705,1.6039848327636719,1.373880386352539,1.5241858959197998,1.032720685005188
YPL107W,False,True,0.6193531155586243,0.3153255835175514,0.4059962332248688,0.1332128942012787,0.32307910919189453,0.6922231912612915,0.022116489708423615
YPL108W,True,True,0.43629565834999084,-0.11019062455743552,-0.49045658111572266,-0.18617071211338043,0.014391195960342884,0.3246173560619354,-0.21333438158035278
YPL109C,True,True,-0.31263601779937744,0.7716603338718414,0.7564769387245178,0.9162437319755554,0.9308818578720093,0.9419595003128052,0.31273964047431946
YPL110C,True,True,-0.2312125563621521,0.7967119336128234,0.5899036526679993,0.9474434852600098,0.8666850328445435,0.8223183155059814,0.7572091817855835
YPL111W,True,True,0.593483030796051,0.7450314104557038,0.37266042828559875,0.7934829592704773,0.9906556010246277,1.003635048866272,0.564723014831543
YPL112C,True,True,0.16605940461158752,-0.507782056927681,-0.1548612117767334,-0.41485166549682617,-0.15244419872760773,-1.1043872833251953,-0.7123659253120422
YPL113C,True,True,-0.7901331186294556,-1.3320712387561797,-0.6688557267189026,-1.9387397766113281,-1.564589023590088,-0.3947196900844574,-2.093451976776123
YPL114W,False,False,-0.08621756732463837,-0.674820164963603,-0.715691328048706,-1.0323280096054077,-0.7448574900627136,0.00024489499628543854,-0.8814688920974731
YPL115C,True,True,0.3253485858440399,0.06477335356175899,-0.003674367442727089,0.19817602634429932,-0.114064522087574,0.4712550640106201,-0.22782543301582336
YPL116W,True,True,0.35358574986457825,0.43498618602752687,0.4660516381263733,0.23176705837249756,0.9300405979156494,0.6834087371826172,-0.13633710145950317
YPL117C,True,True,1.147070050239563,0.4419723182916641,0.3674214482307434,0.19400346279144287,0.2285965532064438,0.9717335104942322,0.4481066167354584
YPL118W,True,True,0.5812715291976929,0.7094862639904023,0.6608542203903198,0.8802756667137146,0.6208615303039551,0.905169665813446,0.48027023673057556
YPL119C,True,True,-0.09925474971532822,-0.02039334625005722,0.47659438848495483,0.5867201089859009,-0.0822203978896141,-0.8550599813461304,-0.22800084948539734
YPL119C-A,True,False,0.06473258137702942,-0.024154019355773926,-0.6392392516136169,-0.14404211938381195,0.13910557329654694,0.3935427665710449,0.1298629343509674
YPL120W,True,True,0.013682639226317406,-0.10752538219094276,0.381979763507843,-0.38636094331741333,-0.05221593752503395,-0.41770657896995544,-0.06332321465015411
YPL121C,True,True,-1.9582537412643433,-0.6337807416915894,-0.9475403428077698,-0.6260961890220642,-0.6073537468910217,-0.2709074020385742,-0.7170060276985168
YPL122C,True,True,-0.0598028264939785,0.22593377232551576,0.08110836148262024,0.3670966625213623,0.2986239492893219,0.27562183141708374,0.10721805691719055
YPL123C,True,True,-0.2979809641838074,-0.35052483081817626,-0.5062006115913391,-0.1789415180683136,-0.09779609739780426,-0.24540479481220245,-0.7242811322212219
YPL124W,True,True,0.1847049444913864,0.20814560428261758,0.3386998772621155,-0.012090351432561874,0.21221314370632172,0.7206928730010986,-0.2187875211238861
YPL125W,True,True,0.05307263135910034,0.4782415509223938,0.3131943941116333,0.5234768986701965,0.4732697308063507,0.7645930647850037,0.3166736662387848
YPL126W,True,True,0.5156444311141968,0.1276436150074005,0.5738837122917175,-0.6422247290611267,0.521346390247345,0.5666511058807373,-0.38143840432167053
YPL127C,True,True,1.008694052696228,1.1311951160430909,1.1963064670562744,1.0097872018814087,1.2589335441589355,1.4667298793792725,0.724218487739563
YPL128C,False,True,0.7899628281593323,-0.37581421732902526,-0.7412006258964539,-0.37657430768013,-0.3887937068939209,0.193669855594635,-0.5661723017692566
YPL129W,True,True,0.8674384951591492,-0.23238732665777206,-0.5002332925796509,-0.6185447573661804,0.09081316739320755,-0.1339954286813736,2.3677945137023926e-05
YPL130W,True,False,-2.0108630657196045,-0.22595798671245576,-0.45214539766311646,-0.49591541290283203,-0.20534230768680573,0.3060656785964966,-0.2824524939060211
YPL131W,True,True,1.9952294826507568,1.6080671310424806,2.09983491897583,1.5601115226745605,1.419621467590332,1.729067087173462,1.2317006587982178
YPL132W,True,True,0.24334904551506042,0.15048920810222627,0.28095170855522156,0.18843412399291992,0.2542206048965454,0.15862710773944855,-0.12978750467300415
YPL133C,False,True,0.16250088810920715,0.17182357609272003,0.14449207484722137,0.5424745678901672,0.07417348027229309,0.4766405522823334,-0.3786627948284149
YPL134C,True,True,-0.4758460819721222,0.2796374261379242,0.4419730007648468,0.3560006618499756,0.320060670375824,0.42820867896080017,-0.14805588126182556
YPL135C-A,False,False,-1.6145896911621094,-0.13286817073822021,-0.07254951447248459,-0.6104050874710083,-0.2720298767089844,0.3058710992336273,-0.01522747427225113
YPL135W,True,True,1.5780569314956665,1.0688386380672454,1.1003972291946411,1.1910456418991089,1.217491626739502,1.4664939641952515,0.368764728307724
YPL136W,False,False,-1.7114633321762085,-0.28305555507540703,-0.012258317321538925,-0.9179386496543884,-0.16107602417469025,0.2334938496351242,-0.5574986338615417
YPL137C,True,True,0.3376087248325348,0.8700978279113769,0.5963417887687683,1.0521517992019653,0.7022703289985657,1.405331015586853,0.5943942070007324
YPL138C,True,True,0.6010935306549072,0.386819888651371,0.16698332130908966,0.4132956266403198,0.5329893827438354,0.8535548448562622,-0.03272373229265213
YPL139C,False,True,0.19802220165729523,0.17457356192171575,0.5984446406364441,0.19731301069259644,-0.08495382964611053,-0.012005893513560295,0.17406988143920898
YPL140C,True,True,-0.40122169256210327,-0.14214219748973847,0.12826865911483765,-0.26991361379623413,0.09930022805929184,-0.08008415251970291,-0.5882821083068848
YPL141C,True,True,0.7685623168945312,0.4075849041342735,0.5986863374710083,0.8154289126396179,0.6318274736404419,0.06667829304933548,-0.07469649612903595
YPL142C,False,False,-1.6636155843734741,-0.7253713473677635,-0.42064112424850464,-0.5035538673400879,-1.2173495292663574,-0.0969850942492485,-1.3883271217346191
YPL143W,True,True,1.8120685815811157,1.6328371524810792,1.4050700664520264,2.0989980697631836,1.6036630868911743,1.8400294780731201,1.2164250612258911
YPL144W,True,True,0.2598264217376709,0.6274275600910186,0.6002447009086609,0.512549877166748,0.5666926503181458,1.145105004310608,0.3125455677509308
YPL145C,True,True,0.7543174624443054,0.791614317893982,0.4950518012046814,0.6832529902458191,0.8021054863929749,1.2402589321136475,0.7374023795127869
YPL146C,True,True,0.39745062589645386,0.8149176716804505,0.99285489320755,0.7772210240364075,0.9783321022987366,1.017358422279358,0.3088219165802002
YPL147W,True,True,-1.0838658809661865,-0.09967222511768341,-0.08560232073068619,-0.045180801302194595,0.0440441332757473,0.2900623381137848,-0.7016844749450684
YPL148C,False,True,-0.5156540274620056,-0.9931699991226196,-0.5248317718505859,-0.8382646441459656,-0.6819186806678772,-1.3815559148788452,-1.5392789840698242
YPL149W,True,True,-0.4332329034805298,0.10264998078346252,-0.07415014505386353,-0.22042635083198547,0.2561856806278229,0.6787137985229492,-0.12707307934761047
YPL150W,True,True,-0.015933148562908173,0.24423967599868773,0.8855893015861511,0.19811810553073883,0.13121120631694794,0.0511799082159996,-0.04490014165639877
YPL151C,True,True,0.3036803603172302,0.604995596408844,0.6838642954826355,0.5721673369407654,0.6785708665847778,0.7851319313049316,0.3052435517311096
YPL152W,True,True,-0.22517350316047668,0.4602338135242462,0.25049254298210144,0.4276234209537506,0.6661331057548523,0.645298957824707,0.3116210401058197
YPL152W-A,True,True,-0.2100379914045334,-0.2147773563861847,-0.06261343508958817,-0.7314325571060181,-0.16547630727291107,0.11288594454526901,-0.22725042700767517
YPL153C,True,True,0.2229231595993042,0.15393657982349396,0.6180682182312012,-0.42360150814056396,-0.09884719550609589,0.43166208267211914,0.24240130186080933
YPL154C,True,True,0.9916560053825378,0.6181959308683872,0.5613510012626648,0.05411391332745552,1.0002628564834595,1.060715675354004,0.4145362079143524
YPL155C,True,True,0.2428298443555832,0.14335357546806335,0.6964216828346252,-0.08116275072097778,0.5413100719451904,-0.2772120237350464,-0.16258910298347473
YPL156C,False,True,0.2933078110218048,1.1687575221061706,0.9903011918067932,1.1800483465194702,1.30953049659729,1.4426188468933105,0.9212887287139893
YPL157W,True,True,0.5501776337623596,0.5211402654647828,0.24356910586357117,0.5659508109092712,0.45252755284309387,0.9358237385749817,0.4078301191329956
YPL158C,True,True,0.6927918791770935,0.7874053537845611,0.7375009655952454,0.9672277569770813,1.3810958862304688,0.4339013695716858,0.4173007905483246
YPL159C,True,True,0.7934060096740723,0.5037200391292572,0.6320356726646423,0.23239439725875854,0.630116879940033,0.7629188299179077,0.26113441586494446
YPL160W,True,True,0.6280964016914368,0.862173992395401,0.9526699185371399,0.4450889527797699,0.9087194800376892,1.1498942375183105,0.8544973731040955
YPL161C,True,True,-0.017229892313480377,-0.33180944323539735,-0.72745281457901,-0.336405873298645,-0.6300732493400574,-0.46668705344200134,0.501571774482727
YPL162C,True,True,-0.17250166833400726,0.43427678346633913,0.4756773114204407,0.6647582650184631,0.08174252510070801,0.811683177947998,0.1375226378440857
YPL163C,True,True,1.7775182723999023,0.18814658522605895,0.41002047061920166,-0.37855368852615356,0.25654587149620056,0.7813583612442017,-0.12863808870315552
YPL164C,False,True,-0.5420495867729187,0.07323036268353462,0.25059959292411804,-0.28670141100883484,-0.036635663360357285,0.45368462800979614,-0.01479533314704895
YPL165C,False,True,-1.8593722581863403,0.11108120381832123,0.22423607110977173,0.08219191431999207,0.17406527698040009,0.34992706775665283,-0.27501431107521057
YPL166W,True,True,-0.25368955731391907,0.007410023361444473,-0.035720471292734146,-0.4820599853992462,0.24254725873470306,0.2792136073112488,0.033069707453250885
YPL167C,True,True,-0.621340811252594,0.4128334030508995,0.5746145844459534,0.12182322144508362,0.7156054377555847,0.6173586845397949,0.0347650870680809
YPL168W,True,True,-0.23750075697898865,0.604402232170105,0.4844975471496582,0.6356825828552246,0.8985772132873535,0.8046124577522278,0.1986413598060608
YPL169C,True,True,0.8518549799919128,0.878033459186554,1.134056568145752,0.8608941435813904,0.8844649195671082,1.3333330154418945,0.17741864919662476
YPL170W,True,True,1.3789103031158447,0.6475066304206848,0.5674413442611694,0.30464351177215576,0.8334440588951111,0.9378557205200195,0.5941485166549683
YPL171C,True,True,0.24691660702228546,-1.3792009472846984,-1.5337111949920654,-1.4622546434402466,-0.8345922827720642,-1.8663867712020874,-1.1990598440170288
YPL172C,False,True,0.0734589695930481,0.04311558529734612,0.1404179334640503,0.034941043704748154,0.035756975412368774,0.42113757133483887,-0.4166755974292755
YPL173W,False,True,0.6190406084060669,0.27759769558906555,0.6998146176338196,0.31607872247695923,0.15582090616226196,0.5497305393218994,-0.3334563076496124
YPL174C,True,True,0.06769438087940216,0.11660109460353851,-0.10558438301086426,0.1498977541923523,0.13513457775115967,0.39153486490249634,0.012022659182548523
YPL175W,False,True,-0.229758158326149,0.04717112481594086,0.16807426512241364,-0.23060280084609985,0.07178441435098648,0.26490098237991333,-0.03830123692750931
YPL176C,True,True,0.327340692281723,0.060894948244094846,0.19038528203964233,-0.21727633476257324,0.3773845434188843,0.2800307273864746,-0.32604947686195374
YPL177C,True,True,0.5395194888114929,-0.3155941620469093,0.4734121561050415,-0.9085440635681152,0.11853312700986862,-0.4757572412490845,-0.7856147885322571
YPL178W,True,True,0.49650946259498596,0.3353481262922287,0.4912644028663635,0.1724695861339569,0.4465998113155365,0.5942872166633606,-0.027880385518074036
YPL179W,True,True,0.779563844203949,0.7371581315994262,0.6098312139511108,0.4138057827949524,0.8387102484703064,1.4594271183013916,0.3640162944793701
YPL180W,True,True,0.28163379430770874,0.5972212195396424,0.9083163738250732,0.19276228547096252,0.7080953121185303,0.9403531551361084,0.23657897114753723
YPL181W,True,True,0.8998109102249146,0.5567802667617798,0.6845927834510803,0.5225865244865417,0.6974102854728699,0.319491982460022,0.559819757938385
YPL182C,False,False,-1.896862506866455,-0.7033479779958725,-1.5200977325439453,-0.9543102383613586,-0.3871472477912903,-0.13457684218883514,-0.5206078290939331
YPL183C,True,True,-0.08066637068986893,0.026942986249923705,-0.23206883668899536,-0.17995215952396393,0.5949566960334778,-0.23965738713741302,0.19143661856651306
YPL183W-A,False,True,0.38444358110427856,0.34240192025899885,0.4142041802406311,-0.11021173000335693,0.7879241704940796,0.6873661279678345,-0.06727314740419388
YPL184C,True,True,0.1498776078224182,0.4823407128453255,0.9586355090141296,0.569381058216095,0.2500699460506439,0.6520817875862122,-0.01846473664045334
YPL185W,False,False,-1.3692067861557007,-1.3926936388015747,-1.1566805839538574,-1.6290597915649414,-1.6150468587875366,-0.9425106048583984,-1.6201703548431396
YPL186C,True,True,-0.3969648778438568,-0.9621038258075714,-1.1764540672302246,-0.6208162903785706,-0.43003877997398376,-1.1176269054412842,-1.465583086013794
YPL187W,True,True,2.948584794998169,0.6301274120807647,0.5937548279762268,0.4562453627586365,0.8955987691879272,0.8687527179718018,0.33628538250923157
YPL188W,True,True,0.13744904100894928,-0.8217763841152191,-0.6277931928634644,-0.5346384048461914,-0.4986605942249298,-1.4892027378082275,-0.9585869908332825
YPL189C-A,False,True,0.422242134809494,-0.12084526643157005,-0.458487331867218,-0.03849722817540169,-0.4485015571117401,-0.04959293454885483,0.3908527195453644
YPL189W,True,True,-1.3205832242965698,-0.32724600806832316,-0.46535253524780273,0.015153143554925919,-0.7366315722465515,-0.36680060625076294,-0.08259847015142441
YPL190C,True,True,1.4905145168304443,0.9003640651702881,1.0700230598449707,1.1239118576049805,0.7723770141601562,0.9010107517242432,0.6344976425170898
YPL191C,True,True,-0.3988450765609741,-0.4744252309203148,-0.5528470873832703,-0.5443882346153259,-0.20399630069732666,-0.10910104960203171,-0.9617934823036194
YPL192C,True,True,-1.140302062034607,-0.5504870653152466,-0.786451518535614,-0.49751362204551697,-0.9504018425941467,-0.1445358693599701,-0.3735324740409851
YPL193W,True,True,0.18291938304901123,0.21132118478417397,0.5024532675743103,0.01991282030940056,0.11421090364456177,0.29959550499916077,0.12043342739343643
YPL194W,False,True,0.2219839245080948,0.433838301897049,0.7906325459480286,0.45627695322036743,0.35748496651649475,0.776256799697876,-0.21145975589752197
YPL195W,False,True,0.3515267074108124,-0.021953099966049196,-0.019359763711690903,-0.4771993160247803,0.052537914365530014,0.5067880749702454,-0.17253240942955017
YPL196W,True,True,0.35518595576286316,0.30407036691904066,0.22923311591148376,0.44808852672576904,0.21242421865463257,0.6746971607208252,-0.04409118741750717
YPL197C,False,False,-1.788604736328125,-0.899968633055687,-1.5003364086151123,-0.9988632798194885,-0.8412620425224304,-0.17456232011318207,-0.9848191142082214
YPL198W,True,True,1.0061956644058228,0.7615711539983749,0.9994507431983948,0.7546154856681824,0.22907580435276031,1.5109273195266724,0.31378641724586487
YPL199C,True,True,0.41561201214790344,0.6564971774816513,1.0232179164886475,0.5052162408828735,0.5016068816184998,1.1339606046676636,0.1184842437505722
YPL200W,False,True,-2.0185658931732178,-0.6736161887645722,-1.0179603099822998,-1.2413939237594604,-0.4063253700733185,-0.547632098197937,-0.15476924180984497
YPL201C,True,True,-1.578262448310852,-0.8640975415706634,-0.9303416013717651,-1.4289737939834595,-0.5664246678352356,-1.091968059539795,-0.30277958512306213
YPL202C,True,True,0.6145318746566772,0.6484455525875091,0.6821684837341309,0.31478503346443176,1.0344364643096924,1.0808215141296387,0.1300162672996521
YPL203W,True,True,0.5678489208221436,0.7765153884887696,0.7456400990486145,0.8811793923377991,0.8306964039802551,1.0452380180358887,0.3798230290412903
YPL204W,False,True,1.440043568611145,1.0302080750465392,1.4018563032150269,0.780275821685791,0.9166761040687561,1.2880325317382812,0.7641996145248413
YPL205C,False,False,-1.6137820482254028,-0.21760873645544052,-0.3384518325328827,-0.4739721119403839,-0.0983634889125824,-0.04721897095441818,-0.13003727793693542
YPL206C,True,True,0.43425077199935913,0.9692768335342408,1.3257808685302734,0.5000758767127991,1.317536473274231,1.2389631271362305,0.4640278220176697
YPL207W,True,True,0.43054577708244324,-0.29633437991142275,0.9739323854446411,-0.9716692566871643,-0.522354781627655,-0.3589434325695038,-0.6026368141174316
YPL208W,True,True,-0.43141525983810425,-0.4464261710643768,-0.30324694514274597,-0.31495532393455505,-0.4501796066761017,-0.5385740399360657,-0.6251749396324158
YPL209C,True,True,-0.09920338541269302,-0.13738205879926682,0.2891131043434143,-0.18817253410816193,-0.06360501050949097,-0.059942491352558136,-0.6643033623695374
YPL210C,True,True,0.8103070855140686,0.5619576632976532,0.5113240480422974,0.5952799320220947,0.8159170746803284,0.6654918789863586,0.2217753827571869
YPL211W,True,True,0.11574989557266235,0.7563498616218567,0.8956976532936096,0.8835844993591309,0.5492112040519714,0.8792811632156372,0.5739747881889343
YPL212C,True,True,0.7280673384666443,0.9999301671981812,1.1223769187927246,1.1425193548202515,0.8337140679359436,1.2306582927703857,0.6703822016716003
YPL213W,True,True,0.4089026153087616,0.32522845044732096,0.14190086722373962,0.0473986379802227,0.4404450058937073,1.0189489126205444,-0.022551171481609344
YPL214C,True,True,-0.06525417417287827,0.17165025211870671,0.028949694707989693,-0.1720992922782898,0.6946585774421692,0.6721010208129883,-0.36535874009132385
YPL215W,True,True,0.2970135509967804,0.36551726907491683,0.3720257580280304,0.5228502154350281,0.20041987299919128,0.763619601726532,-0.03132910281419754
YPL216W,True,True,-0.8572720289230347,-0.36544664651155473,-0.5591015815734863,-0.39025041460990906,-0.07503297179937363,-0.16656170785427094,-0.6362865567207336
YPL217C,True,True,0.6477749943733215,-0.11443747580051422,-0.27501168847084045,-0.36758461594581604,-0.13853438198566437,0.3503584861755371,-0.14141517877578735
YPL218W,True,True,0.49565550684928894,0.605467414855957,0.4872588515281677,0.8921938538551331,0.7076306939125061,0.7436571717262268,0.19659650325775146
YPL219W,True,True,-0.05709388852119446,0.5513079404830933,0.49129611253738403,0.5919809341430664,0.7308107614517212,0.7379176616668701,0.20453423261642456
YPL220W,True,True,0.5925036072731018,1.4559224247932434,1.5356941223144531,1.6567623615264893,1.7412779331207275,1.4779070615768433,0.8679706454277039
YPL221W,True,True,0.18514205515384674,1.0771369338035583,0.9789796471595764,0.857403576374054,1.1374268531799316,1.477424144744873,0.9344504475593567
YPL222C-A,False,False,-0.7965346574783325,-0.47823610007762907,-0.7019748091697693,-0.6302247047424316,-0.13374082744121552,-0.3794636130332947,-0.5457765460014343
YPL222W,True,True,-0.32247939705848694,0.17108411192893982,0.2803522050380707,0.44931602478027344,-0.20478378236293793,0.2602088451385498,0.0703272670507431
YPL223C,True,False,-1.1769171953201294,0.2734906733036041,0.4993998408317566,0.24277621507644653,0.5275183320045471,0.4027811288833618,-0.30502215027809143
YPL224C,True,True,0.07973235100507736,0.5727663457393646,0.588019073009491,0.7365134358406067,0.5723530650138855,0.6652966737747192,0.3016494810581207
YPL225W,False,True,1.3308571577072144,0.6633207261562347,0.9568371176719666,0.39960622787475586,0.7111242413520813,0.9828996062278748,0.26613643765449524
YPL226W,True,True,0.679179310798645,0.9213867783546448,1.378169059753418,0.7709011435508728,0.7514543533325195,0.9741955995559692,0.7322137355804443
YPL227C,True,True,0.3174305260181427,0.6873494207859039,0.8150447607040405,0.18170538544654846,0.9579153656959534,0.8207697868347168,0.6613118052482605
YPL228W,True,True,0.29224875569343567,0.3796871840953827,0.6990445256233215,-0.18882152438163757,0.5289638638496399,0.7508978843688965,0.10835117101669312
YPL229W,True,True,0.7420817017555237,0.21149467676877975,0.06747971475124359,0.10262110829353333,0.51042240858078,0.25354668498039246,0.12340346723794937
YPL230W,False,False,0.06698163598775864,-0.9477319359779358,-0.6435700058937073,-1.0548288822174072,-1.4782298803329468,-0.5787915587425232,-0.9832393527030945
YPL231W,True,True,0.9197240471839905,1.4518769264221192,1.7735683917999268,1.1664643287658691,1.5561481714248657,1.705497145652771,1.057706594467163
YPL232W,True,True,1.1224485635757446,1.180260467529297,0.8082165122032166,1.3176813125610352,1.249488115310669,1.6399420499801636,0.8859743475914001
YPL233W,True,True,0.42366835474967957,0.6544886022806168,0.8857045769691467,0.4206898808479309,0.7134202718734741,1.127425193786621,0.12520308792591095
YPL234C,True,True,0.7304906249046326,0.6924036681652069,0.7604746222496033,0.2740115821361542,0.8679611086845398,0.9878986477851868,0.5716723799705505
YPL235W,False,True,0.814925491809845,-0.011848922073841094,0.14693982899188995,-0.3271271884441376,0.10703473538160324,0.23845113813877106,-0.22454312443733215
YPL236C,True,True,-0.13116224110126495,-0.20682055354118348,0.12146204710006714,-0.806151807308197,-0.21541590988636017,0.20855887234210968,-0.342555969953537
YPL237W,True,True,1.2601523399353027,0.6636997997760773,0.9711708426475525,0.8711003661155701,0.3800387680530548,0.766258716583252,0.32993030548095703
YPL238C,False,False,-1.4261696338653564,-0.852320271730423,-0.5127959251403809,-1.1557040214538574,-1.2418863773345947,-0.38584765791893005,-0.9653673768043518
YPL239W,True,True,1.3528413772583008,0.3298246741294861,0.35197094082832336,0.3031761646270752,0.3330162763595581,0.5137921571731567,0.14716783165931702
YPL240C,False,True,1.137776255607605,1.4926894426345825,1.477555513381958,1.4913091659545898,1.977055311203003,1.6672565937042236,0.8502706289291382
YPL241C,True,True,-0.16707946360111237,0.31975803822278975,0.31884583830833435,0.18183836340904236,0.507916271686554,0.5172918438911438,0.07289787381887436
YPL242C,True,True,0.031238026916980743,0.34469330310821533,0.6816253662109375,0.2608053684234619,0.1736988127231598,0.41819846630096436,0.1891385018825531
YPL243W,True,True,0.5204063653945923,0.4009371936321259,0.7571033835411072,0.3955564796924591,0.4134180247783661,0.7407668828964233,-0.30215880274772644
YPL244C,True,True,0.727348268032074,0.8022415101528168,0.9268041253089905,0.2957403361797333,1.268186330795288,1.0862483978271484,0.4342283606529236
YPL245W,True,True,-0.48521119356155396,0.6667796432971954,0.9718337059020996,0.5694060921669006,1.1462111473083496,0.39139991998672485,0.25504735112190247
YPL246C,True,True,0.48030567169189453,0.29114950746297835,0.25624901056289673,0.5824277400970459,0.44142410159111023,-0.037103183567523956,0.21274986863136292
YPL247C,True,True,0.40778717398643494,0.43234471827745435,0.3951593339443207,0.46649670600891113,0.6680983901023865,0.7117854356765747,-0.07981627434492111
YPL248C,True,True,-0.8946097493171692,-0.47934155762195585,-0.510466992855072,-0.2147740125656128,-0.47524771094322205,0.14562584459781647,-1.341844916343689
YPL249C,True,True,0.41705089807510376,-0.06534187644720077,-0.35590898990631104,-0.3488451838493347,-0.17070794105529785,0.4967385530471802,0.05201417952775955
YPL249C-A,True,True,2.150327444076538,1.8684244871139526,2.145845651626587,2.2786216735839844,1.8768399953842163,1.8694143295288086,1.171400785446167
YPL250C,False,True,1.7241530418395996,1.5450430274009705,1.7569917440414429,1.8193862438201904,2.011141300201416,1.5863733291625977,0.5513225197792053
YPL250W-A,False,False,-1.1846727132797241,-0.7512943625450135,-0.5120187401771545,-0.9414534568786621,-0.47799253463745117,-0.7854537963867188,-1.0395532846450806
YPL251W,False,False,-1.7361557483673096,-0.2431416019797325,-0.15243685245513916,-0.40232473611831665,-0.2062748223543167,0.03823678940534592,-0.49290838837623596
YPL252C,True,True,1.3915698528289795,0.6252574324607849,1.2182143926620483,0.6322759985923767,0.740068793296814,0.3434401750564575,0.19228780269622803
YPL253C,True,True,0.21562716364860535,0.28908523470163344,-0.06316853314638138,0.189018115401268,0.5816341042518616,0.18010547757148743,0.5578370094299316
YPL254W,True,True,0.13014626502990723,0.24420603327453136,-0.027686962857842445,0.28056496381759644,0.6417859792709351,0.49340033531188965,-0.16703414916992188
YPL255W,True,True,0.5363367199897766,-0.04694618433713913,0.45000553131103516,-1.0557761192321777,-0.22756581008434296,0.48607137799263,0.11253409832715988
YPL256C,True,True,0.8691089153289795,0.8690366148948669,1.443345069885254,0.5714487433433533,0.8293284177780151,1.0415796041488647,0.45948123931884766
YPL257W,True,False,-0.3621915280818939,-1.7356327295303344,-1.9820020198822021,-2.251286029815674,-1.3663572072982788,-1.0816431045532227,-1.996875286102295
YPL258C,True,True,-0.8698922991752625,0.010916446149349213,-0.1564757227897644,-0.24124455451965332,0.25396808981895447,0.30701273679733276,-0.10867831856012344
YPL259C,True,True,0.3994005620479584,1.0214918732643128,1.1508350372314453,1.125037431716919,0.941135823726654,1.1425496339797974,0.747901439666748
YPL260W,True,True,0.5996388792991638,0.9582267642021179,0.8074091672897339,1.1144113540649414,1.003272533416748,1.2339720726013184,0.6320686936378479
YPL261C,False,False,-1.8784334659576416,-0.9966483980417251,-0.9603986144065857,-1.724949598312378,-0.8831149935722351,-0.20474226772785187,-1.2100365161895752
YPL262W,True,True,0.3679211139678955,0.2222748428583145,0.4344273805618286,-0.12270839512348175,0.3086458146572113,0.2661828100681305,0.2248266041278839
YPL263C,True,True,0.4668125808238983,0.17623523473739625,0.45703125,-0.1168663501739502,0.6930161118507385,0.35180026292800903,-0.5038051009178162
YPL264C,True,True,-0.9006322622299194,0.13779157102108003,0.3294893503189087,-0.11426131427288055,0.25601926445961,0.48953285813331604,-0.2718223035335541
YPL265W,True,True,0.7865760922431946,0.19435298144817353,0.12982968986034393,0.525372326374054,0.2555003762245178,0.4626459777355194,-0.4015834629535675
YPL266W,True,True,0.44287732243537903,0.7302820146083832,1.4074361324310303,0.48291605710983276,0.7510355114936829,0.5561758279800415,0.4538465440273285
YPL267W,True,True,0.6262861490249634,0.40838427618145945,0.49452120065689087,0.056447628885507584,0.7914348244667053,0.47122472524642944,0.22829300165176392
YPL268W,True,True,0.4118833541870117,0.6546264797449112,0.5321416854858398,0.9418410062789917,0.7368283867835999,0.928733766078949,0.1335875540971756
YPL269W,True,True,-0.1646440029144287,0.49733556658029554,0.5406011939048767,0.5114513039588928,0.41580554842948914,0.9134237766265869,0.10539600998163223
YPL270W,True,True,0.09722764045000076,-0.1186627984046936,0.287661612033844,0.45178961753845215,0.03308844566345215,-0.5766086578369141,-0.7892450094223022
YPL271W,True,True,1.769567847251892,0.5680646598339081,0.732825756072998,0.5477787852287292,0.47122928500175476,0.5845227241516113,0.503966748714447
YPL272C,True,True,-1.0433708429336548,-1.5406185626983642,-2.119185447692871,-1.395887017250061,-1.5100589990615845,-1.4409942626953125,-1.2369670867919922
YPL273W,True,True,0.865605890750885,-0.3963191002607346,-0.32822710275650024,-0.5402254462242126,-0.16196708381175995,-0.6032365560531616,-0.34793931245803833
YPL274W,True,True,0.3455279767513275,0.09586937427520752,0.10389497876167297,0.0009639374911785126,0.04732905700802803,0.8189147710800171,-0.491755872964859
YPL277C,True,True,-0.5346659421920776,0.1351984053850174,0.33691489696502686,0.4314223527908325,0.3322566747665405,-0.4325627386569977,0.007960841059684753
YPL278C,True,False,-0.6563782095909119,-0.09355592243373394,-0.02194940857589245,-0.7202187180519104,-0.09439916908740997,0.46613484621047974,-0.09734716266393661
YPL279C,True,True,-0.8027669787406921,0.4348500773310661,0.3031403422355652,0.7081214189529419,0.5144205689430237,0.712489902973175,-0.06392184644937515
YPL280W,True,True,-2.0038468837738037,-0.6605317663401366,0.019827449694275856,-0.6151880621910095,-1.1426640748977661,-0.28417402505874634,-1.2804601192474365
YPL281C,False,False,-2.088510751724243,-0.3428805582225323,-0.5322650671005249,-0.7124168276786804,-0.016287285834550858,-0.05607501417398453,-0.39735859632492065
YPL282C,False,True,-2.088510751724243,-1.6721976041793822,-1.6276429891586304,-1.605327844619751,-1.1758694648742676,-1.9945127964019775,-1.9576349258422852
YPL283C,False,True,-2.088510751724243,-0.043114523589611056,0.2825721800327301,-0.3945547938346863,-1.0232493877410889,0.9621559381484985,-0.04249655455350876
YPL283W-A,False,False,-2.088510751724243,-0.48192642256617546,-1.086153268814087,-0.8952317833900452,0.047723542898893356,0.1114928349852562,-0.5874634385108948
YPL283W-B,False,False,-2.088510751724243,-0.5777612805366517,-0.755517303943634,-1.2709476947784424,-0.849679708480835,0.5022076368331909,-0.5148693323135376
YPR001W,True,True,-0.9524242281913757,-0.7220819532871247,-0.4721217751502991,-1.0489848852157593,-0.6712300181388855,-0.9316973686218262,-0.48637571930885315
YPR002C-A,False,False,-1.7026679515838623,-0.33550493568181994,-0.3319229781627655,-1.0176275968551636,0.13688544929027557,0.06615101546049118,-0.5310105681419373
YPR002W,False,True,-0.31523600220680237,-0.5467315316200256,-0.44852542877197266,-0.792466938495636,-0.47992831468582153,0.2918911576271057,-1.3046281337738037
YPR003C,True,True,-0.04051680862903595,0.7019633531570435,0.5912255644798279,0.8925222754478455,0.40844181180000305,1.252720594406128,0.36490651965141296
YPR004C,True,True,0.5967663526535034,0.7326013147830963,0.7859073281288147,0.834832489490509,0.5721656084060669,1.0270471572875977,0.4430539906024933
YPR005C,True,True,-0.2201756089925766,-0.4215060994029045,0.3843033015727997,-0.7630952000617981,-1.4152973890304565,-0.25737959146499634,-0.05606161803007126
YPR006C,True,True,-0.891672670841217,-0.6007925912737846,-0.80046147108078,-1.197998046875,-0.0936228558421135,-0.5092843770980835,-0.40259620547294617
YPR007C,True,True,-1.5663862228393555,-1.7823630571365356,-2.1330745220184326,-2.2085838317871094,-1.2837083339691162,-1.7021411657333374,-1.5843074321746826
YPR008W,True,True,0.5415257811546326,0.04950914680957794,-0.39724001288414,0.4403662085533142,0.2357264757156372,-0.19076694548130035,0.15946000814437866
YPR009W,True,True,0.2743692994117737,0.35809299647808074,0.5169739127159119,0.34672001004219055,0.005984380841255188,1.0581203699111938,-0.1373336911201477
YPR010C,True,True,0.5656815767288208,0.7896363496780395,0.7476504445075989,0.9232068657875061,0.7435725331306458,1.02662193775177,0.507129967212677
YPR010C-A,True,True,0.5609288811683655,0.18392442986369134,-0.1498333364725113,0.2665858268737793,-0.031215857714414597,0.116290383040905,0.7177951335906982
YPR011C,True,False,-0.16557951271533966,-0.5481168687343597,-0.5601250529289246,-0.48941147327423096,-0.6901242136955261,-0.610997200012207,-0.38992640376091003
YPR012W,False,False,-1.4246201515197754,-0.11780689936131239,-0.0475296713411808,-0.5102681517601013,-0.009123708121478558,0.14623957872390747,-0.16835254430770874
YPR013C,True,True,0.32971319556236267,-0.6469047248363495,-0.0989450216293335,-1.3367825746536255,-1.0169413089752197,-0.5772579908370972,-0.20459672808647156
YPR014C,False,False,-2.088510751724243,-0.26654759645462034,-0.7613996267318726,-0.85541170835495,-0.064594566822052,0.5593156814575195,-0.21064776182174683
YPR015C,True,True,-0.48620036244392395,0.461236784607172,0.0360838919878006,0.5949943661689758,0.382610023021698,1.275029182434082,0.017466459423303604
YPR016C,True,True,0.34613722562789917,1.0673040211200715,1.1856768131256104,1.0897061824798584,1.2739094495773315,1.2901309728622437,0.4970966875553131
YPR016W-A,False,False,-1.9736788272857666,-0.9058295488357544,-0.560005247592926,-1.3462190628051758,-0.7454496026039124,-0.38634753227233887,-1.491126298904419
YPR017C,True,True,0.7695294618606567,0.36072379127144816,0.4066770076751709,-0.03557726368308067,0.49336740374565125,0.9334853291511536,0.005666479468345642
YPR018W,True,True,0.6501332521438599,0.44771775379776957,0.5717464089393616,-0.02603582665324211,0.7402375340461731,0.8147788047790527,0.13786184787750244
YPR019W,False,True,0.3084491193294525,-0.1651505518704653,0.023612258955836296,-0.46872758865356445,0.46357741951942444,-0.11308895796537399,-0.7311258912086487
YPR020W,True,True,0.16888144612312317,0.13477170430123805,0.04582826793193817,0.016946319490671158,0.7939438223838806,-0.022368034347891808,-0.16049185395240784
YPR021C,True,True,-0.330348938703537,-0.13726844042539596,-0.07017302513122559,-0.14945828914642334,-0.09077581763267517,0.07669840008020401,-0.45263347029685974
YPR022C,True,True,0.45360851287841797,0.2216254949569702,0.4328085780143738,0.18080216646194458,0.25459834933280945,0.6752666234970093,-0.435348242521286
YPR023C,True,True,0.5851549506187439,0.07637186050415039,-0.4709388017654419,0.24933871626853943,0.24404504895210266,0.5657312870025635,-0.20631694793701172
YPR024W,True,True,0.6099821925163269,0.3342759184539318,-0.2725585699081421,0.059201475232839584,0.6983374953269958,0.8499771356582642,0.33642205595970154
YPR025C,True,True,0.5910552144050598,0.5044259324669838,0.48261624574661255,0.5716078877449036,0.4908907115459442,1.0231223106384277,-0.046107493340969086
YPR026W,False,False,-0.38801541924476624,-0.3030464604496956,-0.059059061110019684,-0.6190966963768005,-0.34707996249198914,0.19759514927864075,-0.6875917315483093
YPR027C,True,True,-1.7935770750045776,-0.8289743006229401,-0.9483391642570496,-0.7984281182289124,-0.6978127360343933,-1.2781704664230347,-0.4221210181713104
YPR028W,True,True,0.727773904800415,0.9580896914005279,1.0405235290527344,0.8545032143592834,0.983749270439148,1.4295985698699951,0.4820738732814789
YPR029C,True,True,0.4323946535587311,0.7515247166156769,0.9949899315834045,0.703792929649353,0.8928409814834595,0.7565087080001831,0.40949103236198425
YPR030W,True,True,-0.9190059304237366,-1.096452498435974,-0.5316155552864075,-1.3202431201934814,-1.2208689451217651,-0.8996371626853943,-1.5098977088928223
YPR031W,True,True,-0.18508248031139374,-0.11759898662567139,-0.22393837571144104,0.4066270589828491,-0.07279437780380249,-0.2020941972732544,-0.49579504132270813
YPR032W,True,True,0.296891987323761,-0.37393057644367217,-0.304569810628891,-0.3013266921043396,-0.4263997972011566,-0.16511721909046173,-0.672239363193512
YPR033C,True,True,0.4104873538017273,0.6953205049037934,0.9265400767326355,0.645751416683197,0.8305419683456421,0.6821377873420715,0.39163127541542053
YPR034W,True,True,0.7020313143730164,0.7764499843120575,0.9339609742164612,0.41665488481521606,1.0690910816192627,1.0720418691635132,0.39050111174583435
YPR035W,True,True,1.4824684858322144,0.8194183349609375,0.8826228976249695,0.831540048122406,1.2308945655822754,0.5946971774101257,0.5573369860649109
YPR036W,True,True,0.8744816780090332,0.5078660488128662,0.7453896999359131,0.5219239592552185,0.7613071203231812,0.35034286975860596,0.16036659479141235
YPR036W-A,True,True,3.1081831455230713,1.0192063271999359,2.3454487323760986,0.1675560176372528,0.8637145161628723,0.8623853325843811,0.8569270372390747
YPR037C,True,True,0.7396559119224548,0.3053006812930107,0.5210289359092712,-0.06778512895107269,0.5511885285377502,0.4988064169883728,0.023264653980731964
YPR038W,False,False,-1.7893805503845215,-0.2742286719381809,-0.4280206561088562,-0.3479672968387604,-0.05700929835438728,0.20120999217033386,-0.7393561005592346
YPR039W,False,False,-2.088510751724243,-0.2940578103065491,-0.3076263666152954,-0.34330207109451294,-0.272504985332489,0.27268409729003906,-0.8195397257804871
YPR040W,True,True,0.4803764522075653,0.5525110065937042,0.48162466287612915,0.6125859618186951,0.49130651354789734,0.9789910316467285,0.19804686307907104
YPR041W,True,True,1.2526652812957764,0.4787871778011322,0.2793966829776764,0.5633001923561096,0.6525717377662659,0.5831847786903381,0.315482497215271
YPR042C,True,True,0.17029283940792084,0.6077439397573471,0.9925411343574524,0.44512608647346497,0.5760995149612427,0.8754608631134033,0.14949209988117218
YPR043W,True,True,1.9856042861938477,1.3642545342445374,1.9381426572799683,0.9788238406181335,1.5675842761993408,1.2803778648376465,1.0563440322875977
YPR044C,False,False,-1.6829833984375,-0.637460806965828,-0.9372751116752625,-0.9180118441581726,-0.8480938673019409,0.17042557895183563,-0.6543487906455994
YPR045C,True,True,0.7805144190788269,0.5288139283657074,0.5422943234443665,0.6885971426963806,0.5095835328102112,0.6964434385299683,0.20715120434761047
YPR046W,True,True,0.49749132990837097,0.45182838588953017,0.38615381717681885,0.4184056520462036,0.8861924409866333,0.530001163482666,0.03838885575532913
YPR047W,True,True,0.12557938694953918,-0.06713638007640839,-0.1169591099023819,-0.3272419273853302,0.18715690076351166,0.18123842775821686,-0.25987619161605835
YPR048W,True,True,0.38500770926475525,-0.07240425311028957,0.01892530359327793,-0.37696611881256104,0.05915852636098862,-0.0490327849984169,-0.01410619169473648
YPR049C,True,True,-0.3040373623371124,0.5280740439891816,0.2778075337409973,0.7372878789901733,0.46484073996543884,0.936597466468811,0.22383660078048706
YPR050C,False,False,-1.5189731121063232,-0.33809635043144226,-0.5066965222358704,-0.8501558899879456,-0.033872395753860474,0.318939745426178,-0.6186966896057129
YPR051W,True,True,1.0074734687805176,0.33341497778892515,0.8768278360366821,0.36652207374572754,0.2766895890235901,0.41398224234580994,-0.26694685220718384
YPR052C,True,True,-0.19396597146987915,-0.020586748048663138,0.49256324768066406,0.06973622739315033,0.1787613481283188,0.017449134960770607,-0.8614436984062195
YPR053C,False,False,0.2122475504875183,-0.4703404873609543,-0.2395886927843094,-1.0115644931793213,-0.1489688605070114,0.21011067926883698,-1.1616910696029663
YPR054W,True,True,-1.800399899482727,0.0022368580102920532,-0.21934163570404053,1.064915418624878,-0.15092243254184723,-0.3013414144515991,-0.3821256458759308
YPR055W,True,True,0.006045721936970949,0.642151290178299,1.0640404224395752,0.4546389579772949,0.5324646830558777,0.9243050813674927,0.23530730605125427
YPR056W,False,True,0.3363363742828369,0.4148717701435089,0.18901020288467407,0.2816201448440552,0.5417395234107971,0.7917498350143433,0.2702391445636749
YPR057W,True,True,0.20946061611175537,0.8316955983638763,1.1506940126419067,1.1017789840698242,0.79808109998703,0.9529529809951782,0.1549709141254425
YPR058W,True,True,-0.19542531669139862,-0.2787453606724739,0.18047019839286804,-0.14936614036560059,0.027496151626110077,-0.8964250683784485,-0.5559019446372986
YPR059C,False,False,-1.667330265045166,-0.2935927823185921,-0.34071481227874756,-0.8707795143127441,-0.14628489315509796,-0.10325079411268234,-0.0069338977336883545
YPR060C,True,True,0.5555434823036194,0.42811626344919207,0.4856288433074951,0.5561928749084473,0.639106035232544,0.5359235405921936,-0.0762699767947197
YPR061C,True,True,-0.4234486520290375,0.940245407819748,1.5912723541259766,0.7273009419441223,0.948548436164856,1.0305497646331787,0.4035555422306061
YPR062W,True,True,1.5032622814178467,0.6074996158480644,0.5013737082481384,0.9602026343345642,0.6852739453315735,0.7701525688171387,0.12049522250890732
YPR063C,True,True,1.0710760354995728,-0.48253958821296694,-0.7638413310050964,-0.16387367248535156,-0.19265930354595184,-0.1799207180738449,-1.1124029159545898
YPR064W,False,False,-1.8751901388168335,-0.1406352698802948,0.1106121838092804,-0.236398845911026,0.17138983309268951,-0.12722603976726532,-0.6215534806251526
YPR065W,True,True,1.872467279434204,1.3784556627273559,1.3739742040634155,1.4773170948028564,1.3183599710464478,1.6866083145141602,1.0360187292099
YPR066W,False,True,-0.39606431126594543,-0.06706093177199364,-0.22100955247879028,-0.03592107817530632,-0.15836772322654724,0.384873628616333,-0.30487993359565735
YPR067W,True,True,0.8205110430717468,0.6464534819126129,1.0556128025054932,0.6033806800842285,0.49423646926879883,0.7729398012161255,0.3060976564884186
YPR068C,True,True,-0.2711314558982849,0.060045211017131804,0.2062220722436905,-0.7721640467643738,0.7531287670135498,0.20561473071575165,-0.09257546812295914
YPR069C,True,True,0.21001195907592773,-0.16368208304047585,0.4149320721626282,-0.6711170077323914,-0.053779978305101395,-0.28175830841064453,-0.22668719291687012
YPR070W,True,True,0.2929215729236603,-0.07051201835274697,0.2097119688987732,-0.41264793276786804,0.041249606758356094,0.10790923982858658,-0.29878297448158264
YPR071W,True,True,0.15582045912742615,0.14892682135105134,0.3855072259902954,0.17083872854709625,0.19010251760482788,0.19981256127357483,-0.20162692666053772
YPR072W,True,True,0.682544469833374,0.2051697077229619,0.42944374680519104,0.7004724144935608,0.009890378452837467,0.4384227395057678,-0.5523807406425476
YPR073C,True,True,0.6062354445457458,0.4562781721353531,0.5069542527198792,-0.0662255734205246,0.722118079662323,0.6920751333236694,0.42646896839141846
YPR074C,True,True,1.013850212097168,1.4440896272659303,1.5259259939193726,1.5825614929199219,1.1943604946136475,1.6881126165390015,1.2294875383377075
YPR074W-A,False,False,-1.8977502584457397,-1.1011137962341309,-0.8410490155220032,-0.6519233584403992,-1.9139565229415894,-0.8741295337677002,-1.2245105504989624
YPR075C,True,True,0.8531057834625244,0.8565178751945496,0.7261548638343811,1.362647294998169,0.8356315493583679,0.91252601146698,0.44562965631484985
YPR076W,False,False,-1.617417812347412,-0.003891134262084961,0.04748767614364624,-0.5153716206550598,0.36889520287513733,0.30428546667099,-0.22475239634513855
YPR077C,False,False,-2.088510751724243,0.21619563549757004,0.3375404179096222,-0.10138767957687378,0.346070796251297,0.5042011141777039,-0.005446471273899078
YPR078C,True,True,-1.940317153930664,-1.1326393365859986,-1.4048771858215332,-1.5208923816680908,-0.8264339566230774,-0.2668007016181946,-1.6441924571990967
YPR079W,True,True,0.4310239851474762,-0.5823821824043989,-0.9143890738487244,-0.7461212277412415,-0.0755770280957222,-0.027766598388552666,-1.148056983947754
YPR080W,True,True,0.9588358402252197,1.5212611436843873,1.1172629594802856,1.4316790103912354,1.6350152492523193,1.8378257751464844,1.5845227241516113
YPR081C,True,True,-0.030704617500305176,-1.5346709966659546,-1.1094766855239868,-1.5966699123382568,-1.6788034439086914,-1.3751881122589111,-1.9132168292999268
YPR082C,True,True,0.4077508747577667,-0.7653255373239517,-0.8682276606559753,-0.7659081816673279,-0.7619479894638062,0.1836402863264084,-1.6141841411590576
YPR083W,False,True,-0.14244955778121948,0.26481200456619264,0.4292055070400238,0.3128470778465271,-0.15791946649551392,1.1327108144760132,-0.39278391003608704
YPR084W,False,True,0.31660687923431396,-0.013042455911636353,0.45068246126174927,-0.1929122358560562,-0.3205864131450653,0.21788649260997772,-0.22028258442878723
YPR085C,False,True,-0.22848032414913177,0.12518280297517775,0.2697438597679138,-0.21964186429977417,0.14745737612247467,0.42639777064323425,0.0019568726420402527
YPR086W,False,True,0.870729923248291,-0.45741075128316877,-0.29960504174232483,-0.7526935935020447,-0.9125457406044006,0.07850009948015213,-0.40070948004722595
YPR087W,False,False,-1.6625139713287354,-0.3755674883723259,-0.07693424820899963,-0.5509592890739441,-0.4596998393535614,-0.07578655332326889,-0.7144575119018555
YPR088C,True,True,0.5347812175750732,0.05146464407444,-0.20355679094791412,-0.06666164845228195,-0.1850297898054123,0.5913980603218079,0.12117338925600052
YPR089W,False,True,0.41571345925331116,0.3842037722468376,0.4981326460838318,0.39541807770729065,0.36618396639823914,0.592787504196167,0.06849666684865952
YPR091C,True,True,0.17341940104961395,0.060202063620090486,-0.15178386867046356,-0.17830675840377808,0.48049670457839966,0.09381156414747238,0.05679267644882202
YPR092W,False,False,-1.8215807676315308,-0.6723399996757508,-0.48267805576324463,-0.9907516837120056,-0.6579211950302124,-0.3578140139579773,-0.8725350499153137
YPR093C,True,True,0.511422336101532,0.4148609861731529,0.9185419082641602,0.1885809600353241,0.7573280930519104,0.30026620626449585,-0.09041223675012589
YPR094W,True,True,0.48936015367507935,0.36134272664785383,0.17158786952495575,0.10512909293174744,1.0267800092697144,0.5348072648048401,-0.03159060329198837
YPR095C,True,True,0.1337207853794098,-0.0268964521586895,-0.2962116003036499,0.011892903596162796,0.22617323696613312,0.4245261549949646,-0.5008629560470581
YPR096C,True,True,0.4936728775501251,-0.023193103075027467,-0.0973808765411377,-0.2286684215068817,0.1930052936077118,0.3904881477355957,-0.3734096586704254
YPR097W,False,True,0.11031106114387512,-0.3334489267319441,-0.6606727242469788,-0.43775951862335205,0.21632890403270721,-0.016194945201277733,-0.7689463496208191
YPR098C,True,True,0.0434931144118309,0.5241306722164154,0.6475047469139099,0.4689784646034241,0.8037735223770142,1.1898261308670044,-0.4894295036792755
YPR099C,False,False,-0.6626415252685547,-0.8052144423127174,-1.1922882795333862,-0.7597498893737793,-0.5789414048194885,-0.045025356113910675,-1.4500672817230225
YPR100W,True,True,1.353677749633789,0.911611533164978,1.2427524328231812,1.2148773670196533,0.8264943361282349,0.8692419528961182,0.40469157695770264
YPR101W,True,True,1.155868411064148,0.889284759759903,1.2165727615356445,0.6754392981529236,1.0536352396011353,1.0382413864135742,0.4625351130962372
YPR102C,True,True,0.9722728729248047,1.4290268659591674,1.950036883354187,1.479179859161377,1.2421624660491943,1.4004085063934326,1.0733466148376465
YPR103W,True,True,1.0704882144927979,1.5170476675033568,1.7477452754974365,1.326831340789795,1.7340259552001953,1.7634278535842896,1.0132079124450684
YPR104C,True,True,0.4790937304496765,-0.4936012014746666,0.2272210419178009,-1.2021757364273071,-0.0400787815451622,-0.64687180519104,-0.8061007261276245
YPR105C,True,True,0.012957881204783916,0.34760007858276365,0.2062475085258484,0.26640585064888,0.10532909631729126,0.8181374073028564,0.34188053011894226
YPR106W,True,True,-0.05383434146642685,0.1766677524894476,0.5166081786155701,0.006895553320646286,0.5130169987678528,-0.02615138702094555,-0.12703058123588562
YPR107C,True,True,0.346192866563797,0.03316061869263649,0.40070727467536926,0.09853291511535645,-0.02547358348965645,0.11272332817316055,-0.42068684101104736
YPR108W,True,True,0.9620803594589233,0.35027841478586197,0.33431434631347656,0.25369131565093994,0.14774003624916077,0.9303168654441833,0.08532951027154922
YPR108W-A,False,True,-2.088510751724243,-0.009890381619334221,0.5454806089401245,0.14950384199619293,-0.19137661159038544,0.012632021680474281,-0.5656917691230774
YPR109W,True,True,0.016956975683569908,0.805910611152649,0.7258309125900269,0.9658457636833191,0.9421106576919556,0.8396230936050415,0.5561426281929016
YPR110C,True,True,0.6642172336578369,0.26925403252243996,0.24340492486953735,0.02385614439845085,0.34865567088127136,0.7347718477249146,-0.004418425261974335
YPR111W,True,True,0.24969817698001862,0.47756450772285464,0.6888039708137512,0.37311434745788574,0.4579029381275177,0.5559338331222534,0.312067449092865
YPR112C,True,True,0.6652969121932983,0.8575725555419922,1.0412750244140625,1.1234763860702515,0.6452556252479553,0.7485628128051758,0.7292929291725159
YPR113W,True,True,0.6050480604171753,-0.005103300511837006,0.058737240731716156,0.43874529004096985,-0.3540574014186859,-0.17639818787574768,0.007456555962562561
YPR114W,False,True,0.8805071115493774,0.5048926115036011,0.5723829865455627,0.6253980994224548,0.4113750755786896,0.5759367346763611,0.33937016129493713
YPR115W,True,True,0.4768902063369751,0.20527942776679992,0.18161621689796448,0.6100273728370667,0.1668074131011963,0.4590282738208771,-0.39108213782310486
YPR116W,True,True,-0.36647725105285645,0.07478362321853638,0.37831974029541016,-0.1063930094242096,0.17549943923950195,0.33609527349472046,-0.4096033275127411
YPR117W,True,True,-0.39701709151268005,-0.09216615557670593,-0.39734554290771484,0.5949312448501587,-0.4486091434955597,0.31295257806777954,-0.5227599143981934
YPR118W,True,True,0.11121770739555359,0.27988141775131226,0.32763853669166565,0.5891708731651306,0.09494318068027496,0.4072055220603943,-0.019551023840904236
YPR119W,True,True,0.7766158580780029,0.5810970723628998,0.631182849407196,0.6175408959388733,0.2957581579685211,1.2049386501312256,0.15606480836868286
YPR120C,True,True,0.1777881383895874,0.35814386904239653,0.40863534808158875,-0.038418687880039215,0.5751867890357971,0.9294015765190125,-0.08408568054437637
YPR121W,True,False,-0.6720236539840698,-0.916678537428379,-0.36989060044288635,-1.9589958190917969,-0.9280573129653931,-0.12320856004953384,-1.2032403945922852
YPR122W,True,True,0.11472439765930176,0.291260190308094,0.5680447816848755,0.1640036553144455,0.3331797420978546,0.49194636940956116,-0.10087359696626663
YPR123C,False,False,-1.4605296850204468,-0.2700349256396294,0.4421941041946411,-0.32243627309799194,-0.47886714339256287,0.09172064810991287,-1.082785964012146
YPR124W,True,True,-0.41800427436828613,-0.7953644961118698,0.11695368587970734,-1.668086051940918,-1.183948278427124,-0.6282798051834106,-0.6134620308876038
YPR125W,False,True,0.5841535329818726,0.32739990055561063,0.48694074153900146,0.3929864764213562,0.25765010714530945,0.14896701276302338,0.3504551649093628
YPR126C,False,False,-1.689320683479309,-0.5447776317596436,-0.7289924621582031,-0.9674562811851501,-0.8081129193305969,0.14463457465171814,-0.3639610707759857
YPR127W,True,True,-0.16888369619846344,0.8642880737781524,0.49710172414779663,1.0676822662353516,1.2415533065795898,1.0295770168304443,0.48552605509757996
YPR128C,True,True,-0.4116979241371155,0.007156988978385926,0.08794590830802917,-0.03141951560974121,-0.06752900779247284,0.4668203592300415,-0.420032799243927
YPR129W,True,True,1.2357637882232666,0.5560238897800446,0.5612651705741882,0.11331409215927124,0.6153921484947205,1.113006353378296,0.37714168429374695
YPR130C,False,False,-1.0726063251495361,-0.5643269419670105,-0.23272785544395447,-0.767744779586792,-0.29126235842704773,-0.3356090784072876,-1.1942906379699707
YPR131C,True,True,0.2802828550338745,1.1862363457679748,1.8976995944976807,1.3514988422393799,0.7482406497001648,1.293989658355713,0.639752984046936
YPR132W,True,True,1.0209909677505493,1.5561072826385498,1.8200167417526245,1.8216378688812256,1.3495351076126099,1.4558278322219849,1.3335188627243042
YPR133C,True,True,0.9142868518829346,0.4304542541503906,0.40401265025138855,0.6089162230491638,0.7504760026931763,0.7061152458190918,-0.3172488510608673
YPR133W-A,True,True,2.485689163208008,0.4213931694626808,0.5598426461219788,0.7583481669425964,0.42490193247795105,0.45931780338287354,-0.0954447016119957
YPR134W,True,False,0.06467356532812119,-0.6515824496746063,-1.2018132209777832,-0.3379650413990021,-0.42196395993232727,-0.33521291613578796,-0.9609571099281311
YPR135W,True,True,-0.0015004918677732348,0.3359603494405746,0.6566860675811768,0.2758554518222809,0.21902041137218475,0.7352208495140076,-0.20698103308677673
YPR136C,False,False,-1.8955533504486084,-0.9038369059562683,-0.5270786881446838,-1.3934413194656372,-0.6122872233390808,-0.5355444550514221,-1.4508328437805176
YPR137W,True,True,0.8700509071350098,0.6154878199100494,0.7136303782463074,0.6230176091194153,0.8358096480369568,1.2033593654632568,-0.2983779013156891
YPR138C,True,True,0.2411171942949295,-1.2068910598754883,-1.2361156940460205,-0.9778558015823364,-1.2589820623397827,-1.0399596691131592,-1.5215420722961426
YPR139C,True,True,0.6423280835151672,0.10836636051535606,0.2817681133747101,0.06580036878585815,-0.027948100119829178,0.3800981044769287,-0.15788668394088745
YPR140W,True,True,0.10246644169092178,0.33687790483236313,0.19555529952049255,0.7086063027381897,0.15025687217712402,0.7051818370819092,-0.07521078735589981
YPR141C,True,True,0.13992832601070404,0.498660059273243,0.6689367890357971,0.3288276195526123,0.5078086256980896,0.8673283457756042,0.12039891630411148
YPR142C,False,False,-1.8432248830795288,-0.3712454319000244,-0.3375595510005951,-0.8683903217315674,-0.16175222396850586,-0.2660840153694153,-0.22244104743003845
YPR143W,True,True,1.3073354959487915,0.9370339095592499,1.4203846454620361,0.8378158211708069,1.025160551071167,1.0193921327590942,0.38241639733314514
YPR144C,True,True,0.4604417681694031,0.9261962532997131,0.6122468113899231,1.00994074344635,1.1319023370742798,1.3374607563018799,0.5394306182861328
YPR145C-A,True,True,-0.18859218060970306,0.5295035064220428,0.30982086062431335,0.481875479221344,0.08862727880477905,1.0930302143096924,0.6741636991500854
YPR145W,True,True,1.4271697998046875,1.0811916708946228,0.6955117583274841,1.3579318523406982,0.9017806649208069,1.7216002941131592,0.7291337847709656
YPR146C,False,False,-0.365792840719223,-0.6227482840418815,-0.6336546540260315,-1.1332995891571045,-1.0713872909545898,-0.098622165620327,-0.17677772045135498
YPR147C,False,True,0.02802719920873642,0.34535229206085205,0.11555051803588867,0.24604389071464539,0.4899807870388031,0.7215062975883484,0.1536799669265747
YPR148C,True,True,0.661849856376648,1.4302964806556702,1.4720547199249268,1.6867326498031616,1.3727118968963623,1.6434895992279053,0.9764935374259949
YPR149W,True,True,1.1745121479034424,-0.15596851222217084,0.44131526350975037,-0.09220762550830841,-0.3330003619194031,0.01945064403116703,-0.8154004812240601
YPR150W,False,False,-0.9649407267570496,-0.9814322471618653,-1.5428647994995117,-1.5931487083435059,-0.4071085751056671,-0.2756560742855072,-1.0883830785751343
YPR151C,True,False,-0.6189508438110352,-0.09289877787232399,-0.19622313976287842,-0.002178039401769638,-0.5931036472320557,0.4047137498855591,-0.07770281285047531
YPR152C,True,False,0.28906092047691345,-0.3125381976366043,-0.5174782276153564,-0.8732088208198547,-0.1554936319589615,0.13886895775794983,-0.1553792655467987
YPR153W,False,False,-0.5025051236152649,0.014975067973136903,0.8684431314468384,-0.2583433985710144,-0.8092632293701172,0.30285584926605225,-0.028817012906074524
YPR154W,True,True,1.3382643461227417,0.9627020597457886,1.4208598136901855,0.9309918284416199,1.0093365907669067,0.9848512411117554,0.46747082471847534
YPR155C,True,True,-0.028160933405160904,0.14012608528137208,0.18255245685577393,-0.22491374611854553,0.29231342673301697,0.2723897099494934,0.17828857898712158
YPR156C,True,True,0.23947133123874664,0.37597544193267823,0.15704771876335144,0.3737053871154785,0.24170953035354614,0.8685343861579895,0.2388801872730255
YPR157W,True,True,-0.5788564682006836,-0.881919527053833,-1.1456892490386963,-0.4263507127761841,-0.7108271718025208,-1.2285573482513428,-0.8981731534004211
YPR158W,True,True,1.0065457820892334,0.43168395161628725,0.45898866653442383,-0.3467458188533783,0.5395408272743225,0.7272365093231201,0.779399573802948
YPR159C-A,True,True,-1.0829640626907349,-0.26219519674777986,-0.19170664250850677,-0.5414042472839355,-0.29491737484931946,0.6351988315582275,-0.918146550655365
YPR159W,True,True,0.7029479146003723,1.0440826892852784,1.0105867385864258,1.2499206066131592,0.9866233468055725,1.4319618940353394,0.5413208603858948
YPR160C-A,False,False,-1.3417809009552002,-0.6243290856480599,-0.827111542224884,-0.7620133757591248,-0.3436782658100128,-0.12249965220689774,-1.0663425922393799
YPR160W,False,True,-0.7287850975990295,0.10412331223487854,0.21904891729354858,-0.7332530617713928,0.16562868654727936,0.783750057220459,0.0854419618844986
YPR160W-A,False,False,-2.088510751724243,-0.08402901738882065,-0.6777471899986267,-0.3199782967567444,0.10156476497650146,0.4720095098018646,0.004006125032901764
YPR161C,True,True,0.5830186009407043,0.6565982818603515,0.6901043653488159,0.7612268328666687,0.811592698097229,0.7440527081489563,0.2760148048400879
YPR162C,False,False,0.1490389108657837,0.2504400297999382,0.9523395895957947,0.15037879347801208,0.4032954275608063,-0.15641631186008453,-0.0973973497748375
YPR163C,True,True,0.9227486252784729,0.23006125688552856,0.36601465940475464,0.1980254054069519,0.3613884747028351,0.35346561670303345,-0.12858787178993225
YPR164W,True,True,0.06585467606782913,-0.15866733193397523,-0.12903235852718353,-0.5120564699172974,-0.2244700938463211,0.33459925651550293,-0.262376993894577
YPR165W,True,True,0.9790582656860352,0.7254357099533081,0.7458967566490173,0.5614822506904602,0.6753771901130676,1.2710965871810913,0.37332576513290405
YPR166C,True,True,-0.013963745906949043,0.8257912755012512,1.3993898630142212,0.9311690926551819,0.6478732228279114,0.656380295753479,0.49414390325546265
YPR167C,True,True,0.040643516927957535,0.18374377191066743,0.25125136971473694,-0.04992515593767166,0.3209856450557709,0.48035550117492676,-0.08394850045442581
YPR168W,True,True,-0.11571411788463593,0.22566073387861252,0.4359552264213562,0.10796649754047394,0.24279095232486725,0.41231173276901245,-0.07072073966264725
YPR169W,True,True,0.66619873046875,-0.2334195762872696,0.08279906213283539,-0.4180799126625061,0.3319597840309143,-0.6337371468544006,-0.5300396680831909
YPR169W-A,False,False,-2.088510751724243,-0.04111758470535278,0.7754318714141846,-0.3949543535709381,0.23606377840042114,0.254412442445755,-1.0765416622161865
YPR170C,False,False,-1.228011131286621,0.058641400188207626,0.45583605766296387,-0.1150452196598053,0.02007560059428215,-0.1113349124789238,0.04367547482252121
YPR170W-A,False,False,-2.088510751724243,-0.17965121269226075,0.25235968828201294,-0.7050577998161316,0.22116249799728394,0.4013879895210266,-1.0681084394454956
YPR170W-B,False,True,-1.4901995658874512,0.9547398656606674,1.4720573425292969,0.9571108222007751,0.9577236771583557,1.2178963422775269,0.1689111441373825
YPR171W,True,True,0.46786919236183167,0.05890720374882221,-0.002940541133284569,-0.300850510597229,0.25366970896720886,0.6183346509933472,-0.2736772894859314
YPR172W,True,True,0.4075910151004791,0.3840086206793785,0.7785379886627197,0.1619543582201004,0.25267207622528076,0.6487096548080444,0.07816902548074722
YPR173C,False,True,1.0180516242980957,0.5753012955188751,0.6705581545829773,0.4618593454360962,0.5526369214057922,0.8815929293632507,0.30985912680625916
YPR174C,True,True,0.4943625032901764,0.5280842006206512,0.44130948185920715,1.1347651481628418,0.34816494584083557,0.8419613838195801,-0.12577995657920837
YPR175W,True,True,0.21858875453472137,-0.39001266062259676,-0.35849422216415405,-0.2472953349351883,-0.8018827438354492,0.3196594715118408,-0.862050473690033
YPR176C,True,True,0.028016716241836548,0.4762712508440018,0.04492945969104767,0.6857661604881287,0.43027105927467346,0.9627783298492432,0.2576112449169159
YPR177C,False,False,-2.0011391639709473,-0.15380577743053436,0.05973106622695923,-0.10494297742843628,-0.45746108889579773,-0.38153165578842163,0.1151757687330246
YPR178W,True,True,0.20991475880146027,0.2709937319159508,-0.24570828676223755,0.13989105820655823,0.5887120962142944,0.792702317237854,0.07937147468328476
YPR179C,True,True,0.3514207899570465,0.15781312063336372,0.31658560037612915,-0.01029866561293602,0.3127858638763428,0.21667054295539856,-0.046677738428115845
YPR180W,True,True,0.014030802994966507,-0.03447016030550003,0.15257035195827484,-0.20372655987739563,0.03433239459991455,0.11799318343400955,-0.27352017164230347
YPR181C,True,True,1.0113255977630615,0.4952982008457184,0.622752845287323,0.41394543647766113,0.9070636630058289,0.7243337035179138,-0.1916046440601349
YPR182W,True,True,1.5914597511291504,0.5135876536369324,0.22762608528137207,0.6914471983909607,0.5902313590049744,0.8818026185035706,0.17683100700378418
YPR183W,True,True,1.366305947303772,0.8927624940872192,1.0669528245925903,1.1565406322479248,0.8754154443740845,1.2151708602905273,0.14973270893096924
YPR184W,False,True,-0.2153036743402481,0.1962127260863781,0.8065553307533264,-0.01951916143298149,0.3821638524532318,0.0551321879029274,-0.24326857924461365
YPR185W,True,True,0.4848250448703766,0.07227790653705597,0.36328285932540894,-0.28934648633003235,-0.078484445810318,0.41647228598594666,-0.0505346804857254
YPR186C,True,True,0.30767524242401123,0.35137678533792494,0.36175763607025146,0.30428361892700195,0.34946537017822266,0.7089183330535889,0.032458968460559845
YPR187W,True,True,1.2839267253875732,0.30064080506563184,0.266246497631073,-0.0668327659368515,0.726884126663208,0.5168966054916382,0.060009561479091644
YPR188C,True,True,0.5870754718780518,0.022722044587135316,-0.12618939578533173,-0.24914877116680145,0.15674960613250732,0.39597293734550476,-0.06377415359020233
YPR189W,False,True,0.14325082302093506,-0.14508726000785827,0.11206836998462677,-0.137980654835701,-0.7488999962806702,0.3505937457084656,-0.3012177646160126
YPR190C,True,True,0.3087592124938965,1.3440832138061523,1.5080292224884033,1.4209506511688232,1.322890281677246,1.580822467803955,0.887723445892334
YPR191W,True,True,0.5455928444862366,0.8699782490730286,0.9633155465126038,0.7725175619125366,0.9780151844024658,1.2391588687896729,0.39688408374786377
YPR192W,True,True,-1.3104695081710815,-1.233604633808136,-1.2761033773422241,-1.3950142860412598,-0.8761914372444153,-1.121735692024231,-1.4989783763885498
YPR193C,True,True,-0.31695595383644104,-0.9526793956756592,-1.1197776794433594,-0.8544840812683105,-0.7226495146751404,-0.5573752522468567,-1.509110450744629
YPR194C,True,False,-1.6876615285873413,-0.1506176546216011,-0.19164453446865082,-0.013324566185474396,-0.5543140172958374,0.0960068479180336,-0.08981200307607651
YPR195C,False,False,-0.36696335673332214,-0.45891242325305937,-0.5012404918670654,-0.3786987066268921,-0.8699968457221985,-0.1258094161748886,-0.4188166558742523
YPR196W,True,True,-0.8148883581161499,-0.22963494770228862,0.04230852425098419,-0.5238972306251526,-0.026564044877886772,0.09547310322523117,-0.7354950904846191
YPR197C,False,False,-1.5266436338424683,-0.6314822092652321,-0.7852146625518799,-0.8434805274009705,-0.7862476706504822,0.08800219744443893,-0.8304703831672668
YPR198W,True,True,-0.08635298162698746,-1.38963702917099,-0.2886348366737366,-1.962134599685669,-1.0668537616729736,-1.73329758644104,-1.8972643613815308
YPR199C,True,True,0.30400922894477844,0.22600794360041618,0.49421578645706177,-0.034589264541864395,0.5461981296539307,0.26595765352249146,-0.14174258708953857
YPR200C,True,True,-0.34860339760780334,-0.3150380089879036,-0.6166648268699646,-0.11147183179855347,-0.24150489270687103,-0.7159119844436646,0.11036349087953568
YPR201W,True,True,-1.2380478382110596,-0.37425844818353654,-0.03898157924413681,-0.9722114205360413,-0.44674739241600037,-0.37543490529060364,-0.037916943430900574
YPR202W,True,True,-0.9642260074615479,-0.2937989205121994,0.11220741271972656,-0.1516207605600357,-0.7536594867706299,-0.3434826731681824,-0.3324390947818756
YPR203W,False,False,-2.088510751724243,-2.067581820487976,-2.202540874481201,-2.210991621017456,-2.344538688659668,-1.4038499593734741,-2.175987958908081
YPR204C-A,False,False,-2.088510751724243,-0.7639680325984954,-0.829047441482544,-1.5354200601577759,-1.1757162809371948,0.4807031452655792,-0.760359525680542
YPR204W,False,True,-1.5897023677825928,-0.5915978297591209,-0.03414671868085861,-0.7455869913101196,-0.7150470614433289,-0.5103346109390259,-0.9528737664222717
