gene	TPM_median	TPM_mean	TPM_std
YAL001C	77.46132310630713	78.0990575136262	12.19281948449501
YAL002W	33.952811546156134	33.595018989985746	8.941043065022122
YAL003W	1708.6585826235766	1741.28580372412	327.20206001173887
YAL004W	0.614913188567419	8.42561906392776	48.399417233457896
YAL005C	174.47578079140135	232.11147496407122	151.10115593986563
YAL007C	539.7815407547623	545.1074304150125	148.29197352076494
YAL008W	53.61411125799333	55.7037185597394	16.012900115978628
YAL009W	39.43003572412867	40.66790791754327	8.403149880200361
YAL010C	56.33742611250384	55.35565319414671	9.81195358168781
YAL011W	81.02050179992261	85.14269119364803	17.410479562500292
YAL012W	543.002804916603	568.8454025095842	176.86890183054362
YAL013W	440.37013520429	450.5801822245902	87.892050637764
YAL014C	113.0414033497371	113.32804229359448	13.41223004906211
YAL015C	33.26867877453777	34.415602588198375	5.365349824487229
YAL016C-A	0.2954557557314576	5.222626510427581	27.42726410108935
YAL016C-B	0	0.40066186627899325	1.3356722886206245
YAL016W	68.1986880058547	67.75686559824682	10.569062471180954
YAL017W	56.65248690598013	60.92680279317247	17.752919324398597
YAL018C	0.1246372038879594	0.13267966027677425	0.11746521701503279
YAL019W	92.85425911023408	91.48957437941448	18.801436277203777
YAL019W-A	1.743353508158637	5.870709284630995	22.7314469140712
YAL020C	102.61450723849651	104.09485905732998	17.741991435362653
YAL021C	281.77070084142764	277.5816522714119	42.41955089716998
YAL022C	71.665427207556	72.0074426626709	8.806265254528077
YAL023C	227.1485983168853	235.77151514354495	44.90835732700479
YAL024C	38.6520308474638	39.98906846871153	10.545920988890634
YAL025C	863.7152961137581	852.8794141525744	272.77589984873583
YAL026C	39.0808705628726	39.88885924531227	6.106525712503159
YAL026C-A	0.1065598763459456	0.9856212982744503	4.847732540258128
YAL027W	34.64431717377187	34.518343663167485	4.645893292436216
YAL028W	32.966816882041535	36.215822922294095	14.19806686750871
YAL029C	87.91748550727941	88.12382895136709	15.17227831548436
YAL030W	86.7860046435048	89.2408898814381	24.764693332403322
YAL031C	55.014084315506494	54.04934851357944	13.58974604071478
YAL031W-A	0.3055569216747583	3.6343754208551875	18.444905060453785
YAL032C	93.1767133915389	93.92658748066863	13.884843998987892
YAL033W	67.47226116116883	68.5706084424556	15.19774797471073
YAL034C	109.2387426719327	113.72741943759587	36.531754613938155
YAL034C-B	0.2857376942060977	5.5541840513572875	29.29708651052903
YAL034W-A	80.19450502623401	81.44337330592977	17.086288044086615
YAL035W	408.6966162861973	429.4776427616518	117.19011248553423
YAL036C	242.19910958954247	259.8565561958357	88.88763499339615
YAL037C-A	0.4637280993121966	1.013688528346459	2.0246677064649363
YAL037C-B	3.11294772124138	36.192047363414595	184.6499025740354
YAL037W	10.7978368618701	11.388085755741589	2.7218754485109726
YAL038W	3068.483556927524	3100.5111040947063	631.4778204562631
YAL039C	206.57229533270367	205.52303046385921	41.30799845709357
YAL040C	321.7836113149728	322.5366251194858	105.73948582888254
YAL041W	135.075073020404	135.70890530874536	27.735924791906978
YAL042C-A	0.7697388016331693	5.520567693233141	26.23941677549456
YAL042W	222.229841570938	227.78470249224043	48.7991385263167
YAL043C	145.95240719680166	144.7162594289769	24.450891751134147
YAL044C	221.15352472815437	237.5901213971158	90.37760989125614
YAL044W-A	66.60610773996626	69.89919003923855	16.07995232530005
YAL045C	0.2610476998940833	1.2061777489550636	5.0190820097670175
YAL046C	36.61211429665377	36.823295761628216	8.678397600383853
YAL047C	17.190245097733037	17.053966281404154	2.6187021911222446
YAL047W-A	0.554651087771415	2.6261439017432853	11.612543237994304
YAL048C	28.8308029848416	28.90971254610896	6.903510663035956
YAL049C	59.9798244075459	60.720029205038166	10.303869671241168
YAL051W	68.52311097028934	66.83234918556991	13.583375534081643
YAL053W	93.44059624155182	94.3175282	13.39350958479278
YAL054C	6.4920161365906734	6.714275573759006	1.6746405210379258
YAL055W	196.66443110512432	194.07152848903246	46.27370783932649
YAL056C-A	0.6776457220839482	1.5394837479871304	4.566892419499917
YAL056W	47.81780821509657	48.91803412985084	9.598874936185041
YAL058W	39.8732344265491	39.80587877243095	5.7112373858599215
YAL059C-A	1.0703494871286543	10.912682296045194	55.07697692672487
YAL059W	232.753947630216	238.02457828419764	71.77815497339755
YAL060W	43.68530487796883	46.32603955418875	16.081023297677106
YAL061W	30.745797411963128	40.984137935847244	31.213735900336
YAL062W	10.05900330358907	12.36718112361461	8.740706965010546
YAL063C	0.9526631672704948	1.4441304324993696	2.881601855941443
YAL063C-A	1.9294552980125	2.0137622898540153	1.0658171394668958
YAL064C-A	0.6674287489102241	1.0158838463220388	1.460150877648346
YAL064W	0.9257252192519836	1.018535512239543	0.6416180803023075
YAL064W-B	6.564396053448227	7.231895097614543	3.310047635973616
YAL065C	0.4066536084582866	0.6930574141477516	1.5735414379305666
YAL066W	0	0.08949663552133924	0.15427815433065054
YAL067C	0.6471208932374197	0.8075192699310434	0.5934355339976962
YAL067W-A	0	0.0016896226267561472	0.019041079981122016
YAL068C	0.17290345534837	0.264257819626888	0.36057616787050667
YAL068W-A	0	0.0009153671653831031	0.010315664061397604
YAL069W	0	0.01600757273800205	0.07570637734258533
YAR002C-A	108.9710277081913	108.73137398337741	21.865237078889898
YAR002W	156.941813394854	156.06520752401678	23.714458148277313
YAR003W	36.329538624531295	35.72589207433178	6.781045343106536
YAR007C	109.16123498192135	106.05809687012015	14.28020075264232
YAR008W	189.02912093554232	197.2637787653491	54.205665038107455
YAR014C	157.55750821157133	154.0005569234733	31.57959931568921
YAR015W	97.81022329000086	101.08787802937111	27.80113403519264
YAR018C	66.41309925448724	64.48493828487301	10.732801113132714
YAR019C	36.96331715182964	37.363125671216615	9.792112800257296
YAR019W-A	7.349386107347684	10.112085228596435	15.27755893740935
YAR020C	16.229113343122	18.874249841424394	10.123140669196248
YAR023C	8.087211831579296	8.422595748904213	2.5601031938519045
YAR027W	82.9429034829529	83.12315241634953	13.713729808817178
YAR028W	31.862556237425736	31.85473441411815	5.008144813096002
YAR029W	25.4633164799075	25.8796931388122	6.251843804617456
YAR030C	2.33025756701825	2.4651283303780955	1.320675583682684
YAR031W	8.780922256260354	8.69740351731798	2.4189670864751163
YAR033W	32.939193584835	31.69435261015178	6.873184200862337
YAR035C-A	0	0.5358820576609341	2.0121684204282286
YAR035W	12.138711608064334	13.876089443580016	7.598353090768356
YAR042W	140.00935388277767	139.57455811995692	21.702630344966778
YAR047C	0.6860168903919487	0.8119620754129546	0.6916829885714048
YAR050W	3.24424797135611	3.189655419616056	1.0607336028284413
YAR053W	0.6822384885630678	0.8998018090208206	1.0209483934678683
YAR060C	0	0	0
YAR064W	0	0.47693581368953925	2.3847423773383496
YAR066W	0	0.05292585614156121	0.25316899352345046
YAR068W	0.1052133064739063	0.20750883950208152	0.43140314059918483
YAR069C	0	0.0034333086238509066	0.029290814054552333
YAR070C	2.538203896989183	2.9650356315754065	2.36966112328734
YAR071W	17.485488732866767	16.81684734532021	7.63063630435211
YAR073W	0.3273101221293086	0.3461574985812731	0.18064881799440105
YAR075W	0	0.07393757058716317	0.0982332213529
YBL001C	154.00583026251232	159.0991074262447	46.7818001820482
YBL002W	998.748838101373	1016.1705190924453	204.6092587053364
YBL003C	373.7740549587404	359.3005941417704	98.23839522586108
YBL004W	49.44922607293273	50.771748970190295	12.932486803762353
YBL005W	43.84411706121077	45.433967490320086	14.835390686026892
YBL006C	356.17805212362737	361.7430737202953	67.85717253941881
YBL006W-A	7.033136320449537	16.42766655747081	51.997301641587285
YBL007C	185.7337443265937	186.51680927192436	34.560488494320026
YBL008W	48.8488047460719	49.06836789667454	11.09032575663806
YBL008W-A	0.3478072923474133	0.506284193557464	0.5460691360284305
YBL009W	43.8497307300517	45.98147829281854	10.395894572068478
YBL010C	134.69149168878667	136.0666296858087	18.99651130368845
YBL011W	82.26964305838014	83.88535329749008	13.453631243956817
YBL012C	0.1954618485485316	3.7497294108873542	19.543133570187088
YBL013W	36.5451440654436	36.40019568661089	9.133960962709606
YBL014C	64.02974713556864	65.04635463752953	13.735514770403478
YBL015W	21.631558642138497	23.689819866133867	13.022410472728238
YBL016W	167.11073444961866	184.85175583547635	59.14644223137752
YBL017C	82.9954861473858	83.31232379901827	12.045816077180504
YBL018C	114.41148750422153	112.91950401046996	31.491315994000974
YBL019W	25.42199351451977	25.679803584555167	3.955447102627448
YBL020W	31.8526535008184	31.74118347971013	4.206534602798048
YBL021C	290.0515213578117	295.2146641696412	60.93105804517182
YBL022C	165.36998282940365	163.14149124026915	23.75500815674526
YBL023C	96.945920113472	97.00471124208066	15.980037116101398
YBL024W	114.29525826566136	117.02736069726103	17.188180976215058
YBL025W	99.78887668421744	103.99046703496273	21.486571905570393
YBL026W	209.41704676505432	215.9265558762544	51.92999463372004
YBL027W	568.6320750075678	557.1941436839693	154.9386015444479
YBL028C	340.74807611629933	334.02208589816206	92.74364294249605
YBL029C-A	179.2747527180603	185.5090509250278	49.464980007585496
YBL029W	34.10813091632773	36.35082434438247	13.878802848272342
YBL030C	193.66142670473505	206.81033400416663	55.226321039888454
YBL031W	83.53981563112832	87.23225537416508	19.094579756321032
YBL032W	185.49254058037369	183.10636124910496	35.09631711419087
YBL033C	504.767807159499	521.2217624865408	122.6952888491506
YBL034C	38.01435895922907	37.65891234369925	8.68587017521012
YBL035C	58.8488527778984	58.61407759570119	12.815973474357907
YBL036C	403.4672945567784	404.57583840031356	60.58432039080316
YBL037W	53.3601767339988	52.38275840905003	10.61822529183596
YBL038W	136.42743550099334	133.8940123444972	24.854530687292566
YBL039C	80.6969027493246	83.94500705333367	23.62433954283222
YBL039C-A	0	0	0
YBL039W-B	42.950793483229965	44.234995781794474	11.050675166503856
YBL040C	163.815493697039	166.11663568436717	31.130465187688294
YBL041W	382.8456084871896	388.23926430587517	58.048604544271804
YBL042C	14.598554831992269	17.269804537807282	10.722939283353774
YBL043W	9.286730683956849	13.043694578071822	24.83557512900999
YBL044W	1.3485529005686152	1.6984576558953852	1.1052203683718096
YBL045C	125.532567725604	143.9790345114705	59.08157796602028
YBL046W	149.54924824682465	151.31668925558193	31.941046267960868
YBL047C	274.773810248941	277.7508899384429	59.16773856483177
YBL048W	0.2443912223086046	5.426910671812303	28.760037961181556
YBL049W	1.8882755279921437	2.3415085845134485	1.569463273260218
YBL050W	144.07517807478132	148.1809543632736	25.626651725920496
YBL051C	584.553131586725	598.732939443129	105.08431852751384
YBL052C	89.11787616166698	91.11552038372237	16.320969043951482
YBL053W	0.4511786538412803	14.051582950889483	76.24445386869796
YBL054W	120.05849259346267	125.41686155115822	54.41570393760341
YBL055C	31.124205597001964	31.903885037464836	6.324672684983791
YBL056W	140.76427142270998	140.72756509056526	17.85781949931175
YBL057C	117.568561776464	118.61970231473872	20.690042502203887
YBL058W	231.01774762573496	230.27208826079203	33.48843575147877
YBL059C-A	94.57284727847976	94.3048844197829	20.40072118420891
YBL059W	160.59044014342567	165.70850652234557	37.022427462105284
YBL060W	39.5966651009158	40.3570315163417	9.07967702510364
YBL061C	157.146949040855	152.36779049475987	26.588700524270607
YBL062W	0.1638822824086516	4.653642674402509	24.798764980921863
YBL063W	32.14658110806273	32.92818417067699	8.474623850940219
YBL064C	34.21595556690017	44.48195080285106	33.3340919173903
YBL065W	0.2521115101876336	2.8992403472718062	14.463849184100289
YBL066C	57.25112516330203	58.18565872608588	20.766850307060587
YBL067C	42.0563940041213	41.78108951704932	8.980661808256935
YBL068W	70.51396996853664	73.02741389804405	15.351381826549819
YBL068W-A	0	0	0
YBL069W	38.13000920371217	39.075235100015746	6.070338705218119
YBL070C	0.16865558612474	2.0943622204928114	10.619124709751521
YBL071C	2.2271198388299904	3.381046617371152	6.23002296902761
YBL071C-B	8.748570496384994	9.043565699837574	3.6642419849549035
YBL071W-A	348.409397685948	366.2562835579013	119.35584067797481
YBL072C	610.662409194292	615.5099656130009	211.7455793736807
YBL073W	0	1.7908168919250127	9.395310759092643
YBL074C	28.82218956716524	31.696000874506883	10.320507710247249
YBL075C	41.311167505844566	41.27505356068182	8.885357712908794
YBL076C	127.05596035050368	132.20898744373574	27.014492247715538
YBL077W	0.236855301358187	2.88359987113731	14.462744330635253
YBL078C	305.7717667415403	311.9678913522166	96.35548568061529
YBL079W	151.53011623094366	152.81779020648375	24.93721123197576
YBL080C	38.78937491802866	39.422699334861065	6.948236821593837
YBL081W	693.7202433312881	717.7634394269897	261.18313465365725
YBL082C	7.649589733622264	7.592355955843038	2.3228353675850943
YBL083C	0	0	0
YBL084C	33.6102445797925	35.54588178810235	10.856432555374761
YBL085W	169.05545386675468	171.39945820024326	33.65803588599067
YBL086C	101.368629300723	102.83015326265165	19.51587272231297
YBL087C	151.73359735135634	152.36086954355565	38.990864606578164
YBL088C	14.658078698151137	14.667001675364052	3.8557769398293313
YBL089W	25.740503137452635	26.370084341534778	5.019092189363012
YBL090W	141.3979757496887	142.52682002276995	27.629177184276433
YBL091C	226.38613405502	233.44551660432393	45.40269280349708
YBL091C-A	19.80119575028904	20.64794731815269	6.549608425269433
YBL092W	700.5685813907243	701.354522257138	238.27673300522707
YBL093C	236.741811987942	238.1316175298184	44.53043175691409
YBL094C	1.8328260436151744	2.8676818726732027	5.813031113689184
YBL095W	60.49568654800527	61.180652951525325	9.145583282189861
YBL096C	2.41036881405391	5.587487581706142	17.509723304502078
YBL097W	127.79701678510833	125.72596368151642	31.269619576279013
YBL098W	11.286009946880034	11.842159720419032	3.8485482142066822
YBL099W	75.29469069662143	78.88632518101832	22.077603256472248
YBL100C	0.5166730942404983	7.594595563082905	38.65126424088409
YBL100W-C	1.4827023152410568	4.319184711938424	15.603232157545824
YBL101C	71.03206776286343	71.89462005008568	18.056643765001695
YBL102W	100.73162678145304	99.67224633665508	13.905055206490733
YBL103C	138.43357075290234	135.75936152833896	31.234795000928905
YBL104C	42.25509068518627	41.51207145772828	7.256474638208658
YBL105C	172.69943810513325	171.56753176312975	30.944985459131857
YBL106C	63.41046303914567	64.13422947584304	19.737739611911003
YBL107C	197.80279117621131	196.10355827787527	35.52426699791724
YBL107W-A	0.8594596802754467	1.273318479445392	1.4954280063694205
YBL108C-A	0.3725371545765166	0.8309895338130815	1.7392374019593995
YBL108W	1.1326737188134115	1.5307022426404402	1.4385768426746075
YBL109W	10.308750225701594	11.235336468920343	4.446430001020909
YBL111C	0	0.016709192325188953	0.033431156357090236
YBL112C	0	0.0010134818017360314	0.011421359859104528
YBL113C	13.470582218874734	13.490161216700377	4.744513440658602
YBL113W-A	0.654647097995482	1.3860905215409336	4.052358243495613
YBR001C	61.10751829499586	65.61640399135153	17.645077997521664
YBR002C	366.3105577594567	374.7453275961561	62.997634920267096
YBR003W	53.9267167606913	54.782923310182426	10.620738898636095
YBR004C	14.290440794143269	14.426239591853244	3.378145148688998
YBR005W	44.622739642109565	46.17860439671448	8.742891660791118
YBR006W	25.603207450914567	27.142041076539225	9.239071231900837
YBR007C	84.10403813999874	84.19362719391086	22.127053947567443
YBR008C	153.08634640550733	313.6942620405672	407.95637916350313
YBR009C	2531.754237370784	2460.024881385284	521.3763894654302
YBR010W	1629.4071083490064	1732.6204445833407	773.520072994437
YBR011C	699.042432804839	740.2477781793374	169.0470963903326
YBR012C	6.787732890680457	8.372845709269898	6.848281772141508
YBR013C	19.0984257614915	18.739361667185882	3.6694931649030256
YBR014C	230.22903320847232	237.2671018687633	54.9336921823883
YBR015C	100.98442452684736	101.22497289629412	13.845105789359687
YBR016W	1928.3384183767528	2003.7401252130956	443.0944283035024
YBR017C	94.3364171418977	94.7211275089084	13.737793266686582
YBR018C	1.4722890642762	2.359363361627018	6.344844660394919
YBR019C	0.902090061438994	3.2810684240624095	18.081486869644777
YBR020W	5.305991731399916	8.086349937617825	27.792860724537448
YBR021W	4.176701585067447	4.348539127517883	2.3075999085073158
YBR022W	52.9220730941679	54.070678775755674	10.577967620364797
YBR023C	43.50411567795044	45.186015322088764	10.123224986007024
YBR024W	67.62574290447559	68.72605432496361	12.961194407769876
YBR025C	117.806627048199	116.80556578571841	24.016491008015542
YBR026C	36.48155800667197	37.07861548682342	8.07262596804029
YBR027C	0	0.07282375570692631	0.11130854472394038
YBR028C	94.56986226850049	95.32562489471317	18.82824920469574
YBR029C	106.7742460307708	107.2855291201308	26.81021876890169
YBR030W	43.5045913510084	43.33331286363408	8.426901702196634
YBR031W	223.44288727648663	222.74137321562844	48.65501148865873
YBR032W	0.0915174036621716	0.29543610491622074	0.7646891576467469
YBR033W	4.27065798247362	4.631760516316156	2.6863023917996487
YBR034C	191.48361639351305	192.98648264244642	53.21309654222789
YBR035C	195.38493602925465	197.17096307347472	45.44005023008384
YBR036C	140.49420374041298	139.7588865697902	19.599400151279163
YBR037C	100.09849373093289	98.40561574688053	20.738821970072227
YBR038W	145.19892265091232	145.5017774150482	26.219785441215834
YBR039W	87.08424637429788	91.08642597744908	23.275970415914532
YBR040W	0.3186200800448766	0.4067669923085621	0.41896784934459713
YBR041W	68.90588350517616	69.35931564107527	17.504558469013997
YBR042C	25.3271893087952	25.419168686170728	3.6849097210010564
YBR043C	56.64699153014697	58.03487205190947	15.251403824489717
YBR044C	54.073212166896006	54.08328564770865	9.30198586611205
YBR045C	7.75659464978628	8.299225082840566	2.518501371859217
YBR046C	132.95223256178232	167.73235342329548	104.89884410893836
YBR047W	52.1376473286272	62.310237652196896	33.496842807262965
YBR048W	375.35752340060526	368.479214917344	75.05646843240123
YBR049C	124.16727029881734	126.95790978730841	20.008455165905325
YBR050C	5.415044439420991	6.576222036991417	11.976682075858786
YBR051W	2.568728413241757	2.6932836653255467	0.9655544540363548
YBR052C	199.04324041267927	204.5988668530212	65.07887117322895
YBR053C	65.071593922827	70.33342133630548	23.302223371996043
YBR054W	2.6999639858374365	7.7348621281877925	13.2221466578622
YBR055C	49.990712484181095	49.52584904721093	8.664259793734406
YBR056C-B	8.11837006056125	9.507779936458844	7.515943600652561
YBR056W	28.5349426076816	31.14252330073125	11.95692659236545
YBR056W-A	56.10441559658373	63.544616724294634	28.685877372857767
YBR057C	159.19261091930534	158.00086100601098	25.89111248595254
YBR058C	56.80294636873697	56.67783201418533	8.198877552406417
YBR058C-A	268.29275174337766	277.5906232165896	76.95556475480757
YBR059C	143.203652744357	146.39455585460234	24.974104233222604
YBR060C	76.05886272405267	75.64772700736381	16.642982504091506
YBR061C	53.288943611644605	53.584700222121185	8.957003823725914
YBR062C	57.2709331333858	57.39522445723569	9.679910270319036
YBR063C	27.346244951036265	28.19654499450795	6.611956720915141
YBR064W	0.097196014958589	0.6143679130985249	2.7519023211786675
YBR065C	78.77661751478894	80.11337195003293	14.922334481664052
YBR066C	233.057660666338	256.51497567821724	110.27277646098943
YBR067C	625.4656841984751	818.2960938049723	467.0853033203851
YBR068C	684.4352745348029	663.6892074056423	187.8412057591641
YBR069C	218.1105480246733	216.1227195844691	48.50056734010796
YBR070C	23.029710775393863	23.971674231629773	5.8328569080732215
YBR071W	351.048914429626	352.78857145048335	82.12952633725794
YBR072C-A	25.274641354321563	27.43639561534566	11.887023474872876
YBR072W	34.2551015530833	54.44793998042819	53.77789250959919
YBR073W	161.1582706	164.67815598265213	38.61388209350895
YBR074W	44.86176564018788	46.26312650803299	7.2313029147662435
YBR076C-A	18.834274777708668	18.37383611293999	4.2299303101542645
YBR076W	0.8110671098460415	0.8845019808254567	0.4396776038072534
YBR077C	94.54562276475436	94.92779180126635	17.956364192349774
YBR078W	285.86279033003564	288.8742011939876	60.716499869273804
YBR079C	247.45281429652496	245.8074381865186	37.32254236746257
YBR080C	68.3631086464821	72.52028823333293	15.562177300521254
YBR081C	104.467482831314	105.47027846007772	19.142007695252413
YBR082C	1839.4318555618927	1829.0215253541348	430.98202117840674
YBR083W	225.13388764660132	242.3312881584594	124.18227374479086
YBR084C-A	588.8270212435517	568.0599885886114	157.48313643670465
YBR084W	82.934666363158	83.89601201782497	17.409250614639575
YBR085C-A	318.6253632448703	347.3371131238177	163.36639789044074
YBR085W	14.240836648811566	14.157981133988295	4.764378967936405
YBR086C	153.619436718189	157.06548970170016	27.423672941040113
YBR087W	24.9201929937649	24.89938682838323	5.609308301521482
YBR088C	123.29881114396969	121.58615319024767	34.76516368347275
YBR089C-A	25.845068833204166	28.823830984155375	11.869409747961354
YBR089W	0.39244871941593	4.998811450156539	25.814625618365262
YBR090C	46.89292454607181	50.5043424528599	24.39715263531047
YBR091C	48.85878246655227	47.29476346639972	12.141275686480913
YBR092C	99.91753313770266	106.30523474679555	44.11955926778588
YBR093C	27.154323952569698	28.491013419846038	13.248839434116734
YBR094W	37.12642540885594	36.60914169002531	4.549238727966744
YBR095C	96.9560819594996	98.00612618863836	15.781878891787926
YBR096W	113.35772116242106	112.17923254791896	28.770232253136648
YBR097W	20.576569515681232	20.116136252089145	4.1691990300836625
YBR098W	20.1208756618298	20.444064136925615	5.657299302022034
YBR099C	1.4894245892315288	2.0999355941967752	2.7793731318705426
YBR101C	388.2829743706696	429.06768408344743	154.19660216007048
YBR102C	61.72251504533904	59.81087814559158	12.49341422678887
YBR103C-A	1.5793936699812157	2.0275308514540837	2.310111106315244
YBR103W	69.9165055478978	69.91614064184294	12.891571312666397
YBR104W	157.8408177929957	158.36503589146164	43.84411073971149
YBR105C	276.122419196195	282.51010584902343	86.15069005421769
YBR106W	396.200608266561	390.1404170569036	71.7840416799785
YBR107C	55.0892620015564	54.3104872289747	9.569264251592566
YBR108W	132.373868856076	133.035046090509	26.871815067221398
YBR109C	515.358541843032	532.2215655159723	134.86059638358327
YBR109W-A	6.829073928646674	7.7179178161872475	5.213837257727622
YBR110W	80.9406503544865	83.77949651884558	18.67908300123503
YBR111C	169.79091187998435	178.6236196280402	59.5700302526733
YBR111W-A	80.1525694816658	83.02937728323381	14.967244780097962
YBR112C	675.3222149957966	699.1055815994297	185.62462921921147
YBR113W	3.568557948956593	128.06859026700914	696.273181347844
YBR114W	43.79467627027227	44.392100928186146	9.482147394584048
YBR115C	0	0	0
YBR116C	0.0767003024046196	0.1191665413648268	0.17817790828188693
YBR117C	0.7575949350262429	1.347856538063456	2.244663580663198
YBR118W	275.7607123343876	282.0041846064048	66.2971294472478
YBR119W	90.82153437948529	91.07759422034279	17.59660148686793
YBR120C	89.34268952487294	90.94974976724656	22.441913637506378
YBR121C	140.16795031432002	136.75377726504016	22.04466237900576
YBR121C-A	0	0	0
YBR122C	359.639409920642	361.64010742752504	50.16566301685723
YBR123C	76.03097848925773	78.27694555380086	15.305290254487511
YBR124W	0.142967401290212	7.441511802285212	40.36700157206267
YBR125C	62.5110446175511	62.48447633459547	8.717640033103319
YBR126C	244.87042104236932	274.3147099309346	124.25361252443594
YBR126W-A	17.190709109955165	19.04751296116651	10.45611428925514
YBR126W-B	0.95035398746131	1.249926571819197	1.094846533671383
YBR127C	194.857235255308	194.55992662997124	22.4445923019497
YBR128C	17.649685543176336	17.94427541097951	4.6534244787195185
YBR129C	42.41922995135619	42.629388394195374	8.556774454374228
YBR130C	234.17598868930364	236.1643932462637	38.14323200428546
YBR131C-A	0	3.285629692678668	17.46887244945259
YBR131W	49.355837961583	50.07309958064316	10.747182878099784
YBR132C	90.04197382835291	96.49430200661659	30.62245066422781
YBR133C	79.55202450985557	80.55853734490537	15.225230265528202
YBR134W	0.8516150884781011	1.9122210124200352	5.657035688290102
YBR135W	302.2849679524962	304.01608509048583	50.05410046252643
YBR136W	19.2556709450392	19.498753817204292	3.5849103802810447
YBR137W	37.27879822382646	39.920510927200915	11.947782134265596
YBR138C	51.379929502268105	52.197907625487666	11.789899300796687
YBR139W	73.65122959597598	78.70699898293942	25.36654192870434
YBR140C	63.14439498972386	63.59510771646715	12.934354434088224
YBR141C	40.05763809038424	39.43206578242432	10.477243319452676
YBR141W-A	63.2660519409687	65.8502659221576	20.329979934185225
YBR142W	43.4834948090012	46.84841748571471	14.714646658509608
YBR143C	490.2309789012343	514.2407654684426	124.418615527128
YBR144C	9.890081435195135	10.234049021706724	3.3359692231900038
YBR145W	81.49411851275327	99.12501618774115	60.50158381895384
YBR146W	200.0947844575957	202.93087826137696	21.275341970000596
YBR147W	6.884691856586673	10.759166390993816	10.151216551669698
YBR148W	9.506953857664394	9.580851053298078	3.1425003842312975
YBR149W	112.342903367903	122.2266687570596	45.210373948512554
YBR150C	22.7106121593069	22.556092648971546	6.3767636608747305
YBR151W	277.43280819598203	275.1252947256096	43.45752184005733
YBR152W	91.8428840508398	93.84976103463865	22.2620694510348
YBR153W	77.37908863307977	77.28679246066976	16.74542791052633
YBR154C	473.3259318312633	476.8825070301517	79.65920879258945
YBR155W	130.27312147449433	129.25367075691412	31.097095805679007
YBR156C	61.23209090229926	58.7485390005636	14.53531596759622
YBR157C	96.7463703955633	106.59848498298153	46.29876203013343
YBR158W	246.94207192965337	253.57951168367583	79.35645926437914
YBR159W	41.90425097884937	41.93250121242938	9.841450268275231
YBR160W	89.11282502732702	88.89979820878236	11.671528396361763
YBR161W	52.946201899436936	56.53841857268181	16.435525403768477
YBR162C	191.622520447439	200.0119980948867	43.701397430332065
YBR162W-A	1830.89555756114	1870.7994448234933	553.7440212181185
YBR163W	32.022845724879865	33.31187744037276	10.02809446438466
YBR164C	132.18445842983766	137.48428195673787	21.860672757571166
YBR165W	57.68697041021216	58.62468989862596	14.068252217100225
YBR166C	60.7902968600898	61.90448755014237	11.534535913867598
YBR167C	41.4413137631779	41.66555152315311	9.242307622969783
YBR168W	23.276254267421237	24.08043470948279	5.245907172713731
YBR169C	25.86719534354313	32.46685664752799	20.152866465436727
YBR170C	117.63266489116532	117.88939035308466	17.458828623825617
YBR171W	240.58865108181132	242.8518107212063	52.58354020568427
YBR172C	177.0156087404473	178.16495827150314	48.72619064064504
YBR173C	1087.9718971823745	1096.245472690256	145.7429303730112
YBR174C	1.019671914758089	5.634362671533518	24.871405206184193
YBR175W	101.93543992608494	99.8834300640113	21.39125763202648
YBR176W	29.004641651405237	29.028084188029638	4.4767903262389
YBR177C	210.03262367756463	206.89048180033726	41.711207259628864
YBR178W	0.39554985570342	3.779047554765475	18.543259868845848
YBR179C	104.02166627644546	103.74113386542476	18.50382626718148
YBR180W	0.4493386605781553	0.7461338152305574	1.6109857241902579
YBR181C	309.0938868284247	300.0699676980586	75.40457054439189
YBR182C	6.483120511429196	6.550248060537093	1.7051710384189263
YBR182C-A	2.6707611765643	2.869015255450025	1.4263949513659357
YBR183W	11.022617291613834	12.649929918705203	6.398980672136454
YBR184W	11.791873233555204	11.920297122364255	2.5611325692821474
YBR185C	29.862483206564733	31.359628040580688	7.948908851007086
YBR186W	1.0079485345107144	1.2762517583677362	0.8931775522358597
YBR187W	58.64027190587126	60.890464670117254	16.266767302062096
YBR188C	100.30525313952388	100.26954083771655	17.812945202949095
YBR189W	815.1237273397434	793.7886241017095	219.497462895041
YBR190W	2.2000899136593954	2.69742619088449	2.1444976431601748
YBR191W	340.6631997175463	347.0243330285016	107.00713218665328
YBR191W-A	0.70662290662322	1.0029155827236713	1.0809922641353615
YBR192W	64.7880544634729	63.09596870352671	11.464660901880244
YBR193C	60.06986341701551	62.04830428531524	15.103769406297817
YBR194W	59.29080251641553	59.17661415860749	8.720215271979022
YBR195C	45.18411460457414	47.00071855174986	9.382532681643605
YBR196C	324.32964153407835	330.717163565173	72.31938670723532
YBR196C-A	2.424353449129053	2.6912070337863416	1.5285306414744906
YBR196C-B	23.256642033245598	25.58623150514133	16.72039917891701
YBR197C	116.07099734117234	117.08769354805462	23.65250936632927
YBR198C	261.4313494190843	264.8814920200574	43.99680615826154
YBR199W	221.22795802091767	222.9391573114241	38.95704282866399
YBR200W	123.06917420507966	122.26030931882273	15.478523687693801
YBR200W-A	0	0.18214139204457436	0.6657753225314014
YBR201C-A	51.0490224074361	52.06153961269083	13.752516886099318
YBR201W	76.372052947537	85.38745144179632	31.65807434679196
YBR202W	140.33372201166534	137.21314576436998	23.87686179116261
YBR203W	14.7088083257116	16.25547229221028	7.03063628152585
YBR204C	26.721456438001933	26.851034766730788	5.844100643892466
YBR205W	58.76623660835247	59.386835505128765	8.890891573433954
YBR206W	13.932553885843667	14.049488505176576	5.057850472249566
YBR207W	188.20479611442295	196.49990317320737	82.40137692693531
YBR208C	11.6060274410192	13.405098854157956	7.007363287754505
YBR209W	0.8518832661571745	1.2474224562469531	2.270149527404223
YBR210W	164.09597944662033	172.19935852682295	36.3311201986543
YBR211C	54.77601260294427	55.10344330725153	9.391238565994158
YBR212W	129.91545730465532	125.1742887621659	30.33104633613101
YBR213W	58.16864581062697	57.8301358514133	14.14115008465339
YBR214W	175.95803317103136	202.7759223803254	94.21630478041384
YBR215W	114.86456318750888	116.2502549974535	22.939410181477555
YBR216C	38.90086066766676	39.47268074065451	7.927597214444587
YBR217W	34.7734399787472	34.974770202328095	6.1284847489730225
YBR218C	76.50046843524454	88.8333621728302	43.9637945109263
YBR219C	1.63513585528905	1.7186812389774164	0.835363343535445
YBR220C	32.70414828072747	32.935034931956174	5.077049447139657
YBR221C	112.00276306644434	112.85334414544691	28.81366701481215
YBR221W-A	0.6926770354725601	6.050626705779523	29.554739195166857
YBR222C	78.32361091798843	78.31068228241061	13.060048851160877
YBR223C	43.03724515390553	44.397187257043555	8.784510652577433
YBR223W-A	0	0.5319169015353118	2.4522324822391135
YBR224W	0.3919816432874881	1.9851003069177566	8.847945102289492
YBR225W	60.33551556160543	59.98152076195301	17.054068128499463
YBR226C	0.0926852843333333	0.9469056771451133	4.653103476112733
YBR227C	100.4812946325978	103.75715258536326	12.391382507320563
YBR228W	41.28872167070893	41.267176478742776	4.829826676436126
YBR229C	46.32343722023307	47.483608354877695	9.018052269761998
YBR230C	248.25828158652095	282.3894588320089	155.02406144124654
YBR230W-A	188.86593294261965	190.4670185657309	88.50551830716972
YBR231C	164.74720552564068	168.22416355653735	38.02101665559695
YBR232C	0.9990772039426594	6.7760346415931485	32.14333090546915
YBR233W	120.21100371248168	126.29306640808346	24.793789056575903
YBR233W-A	402.5052337766887	407.78046407149094	111.82482472956573
YBR234C	66.922554266112	67.78642011542505	12.91384390157582
YBR235W	40.15641969025643	40.56093715850532	6.844300999439497
YBR236C	55.83124381364464	55.82900230576482	9.205220500726332
YBR237W	63.82381024376141	65.01197927566011	11.669406283789021
YBR238C	152.495967075233	154.2961532524216	38.7498391017641
YBR239C	71.30656893061717	71.75883567372614	19.532141981114897
YBR240C	6.30162751802348	13.477930897547557	21.915983971327698
YBR241C	33.618026914426565	36.53331251173283	14.862130672741394
YBR242W	93.6815818134438	92.6600950964895	18.571575915764843
YBR243C	63.61303362475161	63.74038550496683	9.036278928787105
YBR244W	433.6032007226327	686.611945309746	552.2944744380326
YBR245C	69.5139834271385	69.544960512285	11.337775899323127
YBR246W	65.7012991004304	67.26171528421526	12.497426651281078
YBR247C	145.849570511846	142.05920763933483	37.48276163028235
YBR248C	179.68891185009602	195.37367998237067	83.6837495964029
YBR249C	269.07670328071464	300.602190834252	151.18326550460054
YBR250W	2.43364742812707	2.481480131470416	0.8093519306217679
YBR251W	112.00238732650466	112.53478545806962	12.721657875965924
YBR252W	179.18623618719502	188.53432993084942	50.63639446684719
YBR253W	213.97828933505932	218.1999043692635	47.4059712468561
YBR254C	52.9597024076434	53.84951985609448	10.876815147506166
YBR255C-A	92.42474072449936	92.59465053091259	12.78029311302116
YBR255W	63.90557888447745	64.54459156606987	11.206802878422042
YBR256C	143.99530815198202	152.60483171837842	43.15736555117054
YBR257W	76.2633514489758	75.91269737717884	15.093767818729685
YBR258C	319.08773476204834	323.8953357540817	80.13459961142232
YBR259W	23.440048636470465	23.182698274250313	4.521498575012764
YBR260C	113.28204061501032	115.73721610052132	21.267037582800455
YBR261C	95.91875168785346	95.76663365392764	15.640577364734868
YBR262C	293.0396285584266	293.86016439609386	84.59253722016635
YBR263W	83.02894840247787	86.38031114463773	17.10676871455192
YBR264C	138.416243174226	140.2075248084702	27.25341157857313
YBR265W	123.669702076458	123.85585483692113	12.375062523972048
YBR266C	0.9123423245246768	32.21680112251773	175.72594670693746
YBR267W	370.8352925799566	358.8056342924481	108.16645308359868
YBR268W	467.5261392830203	504.7522885850332	150.1565229494366
YBR269C	226.55926580892265	240.3853310726751	58.31552826340425
YBR270C	25.1532194908848	25.629472532966716	4.860824520608163
YBR271W	44.83400074164147	44.36294637833155	10.255102371545215
YBR272C	30.00297205648033	31.462992085506084	6.569477987642579
YBR273C	70.2241504787374	72.40793471750328	9.59437589913801
YBR274W	13.964713165967169	14.102782164939697	2.5927809138053144
YBR275C	41.49094319104457	42.12701047646133	7.221663648604245
YBR276C	37.5138765210637	38.890807581852314	6.337589293713651
YBR277C	1.372780388491974	3.3865488909482	10.878576513834291
YBR278W	65.4591850466581	65.7002204829333	7.475046729676352
YBR279W	359.405335079433	360.0751264779396	49.33088075031828
YBR280C	21.7617391798162	22.415150163304425	6.178070666512113
YBR281C	24.01048229099364	24.324147595552866	5.3386118919279015
YBR282W	199.941079293131	205.5274809895488	40.33721740610172
YBR283C	79.13490546960124	79.64730154774914	13.985936637421275
YBR284W	3.64807560754148	3.704955681420335	0.9508867314746954
YBR285W	8.187299820265926	11.505555474426135	11.816240358073626
YBR286W	404.0178512908153	411.3920224696844	71.62094722899452
YBR287W	52.3478119823994	55.952931842122226	17.091837894175296
YBR288C	30.15893597024757	29.799022732409224	5.113640669761964
YBR289W	334.7980584998067	370.0665466859209	128.74772866126892
YBR290W	455.681055186054	465.7060192528636	118.51976670422916
YBR291C	15.583904611870564	15.647005386274934	2.1694966634625557
YBR292C	19.654643655115304	20.551612724068082	4.047693304137523
YBR293W	13.222394318906469	13.189436251581979	2.5685552769069706
YBR294W	0.3043429734710632	1.000571662042881	3.330273534501081
YBR295W	21.5330536116102	24.59830325045732	12.75653926950833
YBR296C	14.8131919636167	21.858359016118925	32.4547858787253
YBR296C-A	2.0829716129648568	2.6891041068467962	2.401999532230386
YBR297W	7.29154617846302	9.364857994712091	9.718584487263081
YBR298C	4.949768862094133	5.429456946300618	3.515225968846128
YBR298C-A	0	0.16054153363950882	0.2551451109180833
YBR299W	0.2834593086401496	0.3278802541117734	0.2891880870571809
YBR300C	0.3693318244067507	0.41814893172186	0.31399421260895666
YBR301W	1.422197150218528	1.7595149142968505	1.3322643818373114
YBR302C	6.02775176761612	6.432407613869111	2.6375813513549033
YCL001W	88.10978073401138	88.22867480862296	13.279000915645481
YCL001W-A	1.85743673431081	1.9551135801787616	0.8524328607377216
YCL001W-B	4.63330932213713	4.879806297572896	2.2112571856796692
YCL002C	24.9328735883096	25.183723007009593	4.240479703844207
YCL004W	24.071300147050167	24.344862515339464	6.906254804132061
YCL005W	94.4291255682728	96.52413410804652	19.294863465441782
YCL005W-A	342.3043343586226	349.42950884790014	87.75228303469194
YCL007C	2.92436790611387	4.798994604230824	11.262864431367243
YCL008C	191.1178499453573	192.31249832589302	32.19520031880608
YCL009C	343.36818324797565	374.09351196538904	137.47410908351458
YCL010C	107.09698331174384	107.46904723030507	21.588173376169856
YCL011C	479.1585670386669	494.2209912755875	103.27895667365524
YCL012C	68.01624449368803	70.38122732354161	15.345880706127323
YCL014W	52.41097612019906	52.25086308961276	8.379312236972533
YCL016C	37.4401944663617	37.41720155564142	6.614051932718194
YCL017C	74.84611436994584	78.59741554744006	17.1528850586159
YCL018W	0	0.030308452714709565	0.17998450360686433
YCL021W-A	20.458664030398666	23.506867137888577	11.751156014824447
YCL022C	0.0873052609880835	1.5557279290031396	8.079466392370058
YCL023C	0.1131430694850419	1.371192942016911	6.994501540367121
YCL024W	45.1015202706914	44.722710917522676	9.015712114271937
YCL025C	73.52039703405599	90.06868985407074	53.05233145530013
YCL026C-A	38.25768462828837	60.957684588573066	80.3677836864558
YCL026C-B	47.308704444102936	90.30433858058363	113.89994511725995
YCL027W	39.01763934394207	44.93083760220053	26.747444315303103
YCL028W	162.485060591499	171.16274199898382	31.992336904344416
YCL029C	126.156846840956	126.2979710032147	16.523093368281238
YCL030C	41.142958019818	59.21523763984399	50.15227644983214
YCL031C	566.8501210173247	565.4558379421757	92.86587952339406
YCL032W	67.76796893525812	68.052322520091	9.178846602151378
YCL033C	25.280194446277235	26.767985754232818	7.25545925962631
YCL034W	175.15056970503335	177.81566962932334	29.276702813489972
YCL035C	281.459811627175	297.43605969159694	98.45295936300961
YCL036W	36.4046853612228	38.06472700098466	17.853729499122117
YCL037C	1171.1062670428234	1207.027044501838	337.9608883113549
YCL038C	9.226251223451987	9.667027015892666	2.2853951967212525
YCL039W	123.62305617832	123.82036730356577	29.693619328143203
YCL040W	145.75056844583168	176.255810302022	112.11975588122114
YCL041C	0.315538876893246	1.6821201973543722	7.530857756550678
YCL042W	49.68087257302008	52.544716736131505	15.04710138051289
YCL043C	328.860984632226	350.98357412176125	113.40779330951192
YCL044C	383.03752815371735	392.22729330708313	108.84048373821966
YCL045C	110.364785794869	111.44576518610221	15.563071605394054
YCL046W	0.3143047007162526	6.590553589867069	34.86638546457478
YCL047C	41.09129566575663	40.914424183964194	8.260647968092313
YCL048W	0.4915200599884263	0.5544103603647358	0.3238113985237036
YCL048W-A	0.3578388934921466	1.184464441773175	2.7011508080826947
YCL049C	24.66991703121513	25.47177341961227	5.230767641585317
YCL050C	382.70332233475466	394.33517151762015	83.06956501994976
YCL051W	86.6997388997684	86.85650641103054	16.73565271542284
YCL052C	101.56495076055694	103.55515803945931	16.01382396409547
YCL054W	155.3905230553597	159.9663629546711	50.636875829870306
YCL054W-A	0	0.09209014612523157	0.303774676851672
YCL055W	48.88834621975096	49.81229091624547	15.346775338315538
YCL056C	136.027529066874	137.6136054982494	27.905759391969557
YCL057C-A	198.5199594508663	202.8613395996158	50.596848711448324
YCL057W	93.98599357580292	96.03836653896747	17.553638990803858
YCL058C	3.2736301980814333	6.456645619695987	17.48964415340355
YCL058W-A	157.75747668952334	163.90236790519654	60.24970014931746
YCL059C	133.591689328153	134.41895887270633	37.87431844619096
YCL061C	100.58518793989452	102.09321697396287	21.022222141003446
YCL063W	94.15249523349635	93.20509446028206	20.31596837400341
YCL064C	174.93910370262788	198.91498446628	186.9384651784796
YCL065W	0	0.10074165456835396	0.14568873429327076
YCL066W	0	0	0
YCL067C	0	0.0031906976249494023	0.014726561967798082
YCL068C	0	0.004138202542757842	0.01776775946392276
YCL069W	0	0.02790979255649564	0.08005720914296963
YCL073C	0.0430567642653261	0.08080590390127969	0.10845494101816616
YCL076W	0	0.01852425835690418	0.053397598340180305
YCR001W	0.1138970419814483	0.5155742231093261	2.2432965349239717
YCR002C	66.1208791337029	67.80248663059783	14.08243151464908
YCR003W	214.55554018125036	223.92955188597574	51.31245628392676
YCR004C	255.810724335082	271.4110955820932	65.30723438024611
YCR005C	584.2597676858054	590.257355822934	166.03897400737932
YCR006C	35.18638732956823	35.45264294731981	9.617387895828026
YCR007C	20.225358505582037	21.27625232319023	6.692125819054103
YCR008W	195.291171235309	194.50576624252002	41.471203801929235
YCR009C	189.95893004158063	198.0961048830803	32.312424319564194
YCR010C	1.2798116790491514	1.948885459740966	3.254440912341024
YCR011C	61.67954039472509	62.13325411288883	11.243594542344137
YCR012W	349.29040245642665	349.6402562695165	88.49756246756861
YCR013C	1.780072351329906	4.052320974011984	11.978637414310002
YCR014C	29.593587270148905	29.294888904702617	7.171931924871014
YCR015C	42.56983497884064	44.38988043440959	13.74027185573439
YCR016W	232.3199714452991	229.81699642081773	51.016113041389616
YCR017C	49.28320122000317	50.209328499219545	8.156565793240617
YCR018C	111.77458361071778	111.38265951925581	28.886955944179604
YCR018C-A	3.79416679356944	3.8571014723790262	1.6297155349104313
YCR019W	46.60997435086626	45.788064807360286	7.517109434188068
YCR020C	6.535012201484439	12.317553053518827	18.954575029664706
YCR020C-A	149.57015741955567	154.37367874485142	41.68424429618605
YCR020W-B	83.72806184205363	92.06012044858389	38.227356242109714
YCR021C	10.024031054523848	24.01892174733891	43.73173357221022
YCR022C	8.76676208304359	9.554538830333131	6.2090295141859455
YCR023C	26.061275163388668	27.477851691963853	6.077207453416136
YCR024C	46.56858108927764	47.93243538601225	13.186608930069584
YCR024C-A	1872.5942459218768	1922.5208289034047	547.3894286359364
YCR024C-B	209.00451745353035	213.13945225080178	57.55944197544984
YCR025C	4.106205315016813	4.255195988684947	1.341294706247276
YCR026C	126.09804434133764	127.71275834684356	12.020182081358689
YCR027C	70.7698445452826	72.30398875951164	14.487421863187691
YCR028C	27.323129043078765	27.398785075110403	5.0957863371856895
YCR028C-A	130.72958502040933	129.2546724505382	23.862404231295613
YCR030C	146.854250201226	147.58021378666558	36.291387668896284
YCR031C	574.3594185207244	542.6462343577434	157.37018259068412
YCR032W	22.075608884381637	22.63950292750028	4.669375244006772
YCR033W	160.99340899595867	159.8476216530077	38.2739258354462
YCR034W	67.0215720529944	69.12516856401197	17.420265977669132
YCR035C	130.19914443628568	131.13602668613254	21.709153542647876
YCR036W	90.1332981407372	88.40072441870119	13.223953504462079
YCR037C	70.20293810844113	71.96132451890064	15.903939838109055
YCR038C	20.88575952761347	21.284427820861644	4.974204718043883
YCR038W-A	1.7225483400352346	2.098081422533114	1.8391697766297503
YCR039C	0	0	0
YCR040W	0	0	0
YCR041W	5.713756614260859	9.678458777948356	23.17195043146471
YCR042C	76.67132037610327	77.54864177924337	12.133461685544717
YCR043C	140.02208073766167	139.5367504423771	24.79364003655926
YCR044C	54.907940030467024	57.107406722521674	7.661301332098467
YCR045C	0.33124154418676	0.8771612290752594	2.9438827107287717
YCR045W-A	70.19375069561504	69.1908053298872	19.370579704932673
YCR046C	230.00884358628704	237.39764646779008	64.87968056792778
YCR047C	337.96591082387266	339.23822235644747	102.12250332239934
YCR047W-A	3.1783747095293	21.757197030245916	103.73799103209278
YCR048W	53.041940071401	53.93581835849356	14.40703059748806
YCR049C	0.1700548056978149	2.180470419398849	11.06866151283277
YCR050C	0.4802267101673883	1.4644723997544675	5.185366155473831
YCR051W	204.728491336184	200.6759601878009	42.228129948348865
YCR052W	256.3062125496313	258.84706329640767	27.145349574297036
YCR053W	135.7736818294123	145.60258299198324	36.7553540338996
YCR054C	28.90834701206793	28.65315454170504	5.994697936162854
YCR057C	112.5267707033854	114.68868091087506	35.57631943371021
YCR059C	84.53124467693031	84.71105439389272	12.12716213483236
YCR060W	104.384593932099	110.15091597317274	26.850820843667528
YCR061W	61.0002667332843	72.19791189852776	32.67662957360993
YCR063W	115.736040961062	120.36928732122117	38.73197390708488
YCR064C	2.562045342773097	7.363646485120813	25.575248396213063
YCR065W	137.213852475585	140.85234830563778	50.39570235783992
YCR066W	28.0979357936976	28.354433438601998	6.274281385816011
YCR067C	80.85233215862606	80.66844891575944	19.947019088942938
YCR068W	54.401889298809294	56.802997814555056	12.60080196208775
YCR069W	238.47353073692295	253.15925497631923	53.65579102299772
YCR071C	299.14215438810834	298.48787411562927	67.09458352119186
YCR072C	52.0979138653303	55.23703015699455	17.52686690423597
YCR073C	21.92963555	22.154247717384774	5.43480336226369
YCR073W-A	72.29294087355932	73.63338832211592	14.305630397066084
YCR075C	25.57429904077343	25.720192065715715	6.516894567682682
YCR075W-A	99.72466773606595	104.14358391960982	34.404548680354154
YCR076C	73.0343472367902	75.02590931661993	13.311392597712077
YCR077C	168.901560679893	171.3159769027792	28.672813875310062
YCR079W	71.8481236289375	73.23179691657177	15.957844069839377
YCR081C-A	1.8002470983791856	2.64090502755375	4.733069558413487
YCR081W	20.876814255816267	21.923472543418026	5.507161663661362
YCR082W	254.8185661818244	261.4402444973147	49.37849384840401
YCR083W	51.67061516764414	53.04579780955486	14.386094983955596
YCR084C	741.2272582525417	757.3555726933749	140.500105933967
YCR085W	2.103556734749016	2.61635253917104	3.0581211716464005
YCR086W	84.94317614491894	82.85486181604942	16.494910741127008
YCR087C-A	273.7316662390487	286.3904696897805	99.75022163753934
YCR087W	1.188196349481151	7.256674486015883	33.7571317119886
YCR088W	208.09302108815868	208.69466654180934	33.92824310850879
YCR089W	48.9658902006287	49.89117345886776	25.533904345257067
YCR090C	106.4979104908063	107.73442201681074	18.518245147035405
YCR091W	24.67094354596127	26.26012668022275	11.030018969945079
YCR092C	24.865878562411933	25.434958785738957	6.47449944145067
YCR093W	206.519409083962	205.81836785054887	35.33267808639026
YCR094W	38.94791662761581	38.65041093732248	4.947851826296438
YCR095C	76.07301162538153	77.07966403693803	13.069762578903084
YCR095W-A	41.52297801676671	42.14775523534304	12.615253663653007
YCR096C	0	0.0018928023102818394	0.0213307987285439
YCR097W	0	0.008666396264943213	0.04576228857922658
YCR097W-A	0	0	0
YCR098C	1.123944262276378	2.408595782911944	3.911544324750121
YCR099C	10.715228718313908	10.592242802683423	3.580232417857205
YCR100C	9.114649369566012	9.122721434662276	2.7756433782591263
YCR101C	18.9004811857754	19.68241944529807	6.031089954377902
YCR102C	172.90784419953968	231.54757494394846	165.49585627565088
YCR102W-A	28.4589198305018	31.257643480243765	16.19101646134567
YCR104W	20.88001641918473	22.651421462758318	9.636397097833532
YCR105W	1.39265046617739	2.3924912180095586	5.486916294700951
YCR106W	21.63417002951893	23.306404493630094	8.688339719626331
YCR107W	21.043485204908265	22.03733241193872	7.837317170755386
YCR108C	0	0.09837187788398462	0.2240041789153862
YDL001W	68.62393551747317	68.23683640059143	11.45992938641374
YDL002C	106.930158260115	106.0766990105348	12.78409138627686
YDL003W	280.37411540126766	293.01209830124094	76.68971106394797
YDL004W	212.01874442440732	211.67149416213852	49.095345650280485
YDL005C	210.1738157917461	231.591063569947	64.301585836367
YDL006W	73.76377313583826	72.60681028755236	11.240447580491383
YDL007C-A	0	0.0862987274370531	0.15364635766579424
YDL007W	372.2528185996753	371.8227944228237	53.160958124987246
YDL008W	71.9423693809315	72.27847869470962	12.517530620035746
YDL009C	2.013195145973932	3.1358113402285768	5.001518832563589
YDL010W	95.09068426520628	93.74336048982381	16.72736966293242
YDL011C	0.1447003000384296	8.44103410261012	45.970454680420794
YDL012C	827.9282316866139	823.2407857730283	128.04690850194064
YDL013W	119.01529753087432	121.56523165291716	27.7979533211155
YDL014W	588.2435005953807	593.5950499048791	150.6029683439779
YDL015C	64.50825318059883	68.14777860840557	13.911837241276947
YDL016C	60.2430533954834	59.13654578830259	21.08641882080691
YDL017W	19.68519274561423	20.276232795163136	4.438226011552924
YDL018C	61.52208283669273	60.287109169714576	9.699868805052697
YDL019C	82.05767077118466	86.7083569689457	20.467366983565903
YDL020C	157.57486740980366	178.34377947851598	89.34189670993833
YDL021W	18.64103609754623	21.20015509630374	11.365948464807085
YDL022C-A	0.1440866193741213	0.26040292124755016	0.3895794586210517
YDL022W	302.478281559803	320.1754949385386	109.23681319926986
YDL023C	4.095451310728589	63.866770874994394	335.6091164413926
YDL024C	2.672505403002147	2.9843458128022897	1.417787086014892
YDL025C	117.05239497962134	155.45608699996234	86.9673330271463
YDL025W-A	9.266597652706954	18.204451972295892	48.193569649503125
YDL026W	0.6123155236595886	3.965326896796268	18.38081411131612
YDL027C	59.81273545524064	64.1530268409085	18.699739571781176
YDL028C	55.9451095551181	55.9606660203529	12.714909633392416
YDL029W	102.451230555374	106.04147149209145	19.41350628700847
YDL030W	62.8658421219632	61.71227713952375	9.301039527720398
YDL031W	128.62560004979133	131.7754449351544	27.25931949582021
YDL032W	0.6653535871900863	3.5005630195061217	15.814249496806676
YDL033C	72.41658249235186	71.57658686783769	9.30578930797899
YDL034W	0.158292893	0.9911293998470448	4.352566640910485
YDL035C	97.41732392385846	102.83777374276167	27.853078145257523
YDL036C	101.5974318875487	100.97294429977744	17.65652444963772
YDL037C	75.50686274749026	89.81525368734053	58.17082578102824
YDL039C	43.65658030908327	54.45649736475587	47.62151700924153
YDL040C	93.30937758559207	94.55838797211365	11.230515875397785
YDL041W	0.4265579222330323	11.192294120802437	59.9605655876207
YDL042C	73.98700528249299	72.61490580812439	19.19519284539309
YDL043C	59.666958969435335	59.70875566467901	13.013311086133683
YDL044C	33.502129387793964	34.14800132654428	6.808054429693832
YDL045C	68.8586154003336	67.3680428684037	11.020290502663812
YDL045W-A	496.04471118028897	527.3938293002616	130.99178402389416
YDL046W	565.2970600407353	601.0965411645969	142.95193514092037
YDL047W	303.70724874340226	301.95898864749364	36.39016363669704
YDL048C	125.79290088533384	220.60396797473996	233.3601225790593
YDL049C	29.750928191638167	34.6098418490436	15.021022110631662
YDL050C	0.255028664375958	4.594269733093522	24.04877130417411
YDL051W	258.92982896614734	258.2817450443207	51.867342517267126
YDL052C	299.5775540304614	299.2802423119408	50.28854189340384
YDL053C	324.22283542585234	339.9820319934036	76.3919435678114
YDL054C	39.97765932563157	41.50470960371199	9.899414941533093
YDL055C	531.7183143072087	532.1379150660799	97.927007616437
YDL056W	117.539191565019	117.89191614292947	25.614026693666208
YDL057W	35.119684666278204	36.14771821019775	6.257587999542488
YDL058W	78.51156874425067	79.8509662529681	9.908285504770012
YDL059C	40.78090203157777	40.76769027425597	7.825222403959475
YDL060W	134.324274982744	133.90375729043126	34.740209121533084
YDL061C	1675.0592040268868	1792.9993646453524	762.8259026418086
YDL062W	0.1015869589811306	0.9374185723760567	4.541318000388564
YDL063C	30.684371884931835	33.11906895982355	12.388712759580985
YDL064W	169.1960615462533	170.3076587428348	24.24742490486272
YDL065C	216.59672456425164	214.30352450554253	30.278176580880146
YDL066W	144.406713998499	165.0136288297014	60.61766129569278
YDL067C	385.7209060965408	375.84971689853194	104.71713838896784
YDL068W	0.6679437314208401	2.833852969291298	11.952405071026503
YDL069C	29.0608638224523	29.27962516254678	4.525013216886318
YDL070W	595.6838623545129	621.5512565617014	131.3746235499641
YDL071C	2.71123861933121	39.10609955475885	203.35685121668595
YDL072C	82.55740161399616	86.70454729597867	26.921865999064764
YDL073W	32.321393806266165	32.92386907640505	7.597499669947463
YDL074C	95.77120352658368	99.51968892655144	20.326542163939703
YDL075W	857.5372787963579	849.4867066670233	197.0668951624601
YDL076C	127.22279306343836	128.3288753756457	19.84348713376019
YDL077C	20.5765271815833	20.727837279097756	5.0252755894787215
YDL078C	70.95159554974516	71.8031206933336	15.333753822469134
YDL079C	13.213739599597666	16.277257016609777	18.769897340263224
YDL080C	48.227391914139766	47.55345383736872	10.242990699520202
YDL081C	524.550004161011	565.4971716749076	191.77416199078837
YDL082W	530.5993371062443	548.3482473318413	153.55333266608355
YDL083C	915.4696406214762	946.3769054513704	385.4094353849407
YDL084W	170.35865589619968	167.61637392298934	27.27808443461261
YDL085C-A	292.42747333732865	294.753248530229	70.50096117208965
YDL085W	3.1198036627316235	4.295402185442005	3.3312140867909243
YDL086C-A	13.794029247891492	14.412592500654101	6.394321337137117
YDL086W	100.5437268669499	102.92816170553168	29.173146814207495
YDL087C	92.4119778128353	90.93816838064747	15.168682932274137
YDL088C	250.66868149219067	246.19030808728178	54.346662853884624
YDL089W	19.085514693500297	18.92413392022904	3.097533190262647
YDL090C	27.9239100277172	28.159789963035117	4.372610708725363
YDL091C	53.774463032780965	54.82467006967414	9.818911217547429
YDL092W	345.076343390333	349.72136934387	56.03646555516035
YDL093W	24.513600909936432	25.35208398730629	5.581094640139122
YDL094C	2.903084517785977	5.136840888368786	12.810775281520572
YDL095W	116.23493249862668	118.26345580833645	23.087404675746857
YDL096C	1.1696970070315	3.6962654786793783	13.926408614091187
YDL097C	345.4815684435773	347.0555137199108	60.34039348001886
YDL098C	67.81222426205564	68.41999911531296	13.203319720973106
YDL099W	433.0268571517463	434.93577728173403	62.901998363365294
YDL100C	150.971435134141	149.7708021899309	25.169100979554297
YDL101C	51.48832488777091	51.20658257181741	9.075382254799761
YDL102W	33.1602829722413	33.413804669968606	5.14062655800919
YDL103C	57.1629286834577	59.28889237623595	9.518277008500652
YDL104C	16.1260601827777	16.04912330865323	2.6374395596524085
YDL105W	28.696840957539365	29.178951381572542	7.022934423433238
YDL106C	208.39810996927167	209.05119167147603	58.77978901314344
YDL107W	42.81763396232417	43.69618689622068	6.566010581977946
YDL108W	72.0245483046759	75.72456872741435	14.955509902063879
YDL109C	26.53065920174033	26.146150817903003	6.731143149579576
YDL110C	406.6392338644323	461.85753692667413	235.6524848425924
YDL111C	126.24138558543102	126.80091512666289	18.73893407909995
YDL112W	68.1330906119277	66.87739609232142	12.651734759731731
YDL113C	54.03306984213743	55.21505308121015	12.375798354180835
YDL114W	0.3188499783853289	0.36118748921940924	0.2563798769236447
YDL114W-A	3.60240478148663	16.723419443053263	75.03954625471806
YDL115C	127.262914221095	122.62090415679731	32.36735979487229
YDL116W	107.294638873472	107.13526805671545	20.72692395442931
YDL117W	51.03637137379153	50.847165849578545	14.05206632093213
YDL118W	0.269501038153205	3.192810980105949	16.077083130646983
YDL119C	50.27286325673037	50.21206112868349	5.7850863065669875
YDL120W	64.983021466875	65.82818215004252	14.127630981845618
YDL121C	119.82088407941868	120.3150113742298	30.14337114810669
YDL122W	119.10926506241668	120.65219244367628	17.76132894
YDL123W	432.366876804347	428.60738014894866	108.41928223389499
YDL124W	676.1895659220246	976.7733346661643	725.8169734222419
YDL125C	327.734532468302	376.09561208247277	143.0571494364212
YDL126C	368.16237903856535	360.210793819407	61.61516527921284
YDL127W	68.92004759056226	69.4641043785571	18.316595492721945
YDL128W	107.12797952251869	110.35913769038798	22.322316758225664
YDL129W	60.00419773369354	61.15233416619253	18.351084879475962
YDL130W	289.7214556448613	315.4459142049927	114.22955850641974
YDL130W-A	501.1905572170344	551.8095356514052	302.18860995200146
YDL131W	98.55710674231908	104.51092790733253	24.347519358286963
YDL132W	120.64037355671368	120.38933837480175	19.59323437487955
YDL133C-A	1042.4425494379882	1078.5373601716017	469.33293400878546
YDL133W	70.3750159205661	70.89405402685246	13.770034243705782
YDL134C	91.78346222423352	90.64956639637522	14.7271807595862
YDL135C	86.4184370791949	84.96462790595217	12.928401139105727
YDL136W	488.7982553171264	464.8497071589127	126.53689930924638
YDL137W	307.883375303905	316.33129369321074	77.44154855720348
YDL138W	87.78308970394666	90.00047175207376	24.829808524517784
YDL139C	84.84276143016363	85.44228661206313	12.137480021290823
YDL140C	404.9800120142374	407.8684691437263	85.42539650269991
YDL141W	38.73811553559767	39.722784122469804	7.01424686478856
YDL142C	66.14381307848048	65.41837823944958	9.964424397511396
YDL143W	109.377353375234	110.66028908945952	17.123026081254967
YDL144C	123.066753058306	123.75693315052212	17.167469210369134
YDL145C	150.97754208021766	158.0966169366859	29.210943696538635
YDL146W	19.6447785699774	20.057655789481352	5.2770131596385115
YDL147W	369.4518881763467	363.6977633999887	43.30008401570707
YDL148C	172.18374727335333	171.30584242024435	46.743369098415435
YDL149W	17.528630084366835	18.743455436077394	5.431933327883539
YDL150W	219.583364171858	217.55621952297744	48.6663484606476
YDL151C	0.4180754748686686	9.223078060652897	49.042540586216695
YDL152W	1.6945451727429433	25.274441501458767	131.33149067345946
YDL153C	236.3139282593077	230.39686923194063	64.62442612568812
YDL154W	7.372884505384177	7.558828186494528	2.6402036449118285
YDL155W	104.58668867186675	106.29110419532016	21.919015712525507
YDL156W	72.32095711531521	73.32574860468213	17.44588228191982
YDL157C	27.140325959865237	28.36784660051308	9.623570078463146
YDL158C	3.2689282004166	3.818679849892299	2.635969179756599
YDL159C-B	0	1.5733008359966372	7.8444109948365055
YDL159W	51.1277242608894	50.042012372083484	10.293664940793331
YDL159W-A	0	0.6773973042494548	3.2665039041810213
YDL160C	240.898464340169	245.09699670855602	57.252108508713064
YDL160C-A	79.12071008724111	80.17588795450368	19.642895382701635
YDL161W	468.5141669138083	469.97538212064364	97.50577038420461
YDL162C	0.6121232005413667	29.613777784659195	161.28442873788907
YDL163W	0	1.317083650381269	6.831797525384904
YDL164C	55.1798009624005	55.54486534695926	8.618888987689695
YDL165W	82.82380043139217	81.16166534420162	12.928939414607136
YDL166C	68.7036722266542	67.97610553903732	18.30512518767539
YDL167C	156.48518078179998	157.9481923307591	41.253440675620254
YDL168W	161.855465145612	189.80936440909753	89.20240787068761
YDL169C	33.14604736125623	36.66273612867046	15.611476275972315
YDL170W	41.266676352147165	43.83181807018024	14.100777724886225
YDL171C	37.39267618020447	41.69899706906577	20.60010226243524
YDL172C	2.3341907249505733	11.006252786751624	48.48753968436402
YDL173W	395.61878191775895	404.32367403146793	68.71108493098423
YDL174C	56.20281275134264	72.1099068845037	41.87770105935902
YDL175C	24.7622153765611	24.967288110681363	4.769216490748021
YDL176W	34.03051963722053	34.19148748981535	9.428727001145125
YDL177C	169.50065494916933	177.6109446217328	34.84511497584187
YDL178W	78.68249448323273	80.10652334067338	11.63849798899747
YDL179W	136.81941916181367	136.31753260731398	29.97290897171803
YDL180W	57.0106715128992	59.78616866897084	23.325408257004426
YDL181W	78.7017952853725	104.37331207715485	104.1857049302948
YDL182W	198.1936321865257	237.12084262841205	108.26965015794293
YDL183C	23.7352416848767	24.41632326404564	5.975543974819212
YDL184C	759.4885331648596	893.1614315972316	538.8226298575245
YDL185C-A	0.2750475969289323	4.153731007904775	21.513401374174286
YDL185W	122.476622645021	124.47219646838214	19.878697419811182
YDL186W	0.324946931019742	0.7943186322289615	2.55757274385939
YDL187C	31.84865213408137	31.612527021155127	8.679465614748075
YDL188C	129.699182927971	130.3635857471499	17.065314296490104
YDL189W	133.14836173802166	132.84110850526474	17.55317736410666
YDL190C	93.75208635259024	94.79778057941253	17.096791202353938
YDL191W	1149.30239535949	1106.3299844707594	387.576219442532
YDL192W	267.68023990454566	264.098916988108	52.210838593935435
YDL193W	39.21043789492247	40.85910636064512	9.268564641723414
YDL194W	22.152179425781537	22.29522687166797	6.167163088595847
YDL195W	445.0519419766633	464.3672590138674	118.41531557901295
YDL196W	6.513451500226769	13.747165875619547	38.044083445235124
YDL197C	83.7610610856011	85.61159335159164	14.20749115469991
YDL198C	90.72519259847088	120.71540316355586	85.6156647362536
YDL199C	15.229586382156931	16.21764096480329	5.337196798274863
YDL200C	72.63663567069496	73.85756396845667	13.073817168414443
YDL201W	153.26471324692534	154.456580370077	39.67812932958424
YDL202W	93.05796025906234	91.534179946317	16.65500625487023
YDL203C	80.4166007997855	80.58524544342171	13.074305354127226
YDL204W	50.442950618156765	79.52615019649842	95.42675704062131
YDL205C	231.790283422911	247.97401874347747	64.00914269726783
YDL206W	11.913807328778468	12.197208612265412	3.7871812568580223
YDL207W	126.867814772492	130.78105130966767	21.24860103899144
YDL208W	274.3793005349473	279.26524976107453	73.56182386454802
YDL209C	69.1864079779957	70.25386348002739	16.056511884868083
YDL210W	0.7731313551991773	1.005463983308625	1.2883713507890682
YDL211C	64.8311503429858	65.69894777165193	14.975245236982452
YDL212W	61.38430385126724	62.92717202339006	13.746248242746256
YDL213C	427.3631518963925	424.3525834353898	119.13548839674667
YDL214C	2.471165072124553	2.711875428641837	1.0930159713760617
YDL215C	12.041672310714633	13.030170003227825	7.118591022364051
YDL216C	53.7216216506872	54.393614407959774	10.56066330931155
YDL217C	137.38722514744498	135.64319127925344	21.47580568826673
YDL218W	7.151984336766636	7.30576700849775	1.9996080309124233
YDL219W	55.08041497396897	55.75082318076661	10.363134366718175
YDL220C	41.23492398512323	40.740328980860006	8.17918775318294
YDL221W	9.089678138834486	9.62623573921243	4.147553696709277
YDL222C	29.511566545524133	38.85207998063885	28.685904847627203
YDL223C	26.686662470732237	28.65932583314176	12.583302732838497
YDL224C	239.9556069674917	238.129310919991	68.17694744139385
YDL225W	183.09062442259165	185.7824178461037	22.701218784541627
YDL226C	214.74276150372168	218.571076757678	36.208857603853495
YDL227C	187.30767736241765	185.62092090104855	40.39896024677456
YDL228C	0.34324687560639	5.890148015090783	30.860163119061788
YDL229W	223.56295683926533	233.81878228505846	64.18863005773284
YDL230W	84.0680835869302	82.55721206948706	11.15888123184227
YDL231C	43.28359029678089	43.05348347263434	8.623928048471443
YDL232W	452.5955604657517	466.58907516245324	115.30103953721385
YDL233W	58.25298703636554	60.218809003775284	11.913315541066314
YDL234C	76.83245408409017	77.53986924169581	15.347112460166283
YDL235C	199.40778349561836	204.13681119876614	41.73416029082205
YDL236W	65.68588238723133	65.98720407896003	8.800503570597884
YDL237W	42.51347188954293	43.002777147841215	7.124476683025782
YDL238C	22.834272163296664	24.298273724664558	6.701639732827425
YDL239C	10.77910394399262	10.770857043482888	3.34587365400292
YDL240C-A	0	0.5120893578965667	1.4686709385589538
YDL240W	50.04684391959893	50.15967975109191	13.084215907947462
YDL241W	21.305811845392032	21.094498241651767	7.469838453819343
YDL242W	1.5515931298073011	2.4931331787253552	2.409652643714735
YDL243C	58.307717061510736	89.46267255330055	85.93256413335034
YDL244W	0.4180479686587743	0.4727201632411322	0.2550206043785863
YDL245C	0	0.03823183512530755	0.13461408065419284
YDL246C	0	0.04049751470452666	0.08781738016937186
YDL247W	0.0798263024286179	0.08970746759108196	0.061342252790984174
YDL247W-A	4.16509188232158	4.699498582908548	3.0488325080800878
YDL248W	5.89549520597743	6.070281084879637	1.7078573685478795
YDR001C	100.86491675966948	119.6848570318806	46.114540627132634
YDR002W	176.78707082910933	181.4825218194432	35.51827321151686
YDR003W	114.84740043423557	128.95215640606224	40.68731198524074
YDR003W-A	45.060392585915736	46.827073814740054	17.15559421506679
YDR004W	48.3165612150481	48.87379981648766	8.340632392761297
YDR005C	56.23840760399463	57.47180488331431	13.26239664768959
YDR006C	280.1602775604443	279.54321237911006	69.26617506320547
YDR007W	0.2263580419427686	0.25763588014459704	0.20293016995924001
YDR008C	0	0.03154097970522864	0.08404340307566012
YDR009W	5.413424637515317	6.872776530152063	10.611286827677265
YDR010C	0.6952229105203079	0.8781294370029331	0.6569889166044358
YDR011W	143.644681360999	191.78957495952872	132.7521664801913
YDR012W	145.74372647807067	145.94723120654604	31.478038540949886
YDR013W	14.839451376225702	15.580372729694124	3.432149327420062
YDR014W	21.44324712024697	21.933634932043347	5.253484024037165
YDR014W-A	2.4673183826255136	2.583658110446824	0.8924523554876337
YDR015C	0	0.2038704069886852	0.7629469979315607
YDR016C	110.9290820042612	109.62953922525007	37.096211022370696
YDR017C	61.21884854447987	63.15684824781986	15.535169554537356
YDR018C	4.495654035738684	4.926388218352326	2.1455440218344517
YDR019C	143.97737941332898	155.3451410777247	68.39372207391975
YDR020C	63.67595804829934	65.05267704333332	15.809150661328985
YDR021W	45.51207529358363	46.07372779756722	15.349830707586891
YDR022C	28.467426028103933	30.444905797021498	10.012634448173184
YDR023W	183.02721652576895	183.45712263488264	27.449337162970025
YDR024W	0.6348578730760793	0.7990540421447567	0.6232082190256599
YDR025W	767.3328039429101	765.4274495084561	218.64207382269512
YDR026C	85.89346695336003	89.79498331346379	20.24933865528896
YDR027C	105.26338216355218	103.02216668066475	24.14471814954559
YDR028C	129.94643939892856	131.68150522411824	23.018246452118333
YDR029W	0.6498420816676863	22.449208060547193	121.23331883644515
YDR030C	25.74467146970273	27.093824549325436	6.122751770178487
YDR031W	25.788079448749368	26.74197749484952	8.53933494305278
YDR032C	97.0141142527332	107.9092792288754	48.18215096508968
YDR033W	137.37130291438032	152.10907396542888	59.27964465899953
YDR034C	96.64446719236042	97.28928017450149	25.501714790960587
YDR034C-A	0	0.057755335728867395	0.15316230746784945
YDR034W-B	5.471459169468504	7.156658254092029	8.033984264934881
YDR035W	278.85334513842935	339.2184038885803	152.64239860793174
YDR036C	77.05004319402623	79.43003535429877	13.871646978398376
YDR037W	552.7077852806543	571.6459306039836	174.5090923410108
YDR038C	5.591371128157033	5.603600204838836	1.2692234237004496
YDR039C	0.0596367697217712	0.07525309743260174	0.07041105947360825
YDR040C	6.2082894757421165	6.714005236128805	2.438948854833668
YDR041W	216.04007069146	228.87033863059517	50.328140638580635
YDR042C	2.7290092696556827	2.8512652452908074	1.0642528445084471
YDR043C	55.9432107206865	63.218055756134675	26.830182666100292
YDR044W	75.54313443117918	75.64492900801379	15.498484953807564
YDR045C	94.56678522561997	89.7780083691995	16.186138148779825
YDR046C	216.25691528532437	227.44443040083087	59.71291392467737
YDR047W	77.95141214056333	78.26760415185302	10.457168107589961
YDR048C	0.256302997486634	2.050192070363861	9.855358355344322
YDR049W	85.86339182990976	85.54145900660691	13.540795123089158
YDR050C	683.6665594508657	710.360413434435	212.52201546569313
YDR051C	109.46874938801268	110.74156174005087	18.852765408719677
YDR052C	143.87629638150668	141.14922478323444	30.73882611735963
YDR053W	0.3484719958944693	5.29891310934627	27.462324175852842
YDR054C	343.25792479885735	345.2498668526449	47.23100356996692
YDR055W	296.33788772956865	313.50481999326774	76.21855570961178
YDR056C	135.32369111536568	139.1601960795023	20.85871373465495
YDR057W	47.81142016676131	48.60466511787712	7.008485794564415
YDR058C	25.4993542621038	26.520919647810253	6.461180057728726
YDR059C	99.47037925167042	101.30273757270908	25.989548874585022
YDR060W	208.53826589545065	212.61271782556332	48.792312523089315
YDR061W	71.2078600197696	70.93845130180813	11.394877916583408
YDR062W	139.10736620730265	141.16714649180685	22.05867818634448
YDR063W	157.42742748256265	161.11706833319445	28.136103359274742
YDR064W	337.70244886930635	334.73795156459266	87.07508269025656
YDR065W	27.148569002133232	27.778125702563447	5.470988981666762
YDR066C	15.792087176127	15.949365052837262	2.6653812581666485
YDR067C	85.38882950204207	84.20197325128255	11.018821188095377
YDR068W	258.1660651924397	254.2402389368207	44.89264061070787
YDR069C	46.4874395217513	47.337272996740815	16.723073946923435
YDR070C	17.672274423121134	47.49602285952606	99.80834545278891
YDR071C	213.84913569567632	214.51575428851237	47.867017504499564
YDR072C	58.66942094255533	60.958629535618236	15.896141207440337
YDR073W	122.406250721746	126.0562293573427	28.36152024485265
YDR074W	200.4899441781523	244.6306609378097	144.04574989379952
YDR075W	124.13362444563832	120.8721656899294	27.081422423663458
YDR076W	34.12407704280337	34.29841497713629	7.683314683366685
YDR077W	5914.212324706768	6620.637501019568	2924.1355224202725
YDR078C	9.754711715620846	9.623450956002232	2.530951442971976
YDR079C-A	143.13602491586866	146.02159118990554	51.997052901247336
YDR079W	86.25113206108067	88.14788472480447	20.80066749894766
YDR080W	57.4255333305148	57.712344300323174	10.292340411997666
YDR081C	84.99257380705484	82.47937922282414	16.048454841858433
YDR082W	26.99785116536684	27.553352250931777	6.755558280055205
YDR083W	229.46824541876663	224.53843995343541	57.077620819740254
YDR084C	84.7613493811237	83.78921437571492	19.40302614006169
YDR085C	15.112174668805832	18.494127029965533	9.768725624140414
YDR086C	1443.0595182197333	1460.6574266104453	309.1538930222168
YDR087C	119.456288317252	116.92940660736718	35.64597884654327
YDR088C	121.52413281072968	122.08198431790527	18.688399740058202
YDR089W	38.01739956694343	39.14401768176553	12.157471876595848
YDR090C	44.40282013818933	44.21788391746327	6.679965960396322
YDR091C	39.14836582383887	41.56526598942206	14.645230448614239
YDR092W	264.79849852006566	277.1142031154252	60.207859723528
YDR093W	46.36432444102374	47.23689178013859	9.395925139680362
YDR094W	0.1037776875855296	0.15258521472517642	0.20871766090901842
YDR095C	2.4237835196970465	3.7704285865887983	7.039455670542158
YDR096W	76.6397959600714	78.82380846760046	26.22012342311806
YDR097C	68.71182976013627	68.58526184030389	12.558813582617653
YDR098C	309.98828546209035	314.3719366405777	50.8776503796559
YDR099W	369.40841658823865	371.90012351521545	67.4435614409728
YDR100W	177.04897343391733	181.97626798315812	43.41579428257851
YDR101C	135.47998222351066	141.7082665837605	40.26104591339301
YDR102C	7.856408530646604	8.519304400490375	3.378431719963999
YDR103W	92.23434669699088	91.63219824032886	24.681454860399782
YDR104C	26.30434223352493	26.159007738064265	6.116533304208733
YDR105C	43.76336646158223	44.91343207310995	7.8600068264855745
YDR106W	6.5117215817842125	6.511490341160795	1.2469600693363327
YDR107C	17.056674258278502	17.923078578016717	3.5377546271447216
YDR108W	27.0655176037816	26.694531532341887	4.8013048743486
YDR109C	34.545996428581134	34.71425607076312	5.931298802647863
YDR110W	61.87626627004551	61.62315653277958	16.119591729093262
YDR111C	71.74620084058238	73.5335211431446	14.636103550089723
YDR112W	0.1963476943151714	4.187901091543946	21.953143211622777
YDR113C	110.54339333708236	113.03787577167013	23.098755735697328
YDR114C	0.165659905604499	5.584993716072685	30.018480233495186
YDR115W	170.73420538500832	169.36984207152628	38.38799647490548
YDR116C	165.39150866556932	167.35772938665926	19.242482888409278
YDR117C	70.1928509435312	71.6427438380875	11.152446330112195
YDR118W	15.230059028183137	15.32604681675279	3.2127983088521046
YDR118W-A	3.344477114151727	3.560642057478846	1.7008217753566506
YDR119W	48.52294078757587	49.81686159434415	8.890499502247247
YDR119W-A	5.532434781662263	7.669055790832946	6.880221912752336
YDR120C	125.70468695552933	128.0556093874082	28.017764836347286
YDR121W	198.18556846792868	194.77137503230924	36.57823665499647
YDR122W	104.706879316491	107.26713256026336	27.05601925537965
YDR123C	238.620242715277	239.0262704378904	56.065859006786184
YDR124W	23.264300301173336	24.880728622656733	8.79222863783417
YDR125C	14.153337450595568	14.639098769719407	3.591485424588049
YDR126W	16.307744877348835	16.200488224668554	2.516104868851442
YDR127W	77.07229242476718	83.7248740742128	27.866635244737658
YDR128W	57.2899865083516	57.90145271235245	10.288846409412782
YDR129C	169.39120334169866	177.62346410832936	36.52753362897772
YDR130C	100.71984238044293	102.7230034693913	14.905080281543723
YDR131C	29.8477810025218	29.7351220608865	6.791969489664937
YDR132C	63.837535890682936	85.1357119540759	52.633586012189696
YDR133C	1371.6946481882633	1493.2705196955005	541.2739707270842
YDR135C	129.664947446224	160.36421385532594	85.41590297284382
YDR136C	0.5163562174496913	2.1446395322632874	8.90566332594974
YDR137W	50.0192351980783	48.699985463976354	9.01013991923843
YDR138W	63.19266793138019	63.41530597723256	14.231244517683965
YDR139C	300.5239554189413	302.62579212978153	67.43750712250929
YDR140W	192.01880781762463	210.04334450894854	71.68449515113781
YDR141C	49.79478318860254	50.445464949417314	9.021065805210018
YDR142C	44.56736845344244	45.75211305121923	10.485282845146127
YDR143C	196.758927450899	193.64472630913153	49.244759356320195
YDR144C	77.57457973173577	80.2159641618505	19.07808598901557
YDR145W	365.029493782829	364.8047118631481	49.57598122075356
YDR146C	136.25175100358467	141.8607808550074	29.196621600748447
YDR147W	62.44298811320673	61.94918184802281	11.384460750674812
YDR148C	69.97433138808273	73.10644501054433	19.64216938704623
YDR149C	0.3588131825461482	21.836373294819943	119.82984176231517
YDR150W	85.85037770332379	86.35535416874666	15.065285609499886
YDR151C	98.89778236325787	99.79450854260836	29.846557605489878
YDR152W	334.18843239889435	335.216013912571	57.71694244211907
YDR153C	215.4371550793153	215.6892785459356	40.893827294489085
YDR154C	30.229457703516037	31.828541522186722	18.181653212378205
YDR155C	310.78479651367167	326.9638727583155	120.77316753509122
YDR156W	344.47124813239134	348.5662433200428	113.35958011522611
YDR157W	6.982230461830253	7.693662407266643	3.7462872793504127
YDR158W	68.63817512424914	79.08424135573016	31.166925207336934
YDR159W	74.8173174358937	74.18107017089203	17.85972639874559
YDR160W	40.07591263016924	40.627226520605134	8.119125444003465
YDR161W	106.5013577815222	109.86179690006963	26.16828800443687
YDR162C	269.822377171937	272.8577229656593	52.10339414615399
YDR163W	550.776578888693	560.961021603822	154.0395456842825
YDR164C	46.85107668525984	47.850500595413955	8.232613510229958
YDR165W	115.5942711135636	114.61443013224358	31.196982619466052
YDR166C	51.91008118821296	52.551878277776474	10.105104140137021
YDR167W	336.54233712130696	324.41016948327	142.01080765265218
YDR168W	228.50609038831308	228.31142442257408	34.556138680867846
YDR169C	317.88352829957967	322.7333587926546	81.26565153305178
YDR169C-A	10.0663153574762	11.41432731494925	5.944799224747209
YDR170C	117.425401341968	119.49961069195169	20.331650718249115
YDR171W	247.16388872050604	348.54783825005455	300.6450471488329
YDR172W	291.9284527092827	295.82813097063803	46.37308172768874
YDR173C	23.129582809739933	22.982681545426423	3.589196349471965
YDR174W	169.59700934219867	174.71438547634236	29.07768909989872
YDR175C	113.37323198373667	113.52121044739398	15.566545102652736
YDR176W	155.31790601660836	155.4822898389676	29.826677217062723
YDR177W	219.293057831094	219.44930067036321	33.15197726251898
YDR178W	134.53884472214045	165.14711740994798	106.02294099026473
YDR179C	44.5895102850476	43.71829584784565	11.831865007627297
YDR179W-A	27.28968573812507	27.049281931770913	5.279970648559457
YDR180W	16.772011455682133	16.851152149040267	4.3755387741585325
YDR181C	70.9791783878738	71.83158622626487	10.905918590643969
YDR182W	111.395891664065	111.24368854109477	16.68635511370664
YDR182W-A	5.917376428138627	6.027761381712803	2.5320098402525306
YDR183C-A	0.3455176706531137	0.4646799602227421	0.44398431193775967
YDR183W	42.47294980397553	41.88723898234516	7.305776479288348
YDR184C	141.43804326541067	141.77478168992278	44.44841399175239
YDR185C	10.850513327885832	10.912464471598273	3.11875541254095
YDR186C	209.57081035044237	211.52704040853823	44.009033525519804
YDR187C	1.132474026150335	8.970385694360417	43.7549262107678
YDR188W	201.5423741828297	202.50889357204497	26.515333952619613
YDR189W	141.09019775365823	140.16967910830914	20.668015430131938
YDR190C	230.743764841188	229.7929012101278	29.42535977826675
YDR191W	17.138372806067068	17.578021712049562	4.350532665220411
YDR192C	52.9921267334494	52.2946709842261	9.546919207181304
YDR193W	0	0.6599036977097461	3.2343474942054344
YDR194C	263.89909142693136	263.65809589892774	43.49364157816258
YDR194W-A	0.6328317761433927	0.7278463523521038	0.6100170017862035
YDR195W	40.134892102399	40.58626705088122	7.078197353721738
YDR196C	77.2350881230081	76.95030854502528	14.195894847611045
YDR197W	83.37622444451607	83.4136963350926	14.11451706533257
YDR198C	34.938603592017465	34.69756511469657	6.2185527484340355
YDR199W	0.5906235339218627	10.208629331028622	53.64819030739974
YDR200C	115.38407440698968	118.6569116425576	17.043877182267618
YDR201W	99.43290341423308	102.2138608119942	16.754116760261486
YDR202C	45.2745031172266	45.16960970902771	6.372722151587284
YDR203W	1.6199315653028474	3.608910650949617	10.818549336899679
YDR204W	36.65428741104083	36.42620441864695	7.60248804595023
YDR205W	46.26077872366417	46.02297124200901	11.494275488874088
YDR206W	47.8654056841906	48.269578071473276	11.326671532817603
YDR207C	155.266420097752	156.53023636514766	26.0303513084864
YDR208W	214.890232885307	207.80895657053642	50.49105124570448
YDR209C	0.1952090685037013	8.51291849854163	46.20524014146321
YDR210W	270.08540962243	290.9895134950883	98.38097233233961
YDR211W	57.476783157422325	58.7489096033199	9.469344545814625
YDR212W	69.31981003289006	71.76826777538253	13.34514694814763
YDR213W	60.3023114369222	62.57269417620499	16.281635168389776
YDR214W	184.605494747192	200.48976089155659	58.931746146096096
YDR215C	0.8656275743870183	1.415346420708838	1.4025494624824726
YDR216W	26.612707461951363	32.462205252327635	20.34363399618018
YDR217C	57.046209797437264	57.98772177714344	11.60230509366756
YDR218C	0.5822050901764896	0.6271479368246529	0.40265949973588416
YDR219C	59.01646038057216	59.62536034771479	12.056578438338613
YDR220C	19.694822977501214	20.572993846117654	8.773297640110663
YDR221W	80.0687139416616	80.84557108804542	11.943973809235048
YDR222W	16.474015731781	19.59316861015185	11.752775976897441
YDR223W	3.35363168528207	3.5524435006873807	1.06781717381965
YDR224C	791.0590324490153	796.0971443142864	244.79501262278416
YDR225W	450.3657059665813	465.5890705438915	145.4807713870375
YDR226W	180.05433086814597	181.44721659496457	30.28062788179992
YDR227W	72.26420499120184	70.07275022964906	17.085688514996143
YDR228C	69.71630364490385	70.0106808593255	16.596531949190553
YDR229W	181.73142935657305	181.32595574186163	22.85903509073676
YDR230W	1.215366083961658	2.7318544836666336	8.234733484782522
YDR231C	90.98165768620795	92.9294948533019	21.33257005558711
YDR232W	139.64122571538033	139.87498912174925	39.37292031783878
YDR233C	344.588710668431	347.09582063397653	66.99097274658892
YDR234W	50.96894859135244	56.246495485030536	25.397434797984
YDR235W	31.2698006219058	31.647617057317	7.02859073224178
YDR236C	34.839727093014666	34.90508174537522	6.054660275617712
YDR237W	69.0801060633258	69.08372679232623	10.611696719727481
YDR238C	114.59812731226134	116.3115837587712	18.429260263734427
YDR239C	56.78126971104016	58.81692853772874	10.675556276380863
YDR240C	41.54861001620326	42.29289179077359	8.436529004968962
YDR241W	20.540020387302736	23.125941623393512	11.374928659889646
YDR242W	19.91819270031287	19.8631739334716	4.8250726019100485
YDR243C	23.414984694044964	23.61826151390547	5.398189107463108
YDR244W	94.7953239911276	93.87136220923576	14.545772236164291
YDR245W	115.4407231	112.95229560168916	19.259848217036325
YDR246W	311.556751991959	311.7133402849158	39.43643810206602
YDR246W-A	58.28871774991077	57.49362226423882	13.870356779083934
YDR247W	44.2412702939273	45.809716546880594	19.607520241926746
YDR248C	106.081367524132	115.8058015286884	40.99584673725541
YDR249C	5.860127652585497	5.850304904794723	1.7631504135818494
YDR250C	1.1651000462387433	4.59773712817168	19.228070895556808
YDR251W	106.45440173299193	113.83981750859161	28.71114531485737
YDR252W	24.341715222113702	25.46700330071236	5.460803894738465
YDR253C	6.203975472873424	8.058774045480462	6.654245219483311
YDR254W	26.216118130738906	26.268863763620296	7.276427444135771
YDR255C	75.8520224201308	77.02740324758433	22.588579333395458
YDR256C	2.685968732325529	3.482975426094545	2.670162052551923
YDR257C	35.877775483833126	36.434321379031644	6.910418599802231
YDR258C	74.29643132303435	92.7034979133754	52.143507969263936
YDR259C	30.640652395763897	31.389779579724106	9.470080839120097
YDR260C	243.885620068254	244.49746920974627	32.6947426925022
YDR261C	41.482735027180205	41.644294709457625	5.950719259587357
YDR262W	184.46820950069164	193.61283209235728	40.418267239156386
YDR263C	13.4984913164484	13.806998181299747	4.509838426816257
YDR264C	126.593731367049	132.8493069731782	48.06731966169343
YDR265W	66.47567413858964	65.3432533654133	15.18332887439921
YDR266C	160.113057289558	163.57141132556544	33.406716641307476
YDR267C	76.0038150828166	76.04087498960016	10.647844845596717
YDR268W	38.341763277664064	38.383232991225206	5.151870223376829
YDR269C	0.205716524377381	7.287627149649025	39.295288964429695
YDR270W	147.361432948398	162.1061819727896	101.72994455061011
YDR271C	1.1031714906031755	16.26613421782363	83.12828707399346
YDR272W	104.54989055317796	106.58056732158175	25.361570463710144
YDR273W	18.91317355493733	19.334518555538782	3.9900882882661057
YDR274C	1.3810687675348217	13.31430913122759	66.17933899121846
YDR275W	116.35613143063568	118.41958276791723	21.69778494496468
YDR276C	4006.76449391351	4344.678974226061	1482.7424371892478
YDR277C	90.953319838804	131.02229829212837	105.46436959729733
YDR278C	0.5333371534956933	0.6464614476445382	0.5126278291610963
YDR279W	101.26409294893443	101.77036948771467	15.097181359272502
YDR280W	490.70634910671697	481.29405572718105	89.22852425357947
YDR281C	237.9995615603733	258.1797414854994	155.57145149743002
YDR282C	36.32381288665986	35.713943049511464	5.866222591511854
YDR283C	35.58947251322207	35.7681552232448	6.433548260131069
YDR284C	77.07309859083743	78.70175733258849	17.175841048913465
YDR285W	8.965663713631388	8.756967736455644	2.077990045558192
YDR286C	31.43081464582423	31.948372353219128	9.111192369152796
YDR287W	51.66504979843489	52.46451335639605	8.52585437474962
YDR288W	54.9663362315193	55.512166670673615	7.08849499832337
YDR289C	101.6983596706749	103.21729999455066	13.730522795343102
YDR290W	0.163451415108072	6.723003110533829	36.26950551900905
YDR291W	31.94488346238693	31.551124057494853	5.646039527681139
YDR292C	218.17356383620367	216.0445594867052	32.483975509470746
YDR293C	200.56373005507132	201.9778721393803	45.45470299405238
YDR294C	72.85788890677473	72.08273099872713	10.71832495828466
YDR295C	48.9206914238126	47.7493796398942	7.848847031519222
YDR296W	260.92318654560603	261.4928590986146	56.921603160287
YDR297W	108.93673959434396	108.53769617534633	25.474266265784156
YDR298C	51.30734896359351	51.37050488373066	12.170145406055958
YDR299W	248.5937015723167	246.40547478965496	74.59779352410825
YDR300C	97.6919669223866	100.5343575234633	24.66615264025717
YDR301W	66.89039029074937	66.08918781178429	13.384664325406042
YDR302W	81.05405096833225	81.73243745038764	19.27768193670576
YDR303C	58.88608652546126	59.18217783983397	13.971659749336709
YDR304C	214.71557975518468	222.2324049837176	45.694733965754935
YDR305C	69.09969599559963	70.64106024177022	9.155690917651945
YDR306C	55.291600208781496	55.789245150930505	9.962796635928855
YDR307W	38.85968235932097	39.66967925538311	7.828776123982203
YDR308C	188.56635008262236	188.22552650883566	27.522113087676907
YDR309C	383.1745406494693	376.3536550954107	92.94551083647167
YDR310C	136.35455434184067	139.83666666460383	28.885741066394186
YDR311W	58.5840646088026	57.47095412430669	12.449126945962252
YDR312W	89.5353896793748	91.1219354733668	20.44872833669173
YDR313C	37.3399260486804	38.619841231062644	11.021430710093234
YDR314C	44.978642736198566	45.82526872704878	12.774828329945798
YDR315C	17.826678777619968	17.868095095213953	3.7475658290114127
YDR316W	148.00957487580166	151.86403821189288	40.60812990561709
YDR317W	3.948467231945987	4.215575066340688	1.3754046985657251
YDR318W	52.11025794543847	51.98625769415848	9.102192853600064
YDR319C	86.46414442250557	87.52304860923914	15.959076074969747
YDR320C	64.60601759191663	65.97430810641877	13.265608681475024
YDR320C-A	528.9543009248546	541.2767881221229	130.90034466361953
YDR320W-B	8.32592834916788	27.474534055926377	105.20296889779927
YDR321W	53.81078743024167	54.70905918172703	10.804635169104316
YDR322C-A	211.72639900424835	225.16202494937306	73.01453072624355
YDR322W	73.6409433029897	72.92461000219205	11.377465988605422
YDR323C	20.5621288978512	20.547588380314366	3.855174538258548
YDR324C	108.05443158238768	108.43028819682598	26.94986598786899
YDR325W	39.689527139961065	40.86594644158571	8.134085915142858
YDR326C	90.29708271386424	90.27570789453604	22.29299907472151
YDR327W	0.5400670450677933	4.451081534308951	21.62309366653152
YDR328C	257.121601045897	256.57752834452236	41.688408801955234
YDR329C	78.51058336343873	78.08621773028277	10.850495118292462
YDR330W	130.67270527433632	133.57070093349924	20.047617626849604
YDR331W	85.78635088195318	89.1338297554423	16.83958607728359
YDR332W	18.40882841994113	18.082074550466483	3.7269274715645886
YDR333C	62.20880941908567	61.14927922415158	13.112898407763046
YDR334W	112.376056408164	114.5362567533145	22.14255420158106
YDR335W	81.05118863705627	83.0818054749517	14.324030336998442
YDR336W	24.4234143245052	24.880689316124514	3.8789547630728585
YDR337W	103.1689835471535	104.34920018057669	16.906279820427
YDR338C	24.1249910796032	23.124412461219546	6.31702242381746
YDR339C	205.9626907081887	208.9027555214179	44.318947502041645
YDR340W	1.2245530334254555	1.3676215217360215	0.7670477795432756
YDR341C	173.16180614711166	184.7012306604071	45.77416899345963
YDR342C	11.907033518441317	26.257462063945145	35.80149195496949
YDR343C	1.3368620874926145	2.613733883571396	4.169610244380552
YDR344C	20.213268231186635	20.50290500053726	6.103518501005797
YDR345C	382.3427284457263	395.25393629537143	115.48152121007591
YDR346C	136.20469130926767	136.1662294939136	21.397781919113942
YDR347W	94.99108344873578	95.80593634093503	16.975638601553
YDR348C	165.07199086638167	169.21419902866936	27.311946389007733
YDR349C	59.0818472882353	60.36877221566869	11.749122365063812
YDR350C	27.674484091575632	27.442264582107043	6.1797774390225415
YDR351W	76.0613203465309	76.406201545371	20.59124810752028
YDR352W	59.62631234349673	59.73290509936956	11.910763190071535
YDR353W	760.5372799867054	1008.8821490632113	578.8570883560706
YDR354C-A	0.4114653106646533	2.835735301166545	12.931969055777953
YDR354W	101.43733812004552	107.27183838499475	28.53188438751728
YDR355C	0.2775782575153098	29.61504909917561	163.39757549668693
YDR356W	91.20149726397854	92.44889441059091	24.049562422078683
YDR357C	135.83835278391464	139.29652093274123	32.28678226242404
YDR358W	76.3875401280295	77.7017029730771	21.443635122726775
YDR359C	115.91150025008666	113.8394878508338	28.878341528486107
YDR360W	0.206413667761581	2.519374305008973	12.842813662943742
YDR361C	103.38831056000195	104.4161057914195	21.141678803174976
YDR362C	37.471291039306806	38.22081339826055	5.882989025795993
YDR363W	70.51491300201702	71.45993083551043	12.272776496499969
YDR363W-A	2017.7576320658168	2085.515418848225	466.9076367409406
YDR364C	60.25708728566966	60.13696037861973	9.571835234101489
YDR365C	263.908467551705	271.75696916236683	71.10023484893746
YDR366C	1.346110342680041	2.1752756288772233	4.239938482890376
YDR367W	30.155325449822	29.931212814055236	4.860944693498417
YDR368W	126.38437546197402	139.81012614323944	43.81640296328129
YDR369C	19.8086100915981	19.67640126432416	4.52226386961932
YDR370C	36.2434423632615	36.35120114255075	8.567364031136554
YDR371C-A	0.3627966839703433	2.164692830711603	9.69794577304129
YDR371W	24.3996399825391	24.958911497522337	5.044634230847561
YDR372C	167.280678334523	168.8150127834158	22.158880387915893
YDR373W	48.972393202083765	48.897448610243	9.852732010060237
YDR374C	0.0947844880972123	0.11116753699178984	0.09988285528508552
YDR374W-A	39.03906696278873	40.23774966860591	12.558050552456242
YDR375C	57.1549596759719	57.57614220189917	8.400173740789205
YDR376W	43.41018891547257	43.681761820767385	7.1299220261749605
YDR377W	143.50528493215032	148.6684162813194	37.49079097117833
YDR378C	282.48322933994604	293.87046793507506	80.436697331555
YDR379C-A	50.9874768002546	57.56929584211593	25.826811481264354
YDR379W	72.12900399820796	72.94103525608122	15.026975854394529
YDR380W	86.27267067728876	169.40071278679613	195.08093327124973
YDR381C-A	108.54850333616469	113.73668910345103	24.278140640929585
YDR381W	257.00000933107	263.97227255572994	69.63027972008929
YDR382W	677.673777067655	678.1129489393924	198.10666140786486
YDR383C	122.73052023060168	121.59808982621499	27.93213543426615
YDR384C	80.1600310398174	85.11501809715567	31.92268587684903
YDR385W	67.10813931501713	66.31235818432081	14.14493335747801
YDR386W	34.720193689432264	35.79315667536584	5.971259025642348
YDR387C	16.3630772298163	16.10194514478791	3.9575035185548426
YDR388W	341.30169510410866	340.5083236480038	55.28629303067646
YDR389W	146.78980383992135	143.43755089316988	37.31188967670275
YDR390C	98.0998919787648	98.08445658844825	16.066398286066786
YDR391C	42.72265075646093	45.846257440450444	13.978999917978866
YDR392W	91.19711905945316	90.7466788409024	11.33529577577186
YDR393W	130.717554984379	130.19137658045534	18.232441925445304
YDR394W	534.2627646862127	544.9503568265751	87.53310610516084
YDR395W	71.6654096013982	72.90348213452472	14.72189424800983
YDR396W	1.104502121773631	8.65853609791672	42.037779112843225
YDR397C	368.0256811206127	380.8829389458762	106.27907337821433
YDR398W	152.78691664012365	153.06870474623264	38.92490320548413
YDR399W	166.316419372545	165.81128347053513	46.76261689608989
YDR400W	39.10880628494983	41.02413155284045	10.548188667441359
YDR401W	1.141280877899412	1.2389021892029513	0.5913944903347095
YDR402C	0.5373281333144794	0.5629571147714584	0.24196262655593584
YDR403W	4.283886823802433	4.314976431462285	1.123470372658266
YDR404C	96.08587673752383	95.34743469830606	17.755872869424373
YDR405W	344.3039580702113	358.4672670736146	57.85161246383806
YDR406W	40.63110563298933	44.57952107690293	21.308670035205278
YDR406W-A	0	0.26592847993245833	1.3852574084731337
YDR407C	58.19939336338384	58.1007036301476	13.617387215366843
YDR408C	160.540673636661	164.0481422999053	34.21726742224734
YDR409W	63.27895060142043	64.57957907070019	16.811259951425626
YDR410C	70.00495788319533	70.06100560921209	13.226581756606073
YDR411C	158.9286969143927	174.9345219321107	65.85555701528294
YDR412W	496.0625460710097	499.1206559165639	107.30744689319474
YDR413C	1.1419360069263331	16.63654982298759	86.65061443793194
YDR414C	19.094501184912165	19.469741536386664	4.257190331367256
YDR415C	73.61220696084483	74.14731791681271	8.829849451505597
YDR416W	43.59310910100053	44.899225779842986	13.653479547411017
YDR417C	1.3572398651293085	15.01524809691978	76.39864697227199
YDR418W	610.3365329098636	599.7589881397518	140.95222366364877
YDR419W	36.109598486108375	36.13686931909157	4.725096592129872
YDR420W	126.253872076043	121.87054851846587	40.38823047936396
YDR421W	26.493385130550237	26.78245492719137	4.437644722
YDR422C	70.63856276429055	73.63905290542702	16.233325927685478
YDR423C	219.62454947207263	215.36844955914913	53.01569778868734
YDR424C	70.26172918774182	70.70367873871088	16.244746046161474
YDR425W	81.01164583694276	79.83131488484186	23.79239646664944
YDR426C	0.6090239873903043	1.0746724470963316	2.5491519178171167
YDR427W	273.418803541685	276.03959792387735	53.493536429067206
YDR428C	10.252754130732116	12.159777995507644	11.743214312058033
YDR429C	279.5337873647623	278.7760330747969	48.5108461838334
YDR430C	59.92649927551006	60.17147709932951	7.741303880504606
YDR431W	0.4365113766527783	5.833565222798601	29.916234659894275
YDR432W	1438.6626996289667	1469.3909747811986	241.02636434050035
YDR433W	4.888213607970257	4.95925108892172	1.7064745473078282
YDR434W	52.78320691528361	52.633190389277026	9.3943935750047
YDR435C	22.64082803192313	23.03491992741814	4.407159764295834
YDR436W	58.51578093255747	57.57748022662182	14.553297828883803
YDR437W	96.94689881877508	97.80966766322102	24.26870428043589
YDR438W	16.8995715373031	16.64132214937098	4.166451355283758
YDR439W	34.66566985888746	35.2198909944661	6.463156651669669
YDR440W	63.413291925450665	67.70430697597298	15.398861509721492
YDR441C	118.63652276721932	122.22821884893396	35.027189499608006
YDR442W	1.2139150353385866	2.9416342779826445	5.576455673018579
YDR443C	49.401836256310666	50.08429912900887	9.37822316226786
YDR444W	78.9095488218614	79.03775037816166	16.657730054169164
YDR445C	0.1452230508228183	6.634693087561881	35.94151652139853
YDR446W	0.93740538182078	0.9509465793349972	0.3732693074409423
YDR447C	267.54604532402703	267.1593555027044	83.71428398946455
YDR448W	99.19952936255834	98.94567919616397	14.693308178571769
YDR449C	88.32040262282158	92.22107501876874	30.557764716281977
YDR450W	242.8243800538652	253.60204209261707	77.25458408154921
YDR451C	123.68864100131576	124.65061816502921	23.024271192115336
YDR452W	209.78552335581463	214.9044944491125	44.8659833295451
YDR453C	44.0178587892624	63.75107699036429	56.657425244723214
YDR454C	97.6745258810157	97.32486878184206	21.05586145472844
YDR455C	0.1439646246127486	1.7488367671955118	8.753765017900648
YDR456W	43.12382216709603	46.50474639519274	15.095549535254957
YDR457W	87.37641993559562	89.36572124728922	14.272977713113082
YDR458C	59.61568676914519	59.94100146979131	9.317487463941223
YDR459C	22.177334414150465	22.38017239391311	3.98436903860666
YDR460W	140.583722218937	144.0164302671548	29.462151307043236
YDR461C-A	94.73539493868644	108.28865669429702	52.8085303713092
YDR461W	9.966169514530456	11.378819991327623	6.884738493491985
YDR462W	334.9366297869313	342.886604154492	65.50772079648458
YDR463W	173.10941572680966	175.11446890505195	28.47515232774168
YDR464C-A	0.2069321793290043	4.155080161184165	21.57125725207273
YDR464W	129.65437920944967	132.86106461818363	24.756818102675798
YDR465C	184.95808818426065	189.86682390564013	59.431306174520124
YDR466W	110.543911818911	111.38588877191007	22.467149772619038
YDR467C	2.5225226635899287	7.75609313283328	29.039487933857874
YDR468C	406.8580595874926	404.1185227880404	67.86044726333239
YDR469W	164.88185253662868	156.65782501757536	30.26313375630271
YDR470C	41.78475528512187	42.12282759609222	9.3920751773858
YDR471W	680.912817001729	682.0684473071199	157.61966051856956
YDR472W	113.12568339309333	118.21602611760463	29.31621452909569
YDR473C	130.70470624854002	135.29286796811874	25.080182919235604
YDR475C	82.20397162614357	89.52972537063991	22.194561815357268
YDR476C	164.77486403162433	184.70127806026747	88.39402433136357
YDR477W	183.340658396017	187.32545217623016	29.679037309279725
YDR478W	94.50386638396608	92.38402333654695	18.780216626612457
YDR479C	43.33680601820786	43.54803498422801	7.716760653898066
YDR480W	121.75133166284267	129.28937232520232	33.27022216473139
YDR481C	155.80103947618764	152.82250712157384	39.3624246236104
YDR482C	263.11899410939503	266.3384450843899	59.53118356906985
YDR483W	216.24072442389365	215.3348347570731	32.64594585404731
YDR484W	21.278945733298432	21.57688601959553	5.512142789426354
YDR485C	116.43626700749832	116.44665172285039	26.359063151667225
YDR486C	282.4156424256473	280.1214766500127	45.98868409748126
YDR487C	256.16027300625166	268.34944244231735	83.6188998319128
YDR488C	47.127171092733214	46.57123110772021	9.7522056853247
YDR489W	53.243541134794405	52.787580441576644	10.437074076112534
YDR490C	54.281135700177565	54.24387758359606	9.814991637288541
YDR491C	0.4833552388250546	3.3316241736437147	16.130215810824428
YDR492W	120.63497958918867	122.8911624986953	31.746435881065825
YDR493W	86.96132417398547	89.33226968302012	17.996450389580048
YDR494W	252.5085570719203	267.7972443798277	71.38235206297146
YDR495C	47.60740878019226	46.986233385711905	10.2367115665667
YDR496C	137.92961997731598	139.70188975352633	36.69360654664517
YDR497C	1588.9073747765533	1581.090427861048	484.8106574805678
YDR498C	112.524968016769	110.98705318047098	14.961048070296135
YDR499W	55.20998304263414	57.38748756267535	14.273463790188147
YDR500C	605.2512347453576	596.9367643399529	189.10424557469338
YDR501W	20.005385880657236	20.336891189690007	5.115577238588537
YDR502C	230.34938080192904	223.5746777068968	62.45711355834851
YDR503C	19.788840490055733	20.54142022884495	4.467919111954443
YDR504C	19.298290211383836	19.76427392762327	6.423912034400011
YDR505C	91.56151793076386	90.18576023200855	23.691301962432842
YDR506C	27.1530790910964	27.513874978342457	4.937422255231523
YDR507C	100.78579787398496	103.40275541816443	25.136072112497207
YDR508C	328.4976983096417	343.1400674329045	78.87445657982018
YDR509W	1.5852401339812363	15.006017657764021	74.0039619807052
YDR510C-A	5.45227313551684	82.80643800550877	432.99485196979754
YDR510W	2798.112932831647	2987.0009863710193	1109.7443186474727
YDR511W	101.08456060055283	100.1792954333914	23.777304893227544
YDR512C	290.122279315261	304.4229505326813	86.77853688909288
YDR513W	131.574030875482	156.0843140755152	94.72668610146722
YDR514C	137.05179509404434	137.1799569668945	26.036334027819198
YDR515W	87.33844695338026	87.4022237796383	18.58340352372765
YDR516C	50.08834072170741	55.12945053033206	26.392879374304094
YDR517W	193.359110257139	189.59251151978785	35.68557726360585
YDR518W	57.673620314398704	63.29969311638207	20.57376668705361
YDR519W	107.92016796315475	119.76109356267142	49.88994904639759
YDR520C	27.9075180493182	28.324137179025264	6.823593538919482
YDR521W	0.1625328813302826	1.319324060218445	6.217417230110892
YDR522C	0.1131197580605243	0.1432367184543347	0.16376677647974117
YDR523C	1.091324200165794	1.1845539617191017	0.4570901231014863
YDR524C	71.9626244830036	71.16798081338739	17.195847527237458
YDR524C-A	0.3136168987506093	0.3861785294714238	0.4721044841885785
YDR524C-B	3972.7968322208094	4354.402586923996	1671.9906106381861
YDR524W-C	4.809939777788747	54.274951776981595	271.9668549946693
YDR525W	1.44903497625398	1.5522583932578393	0.7461704509334894
YDR525W-A	85.06852625980339	86.33209131426536	16.919511541871355
YDR526C	0.6690942713514879	7.449396131768597	37.86990831185655
YDR527W	207.07210119026053	203.83699406224932	37.67357462973646
YDR528W	136.76161181652768	143.96939302761209	49.872780751574986
YDR529C	534.1351219183081	566.3370262948389	188.35570675805727
YDR530C	67.30739041717909	68.53558741375076	11.51821536739503
YDR531W	32.31920523189468	32.35482107603736	7.009583529594717
YDR532C	95.56815202855948	96.26902151003868	19.150717613211594
YDR533C	158.053734770075	200.4135813310414	115.83126322952076
YDR534C	261.084382543989	498.7520204900095	658.6115140670553
YDR535C	0.9094075490707144	1.636320655035059	3.2849374010170242
YDR536W	0.5680801339691923	1.3335141222202136	6.497327053002992
YDR537C	0.7368726506239952	1.599493285279324	4.787981562406159
YDR538W	32.10803063029324	32.621732208861	5.028862360455731
YDR539W	38.493323276127605	38.36462132581932	6.678225236098436
YDR540C	36.02054122326536	41.09523780066187	19.789377336853704
YDR541C	22.6294117349368	23.70417977746587	6.222377922518999
YDR542W	0.4858226854625596	0.5145347883307659	0.38155438164646704
YDR543C	0	0.037079001430729	0.09044449064800834
YDR544C	20.77871104707043	24.604931224045995	12.468463969820819
YDR545C-A	0	0	0
YDR545W	0	0	0
YEL001C	254.8012396731864	254.50915785264306	42.889123398865706
YEL002C	71.03835277570447	70.77342035333642	9.744845465673526
YEL003W	223.76378604712235	227.77097361085893	70.71077427466464
YEL004W	14.6102424563304	14.7079489917303	2.5619528610997855
YEL005C	42.78170227925103	43.79502249655245	7.594067947112822
YEL006W	60.59558807879597	61.05737953779727	9.49886913717672
YEL007W	240.4662781201733	234.32006194581356	66.26201360812625
YEL008C-A	158.73645950958965	155.4267834529782	39.92269300825677
YEL008W	12.869012254126453	14.228148453123733	8.340935950424013
YEL009C	646.311963225236	703.8176218362265	317.29480109432603
YEL009C-A	0.78665885475232	0.909448463233177	0.5274926189849587
YEL010W	0	0.09124586689619688	0.12811616446713528
YEL011W	17.342812524329233	24.79230277063925	19.64350642057278
YEL012W	112.08901131786502	117.52861579593286	35.25756132164162
YEL013W	69.64836958933402	72.07838185895629	17.1342199357277
YEL014C	0.889162915378217	4.028637448620899	17.029197212269956
YEL015W	258.1645462344815	260.5531750809309	39.858822838882936
YEL016C	80.63609224606186	80.69119432294737	10.670957305573864
YEL017C-A	511.0965352601143	638.2791320579685	414.08115802698575
YEL017W	128.64764263353467	129.7920404230845	16.929947492155527
YEL018C-A	0.446863538215917	23.47833171845222	128.29225941546585
YEL018W	201.9338332384773	204.47539524458924	67.35032767490898
YEL019C	48.03903401886173	48.4259699573738	11.458170980901778
YEL020C	26.789180916436766	27.3184564825624	6.487525767773902
YEL020C-B	2.334658710495138	6.082831732412744	20.19614099316808
YEL020W-A	156.66262659713033	161.8310393527088	59.68454486816738
YEL021W	6408.572914164611	6233.783129620817	2839.23460876182
YEL022W	73.43750505530417	73.43989069730523	16.102297845101216
YEL023C	12.7380218995662	13.13908160315983	3.9569978995589734
YEL024W	41.9253834024237	49.79296827063461	29.025906287595102
YEL025C	25.86540214566543	26.51389029098973	6.407784127202537
YEL026W	537.7103610195419	573.12332179888	172.2046752663765
YEL027W	275.28325666358734	270.57132686538995	42.001673326774075
YEL028W	13.012919871926266	13.071875917942013	2.5590383274660247
YEL029C	100.91942123204608	101.40353080227457	21.865378564944248
YEL030C-A	0.0462266812752035	0.4820706712975519	2.013678356500009
YEL030W	12.1784377400279	12.518734156822438	2.695011866911259
YEL031W	52.47371819626864	53.60026284844267	11.191922966196188
YEL032C-A	0.9198151682251916	20.106271812675516	106.46893361847339
YEL032W	133.27115152647636	134.1690099881214	25.73043319425779
YEL033W	17.536874649901232	25.14718983421505	25.20469124034129
YEL034C-A	2.708153277876303	17.675258257020296	82.11761505430069
YEL034W	690.5644862040926	703.5081889129771	182.74839060462935
YEL035C	1.2503259890426024	1.3847299057846916	0.7733681711800646
YEL036C	392.0222786465607	406.19669518667	70.4063785140368
YEL037C	451.04658093516	444.65946716128417	61.53638025587499
YEL038W	42.2470796183919	42.79083363470586	9.542624434910262
YEL039C	62.5826255963302	82.87331122982688	66.89311528129814
YEL040W	938.2361872964648	925.0212274673736	234.8120826569149
YEL041W	7.958041686031464	8.390578900405302	2.301841913681998
YEL042W	152.54961899400033	154.54654687397328	27.022148108720987
YEL043W	105.96190008352796	106.22099223967811	24.396542672166603
YEL044W	289.586739558298	293.54758818686065	68.97744577786486
YEL045C	22.9583794286868	28.584395311515042	21.167754596634925
YEL046C	549.873121000306	602.52111806364	211.16318597395653
YEL047C	70.62859861940656	73.45939718677859	24.859167251349
YEL048C	14.15456954029394	14.467805370768211	3.905559885498431
YEL049W	1.280022700496959	1.6348813210402195	1.4789893001969547
YEL050C	155.88456610463865	161.79767428296262	27.58334613460485
YEL050W-A	0.7295043260417367	14.96484314604435	79.02058919298888
YEL051W	119.178903439036	119.8085774724479	19.755983036958238
YEL052W	35.28005592574693	36.83807531970065	11.922599837946368
YEL053C	50.4943823258196	50.2150590845724	9.886954487502264
YEL053W-A	1.1568156856680036	17.841254082964312	92.7842719645975
YEL054C	656.0925528612097	662.339955392322	183.73148845646315
YEL055C	73.68050685652535	73.45659683190968	12.971868541877736
YEL056W	129.583581401456	130.04214006365487	20.299989156590183
YEL057C	3.464862027544024	3.736509403619684	1.666460284043031
YEL058W	45.199920833898936	45.75340005342398	8.425258463053025
YEL059C-A	137.932526693528	147.4434986061789	50.281654358688485
YEL059W	3.513817231622188	6.671243016155257	14.348750091046863
YEL060C	283.36048861949	310.85349777041756	119.89832151666623
YEL061C	96.89706020925784	101.20901932149084	23.318008456106757
YEL062W	32.944269966717535	32.549543361516946	6.891105604009913
YEL063C	119.77266849498636	121.6840990697953	36.043941404659286
YEL064C	13.2276618661297	13.689513661071139	3.1791914592970896
YEL065W	319.25707177746364	324.2953075491752	201.00195837242967
YEL066W	72.57638636447817	74.27795017575566	19.876161939029384
YEL067C	32.3536326262442	34.236621661020855	14.73050655149124
YEL068C	41.908746153349234	41.69911142790947	6.46656399928768
YEL069C	0.087742189552164	0.7767648202727938	3.7908412581835353
YEL070W	0.3285668618835493	0.35485891657221463	0.22249359353102383
YEL071W	432.491042792104	420.56494519853374	111.67946022262934
YEL072W	14.538902235166836	14.672947892997536	3.4142282359830034
YEL073C	175.62606319726532	184.19179282568658	77.32481774330029
YEL074W	22.502818309728838	24.348449915335706	10.495083515460784
YEL075C	0.5544156629811473	0.6238934410523329	0.43676562254443263
YEL075W-A	0.0441277765120453	0.09485629413786069	0.2036479333729675
YEL076C	0.2103778088684273	0.2631570202359417	0.2708212087111767
YEL076C-A	0	0	0
YEL077C	8.900518775285178	9.25125831731893	2.6169718406109577
YEL077W-A	0.5488672661994211	0.9945095781589691	2.3827164435306307
YER001W	82.13988152672607	82.57190993510049	25.63696162105686
YER002W	755.10351579257	747.8967781856488	200.5155759843634
YER003C	177.58308371056086	192.68709699621775	54.588779133565815
YER004W	170.817621242796	173.35035999728169	33.1423777232576
YER005W	32.9682652393977	33.39558595529179	5.957428568890423
YER006C-A	2.3798112743335404	7.034941605299631	26.29274638707128
YER006W	125.89290802488364	125.15860096468694	31.086691374023715
YER007C-A	175.81356154101798	175.3771170054957	30.55147189339803
YER007W	15.4453879803083	15.958290320939264	5.987231960026081
YER008C	137.98011466795035	139.27526727225478	24.215458489957946
YER009W	70.37307349949369	69.54345662729581	16.954704790314874
YER010C	108.872976977994	108.4661795673283	20.627368678705718
YER011W	37.996537945933	71.490352876103	120.4750007671964
YER012W	383.47203854773306	380.52820706182877	58.82169827950914
YER013W	56.09457125745087	57.420121458979665	13.353845519050774
YER014C-A	0.7092293745158492	1.9213939486115863	6.601168457461354
YER014W	50.81602244742106	50.53946210663761	6.694471264680868
YER015W	9.83246526652092	10.41782397059722	3.4989229914480475
YER016W	264.22317727028604	268.31303668311483	70.40190484244867
YER017C	74.52021593775119	73.47875618469592	10.197368440859458
YER018C	94.67352418414202	98.08141160242249	21.85897237087061
YER019C-A	295.17158131928767	296.2183295559106	87.85478120073577
YER019W	95.06804762420349	95.80966784540823	15.837971336452688
YER020W	226.50192197561609	224.82296368302397	44.50244072272051
YER021W	179.68843312249467	183.1169223430634	29.87700921856464
YER022W	58.2912614595644	58.481440791642	8.821904797201109
YER023C-A	2.04354025242144	5.722309363291862	18.544438520343707
YER023W	114.75507966976134	118.54008193627271	26.26076266301738
YER024W	22.27811023682677	28.942524503921398	19.422391071085105
YER025W	870.4337873089722	904.3969420222184	183.5536371443579
YER026C	430.21690195577935	429.18968342700384	118.43810982988342
YER027C	134.02208848632233	135.41664063660892	24.155389797080957
YER028C	37.4630333551184	37.48328865082359	12.756859516344202
YER029C	323.3096430214203	318.01490899556165	52.51685592546755
YER030W	967.4422281216762	978.2164894811445	210.39655298252353
YER031C	237.62455144895668	239.19091720386416	29.44946121161234
YER032W	108.1268423519586	106.96687625772583	29.334641854815924
YER033C	57.557321441816896	58.69625700372214	16.90425989002143
YER034W	216.9741955469013	215.623159294133	37.17800695989403
YER035W	953.84299697361	973.5882957602636	277.9532051362972
YER036C	169.92096016330098	173.51545111867804	36.99212638485935
YER037W	71.2429397277072	84.14943685458096	43.680501549567026
YER038C	15.834244377532734	16.011915343261414	3.48323686898359
YER038W-A	32.15428644195894	32.5456561256539	7.539039468203711
YER039C	6.314969810553806	6.934837910419134	3.9755243496011325
YER039C-A	14.8859319615336	15.957477262129595	6.455210514935974
YER040W	143.38484772299634	142.3997942329856	42.01873958058738
YER041W	24.7164200150888	24.485691049257664	4.806718102159991
YER042W	8.668372108192212	10.066683539926869	5.215713698724519
YER043C	389.48185781958097	388.641247146445	68.49267586553096
YER044C	55.1041133840638	59.788254904440734	26.59243419430469
YER044C-A	4.58846679171923	4.869684548778601	1.5543594184920362
YER045C	31.15895082523609	30.535437225009684	8.3144478866862
YER046W	37.62512559374803	36.87048159715998	9.571980123311166
YER046W-A	0.271136651218608	1.4987164732693996	6.751956470915876
YER047C	90.42133806905464	92.58817700615168	23.450942019255383
YER048C	228.53554653465636	232.11885846359075	31.522118733529176
YER048W-A	655.3938568908484	639.2579792106711	183.31486253109398
YER049W	98.03810752357828	102.22488099596265	22.333791029316586
YER050C	336.52047746367936	338.5742884770699	66.72499624345905
YER051W	36.85549659812714	38.06957414057518	7.246512294374202
YER052C	139.79184124900866	166.7237916976715	80.34172238663682
YER053C	32.627756493693305	45.887408858450996	38.07362179217085
YER053C-A	76.18721410925613	218.1334247637592	403.2211295747259
YER054C	11.568951667400356	16.44958032192966	15.38820533842764
YER055C	300.5854524925373	333.21610450919434	130.51358864262897
YER056C	185.29524862977837	187.7228668172584	61.808436016655506
YER056C-A	1922.2845425934968	2027.9457349184386	637.8870726157398
YER057C	228.331897337132	225.679870004538	82.2704807682651
YER058W	138.08999672828168	147.34450250022198	49.84030012694332
YER059W	88.59301275450366	89.79177894221144	16.107095881705334
YER060W	18.77711243552213	19.521355686066347	5.715238423615534
YER060W-A	2.5449961167853017	3.940434345521903	7.109943342995895
YER061C	28.489835898268467	29.32114329796871	6.440466315770673
YER062C	301.32673634458337	335.36543787231165	197.24485586936845
YER063W	248.09775337118333	247.5883591191318	47.576305024662894
YER064C	342.42327901047	345.16736424452205	108.27049348171795
YER065C	17.558864631896867	18.148067732775992	13.315356908416605
YER066C-A	0.739400140760255	1.242125400596048	2.6055872369449817
YER066W	10.821629401808512	10.980852384080125	3.4499686543942865
YER067C-A	0.652779930684462	2.7104858739934685	11.30441573594582
YER067W	137.90697681448967	190.86248376135492	179.20330351618048
YER068C-A	0.3674705103626586	5.634341297480027	28.92259667252744
YER068W	290.4643975843657	288.27107026312575	65.56690604352046
YER069W	43.62956455737029	62.566855859522825	52.58067426980884
YER070W	277.84020521575763	289.44482793403387	91.47477327079564
YER071C	41.7492491289741	42.3587144834011	9.896436233694626
YER072W	716.2407577622038	710.24185985557	198.07746734055195
YER073W	157.365130019038	175.52841521573785	87.82489127139768
YER074W	357.65004281336405	358.8729253228189	119.69380648126841
YER074W-A	270.7570553046544	281.1226617469407	61.322857169438144
YER075C	55.77248052869013	56.08957899465248	19.416866920362143
YER076C	14.886048697738469	14.766627231929439	2.3910419401130945
YER076W-A	20.5662794250406	21.203169535235254	8.204199437749232
YER077C	65.5234904441103	66.49284391774864	12.613648434177323
YER078C	32.4025048711308	31.800136242329213	5.286185866915572
YER078W-A	3.4866353985747938	4.183137330233649	2.8617332289419424
YER079C-A	0.7584413315143267	13.455950605927102	70.7576892420353
YER079W	134.62133973541498	148.62319710149433	50.85332785403856
YER080W	111.50313044292534	113.97601064143126	17.080469862261022
YER081W	35.50574757246302	51.7304009056465	45.049185829923566
YER082C	138.21999771700868	138.90632389012768	33.969036397122125
YER083C	318.3223465322933	316.9219778300737	47.30082298371593
YER084W	15.893129881967832	16.542835002762075	5.244718243100877
YER084W-A	0.2935704011266683	0.4965393844971898	1.061177410419439
YER085C	5.362510829420053	6.007162341710547	5.521809785246613
YER086W	97.08866207443798	106.96324721097017	34.55865940978763
YER087C-A	3.89391710091461	5.370825838016277	7.032378810639704
YER087C-B	372.16731273187	360.44777845489625	74.53434842879118
YER087W	41.920865392538765	43.08545865431551	6.735016166378149
YER088C	369.42649840239136	371.0625652632467	113.42377732787229
YER088C-A	20.722736180096277	22.318872364758498	11.549704162079559
YER088W-B	14.618939616213966	33.115487306746545	104.5861696254158
YER089C	75.21730859555355	77.31375677205561	15.812124948262115
YER090C-A	0.4749156264419933	11.702152294254095	62.26188355950372
YER090W	126.77310748235168	131.9354186452534	27.193665507382946
YER091C	136.9589088726283	156.98560429311016	73.48556110339528
YER091C-A	1.24319739075865	1.4352986039421014	0.9446878020620448
YER092W	229.79535854616768	235.26674252931667	47.3365095432267
YER093C	61.59330495081877	61.81400817428785	10.110621614864863
YER093C-A	101.56140619414128	102.82994096685597	20.39787660396854
YER094C	456.76792931734735	463.522918314958	84.69330223745573
YER095W	50.41536961194053	52.65665480806277	15.62404113564275
YER096W	2.6702532039243603	3.134409023505566	1.8654089652233
YER097W	16.69350256216769	17.75122930479137	9.109545893377533
YER098W	20.825603880799097	20.901073980039413	5.516395517561701
YER099C	45.069359556211936	47.40860601171563	14.89742622064867
YER100W	281.96244831822366	280.5832135056828	29.64479138891268
YER101C	18.088645305855348	18.38898397990349	3.1039029317819486
YER102W	460.79602430190766	459.7950414936112	138.77827231405297
YER103W	30.2700434937358	44.19177788020164	37.35579431474123
YER104W	31.832079228270867	31.28617618160747	6.5597740588548055
YER105C	78.58891622809067	79.00529757944457	14.26242258179558
YER106W	2.209422838237637	2.423877686820358	1.2970099370324524
YER107C	99.45711440402506	98.36672905638228	15.236036928972036
YER107W-A	0.2039349834158646	4.622382566886934	24.409401560201474
YER110C	106.53139945693545	106.48709980318564	27.38182108169372
YER111C	86.9565953771601	89.15319810701962	24.852910821877796
YER112W	230.06667838304037	227.26748939925767	43.492850539995686
YER113C	34.6144632149516	33.82596319156388	7.523105109625702
YER114C	104.57445580551868	103.97867397886114	17.811666995769954
YER115C	57.8541731020487	58.01269530450074	12.972382460201485
YER116C	112.432915194842	112.59661319839128	14.990042962004207
YER117W	656.1908779172113	680.0776230938415	278.8938352898741
YER118C	113.81039626644632	112.73361015321397	17.87144441403722
YER119C	59.79743732911174	60.33837889388351	12.310500819542069
YER119C-A	2.137074762477763	37.05226204897203	194.32542302018322
YER120W	1292.7261224537133	1328.4758093118926	268.24954667833504
YER121W	24.85177908425653	27.90579831758973	11.929110914410597
YER122C	333.37533401312766	331.0120389445048	37.75688579389932
YER123W	87.65454815642863	86.24456923079117	24.058788154502665
YER124C	168.41896185928067	170.91007198911478	44.64417355725187
YER125W	115.96617119619634	116.9217686043016	23.266165505564274
YER126C	360.58238914317735	376.836185091809	104.95354635165178
YER127W	263.00006191896733	266.1532647478944	75.20941550599707
YER128W	42.91233818973333	43.318416579095135	8.106256034552473
YER129W	111.63275655069867	111.00645109337012	26.417064826945587
YER130C	138.267456177531	148.49489416811258	56.858046137119985
YER131W	1077.6540440687097	1043.3265742885676	280.08004687521276
YER132C	82.9083578047419	83.09365908236735	21.187452674410892
YER133W	336.28032697031966	341.6602086751346	41.74243747624107
YER133W-A	0.1942036371708643	2.079044548667065	10.361322377125195
YER134C	89.7333967219859	89.98782157200196	15.821017834388169
YER135C	0.9712509099406784	1.2031856946551147	1.1422866861475724
YER136W	253.15016725130235	259.8464588169095	61.249052187983125
YER137C	43.4986910508489	44.3561573518696	10.758884853593424
YER137W-A	0.145647101111368	1.9296977895448737	9.925631302719529
YER138W-A	186.374508271258	198.25730022406603	78.79024852161744
YER139C	127.02037363549732	129.96513107673272	39.48055380282311
YER140W	27.5968295029469	28.035778374632397	6.08500429735594
YER141W	50.362043467679634	53.313958130889766	15.525100214443334
YER142C	38.04582636689977	39.072884605904726	10.221805701257662
YER143W	102.0299756	105.02603657294084	20.291857586760898
YER144C	73.43909157143723	74.9149385054149	19.088548912608612
YER145C	579.5421220713928	630.0953673181738	396.63893346257373
YER145C-A	0.4948206885286027	3.2232819631160177	14.88077152504336
YER146W	271.490223575316	284.3848726899175	88.40798740624034
YER147C	33.22719177653463	33.604575493511604	5.760319958384851
YER147C-A	0.5674677838377603	17.44091217938337	93.56687789251124
YER148W	261.67670045917833	264.16045672603934	30.619298818239255
YER148W-A	3.737155510333317	4.882860069066906	6.334754711658458
YER149C	61.97045406360326	62.691261518156416	9.134673313411415
YER150W	62.45999446124368	128.94090344743003	193.61928514734296
YER151C	450.77745425765335	458.0938316923702	57.83213782434257
YER152C	167.91843187304033	168.88788510776777	29.09940717700218
YER152W-A	0.4603868153401453	4.0252851654137265	19.649273033005638
YER153C	34.49271662106163	35.01765109714919	7.988629675863021
YER154W	152.816310472782	153.35563216822527	21.88194002828987
YER155C	87.4482425253708	90.21166451162863	20.27880973033661
YER156C	135.446685903183	135.3002692793278	50.001740040139175
YER157W	39.5919690291004	39.60687942357225	8.379711436689577
YER158C	50.50016649738431	53.7570479334178	21.134374171591254
YER158W-A	15.023333314732866	52.16887382872951	197.04745178474477
YER159C	1363.6906307911734	1373.7572860135306	204.41020785970255
YER161C	209.95701152802636	211.31770937187756	34.33830313003945
YER162C	55.797914888097466	55.891257519890324	10.55686245932114
YER163C	58.555770053558895	59.216297171886566	10.844301502548335
YER164W	84.36151227305311	84.3231279890807	14.6334709908296
YER165C-A	0.3382100818564606	6.133771351942577	31.863473784618375
YER165W	203.96468936107803	214.99879042256728	43.8270590054458
YER166W	63.20359867082734	64.62779730315158	11.405230133198485
YER167W	87.7343793217622	87.52942939233627	19.39786329460529
YER168C	56.71652063699784	56.97020210607094	9.423594756780847
YER169W	91.57042514084137	93.05742445802612	22.171106537816694
YER170W	47.900195295367126	48.3667932979588	9.392511042684736
YER171W	43.1746638389217	44.554742452434105	8.505001308178512
YER172C	50.3818666763291	50.34536374432193	8.243881090131563
YER172C-A	0.0915204803903883	1.4136356378307982	7.372167182087208
YER173W	22.519306521360164	22.952906595167676	4.621562326784757
YER174C	34.86240485008663	36.93330905161466	12.717176468238346
YER175C	122.17475839422536	123.48191098172799	42.01009296715542
YER175W-A	70.0074391102467	80.89073659184149	44.369365839608825
YER176W	112.41427552978368	114.6659890443668	21.932290539191534
YER177W	2711.786632632973	2777.4403454057815	640.7960040557709
YER178W	95.93164692955168	98.84941577015948	20.017331716258106
YER179W	2.0138180969342203	2.5966220233487505	3.127813866893631
YER180C	48.74159095865003	50.08148029546975	11.548697007095939
YER180C-A	48.9600847831691	50.79252430911962	17.876101427428246
YER181C	1.0097468951320068	1.0595260939669537	0.5977100056378207
YER182W	66.55544673206353	68.9723198912432	20.540390641832207
YER183C	49.60148970829331	51.49804409205792	15.093134683516697
YER184C	10.752959572389534	10.594715980371948	3.1118207095575383
YER185W	3.3572418850735333	3.4784478128122034	1.0572900622281243
YER186C	22.3931028665718	22.846440281315786	4.204620024976717
YER187W	7.958613235370071	8.066138302884998	2.10779480506049
YER188C-A	39.61164430594027	41.79842943071303	13.868130795905003
YER188W	5.966430967403873	6.133532261546138	2.0296753965732384
YER189W	4.716499304922681	4.6342160184998	1.9763992904044616
YER190C-A	0	0	0
YER190C-B	0	0	0
YER190W	0.3204103786869157	0.35214706394958833	0.15805109977306175
YFL001W	66.3657042898419	66.18339920578653	13.46279493223948
YFL002C	50.09687349420157	50.33605729084609	11.291085868174052
YFL003C	2.338302166902187	2.3821537400866712	0.5551566969433123
YFL004W	128.06093345628065	126.6580133721614	21.680728781982435
YFL005W	145.234202814163	151.16121839390678	33.01405275203035
YFL007W	60.36181788488366	61.14147714464023	10.07414193748169
YFL008W	79.75556855537897	80.67313879299464	14.934442584365321
YFL009W	64.43592694754993	62.32624799968002	12.859168055710116
YFL010C	370.9347713932037	377.6088000209872	71.45976001937379
YFL010W-A	0.7164354630390779	5.881134595141149	28.563259325846076
YFL011W	0.3899105510123	0.4881782319687108	0.3867976594135943
YFL012W	0.406528474221506	0.45879251498447743	0.3223867821876166
YFL012W-A	0.3779463677622113	10.564172464475401	56.6897721880179
YFL013C	151.07262234630866	154.09736049045793	23.66888114636182
YFL013W-A	0.2931435302813273	7.837112994735515	42.330290527725424
YFL014W	17.112314401596354	87.67368350799018	213.21264407426938
YFL015C	0.2195785887961043	0.5189080230104706	0.8643691076332396
YFL015W-A	1.25363972688037	1.4632813038673311	0.8275806895178996
YFL016C	273.62344512222666	297.10581450171446	73.83279598932334
YFL017C	229.35781371436167	241.51375709265113	49.26946332481735
YFL017W-A	161.62716888701732	165.098291353068	47.98974819176673
YFL018C	89.3677714847621	90.55766694555933	15.21224035883195
YFL019C	1.2644125448524566	1.4126960422357848	0.9006897706108138
YFL020C	6.2656711706311965	7.909414278392058	7.391262281211106
YFL021C-A	0.8976759051567867	2.1069019355842635	6.509529782842896
YFL021W	259.88064230778133	270.8698883312659	88.12768793225094
YFL022C	128.28901037348834	128.81779051582342	19.48562568364431
YFL023W	142.10508116764535	144.27749864562068	35.73279748374041
YFL024C	71.19383235601258	71.28625577918841	18.38229028852853
YFL025C	24.3854886650146	24.98300932261888	7.337816081967936
YFL026W	2.5978109270555234	2.8448914534013365	2.0506537123507784
YFL027C	20.485206848012066	20.50164342148116	3.39256700705117
YFL028C	37.724066126654805	39.94331401892394	9.382916961808972
YFL029C	62.7406370543115	65.1118050673693	14.06368339766375
YFL030W	5.74303384392685	7.8862613333318645	10.272849623243498
YFL031C-A	0.8600268393180034	7.443902086821502	33.47457920824927
YFL031W	338.15468409088163	366.8040338381621	126.61560876790247
YFL032W	2.1364891734957947	2.564948553165046	1.6565804914036117
YFL033C	61.98005330784773	61.53101418737233	15.248157749065253
YFL034C-A	406.12987747071264	422.6192612998378	130.50059716886736
YFL034C-B	473.9753310015324	482.5404406492822	93.83036725055557
YFL034W	76.70076854718373	77.81808655896768	11.854788587427253
YFL036W	48.83712283609104	50.07623872670133	12.430527233615171
YFL037W	224.27165408214464	222.68791870295647	23.625430700217446
YFL038C	605.1595940367514	632.218439901129	175.08291161542488
YFL039C	250.55318099649068	249.16093560242814	54.941756267232755
YFL040W	0.224790487362546	0.27562244959782656	0.3223045054745203
YFL041W	116.91239665697567	129.91118957630326	65.54128528602796
YFL041W-A	2.296719481332667	2.467474441711817	1.123953901051354
YFL042C	83.62680104881811	84.94269560498871	17.130575524137313
YFL044C	59.41922521816601	61.55351220543832	14.25939630775259
YFL045C	140.31244596254166	144.36593850436756	28.521620011046007
YFL046W	195.99166305732635	198.74387088706106	29.083532922504517
YFL047W	123.89119961121465	122.7856423679337	24.615764319421157
YFL048C	83.1760758527673	85.62735307757083	21.16348515298332
YFL049W	69.21785049674877	68.9318191323289	10.107813962256827
YFL050C	12.464917981876368	12.55268180922579	3.791029637146504
YFL051C	1.862800175356266	1.8970312092960964	0.9401583900290967
YFL052W	3.5272354094721368	4.675666994799494	4.98784402439289
YFL053W	0.280067669111519	0.47932876480399395	1.1470422611329736
YFL054C	13.2332471742828	14.321211563032021	5.306595434459595
YFL055W	5.180792428775253	5.381160136778089	1.7359429897044494
YFL058W	0.0837769994732343	0.10883797950272493	0.09781438228462289
YFL059W	6.320596464617149	6.52489091658438	2.477440842392006
YFL060C	5.854548378939131	5.99587874247238	2.0107233946438243
YFL061W	0	0.07161095586813329	0.12000908809900399
YFL062W	0.1556822445452693	0.18768562519722642	0.1492599785441695
YFL063W	0.3682359215112606	0.4276310499655379	0.38915473034110687
YFL064C	2.26745610479239	2.671439425957488	1.6150436439043971
YFL065C	0.9724147483620332	1.1228335742882052	0.8529881069381537
YFL066C	2.079637640525652	2.152094608953614	1.1459817835622443
YFL067W	0.0558461743343106	0.4502173360052576	2.1281108773990662
YFL068W	0	0	0
YFR001W	525.8184327398876	545.1527636071723	147.8811220346979
YFR002W	105.76467590394212	107.69969163366953	19.61698550986801
YFR003C	209.21619030606465	213.32094750577016	51.257102338296626
YFR004W	280.445322732527	281.6165788909358	41.96126909517696
YFR005C	26.243776478763905	26.553701846287055	5.042116854208852
YFR006W	143.3154921592393	142.46595928093834	26.54743206666462
YFR007W	33.458808104602866	34.07455196530218	5.97993284862604
YFR008W	45.03682531614887	45.11931080705893	6.922537354388166
YFR009W	132.28243600458234	135.32381381992144	18.4879244624912
YFR009W-A	0	0	0
YFR010W	169.31964368578932	172.14757993700727	19.5982289880034
YFR010W-A	1.9912357519176036	16.768008359303526	82.66155336175352
YFR011C	306.223564830314	325.35611426385884	75.37594067590817
YFR012W	1.895318816708208	2.2192104839815	1.289789700489904
YFR012W-A	6.331534235787349	6.904689965214221	3.7006891098168095
YFR013W	85.06985544643733	84.27090681684183	11.295366591518325
YFR014C	93.03296153850486	97.23183864826933	25.350475577971505
YFR015C	47.9705411056635	57.21477974363432	39.59444239884263
YFR016C	129.753079095673	131.44147242047208	20.87741128868111
YFR017C	61.50193297828164	74.1371967406916	44.97548507454103
YFR018C	50.31579104328813	49.85056630195717	11.010860925621117
YFR019W	141.44848504461933	141.64974151367716	29.95877297740046
YFR020W	35.48640287114784	36.231366266118826	9.553248881745487
YFR021W	55.403862763503774	54.08403348139077	8.603934699145853
YFR022W	20.4359024840165	20.52408284226476	5.614971967422556
YFR023W	0.7027607926271283	0.8075078955975789	0.46125415752635734
YFR024C-A	124.735586103097	136.4449285622751	52.2920831461511
YFR025C	113.29747709335066	115.33119376641783	25.94979054522616
YFR026C	14.722689659572268	15.045597341101862	4.746374627458627
YFR027W	62.24752098790416	62.08985131752149	11.440995680495446
YFR028C	140.120105615908	141.74905497621305	23.541255578009093
YFR029W	126.151129006772	125.35519607415989	27.017349992720234
YFR030W	10.563688927008569	11.838836210980062	7.018664673422821
YFR031C	62.86801492701797	65.60007955044577	14.459536970885447
YFR031C-A	776.3024391435483	782.5183394160932	236.76662743878276
YFR032C	1.8083544159681229	1.9011444458719273	0.7980553420501844
YFR032C-A	1387.4603007402166	1416.7387697329182	621.3710445281308
YFR032C-B	212.82696639510436	223.91034720713438	83.55185922144797
YFR033C	894.9899409557038	917.7218428585595	380.26530020552104
YFR034C	257.6538278790177	262.22502020888425	55.244081821204205
YFR034W-A	87.65691882863706	95.05376167881563	30.92367535963319
YFR035C	1.4868308731532398	3.8838112460974554	13.090414016311815
YFR036W	187.8490238724117	188.82647991017012	33.774626079781356
YFR036W-A	1.942309212818233	12.732616863921303	60.46858961394716
YFR037C	288.49281970979604	294.3757976746781	43.520646491310586
YFR038W	91.1463523763186	90.64467668823974	13.335111891673742
YFR039C	70.31646211641704	71.79878225935498	11.987727175260774
YFR040W	116.54043563707567	116.70714047954124	29.82352378726023
YFR041C	100.8984711088097	102.48201540429999	24.794906101461596
YFR042W	65.19863991589416	64.74971460611934	16.08065400374643
YFR043C	35.8973468473235	36.13457527644756	5.736970865000752
YFR044C	53.8423342758742	53.70522503254715	10.777052163515034
YFR045W	24.17573455737073	24.97028096983855	5.106746837963489
YFR046C	38.37389059463604	37.90224042205678	5.353474325652993
YFR047C	38.10326946789116	39.08845315247322	7.028504895217455
YFR048W	38.53859749005326	38.98353454167095	7.9145491352960535
YFR049W	131.54633312090732	134.9457546474292	48.20205066638385
YFR050C	342.2158111130777	352.2367761559017	52.2264516593962
YFR051C	204.640875368944	207.97164828594276	44.75869569583753
YFR052C-A	0	0.21289411129423605	1.0245147218648485
YFR052W	119.07801508915428	117.98511982364255	23.218369411157248
YFR053C	74.7528239685226	111.51735731437896	108.44868715478864
YFR054C	2.4492765152730365	2.4757483438967136	0.8776784338805983
YFR055W	29.34077314077344	35.439921526375585	18.857403059470318
YFR056C	0.1186117330856517	1.1017675844996513	5.430519720763742
YFR057W	0	0.022455882156806686	0.06298020157374974
YGL001C	61.15358443942253	63.201380351955876	12.792309331206116
YGL002W	42.90751235889869	43.291675640323874	6.803658981950846
YGL003C	64.44621314034744	64.59889117473656	14.040288742251189
YGL004C	88.52162534787806	88.84443966059057	11.595862403029624
YGL005C	158.973393421013	161.07513105443127	27.28138663855479
YGL006W	44.02014508902164	45.554996379801516	12.189418672972067
YGL006W-A	94.7387326086001	105.74124048750406	44.15689559669037
YGL007C-A	7.446080394525244	8.183913548014216	3.640010185389226
YGL007W	0.5198129825049137	0.7163141241391703	0.892380572420618
YGL008C	603.4383279459462	586.191016076984	140.2216520119421
YGL009C	117.1126348846473	168.42772781661125	165.4267249415598
YGL010W	52.60354794886907	56.42778638760816	19.954803492321048
YGL011C	251.195530194802	252.83433286237357	36.27385395851376
YGL012W	111.245933273907	115.7349317979622	33.27221046509567
YGL013C	90.15074737810698	91.14225750926003	20.47814679963107
YGL014C-A	0.8253518834233667	10.334435165053613	52.32737401576998
YGL014W	374.6466600271033	386.52781648417255	97.16577324897911
YGL015C	1.948256295224264	2.0534057840253515	0.7272671797652248
YGL016W	23.2904477054161	24.276978576046766	5.555747723192777
YGL017W	33.43108208192253	33.34338912498801	4.04696468231616
YGL018C	61.92822590314657	63.0176672837108	10.221721075787514
YGL019W	292.44851724274304	292.5435042614179	53.09522945104692
YGL020C	109.242729732577	109.21891564685556	10.842707474740429
YGL021W	236.299640521117	241.15213606617294	50.46641644541015
YGL022W	128.68850363199795	130.33989951348116	21.628715538504686
YGL023C	266.45489949693666	269.0264006913302	43.27099204978308
YGL024W	1.0885501674550822	14.224116024416919	71.89399470184036
YGL025C	221.95995769584667	223.4854500018989	38.23594571319049
YGL026C	178.88761097166665	198.53459176489426	72.49574065291534
YGL027C	47.10931204339203	47.28659941254721	5.550895285076729
YGL028C	358.53837469659464	362.094308412239	160.91468816817797
YGL029W	619.6665660969958	605.1430457855565	226.93937160963918
YGL030W	751.458253798971	789.8113464013624	300.5830499543131
YGL031C	270.2012867145013	267.2503051393659	82.16085587292767
YGL032C	3.972905339537287	4.878044305155817	6.069147694243556
YGL033W	2.079459687228681	2.081070122331662	0.726118900145257
YGL034C	4.163021549512103	4.348087880707013	2.3205183595993635
YGL035C	274.09653340978167	282.601798022483	64.8751841270007
YGL036W	99.06931596364326	101.1295542521587	21.757157290970454
YGL037C	401.59498805722205	473.98179623867424	274.85011768102447
YGL038C	140.3120645581675	147.44085214390233	40.160507845557596
YGL039W	39.39251489894827	45.00029133395445	26.868079061948347
YGL040C	131.85374091761767	132.20078952271885	24.581144252665396
YGL041C	0.3299202565845157	1.6780006048708669	6.822703206053322
YGL041C-B	0.3286454462496623	3.5765761054007266	17.98696815419822
YGL041W-A	110.81038283943133	110.79662462322774	16.803452697218674
YGL042C	0.6302905467931637	6.053575987108554	30.26002329772931
YGL043W	230.0429809332697	228.58920515784848	27.30036125041949
YGL044C	227.82782216525632	228.63992024799734	30.33845648210844
YGL045W	30.901742181444195	31.584838235489922	7.459617391275424
YGL047W	94.99720998487568	100.48314920004223	26.17597440394939
YGL048C	121.06575505842534	122.19434130488189	22.158296888040613
YGL049C	365.528515492884	380.27413407093735	75.55029357732676
YGL050W	114.638467449857	115.7059573100269	17.391514662003352
YGL051W	1.6215451719646097	1.7267139575992867	0.8385713235527987
YGL052W	12.5177596223161	13.001950719502641	4.796484761020909
YGL053W	45.72434532234624	47.54297806723427	9.395102224365939
YGL054C	84.47337897014204	87.29651548143299	17.97133048387932
YGL055W	80.58105715184716	90.13788691235281	42.25428155476406
YGL056C	194.967181137244	200.14621650908617	48.726733933403494
YGL057C	19.14296463830177	20.66265492264185	5.12774416993098
YGL058W	304.15617608766365	299.711784206641	44.802041927913095
YGL059W	63.48138355971786	68.56190048339714	22.931417993265654
YGL060W	28.89388003138853	29.03632713861059	4.971385042843032
YGL061C	124.105287931639	122.77968811328923	17.4914860534649
YGL062W	144.79007051587433	178.12709903104468	98.07998295100897
YGL063C-A	9.264288956684286	10.571066040061057	7.7427191060258
YGL063W	42.20073556382047	42.50383995802924	6.112687729450233
YGL064C	42.83027124851916	43.34974165762129	7.894913604578166
YGL065C	47.43037569368069	46.502782343400455	7.393651004749635
YGL066W	195.33143644258237	191.8453593884943	50.30298489637967
YGL067W	23.002522189891465	23.97568646416046	3.9153011937708717
YGL068W	168.24330361989868	181.52562649059385	53.275129019693296
YGL069C	1.7799504151393843	13.790699979214109	67.08240943486268
YGL070C	365.1406727186844	369.32793335046824	65.96765412179583
YGL071W	180.99052016000965	193.33398168543778	71.86678825412187
YGL072C	24.475754778808465	27.342040812039215	24.335666912384415
YGL073W	186.29721198107464	185.0430013855164	36.5130683621425
YGL074C	0.4848856092695167	14.448231004851369	77.4123014484791
YGL075C	45.0966119250466	44.81112379039428	11.052788202440103
YGL076C	353.82084616172864	345.3538100166637	116.42961446332883
YGL077C	86.8942624381098	88.3083171149628	23.836265920506463
YGL078C	137.82416374505365	138.97134663953764	38.80536983531296
YGL079W	49.00997863503429	49.25724270556242	6.91610799148415
YGL080W	154.14184196654583	152.4692818204508	33.05478315404748
YGL081W	6.385447367547907	7.0306981709875505	2.5000675387339117
YGL082W	204.09987297286705	209.58392973291933	38.253248093230106
YGL083W	93.80070197991738	95.28686297607518	19.61248852470142
YGL084C	95.88791101249667	102.5399495651573	22.25493457305531
YGL085W	31.0240961731848	31.066051871988357	4.6455018983469705
YGL086W	98.33554998702245	98.98299435372051	16.448046959312617
YGL087C	232.60288807787	239.61236336516902	55.68011738183577
YGL088W	0	0.08922906453361477	0.13081451839062555
YGL089C	426.7785731371837	660.4045648265597	602.3214007105001
YGL090W	52.44971877750724	52.2643998533543	12.484288640594341
YGL091C	53.0199434838048	55.10389286613318	13.986562870329065
YGL092W	138.941241392485	137.60099062750302	22.514151717516658
YGL093W	71.97282209797817	73.48576582466464	14.492997269476652
YGL094C	59.82886705917383	60.13246699350899	12.0489736758339
YGL095C	142.587741839839	144.29633433247122	27.01918090704854
YGL096W	46.43250104902396	59.25573438374213	36.21727097514404
YGL097W	234.23398329800168	245.71026934288327	54.16023155635546
YGL098W	77.91403050198691	77.34613777765838	13.864178328737765
YGL099W	76.96163639164233	78.54596484696921	15.652782721492995
YGL100W	124.089311408118	123.54890962609765	15.153422322077157
YGL101W	156.28351756286898	157.46891597773234	26.87137111497445
YGL102C	1.2994520090634607	8.634585896459454	40.739852561759264
YGL103W	333.29203223485564	340.7796383130102	107.83801147074433
YGL104C	9.368242677123783	10.37218506279053	4.021399038245812
YGL105W	315.038800973467	310.48677348581265	33.86055974337363
YGL106W	360.29627377125934	368.4417756459348	66.68809233589901
YGL107C	87.5327227641276	86.86594159200202	18.500219988576834
YGL108C	490.5888230395751	491.1464207520965	100.93898849335012
YGL109W	2.64697787890147	12.927356208120928	56.804110609233575
YGL110C	74.04809685251924	73.19783862443363	9.576686495465477
YGL111W	128.68937026907432	126.6479741513965	26.33239041513662
YGL112C	87.78102437166064	86.98933749516253	11.36065245871265
YGL113W	30.620479845243903	30.607411622810517	7.457212951026154
YGL114W	74.05725958324958	87.89208421238233	37.10474754256551
YGL115W	93.07916865973036	93.28804350685112	14.361650357461231
YGL116W	91.24708991175812	92.36500968539853	20.39149010655519
YGL117W	86.20868553892372	103.63980422755833	59.94927337609495
YGL118C	1.6112969480903068	2.861473272563067	6.204939371939298
YGL119W	83.55030586994914	84.66042857185977	12.698242766255547
YGL120C	116.36154986459168	119.25711767349678	22.78334039942124
YGL121C	9.73295825363828	14.211596838389106	15.31977309814942
YGL122C	308.884720237774	314.59651551301243	57.437656040956185
YGL123C-A	1.342585602715598	24.734701030879847	129.48904414795754
YGL123W	731.3898174108999	726.8137090202628	196.62481438802388
YGL124C	19.158196398639166	19.55784418949114	3.487430508366771
YGL125W	179.970564595296	227.22542605347084	143.1393333021294
YGL126W	53.26658028449513	58.557531943235404	24.092100243717837
YGL127C	622.1526227255216	645.4042041866214	184.96483595727585
YGL128C	205.1981059467373	206.94204723157912	42.71408949935237
YGL129C	280.39726209945235	284.62005808847437	42.74761042067171
YGL130W	65.64354292634526	66.89373612077172	6.944345332334024
YGL131C	31.818248663376902	32.043869361805406	6.4271463714372175
YGL132W	0.2762306291168817	0.5569677579523892	1.4674986798578629
YGL133W	53.090669387838965	54.249416833585194	9.92165552201343
YGL134W	52.5758029383775	52.22457479305139	10.00103084674401
YGL135W	340.9912212738373	343.7282886929203	130.08504593089796
YGL136C	48.56141501912967	49.09682979580066	6.51399281408094
YGL137W	178.564207874235	178.94150510765684	23.570628654856755
YGL138C	0.1529426508886453	0.1962516259209435	0.20601925403208726
YGL139W	52.23838710676171	52.72577306411939	8.618821749397048
YGL140C	44.891625846661576	46.056164176358465	7.4076197485308475
YGL141W	72.62726137915696	74.8979181715348	14.290879757614617
YGL142C	23.53535060757763	23.739229316023636	4.095176133036998
YGL143C	23.6465548312912	24.520920754445743	5.61875199479109
YGL144C	11.548046772609837	11.822130423722903	3.4015379924938762
YGL145W	55.01734861494271	53.556352422111495	8.908143390520836
YGL146C	16.619079424300867	18.94213542302439	9.84989417992335
YGL147C	179.24427594715567	172.3788326967036	61.20594355117853
YGL148W	252.48736130180865	258.83693381939764	50.582203775226866
YGL149W	1.09698562768922	49.47177314169285	270.15223096581684
YGL150C	129.03361583260735	134.82599200509483	27.442861334691038
YGL151W	101.86583778494791	101.11982231314235	13.229901836692077
YGL152C	0.9414734352604532	2.9046418799161153	10.936150561572136
YGL153W	126.70246967547232	127.7444110097848	18.870538180700837
YGL154C	26.346853679604568	27.019686373270517	5.193319064131971
YGL155W	60.57405948580304	60.406589080143284	9.149093329121534
YGL156W	12.115924192902831	15.346117833877356	10.5906416969215
YGL157W	104.83047131151687	116.42045808945475	43.71693711563327
YGL158W	3.43192920920225	4.2102665771383885	5.881235973677762
YGL159W	13.728472897960168	14.286895815487673	3.5467796566565153
YGL160W	53.57089001969053	53.62911433531136	10.475482939472057
YGL161C	222.40691228943265	225.9175762437667	34.720082568317984
YGL162W	94.17323673551137	102.1074144935717	39.97090942082926
YGL163C	70.10892847353496	70.58401061573562	12.26044328518687
YGL164C	117.93517974692368	122.40943602118892	25.666305789631675
YGL165C	0.9996327034509548	3.283658715071735	12.62206552990663
YGL166W	134.51460184010932	137.07843499959168	28.6888571154525
YGL167C	100.81240690211008	102.27121361490656	21.0713143962475
YGL168W	0.5897325399025997	2.3576315657611224	9.72654574395838
YGL169W	31.246354956434164	30.94768511802491	6.889065355334683
YGL170C	0.2424853993808623	0.5084793364531741	1.2590256583985189
YGL171W	58.8128868600005	59.01673653792526	18.755020677215207
YGL172W	181.955624689973	180.04922228892744	23.614632813507466
YGL173C	157.38000765807735	157.03273357535815	23.5339982025831
YGL174W	54.91576167129474	55.42698935797145	10.048659403552584
YGL175C	23.631582008553234	23.08823960934303	6.9459637373469665
YGL176C	39.49317337088917	40.3322197759363	8.55008315368239
YGL177W	57.16066554352377	61.000807646249015	25.879816984700835
YGL178W	100.87277209640952	98.90689503391549	35.53507714968561
YGL179C	23.145174871885533	24.721431415564627	9.0730559253583
YGL180W	40.894124837001534	42.21968753506249	13.175890293552545
YGL181W	239.88008007690732	235.47880771285543	51.921591085170995
YGL182C	11.911740943392234	12.290680062001211	3.8013915534817952
YGL183C	2.716037941270567	2.783286897716196	0.7210543189334404
YGL184C	1.68700103170416	3.862357729326233	5.405921781348203
YGL185C	32.61863687834933	32.59191103634639	7.4118291159567
YGL186C	83.08453573251913	83.27662740289794	16.197440213608527
YGL187C	19.93156130100193	22.525582591399644	11.480553478604353
YGL188C	18.2677357503417	20.06941003727563	10.407584669968454
YGL188C-A	142.44185717999997	147.55180149575943	56.314415396479404
YGL189C	3059.1439473185105	3061.0458012710264	861.8288655190646
YGL190C	185.14200302350932	186.3374590787729	41.537814682428014
YGL191W	165.34383399796533	174.32017762632623	50.029153208564075
YGL192W	0.1063922201686126	1.0612349245851658	5.219056368482283
YGL193C	0	0	0
YGL194C	57.946255620510925	57.62056533639218	8.813825508134274
YGL194C-A	75.46179552227763	81.27920660806407	26.97784691255191
YGL195W	57.1765373722236	59.129935132055365	10.668890153492598
YGL196W	41.08291274671984	41.69920626748908	7.115221051605141
YGL197W	88.15443743872133	88.33570675878549	22.052997220220618
YGL198W	178.76370694532034	182.53290528884247	29.15217668705057
YGL199C	13.497143615630732	17.027963940332825	20.8409950209728
YGL200C	398.740396031525	412.4505048646754	89.46939996950636
YGL201C	80.38000818405857	82.01760015019457	12.183448874395175
YGL202W	154.54572840479432	169.67384321001137	54.89227629265197
YGL203C	163.51440648296764	164.92758460317472	19.840844170487113
YGL204C	69.01863407468117	69.98084722670525	23.28487849411302
YGL205W	1.2248925475279568	1.63696373599423	1.7254571204682525
YGL206C	113.16614610760148	113.87265505254948	19.94793742466182
YGL207W	158.53053790129135	157.6885629439289	21.854683242848388
YGL208W	68.3532273234497	73.08753659119355	18.483836296807358
YGL209W	267.61712902729465	271.85317033606884	73.52571831834715
YGL210W	196.1302853606813	194.95062221475519	22.2624363338123
YGL211W	77.63785766974786	79.90064222397628	18.705254949322192
YGL212W	85.23447268004664	86.24918464195294	13.73051435425761
YGL213C	70.52041435949656	70.70422039612542	10.166772383675449
YGL214W	0.4710873043051233	1.3923467133134075	4.943080224967888
YGL215W	408.1018460274054	413.02874746259147	128.0310345868047
YGL216W	106.136760957481	110.69021197014051	21.339707466516696
YGL217C	0.286068180184116	2.524068524097737	12.215896743151266
YGL218W	0.2518450515580946	6.733006907976708	35.84722356322166
YGL219C	270.1891798218797	279.9952751166571	58.79826655750407
YGL220W	644.2480330876214	690.543154044178	200.87906632316276
YGL221C	144.19144407548333	150.255076596831	27.191156545368255
YGL222C	711.1541835827911	729.517540483862	134.39700957745535
YGL223C	81.22743609504549	81.5721009544089	18.661700507087783
YGL224C	109.328740988082	123.12584620381917	46.56362382561693
YGL225W	68.17023765500126	71.34603834953548	13.364845132401642
YGL226C-A	270.3011580114293	279.6682457173346	58.98982951477347
YGL226W	147.30819516099632	151.65303395110112	43.471640798105845
YGL227W	52.1759348038734	52.417376912064164	13.068994925212627
YGL228W	190.49766573080163	198.53142062977153	38.78681723744063
YGL229C	18.386198595756767	18.726712197076683	5.366863682220316
YGL230C	1.0372120712480832	1.1781996185192032	0.744965636151438
YGL231C	225.00176177707297	228.70948825673744	39.45380567850665
YGL232W	50.4907491023115	50.064925330639745	6.039996825137347
YGL233W	31.437033405152462	31.512472210317057	7.543467239781615
YGL234W	56.999649364954166	58.90515637435958	12.594153509852323
YGL235W	3.47824466898723	4.435003181242367	5.508421258166438
YGL236C	52.792293309999344	53.385679825387086	12.169918282985098
YGL237C	98.20357583165293	98.8964269687878	18.028631510064173
YGL238W	62.086694924310336	63.40016021116948	13.678704248839118
YGL239C	0	0.711682997744882	3.3978895572319763
YGL240W	48.09185573567007	48.97352513494919	9.695580165332432
YGL241W	30.270200120232055	30.268652208481864	4.188103409342766
YGL242C	195.09900453698265	198.46935819129098	44.242317894614985
YGL243W	34.492289974808735	34.217800771459004	6.88291547183385
YGL244W	439.3340836561524	470.5392502234455	107.62849192520304
YGL245W	81.72576255775647	82.737888448124	12.662423292458032
YGL246C	63.7888694104162	64.79481972536364	9.744022617720123
YGL247W	57.98632975482607	59.01379981633353	11.570608468560373
YGL248W	127.27689818765434	131.16052933017357	25.141667714733728
YGL249W	1.1507832068239334	1.2631804282996946	0.41121337142234843
YGL250W	22.011560293688103	22.586436403857988	5.812347006024554
YGL251C	10.632641577159069	10.484049665335291	2.593701684892069
YGL252C	122.48299848832166	124.57959615256011	15.348963253589448
YGL253W	348.15934414353893	363.5325838270933	88.16078556405509
YGL254W	87.40333137512562	88.78601758753976	22.034932503734815
YGL255W	996.2138968918013	977.674851541201	437.56192183014656
YGL256W	44.17319771160877	74.8589036331947	95.64995476099965
YGL257C	32.266185901325	33.20482380376004	7.526297494942169
YGL258W	1.86762466748912	4.700503053345283	8.07129880229943
YGL258W-A	1.822033490724704	2.025378413526523	1.389900337493018
YGL259W	1.3408018224542182	1.4770424640929705	0.7950680776626864
YGL260W	0	0.033214635328417744	0.21657633625674894
YGL261C	0.8261597056850363	1.2085604218932477	1.6501838798122517
YGL262W	0.4393016714477436	0.5795617174078063	0.5737011919797044
YGL263W	2.91124713970236	3.4120990157979567	2.4650025310540813
YGR001C	104.47256834779584	106.94586180718882	20.29792082553178
YGR002C	72.53873445884462	74.25142574688338	15.994562378673171
YGR003W	43.7714069538081	43.954232625360824	8.435898852499466
YGR004W	40.44660652486866	39.62064239189057	4.8348714549968035
YGR005C	138.88965502468798	141.82555588799244	17.375106980712914
YGR006W	46.24643315459077	45.402859474218296	9.469213451172038
YGR007W	131.68313695392797	129.4928189907662	14.890440258924587
YGR008C	215.69688482537532	332.56727450866384	326.0008242474107
YGR009C	209.72338944567625	211.48368558892415	31.200723430570307
YGR010W	61.0726556455683	73.33190486520822	44.22406610229696
YGR011W	16.3915661061019	18.324231139541705	9.471486302766769
YGR012W	74.5598023102267	73.36291678352501	9.615417841804417
YGR013W	82.3467335709957	82.16727290463821	10.518362020647555
YGR014W	343.5789195483473	343.0475754963707	82.95754343602174
YGR015C	23.480920499056	24.160508982324423	4.2079983452619505
YGR016W	13.914812165144832	13.617193165881998	2.262866164423462
YGR017W	303.915623556101	309.90662158817895	37.761933740899394
YGR018C	4.831639882338627	12.961968358640643	44.79605047437074
YGR019W	43.367935101412336	45.772967243895245	11.081199777785399
YGR020C	332.3265981317313	331.3273087068739	83.43725163140377
YGR021W	252.85264589896167	258.09151894345484	47.32402692965406
YGR022C	0.2565211074005006	2.058649497512923	9.638283724740404
YGR023W	133.722622479851	134.21583654223696	57.594498083745464
YGR024C	71.08544652136561	72.45355066108154	12.347679286269365
YGR025W	2.495731723818918	2.9041647045153214	1.6114112032688082
YGR026W	42.78744978010434	43.79995668272976	9.666870797956454
YGR027C	545.741818484864	560.0546296722775	154.25908584465458
YGR028W	23.126000911634964	25.512882412643265	9.459466810095913
YGR029W	71.411053284535	73.35838807035148	14.862487875499118
YGR030C	41.1935099481158	41.933349188272956	10.514210005717459
YGR031C-A	0.759820981737802	1.5482073901887954	4.118142404600953
YGR031W	68.65909185066266	69.18656992653203	14.053998164346664
YGR032W	52.908685339376	57.966638607920125	28.873717744385182
YGR033C	182.233563929713	182.75573038884502	24.91899687282691
YGR034W	797.129204000846	781.6672379546197	191.93658093222948
YGR035C	255.45578036367567	262.6410602051448	120.41992243513546
YGR035W-A	0	2.1993606261758285	11.377523456854842
YGR036C	107.69511011059514	110.78186715137737	30.812328479210837
YGR037C	389.262878619464	407.64514638638417	115.97648580568755
YGR038W	60.7465281581459	61.161489762157494	9.358186297367782
YGR039W	10.910007549872994	11.096673016036936	3.50177609959156
YGR040W	82.51836182206671	84.65023437752839	22.522921044422638
YGR041W	109.665647819672	108.35893536945859	31.43553717178221
YGR042W	149.38090257328102	152.4380363855126	25.507036319063964
YGR043C	6.9805588202378495	7.92710534592515	4.8101061163509415
YGR044C	100.15756395587836	101.80237669838495	21.475419871790688
YGR045C	5.302620872436553	5.357296244930692	1.7811280753485614
YGR046W	97.58729366393536	103.57955942761396	25.02899794465935
YGR047C	66.85405309591327	67.52673456519312	11.28123749551224
YGR048W	152.46815121056366	149.9099110315816	21.297862844953574
YGR049W	205.15425518078064	199.76127584562795	49.33369020762347
YGR050C	143.50415910449968	152.7417945926528	52.31257323396803
YGR051C	1.7963155226925087	3.2943515535503427	7.096459013461934
YGR052W	33.553692137327936	50.94866869080314	50.50728017760574
YGR053C	13.231319364181433	13.639752254237381	2.9697569009110762
YGR054W	254.07340430091168	251.06655853041852	51.50338847176643
YGR055W	192.9980396459813	200.37905931587076	60.38110444493003
YGR056W	103.70005320056896	101.48168927058194	26.18980486443802
YGR057C	27.87169473569857	28.641390195218573	8.422110869848797
YGR058W	96.61638196630894	96.39443128799348	16.997541645765466
YGR059W	1.1176033339292042	1.194698239612491	0.5510188409802661
YGR060W	235.90387097230465	253.2016792966293	87.17986323629044
YGR061C	52.64137603581463	54.117532744345866	11.47863793090476
YGR062C	27.561664901129102	27.779599156930537	6.011642103775846
YGR063C	101.38386887409229	104.47856780630664	30.988075754695075
YGR064W	4.508082661627353	7.794699761254392	18.08421173739074
YGR065C	89.14618635369733	98.12797290397334	47.765483932288724
YGR066C	2.0286766365209767	2.304743087840941	1.1734634389192262
YGR067C	3.7444747746713936	4.198617514575584	6.1129580628797004
YGR068C	84.20619481435803	85.14531273151984	19.352616099449886
YGR068W-A	0	3.2101002495760746	15.519683917040895
YGR069W	6.891860261877564	10.355169175929513	18.20891145514675
YGR070W	17.032999501827366	18.38759399552308	8.224001569276426
YGR071C	39.807296939495934	39.32429940587965	8.992117459950078
YGR072W	127.99052450337469	137.94172451179483	58.49016061126727
YGR073C	6.212093523004366	17.93098667426746	64.91369073188973
YGR074W	353.06976084935167	366.0096745859965	76.78131130513732
YGR075C	12.433601987657768	13.000815541028354	4.2642840445714985
YGR076C	65.91229704182983	67.66378134551995	16.149848220948115
YGR077C	71.97906993455896	73.30679793954032	16.580083721646606
YGR078C	267.2661227782036	272.2648274315035	51.081692211290516
YGR079W	279.170375556876	272.59405060639375	88.97530507343268
YGR080W	108.23404805725966	108.58857124896922	19.490435210377427
YGR081C	360.7655248444077	368.4095351570148	98.98851548858504
YGR082W	213.85692328415837	210.92742599269934	29.79332936759682
YGR083C	306.50157057885195	303.8453210334989	51.28361033759336
YGR084C	191.8866397592267	194.67408065424502	25.563574582579545
YGR085C	918.5833029806328	883.3467788771019	263.07843790325705
YGR086C	1105.561504056467	1119.6352500397008	246.93178287846428
YGR087C	0.8830460615424468	0.936222973588258	0.3842115202894924
YGR088W	7.757185889442906	22.428511977209276	43.21375286767578
YGR089W	71.16769067863983	70.37610276815208	19.917977201612217
YGR090W	126.69668424954769	129.5433801002901	26.678867220324335
YGR091W	35.55959175562574	35.20852619154522	5.5806524284221375
YGR092W	87.67369079824414	87.16385872376142	12.660495705588335
YGR093W	39.167669833041806	39.876038753467604	7.212913745746262
YGR094W	82.7874077704735	88.12241445755558	22.276010186030952
YGR095C	154.80263531212702	152.9007458041575	27.931677351042875
YGR096W	15.6095044621019	15.236201871148976	2.5050956272419556
YGR097W	108.474491667735	114.1635898603531	34.38700276575919
YGR098C	40.14508497280457	40.665223878434034	8.48642098889907
YGR099W	23.310926681779137	24.34083858046539	5.747316658340913
YGR100W	57.5243271517219	58.36827894592597	9.387543921300226
YGR101W	85.89243116172037	84.96779177048823	14.782986489588994
YGR102C	176.71004146901035	177.2225379539074	20.158313153085025
YGR103W	388.638141491328	382.5282828440607	123.19351520974932
YGR104C	80.94499787948372	80.40901374716638	10.29525015691654
YGR105W	311.1775385960137	318.56191215626626	91.34556239428578
YGR106C	54.39783236358244	56.156885483487095	12.014824916356849
YGR107W	6.290229708951539	6.452998866990796	1.7964973796532338
YGR108W	125.49236346500766	128.17804070841626	36.53474670836885
YGR109C	26.6426088723496	27.387620457688723	7.570790081757138
YGR110W	8.218417739814733	10.049096716132865	5.22248723569787
YGR111W	25.72606315319347	27.009436853063384	6.566111741729663
YGR112W	30.88095845	31.901147796634348	5.953266246310418
YGR113W	233.06026843566232	235.79155400611947	33.8813685514968
YGR114C	0	0.012157504045446854	0.053586651086642574
YGR115C	0.0780411733335516	3.9572527625756746	21.57267281973963
YGR116W	141.9272347437473	146.82491610976382	41.84915301103725
YGR117C	44.705196210872295	46.99745158998355	8.539108522578395
YGR118W	485.40162600676666	495.719997189188	143.09577100865434
YGR119C	401.7704617793493	396.35740807672903	48.380028239347375
YGR120C	43.92477040969407	43.69839644006349	7.321079260853538
YGR121C	12.180399643553669	14.393950069590531	8.459907320529247
YGR121W-A	11.52153048104628	11.912526980846229	4.25875994259028
YGR122C-A	9.45287885973074	9.867114925575272	4.3520172664135215
YGR122W	30.02626460796653	30.22923741793428	5.112754595464337
YGR123C	40.34156162040483	41.150317621286156	7.944118614614961
YGR124W	155.90872959219533	159.7812113854915	28.62945932971057
YGR125W	50.7054156469421	51.22231281947348	7.959555623649818
YGR126W	32.4654669223545	33.544347782163854	10.139901899052129
YGR127W	45.0652531158978	46.00879390612663	13.302222107213048
YGR128C	102.45059904577612	107.02451197430857	32.92720212714655
YGR129W	227.5003023963043	227.30879618018304	44.967809344396485
YGR130C	189.0317191048232	196.48847985257242	46.34865594617079
YGR131W	11.171565004336667	11.517238968625076	3.7543246381114015
YGR132C	298.1287517119747	315.6471400913422	86.5319028965755
YGR133W	64.46285272479291	64.3338567123013	11.034186039957355
YGR134W	26.777982927339604	26.384227584307553	6.7423976645242
YGR135W	226.46767887887304	228.08674783411777	41.52592469475027
YGR136W	260.21008844677664	267.6107186363169	55.34495387040118
YGR137W	30.442385434804503	31.54312065755592	11.528362194699925
YGR138C	18.88302542684457	29.730637993893655	33.095087123203854
YGR139W	1.9587900134838307	3.4070094848021806	9.402556989250899
YGR140W	53.587747586260406	52.53328068495974	12.289440154225623
YGR141W	144.84065224026833	146.75929638882704	31.796564237631255
YGR142W	129.5762842258413	196.7333346563032	178.42335681507814
YGR143W	82.41896246683837	83.6668073263337	25.013617097605863
YGR144W	0.9104739076641384	1.9046877731904364	3.958139748393064
YGR145W	71.4615051847603	74.77760237653727	22.775718952381204
YGR146C	206.0244540618153	227.40136417096227	99.60076535197736
YGR146C-A	13.417591213568334	15.487096685806442	10.660006605740008
YGR147C	354.39458449614204	355.3493895157064	74.41653868529596
YGR148C	342.648822050574	344.86537742598927	76.52861228949688
YGR149W	44.2730669544552	48.29321755785165	18.836636619912092
YGR150C	56.37468540338173	56.358831776801914	10.598583718588714
YGR151C	0	0.01440506783340915	0.054371977076335815
YGR152C	46.48641176205273	45.7642865762039	9.043409318524665
YGR153W	60.6242362158504	59.23879860495951	15.077567467198564
YGR154C	21.152994252722035	21.86641562047365	4.49168173356475
YGR155W	430.02383410223337	434.29097953996575	63.83291889952142
YGR156W	131.31125982295768	131.21979460325485	21.013256441211492
YGR157W	104.6075029172348	101.64552867003414	24.111231872430878
YGR158C	102.16184689306284	99.39884619351203	19.415192967985053
YGR159C	325.14202755646835	315.525343571267	105.05897688405545
YGR160W	0.3170811029038276	5.4262495800684025	28.614102765159426
YGR161C	381.2937624582907	394.23748966390565	89.09452394599455
YGR161W-C	118.52630862430334	122.07202014631353	29.637891137573217
YGR162W	244.373428307736	250.09241930876627	48.48827358667868
YGR163W	70.72271394721099	71.91626021352377	12.584215455231865
YGR164W	0	0.2255453027261695	0.702022595688564
YGR165W	60.86522749666307	63.05966640030328	11.087151419574175
YGR166W	38.1652826604186	38.49842045032822	8.981275088020247
YGR167W	531.8984061374473	536.0954201299417	130.73091942584125
YGR168C	14.177631480748602	14.691052704788374	3.4387871224041584
YGR169C	45.30098391525149	44.464982401406694	5.318882000896962
YGR169C-A	2654.1080924611065	2751.892793269308	825.0767229809728
YGR170W	81.7612604692409	85.91799793053123	17.187176948216308
YGR171C	30.5937031023146	30.983276222999	4.985583447891265
YGR172C	52.6059921005719	51.661650565533996	8.18845767248086
YGR173W	83.49230899108117	82.45231718274385	18.50814148130383
YGR174C	324.9420689519653	348.7341198857503	137.09969446450623
YGR174W-A	14.483442892993532	17.138457850204354	11.60970655092479
YGR175C	124.42551689332466	130.5180561610641	26.456201835435007
YGR176W	4.351456848601036	5.145236086528243	4.507338485909431
YGR177C	27.079276342348	29.02216713721922	12.011490224127735
YGR178C	187.90882198151235	190.7974271482487	24.817698221514306
YGR179C	128.33572465577734	127.78972769730967	18.768702580903458
YGR180C	185.59940162773464	193.0147453464371	117.06593988973431
YGR181W	112.165471746964	113.68092255233978	30.455869938032027
YGR182C	28.334689385177036	30.15249678765701	12.133634350106838
YGR183C	79.25228701986661	89.18899182013793	44.966452094703705
YGR184C	90.99747933154704	92.53145890828858	18.322224816331865
YGR185C	278.67118711907204	281.04293399908573	37.83637595815823
YGR186W	260.9587406966696	258.36055674231216	31.291558088985678
YGR187C	183.15161832379096	186.30495203081873	58.09031733799749
YGR188C	36.79661708383711	37.19017329067469	8.0609095751322
YGR189C	580.969740530594	573.371745522567	111.78871012186643
YGR190C	0.6544792921187726	9.50156847803585	48.95821108923894
YGR191W	133.1658061139023	136.72508926559064	27.463099814731482
YGR192C	1959.6901871869927	1984.916693050537	521.7382875385218
YGR193C	271.41115195565334	278.7715138353194	38.17752808020348
YGR194C	44.8824929290179	48.8011417201113	16.822501749710128
YGR195W	106.85639306614324	106.57080488616982	21.300038622518876
YGR196C	107.2096756493762	106.50825489276127	18.48339341126296
YGR197C	17.252600003094134	18.27848435484395	6.101713120604698
YGR198W	61.2433247801437	61.93920188448939	12.860017928934997
YGR199W	35.91224139994004	36.91051989110949	7.092617325494211
YGR200C	96.6642196254951	96.66321668833638	18.811645230058968
YGR201C	6.101188164508586	6.189754008540691	1.4770038853259142
YGR202C	111.29687281362618	113.45526864980535	19.395451621098065
YGR203W	67.90407278736649	70.58623192527047	15.996189640676452
YGR204C-A	2.59231110942732	12.246263173477585	51.9792884382571
YGR204W	245.81913396415732	254.20738517184589	58.530141359773125
YGR205W	56.93174801427083	60.03587953182596	15.593417420868674
YGR206W	57.02904132408761	59.810800545055194	15.486053344542979
YGR207C	102.58038652524544	101.65201256038677	14.757648954247053
YGR208W	58.55798125868687	58.76863029184422	9.627121357821787
YGR209C	815.3872478214066	1111.1962121353026	973.173733731966
YGR210C	203.0344666839487	202.53830991252838	35.61866057241587
YGR211W	242.2510020047833	252.94377736468346	76.06762299989683
YGR212W	23.378446066736636	23.457618731602874	4.387464518882311
YGR213C	1.78810332460323	2.0455944231588097	1.1236576482367064
YGR214W	267.998650492103	276.3167770470684	72.58250416357204
YGR215W	456.270327339713	496.7589380306011	180.75055737662524
YGR216C	90.25832698263474	92.68820671584837	26.747680459931363
YGR217W	31.85702969594628	31.5326764835206	5.896011606048618
YGR218W	70.45738209029264	73.19193968738244	13.102702969499349
YGR219W	0.0891431224895636	1.262809372016152	6.406103579102522
YGR220C	117.371400697556	121.17889512740162	30.82695770055866
YGR221C	41.38558084462757	42.86189945118179	10.695112534565599
YGR222W	205.2266776630977	213.18867742739036	44.628733149910445
YGR223C	65.97031773672377	67.3687323958435	12.462949698242754
YGR224W	0.1158719054739814	0.548938371942725	2.1414768800524318
YGR225W	2.57221443820824	2.8481107823576948	1.129458434808016
YGR226C	0	0.3662660962717476	1.6862737432730788
YGR227W	50.72498609079853	52.683416933011706	16.078592498406902
YGR228W	1.015081121892714	19.599053573467806	103.78520870432725
YGR229C	242.677565933835	247.13059606519033	39.40917211214347
YGR230W	49.2316126407504	50.01565034867622	10.634560587353384
YGR231C	357.08225659481496	370.2366326453229	64.51012033390474
YGR232W	75.28666642274554	76.51231058629142	19.97647700815859
YGR233C	96.7693350596493	98.18711783106522	25.656111246216437
YGR234W	673.8019492186373	702.981889068204	275.94016669293404
YGR235C	149.751376596681	152.18721122868467	22.089401081031177
YGR236C	5.571954706651691	6.118957061711567	2.561165861896175
YGR237C	105.80465935724396	109.22058563057188	26.94736990124476
YGR238C	89.2521550827913	87.48592412474062	16.168944088737046
YGR239C	71.29960648734426	74.01925239725297	25.52847179727765
YGR240C	241.81345970223455	244.29696637088088	52.357109484387856
YGR240C-A	0.3243948105409207	1.1282214707534088	4.206357276053863
YGR241C	255.81148243784435	257.5846576083342	49.122405787930944
YGR242W	0.2036410104377046	1.9257752168896105	9.432230871998666
YGR243W	61.69250999305999	74.22069148364999	65.1753654056753
YGR244C	94.1036127295208	109.43179525904102	50.23412890129966
YGR245C	118.28868096321824	120.77723039012486	32.95063178236931
YGR246C	69.61706942714692	72.48348416759826	9.834140000079119
YGR247W	60.00143769865864	59.05391549407889	15.752412074900981
YGR248W	14.674248664423066	27.70654094417446	40.14102033544766
YGR249W	12.4316547973414	14.869971022594344	12.172078782234017
YGR250C	63.2674885862447	82.804955086932	50.36680424399817
YGR251W	123.069860368596	122.32325107146555	25.021405240860148
YGR252W	202.7481332125357	210.75151337238643	51.83608677047093
YGR253C	351.2463827579288	356.0203226235222	59.088730911654906
YGR254W	144.60127993733064	164.66840815805668	92.49285311520934
YGR255C	76.9549269224039	80.41294089733368	23.662809921913986
YGR256W	4.038302375378163	5.789593693820648	5.882267845908947
YGR257C	96.74110871447976	95.37221168837311	20.999770691802144
YGR258C	75.56870413857557	78.45223167711866	14.722996417606693
YGR259C	1.6454205040190606	5.272363870261265	19.985865378155935
YGR260W	83.15873860426842	86.06326404566937	15.4132568681239
YGR261C	66.09676430236817	66.72542669333522	11.310244116169637
YGR262C	255.10159379514468	260.0614576411344	50.64081773237888
YGR263C	29.447953739525165	29.932198645417735	4.163928038333136
YGR264C	61.427190451906064	61.45114154415996	14.345701236060648
YGR265W	0.1146137159837756	2.2446237330453878	11.748599429953337
YGR266W	51.0261293986872	50.743839837444675	7.770719054891476
YGR267C	265.091754998295	263.7294605856028	41.73902052569509
YGR268C	209.84958120210925	215.08186789190134	37.840119626947576
YGR269W	24.951540792604437	37.00923251683235	65.63634970448243
YGR270C-A	0.7034826111144897	20.751087188581902	111.70984670004066
YGR270W	122.40434883542964	120.4614720181712	22.33187344524195
YGR271C-A	134.01350236460965	131.0670949892842	35.15015995143854
YGR271W	25.928286853930437	25.90287765683959	4.957238002360879
YGR273C	0.0827753778008736	0.23512683964974868	0.8460927768928646
YGR274C	80.97438149514774	80.98870608825649	12.08998131422081
YGR275W	385.4570969217147	394.9439810560143	93.54332210268754
YGR276C	62.812934543907936	65.82580844864295	11.59732802504073
YGR277C	68.46702589660205	68.93121899278096	9.711293639087828
YGR278W	44.14173796315311	44.876355843270844	8.100053855
YGR279C	606.5447665901547	627.6965968340623	153.31407098772095
YGR280C	694.762748110387	717.8318047168524	271.63510885322825
YGR281W	79.65654459248218	86.61814446415747	26.701840599183136
YGR282C	288.12810598805584	287.72099927166295	60.938323442338266
YGR283C	40.9408237907372	41.060604198369866	12.516015538868736
YGR284C	61.281317201375565	67.0476326696775	16.734247330256018
YGR285C	275.245929735158	277.5096868811912	45.37854425040493
YGR286C	26.6809704316979	28.860139138700447	15.609332191518346
YGR287C	3.661068240756247	3.7895800200182084	0.9406050473586478
YGR288W	16.9529107450454	16.954967891936143	5.4303820274629455
YGR289C	3.5312664985010933	3.9286414416981477	1.8456140673119035
YGR290W	0	0.12885739939197924	0.5310563209247822
YGR291C	0	0.14380925458657362	0.3941838320993532
YGR292W	0.311399847345928	0.3916993844773607	0.542887188735715
YGR293C	0	0.07394568729300877	0.3400821502749915
YGR294W	1.3219639695921408	1.5330592744416507	0.9764962881385656
YGR295C	23.58012323246997	23.63635912036556	4.26337994603789
YGR296C-A	0	0	0
YGR296C-B	0	0	0
YGR296W	0	0.0003428973512591031	0.0018986259799085893
YHL001W	313.27762653638734	303.4019030688374	58.99735563241278
YHL002C-A	0.5279807913945513	6.223608866756901	31.48722340212395
YHL002W	182.998199112785	183.12781417863954	29.825034801534922
YHL003C	43.57370705086286	45.14470765762529	10.082148897059602
YHL004W	243.03015485182536	240.91640402280626	38.59312331046543
YHL005C	0.973965244224085	5.305334500927977	24.225193651789372
YHL006C	32.32478590764577	32.69570788461159	8.495790654675186
YHL006W-A	1.1461108975780008	9.032563963781833	43.97095146954412
YHL007C	197.549172707226	197.68190774554338	42.94315975539626
YHL008C	86.88445280593005	86.70992338721665	19.175907456396796
YHL009C	67.738950616758	67.45766515472886	8.15727138979688
YHL010C	77.26875138441356	76.96990878755877	14.795184028452798
YHL011C	113.92059809862332	115.92676128709692	27.436270243146712
YHL012W	0.5425706127886113	0.6271221255013959	0.43193822543855653
YHL013C	154.19898677540968	151.69695883966617	33.31833639157435
YHL014C	39.6348850955216	39.48789629776685	4.961352202608636
YHL015W	2316.87314785794	2471.7553086910902	785.9000718524719
YHL015W-A	0.4530930141609066	1.8260199345956387	6.969204198427389
YHL016C	9.357608402671572	9.666256588350626	2.654805497729496
YHL017W	40.1166019281819	39.598849812724666	5.814608889982539
YHL018W	59.55592680189513	61.459430049306704	16.627194217326462
YHL019C	113.08636370054866	112.51319434066008	16.789836235820733
YHL019W-A	7.059525713935393	11.193478751261956	23.320512992128588
YHL020C	422.3061949945313	417.8819531540178	90.11409757108633
YHL021C	43.51851168716856	53.9521728	37.72800416485124
YHL022C	9.280692040235378	10.038265654987844	4.058095347666724
YHL023C	69.56061106579739	69.02530856278428	12.805248289751077
YHL024W	7.885693557208893	8.704649228995759	4.867777986217959
YHL025W	246.71319284098263	249.9684530522986	41.219355461734416
YHL026C	22.843534079180767	23.00634824089078	5.185539643017615
YHL027W	130.364371787109	131.64327731616186	25.169657318919835
YHL028W	303.768369535167	342.04597224331656	134.3940651619571
YHL029C	141.323374908078	140.25150781856536	41.43969762655222
YHL030W	37.05140612723293	37.85672621054897	9.286305272698817
YHL030W-A	0.643986871600911	15.28537552249024	81.00015956612117
YHL031C	317.4612986037733	321.74402413704496	43.36443566818818
YHL032C	25.236821212851268	26.136833521750816	6.160793355728816
YHL033C	671.765019084582	677.9358899125459	166.34023067732653
YHL034C	460.436284730473	460.4707243694845	65.69082479858967
YHL034W-A	1.6391478056868278	9.080117031215291	41.55385266536289
YHL035C	77.43051223406853	81.58993772684975	46.490187182946485
YHL036W	7.443789849112046	9.906343510665893	7.169812021978571
YHL037C	2.2111431585994965	2.34928431796674	0.8756540853829001
YHL038C	32.487906153704735	33.40075280453896	8.400164834679117
YHL039W	43.07688334449703	47.2507801727273	15.776944232500103
YHL040C	111.59204604942	173.95363036340825	225.63798294734954
YHL041W	1.928683828644013	2.097674582377412	0.8542459608095198
YHL042W	5.354112992898838	5.565782010074653	1.7571698366109656
YHL043W	0.36730703331569	0.6091052719717321	1.4128867094061253
YHL044W	17.0697419265014	17.515336059567986	4.062591253960312
YHL045W	0.7782944023610557	0.8349990295385737	0.47258326141810053
YHL046C	1.940408473504095	2.389906162381564	2.1782320167415885
YHL046W-A	0.5448044671419123	46.72588593925575	258.0144657573743
YHL047C	218.12933187195267	226.12272310181956	174.89104251526214
YHL048C-A	0	0.33960655422182623	0.5552043707553782
YHL048W	37.58831030209353	37.90855410952431	10.814014401665613
YHL049C	1.6216120533801668	1.7341259932978785	0.9623428776686458
YHL050C	22.68317824987633	23.831749898614	8.49102445333829
YHL050W-A	0.1410822347601263	2.2191204763146706	11.524138556589241
YHR001W	81.2208573397916	81.74122399125359	11.041756220525066
YHR001W-A	123.379932198824	146.91031142411123	96.12289281774662
YHR002W	29.93511950635143	30.425426978147705	6.157513068181929
YHR003C	51.54466030128424	51.03118665926546	10.006861023316914
YHR004C	76.13063750842804	77.23978613026908	17.426327725519478
YHR005C	185.83628226276863	185.69255770219334	35.684131599632806
YHR005C-A	1055.0247950559233	1121.5364658725653	418.3363475625115
YHR006W	135.578886501623	133.2645852872717	30.66007780404346
YHR007C	80.34591731273507	83.69155651096919	19.296248903168607
YHR007C-A	6.076229804589176	7.661752764086958	5.987689933487652
YHR008C	488.893102372021	628.5648958538164	337.6365063708959
YHR009C	159.87303287509732	168.85091843101586	36.84474779175575
YHR010W	377.96314372847	374.601284634246	74.52992017495644
YHR011W	52.089752512246896	54.418474237435184	11.341528427894241
YHR012W	137.928956500229	137.69437139949147	20.328686643717912
YHR013C	198.9781228597373	200.96146222877422	29.143964657443476
YHR014W	1.2738738760140067	1.5610624175218697	1.4876689477603506
YHR015W	1.8235913451030763	2.0307798154375067	1.1400093858967963
YHR016C	42.88525834015497	45.7942224863123	14.494658985479246
YHR017W	77.28728626991203	79.1485317828334	15.523750484941742
YHR018C	860.797725070761	931.8348267956799	374.6863006033902
YHR019C	183.77451519932168	190.1990038742116	40.243561621804226
YHR020W	73.05214267516963	73.4724019360067	16.957768563956904
YHR021C	328.93074662068165	329.0160419924927	106.98871662995482
YHR021W-A	4.571928168451187	4.595245145986205	1.6434945839101027
YHR022C	3.616485900344317	6.256068882758721	6.064114873240631
YHR022C-A	6.857815801541126	8.090212874066506	6.835516378598856
YHR023W	92.5003025427972	92.61723063208665	14.122408239790927
YHR024C	66.8861199803774	66.64916625666689	10.225657611521589
YHR025W	260.25131437645706	271.7164135807445	63.22837115963967
YHR026W	59.58346685966607	57.37213421539711	13.844490269279497
YHR027C	194.5002281034793	196.26327178148046	33.07067261119044
YHR028C	50.27845139373647	50.98930349257533	10.013992336403762
YHR028W-A	1.5112982338767704	3.8482261003944993	12.968552116838818
YHR029C	42.6936927741129	48.54891944263558	17.167284511184302
YHR030C	132.62644109425867	139.75965520105026	30.53687649973963
YHR031C	34.443369353679536	34.819231728223215	6.076595525376802
YHR032C-A	0.3908305189474033	1.4042520524240671	4.7826801904673
YHR032W	129.17277021475468	129.81579280364278	23.315253906262924
YHR032W-A	99.85710912620311	105.94692281320498	30.880045856195775
YHR033W	24.066465282266837	31.524543852306852	29.445254965833115
YHR034C	49.60039138156387	48.719240175696335	8.010711810906892
YHR035W	25.64363592832653	25.794109622752003	4.647680210001872
YHR036W	59.85048486926063	59.583565550524945	11.032819137910884
YHR037W	86.1598282183359	87.22549288975411	18.30942992777959
YHR038W	27.04974853264963	27.92366951644117	5.819622872475625
YHR039C	90.0709386434794	94.97261434489545	18.574762540993817
YHR039C-A	234.09886773543067	244.8333172454901	66.82533030611387
YHR040W	210.15212041366365	210.6411359885192	66.57611033697826
YHR041C	52.7574094069806	53.67806958965318	11.840470370739434
YHR042W	273.966229323008	281.0675769258359	96.08387043225386
YHR043C	37.574366611499165	39.38609074831099	13.199320432219192
YHR044C	6.606503051859916	7.056576427191924	2.545289321457792
YHR045W	38.97335476362773	37.832318975464915	7.719333802455643
YHR046C	139.19741355485434	138.50145652430302	31.605746240471124
YHR047C	39.49171565270501	41.86598770035966	10.128972873425484
YHR048W	13.999813260662998	18.220474631926017	11.878814726752497
YHR049C-A	4.02025926252599	8.624114738865106	24.824810495169356
YHR049W	199.54188330196283	202.74454841865585	43.37721022274188
YHR050W	110.457275257549	108.69418266253524	20.45161166734475
YHR050W-A	23.815905945976965	25.61547752053061	13.22574068368975
YHR051W	32.42108584724293	35.28611250318056	18.968125588492015
YHR052W	128.78169398403267	133.1739134822416	33.50389311497916
YHR052W-A	0	0	0
YHR053C	0.4551180937750816	1.2993382283339612	2.3727614669092323
YHR054C	0.9266859343948198	4.421309783898977	7.05203399561279
YHR054W-A	0	0	0
YHR055C	1.3503847577474135	4.989179230062369	8.949027804418792
YHR056C	56.61976482980157	54.89772187537754	9.37907728892331
YHR056W-A	1.152225986545787	10.649785907809514	52.719232022005
YHR057C	94.87634994865388	94.6609211866607	12.159701370462388
YHR058C	65.9976492446573	68.33106139803466	12.060728975050955
YHR059W	85.16419157031596	86.02387096462999	14.376187346184723
YHR060W	102.402833007411	104.03644690107389	28.40640259468757
YHR061C	68.1286190828544	67.74884986659806	22.728402521945327
YHR062C	93.7836471193678	90.74881388876616	19.81124868489764
YHR063C	53.29726486535153	54.12437330784125	8.109231171023621
YHR063W-A	0.345757529576748	3.0013892968654012	14.755441429423401
YHR064C	89.91019655896939	89.97101449670853	16.421007445940376
YHR065C	63.88421417825857	62.80861420287422	15.162671533308519
YHR066W	178.73613848741866	179.69043614990392	50.662707433022916
YHR067W	52.890893682347496	52.690220377287254	13.562371234535611
YHR068W	171.04781705149966	181.0163824353523	43.037327148688874
YHR069C	76.42860983050083	77.97735187473283	16.419949350663302
YHR069C-A	8.903950611749027	11.955491345699937	17.01886307914269
YHR070C-A	0.4258378049825757	2.896149517522225	13.552936999171315
YHR070W	183.66673974571765	188.43458861606268	41.028963980949534
YHR071C-A	14.026348341224468	24.18643879449952	47.873290707746975
YHR071W	162.77501320494102	173.99635474271238	57.300036342953746
YHR072W	110.516828349234	110.02336005349652	20.272846615785852
YHR072W-A	659.3699309672173	715.0656271033646	227.17474600513586
YHR073C-B	0.9891988227756032	20.16989258396137	106.66733018112973
YHR073W	83.49651365019793	83.29923168183575	12.184993059719769
YHR073W-A	0	0	0
YHR074W	36.708780619857095	36.87654733005048	5.988449872100722
YHR075C	43.194977352434734	44.657205187619475	10.83653675625555
YHR076W	111.14326830443	110.40604854041536	12.436839441383123
YHR077C	83.0434938513969	83.60704736975472	17.359071365286695
YHR078W	21.1416435160756	21.09472026440497	4.6453595324093016
YHR079C	49.905109088426535	48.98879929939431	11.465295248837664
YHR079C-A	0.3999375575959967	0.4901647164271285	0.4421878414050554
YHR080C	52.85625879763537	54.27748539478424	12.920861873765041
YHR081W	646.4853010384287	661.1643736838739	204.78596283342938
YHR082C	123.872888394688	122.93628063304976	26.896937872554968
YHR083W	111.81617331523334	112.99861153723421	19.286531200642806
YHR084W	137.94961968618	137.00666900302042	42.49376857340362
YHR085W	56.20068634418191	54.86201644012417	14.898747774093069
YHR086W	71.3618856223941	72.6119081788592	13.814301440330096
YHR086W-A	1.0426563665576134	1.5412797386209618	2.9460027641203186
YHR087W	15.234590207989456	28.44256991185039	40.0032203111068
YHR088W	499.9508101214407	504.9868557043828	175.47228655403507
YHR089C	458.6320178916978	460.2209770375884	108.45927347138353
YHR090C	78.20356923161283	78.60230477482739	14.61297685612661
YHR091C	59.144037249341295	60.30540110598458	11.1215620427099
YHR092C	7.245507336839037	13.638878877996465	14.600079353556517
YHR093W	0.097600568599972	0.18462547812392313	0.3784410138849362
YHR094C	88.6138233644374	103.66055611416554	72.71747828970229
YHR095W	0.6979335436470794	0.8790224264706814	0.7738527931849811
YHR096C	0.863637344534117	1.406652026609493	2.0625983246230915
YHR097C	155.22715683855333	178.5213095695568	77.70706240671241
YHR098C	139.769900832525	144.75053868847127	27.935284675810067
YHR099W	65.19174552915977	65.70619856731835	12.155505415934591
YHR100C	41.29567742278927	43.04480878271377	10.372012073565212
YHR101C	23.185675569391133	23.511512718893684	2.8803316519448767
YHR102W	180.22510812323296	180.69429860490447	40.944754346497284
YHR103W	86.42678643771808	87.75930770577125	18.487655615052418
YHR104W	84.7595485356944	99.76486704693437	54.75624526918645
YHR105W	47.29603345998837	46.72075535689167	12.90347608820826
YHR106W	33.38465022476197	33.958100580321464	5.184573523721524
YHR107C	100.42048935194572	99.3924869823045	12.747736979172519
YHR108W	209.3362868770417	206.99257888929148	29.87588425245876
YHR109W	18.79292998492387	19.02683188159712	4.420461280837496
YHR110W	188.46983013190533	185.21170590856033	40.06389324705157
YHR111W	55.4432661481565	58.00543224235996	14.960017340258768
YHR112C	31.2612274555186	32.86844191344456	7.594938496244805
YHR113W	43.32421365807343	43.68148577198114	8.686739111692502
YHR114W	137.55220055106165	138.19064289639843	15.747615123257862
YHR115C	202.50971920928973	203.34217965080774	40.44794280644153
YHR116W	203.4527418407507	205.55107921534	42.93624233009182
YHR117W	75.3850350103892	77.49623649823285	9.843189904490766
YHR118C	92.20515138848572	92.4576977699074	15.464787708590185
YHR119W	79.91343213298083	78.8393700451056	14.730017193620139
YHR120W	13.695898534736	14.07276525126906	3.9371001455317174
YHR121W	175.85981755548667	173.7497763805597	26.307010406947818
YHR122W	56.016285246142296	57.23142427001963	12.975887302085196
YHR123W	118.571532079971	120.04931240604806	23.24654842836767
YHR124W	3.2150024356673232	3.508767596486856	1.1747050151297673
YHR125W	0	0.027095076927980726	0.07474400946048122
YHR126C	0.3488881448338507	0.4065713887829176	0.5037961039395116
YHR127W	252.268843903796	249.4828594753261	41.97158510415261
YHR128W	361.5331371541477	371.24425669200974	75.6721836262885
YHR129C	38.195736443181325	37.703796942895835	6.210469564329829
YHR130C	4.142526093417509	4.172811965290707	1.5703574023482676
YHR131C	56.780466094789325	56.96813144975665	14.041902872910304
YHR131W-A	0.3557303614793466	1.5252873916180334	6.267848502785404
YHR132C	75.12399054059448	76.31726491835695	11.518916903460115
YHR132W-A	128.346050005302	127.60364319510882	26.782053004966926
YHR133C	40.54238749	40.40716923756783	4.888663718467217
YHR134W	119.088041935797	121.58322040328626	18.58802717768198
YHR135C	740.9536113216467	746.7956434184932	70.52557920210285
YHR136C	129.16511553321683	133.17263806398472	58.7501842026454
YHR137C-A	0.277361617849661	2.233765455942759	10.117565678579403
YHR137W	122.82311070302715	187.46250598734042	191.0130433446693
YHR138C	92.94995940831735	101.92544303522477	41.62777536723534
YHR139C	1.14145036180993	1.3952342493956653	0.9734224733870179
YHR139C-A	0.9063348410681464	1.1049426660725583	0.7528844565422694
YHR140W	2.4413248271554964	2.9856614240037693	2.036744652192874
YHR141C	443.0666014657477	441.5355633463489	148.61423483064488
YHR142W	77.61318072658919	76.95620902842847	13.553114694296758
YHR143W	515.8452661770866	507.83572460884386	207.44834404187228
YHR143W-A	4433.446934311527	4603.134968733159	1335.2266466130761
YHR144C	62.055621513299	60.80027943705444	10.82418515073125
YHR145C	0.2826335107093786	0.31545457680136063	0.26342648722006645
YHR146W	199.58282235826127	197.03218082640413	29.508552051887087
YHR147C	95.7042309936716	94.14595631897394	15.644055999761296
YHR148W	134.61655625312898	136.42868310013796	38.13985643079518
YHR149C	91.58571669006284	97.60399009096035	27.540099540663117
YHR150W	25.109555517836867	24.88655190012268	5.097223252065756
YHR151C	47.48327506921944	47.6447921831639	12.253718804260833
YHR152W	670.6547521255218	684.7692228435299	195.06289275409762
YHR153C	5.807679011616087	5.976635602803824	1.755655188937756
YHR154W	86.50111034258246	88.02720463071202	17.669259760133368
YHR155W	41.381874443919735	41.49033678018764	10.856942292383543
YHR156C	42.68397523873296	43.03198900000654	6.077822689136928
YHR157W	9.58801471579776	9.67683851983646	2.061206385886736
YHR158C	122.39109709507966	122.96182052885955	21.43665923116128
YHR159W	53.77536231204946	53.30532855399895	10.656750054548956
YHR160C	2.0233214811466267	2.9106607434110523	2.46917867288822
YHR161C	290.9736092017807	298.0336125410544	67.39242761747899
YHR162W	527.5854111788334	542.9961342552971	135.2925297716376
YHR163W	108.22423708938334	117.6956848484215	30.672586759072143
YHR164C	38.535674744226135	38.433971814806156	7.187433476172255
YHR165C	171.6300543011457	171.68621326233892	38.26690451226732
YHR165W-A	2.6932123562910437	168.89732622224417	927.4137903654516
YHR166C	29.419345344845468	28.94637414951461	4.771054579968705
YHR167W	33.61365715972823	33.9826362622602	6.145654815042924
YHR168W	42.207804170899735	41.30550730328977	6.353485634056446
YHR169W	121.16996550720631	117.98332406692222	32.33885907497897
YHR170W	191.33479079520495	196.51213632386512	49.22698997320129
YHR171W	26.2170343964557	27.623016322491026	8.43356939584989
YHR172W	43.721439263786	45.30559625581714	11.67303034509365
YHR173C	2.40888450730011	3.508920943322693	5.659089409534189
YHR174W	908.8333179281526	894.1621280548098	206.12375632646584
YHR175W	176.25572539877467	178.79065817245515	61.108333932944596
YHR175W-A	51.4338401941078	52.52657370138571	22.684786680154176
YHR176W	39.91924932243976	40.68757203539496	8.60041127900939
YHR177W	41.0788529259386	42.15957395632142	17.445534655703547
YHR178W	32.8923811434836	32.89698161986146	6.418979961343052
YHR179W	2026.43738468291	2263.5111897969186	942.2700981193507
YHR180C-B	0.7532142690379966	0.8684284043165131	0.7556894510871767
YHR180W	10.10167728028073	10.868860822129779	4.304509376987167
YHR180W-A	0	0.0011187442055752951	0.012607606905497726
YHR181W	133.388921268693	135.8782539755832	19.979274580180476
YHR182C-A	0.8745132287140104	4.069865174633566	17.616813890136058
YHR182W	47.509271397900704	48.08989595877336	6.850917013273783
YHR183W	172.225481956334	185.80540992348338	64.85265313331311
YHR184W	2.680345656813023	2.8279588008440304	0.9212668167412769
YHR185C	0.272021822635468	0.3219167451556883	0.24347372295156483
YHR186C	60.99640688395871	61.20266265145691	11.442835135111352
YHR187W	71.38444440041043	70.92296689252414	12.704312514441625
YHR188C	90.21907566422992	91.13252726881115	12.511272772584945
YHR189W	47.01852942955994	49.55867367799298	13.593990104311885
YHR190W	124.887657174209	127.21071871607464	23.688481407651015
YHR191C	341.78073396956626	348.1722518533856	75.53276051039626
YHR192W	67.4667660592662	68.07154853139208	10.261105116318186
YHR193C	647.6505706799556	721.3500324187294	196.76936653944165
YHR193C-A	1.62517604526574	2.4029574510487572	4.376882516318726
YHR194W	32.391899841813235	32.87154597791555	6.752326391835634
YHR195W	119.90649277353266	121.29073009900107	21.162999982266626
YHR196W	115.78224910806568	114.41061001806011	34.69232549114208
YHR197W	50.286427337001705	50.673476706994585	15.2325700903276
YHR198C	33.867631818432734	35.27362242366709	8.98589273766022
YHR199C	146.204722882143	177.1101887430622	115.26893180993363
YHR199C-A	182.25776333934235	181.6828257287164	43.11091026928066
YHR200W	358.425912719216	361.12931506443147	71.04730776750264
YHR201C	342.61691741687264	346.1451151585856	83.06328275896894
YHR202W	8.312563847511631	8.769895065842658	2.402042502523464
YHR203C	568.7965930983192	571.9432646799509	128.96155778429278
YHR204W	62.13761684380726	65.2668280252668	17.125138223482804
YHR205W	192.254191988535	193.10785510781164	44.49856860002572
YHR206W	141.75716153551733	138.93459504078794	39.6007456995354
YHR207C	75.01441238675484	73.74000855727334	11.34470673914282
YHR208W	966.3639293390178	1183.618005299612	731.994679828797
YHR209W	13.14801084949802	13.65394876709135	3.786664043551613
YHR210C	4.497158931932193	4.71140648327889	1.5789524770724428
YHR211W	12.455201965478432	12.62637192074885	4.764925011328367
YHR212C	0	0	0
YHR212W-A	0	0	0
YHR213W	0	0.020945705569568287	0.06394955515066907
YHR213W-A	0	0.011733640811065475	0.08186141501264235
YHR213W-B	0	0.15407671117589783	0.6282916393478364
YHR214C-D	0	0.004959361463443781	0.055889165299605144
YHR214C-E	3.026606571329404	3.545836074968736	2.8104959828820504
YHR214W	2.2686800808029437	2.588180079788341	1.4681227540014457
YHR214W-A	20.31234993021523	21.468022201970633	10.648377518219478
YHR215W	56.10502384141663	54.44257993506052	26.168484886444595
YHR216W	28.558028011510203	30.220097522122586	13.787570491106536
YHR217C	1.2151588021824968	1.5656686789201373	1.4621371212819623
YHR218W	0	0.002229461773826375	0.009380227594759316
YHR218W-A	0	0	0
YHR219C-A	0	0	0
YHR219W	0.3158693880009443	0.48505185310876736	0.4581852894127991
YIL001W	41.30529152604887	42.2011666506965	9.09259078389161
YIL002C	45.796933390144126	47.16220619087921	8.829355723666886
YIL002W-A	509.270654807879	502.0952488849639	177.2091056178611
YIL003W	36.75030150870546	38.458591007827685	8.280556084165848
YIL004C	184.97772961338	185.38550206481176	39.27560095715519
YIL005W	102.59689317616642	102.89973776201948	15.28451626202512
YIL006W	85.8454008433474	88.55956790164724	22.15834307679939
YIL007C	35.86287178187677	37.004255140254	8.99423847414175
YIL008W	279.438187203705	285.08978608312816	66.01185049591689
YIL009C-A	152.18186856709767	155.18600314568275	29.847815172990227
YIL009W	49.55605925148191	50.37000222567056	14.882714498922708
YIL010W	77.77525863691191	79.77110716389456	14.473216781130914
YIL011W	8.834123067439236	9.38148133530923	4.031217695048508
YIL012W	0.9574636123695832	0.9845067761347795	0.5802744947908784
YIL013C	4.506183910127523	4.714972018262029	1.6552639373095346
YIL014C-A	33.4931291113978	34.81953578910613	10.05943112699554
YIL014W	43.9890656541002	43.11469513395609	7.142501643414352
YIL015W	3.111562112385963	3.191358323472834	0.8199709955808284
YIL016W	101.79710385682344	102.5717138549681	24.728541237124926
YIL017C	21.642896773725965	22.61181137057172	5.936829474080221
YIL018W	209.42949354528665	206.55883031423824	51.386067574128184
YIL019W	122.1824019057102	125.13797568408157	43.00814961049243
YIL020C	112.55558794336822	114.4643351748836	25.51348927096021
YIL020C-A	0.3972623403757213	12.729624936709678	68.62722649884255
YIL021C-A	0.1689518199931216	6.267122485442641	33.63394531890058
YIL021W	237.736615235629	242.64305140564343	32.048937336811086
YIL022W	583.529266601333	598.547158637129	79.50923417293073
YIL023C	54.731097502530304	53.56264684087777	8.760069254817603
YIL024C	13.7037959599114	14.476360037493622	4.3821340000828775
YIL025C	0	0.016226315168982586	0.06412237199017423
YIL026C	53.10824748836783	54.29871383130782	10.53048046418605
YIL027C	85.24226169725034	82.95341582916042	18.390179760974863
YIL028W	5.59998009875251	5.702172713213158	1.5651296069105751
YIL029C	21.998310343009496	23.338833165037173	8.628017854279278
YIL029W-A	0.2024215265833076	3.658964040721595	19.186673313167397
YIL030C	66.75814571788916	67.29736032531366	13.01174019650923
YIL030W-A	0	0.11303859470994726	0.23043856749785413
YIL031W	53.84463003868373	52.210398240637645	13.61255479842947
YIL032C	0.4941292994698396	0.6057502089695	0.4628007264487159
YIL033C	249.13165764777432	257.9036083922722	50.27532424237046
YIL034C	376.519065827932	390.05957485465757	73.98904944190461
YIL035C	229.80280525683733	228.0438030491374	20.585005237154906
YIL036W	259.811805336627	260.11838279395545	65.330764443347
YIL037C	0.8420438374347764	1.3131995401184844	1.3314593733163602
YIL038C	114.824127048713	113.8200060214856	24.05116430556408
YIL039W	44.62582810688699	46.40766647319523	8.662358694738465
YIL040W	300.74259669417745	308.95604882886533	56.762077961353526
YIL041W	197.07468105143835	193.45809264743215	36.83231440741728
YIL042C	140.17229658333602	146.49557246828053	30.613073264577196
YIL043C	145.74241516510867	145.6952720019068	34.57894998446275
YIL044C	146.24886703072534	142.283947264006	21.399232591191154
YIL045W	44.6850962724451	49.27709305533513	16.520204069546228
YIL046W	65.23039288773573	67.58472615740733	12.397691174757744
YIL046W-A	34.04789002141457	36.66422945501693	16.636102545174108
YIL047C	87.67513758228414	87.52670176215383	21.375246010879764
YIL047C-A	0.2458697280192424	0.307515041244049	0.29815573218223784
YIL048W	29.106430535119436	29.08155437185559	7.029564079622419
YIL049W	44.5382907882554	44.172162544782395	7.491953728514668
YIL050W	100.71905912872955	106.09320343898538	28.518604983515164
YIL051C	764.6219338953051	784.108883276117	314.0486110347021
YIL052C	410.7745890387951	426.09328561503867	113.77062147706573
YIL053W	1247.50597422962	1290.7738806049197	302.8307039307907
YIL054W	0	0.280329865133118	1.345806737837101
YIL055C	40.51910347029696	42.46839043919806	14.302144548156729
YIL056W	107.70695650933732	110.09454196378978	35.407374335290626
YIL057C	1.6878135130917151	2.0912457306022674	5.251089623436931
YIL058W	1.02780600500712	1.7742695529298163	4.160823903491849
YIL059C	19.784861489270437	19.498691751895745	3.9447460313854883
YIL060W	0.1638570548037693	0.33729443807479	0.7348230445885358
YIL061C	117.291412213207	113.71942218502946	15.873531364686828
YIL062C	436.3243208363597	449.3075564608514	127.00153676730727
YIL063C	347.82958031625003	329.37307665015265	66.61366517959617
YIL064W	57.09472674919763	59.978707803801946	16.94871453839564
YIL065C	112.21213223140842	116.4206570693603	27.230537334842925
YIL066C	4.140453578388956	7.31868721121554	35.577243424013155
YIL066W-A	0.0921857568579086	1.397959709997017	7.24768540027401
YIL067C	31.593744045313667	31.648790465451892	4.514187668118203
YIL068C	58.660677044700805	59.85017587174943	10.758624401863448
YIL068W-A	0.150462052595087	1.0129756849754372	4.59524702438417
YIL069C	591.449164547172	577.320951811412	136.9691780632286
YIL070C	202.79342719729905	205.11344680396368	22.04031760065651
YIL071C	35.609493885904534	36.17972897535357	7.9926187547525815
YIL071W-A	0.5723785065040297	2.3884741043800464	9.789950303057182
YIL072W	1.320568208676291	1.3978855681393532	0.5882696431741329
YIL073C	1.0094038783139063	1.6682587251926788	1.8092437165190427
YIL074C	33.9972750037628	34.91086569175403	8.160909502450524
YIL075C	194.947084469697	195.0245211538698	34.41236273746738
YIL076W	107.17395886625	106.11377849733978	18.218820046661985
YIL077C	79.1607217629289	80.11531984529904	17.013852477033613
YIL078W	215.28595970382105	222.3065535367173	52.54414362284859
YIL079C	100.00487185515723	99.49882019309261	29.709253785910754
YIL082W	10.840809918266432	16.54787346945485	17.642220843356718
YIL083C	40.13055497484523	40.0863668223266	5.557836527475989
YIL084C	47.09997297356913	47.31800748708792	10.566653202358404
YIL085C	45.344931466517465	45.55460480178232	8.708288911318228
YIL086C	0.6839888655720587	0.8038231700331977	0.5389465187163588
YIL087C	45.25024411801667	47.56953560925413	11.323026715042007
YIL088C	108.45782955993366	112.54911239128906	22.817211705859556
YIL089W	8.201381627856177	8.58234922704051	1.9372898874117679
YIL090W	50.181233704925496	51.338481590480896	13.609495225041204
YIL091C	147.46763593356266	147.84093789290432	44.24505128392663
YIL092W	36.0106874433753	34.954881807484476	8.231653038455113
YIL093C	299.20208054240265	298.0535669714237	39.49636655294566
YIL094C	131.30457682851733	132.54831951251924	24.687498616542037
YIL095W	56.61713794216297	57.0367340375505	15.703944298034461
YIL096C	35.14754513166277	35.52987353165933	10.634921100557465
YIL097W	26.8819257002081	28.0187545771192	8.655215172381062
YIL098C	157.09683723160666	158.72238517636782	33.8147066588273
YIL099W	3.06617901118519	3.4012810573968073	1.6838858602768094
YIL100C-A	2.079943426676085	2.9869538219210794	4.330435604588826
YIL100W	18.405857874373368	19.69072601235531	7.842464623188997
YIL101C	38.8275375758846	54.76167986687456	45.99664707501469
YIL102C	0	0.13984353173822836	0.3146249261917346
YIL102C-A	49.084141051388336	50.0839434931578	12.450190047125531
YIL103W	34.80506914937323	34.58237459491791	7.666045947802966
YIL104C	51.331659129627006	52.12249480002706	13.205238040307501
YIL105C	107.91416022523632	110.2104707095952	26.75904093083977
YIL105W-A	0	0.9701318578276636	4.5825223993753
YIL106W	134.30317563635103	132.89786708173165	22.525863367454374
YIL107C	20.15472464105933	20.45455952783434	4.335817962972099
YIL108W	102.39074843310088	114.8372270186696	32.92164654716111
YIL109C	301.6567101957326	311.9459267738202	56.58522626288246
YIL110W	46.80107203606513	47.33757714941429	9.77367430845727
YIL111W	261.186409908288	264.94375114792746	93.9403412953218
YIL112W	116.15736936980068	119.54349061533611	29.149866157825137
YIL113W	38.65482268456213	43.23094756013151	20.751132675340433
YIL114C	48.05195016398403	50.80216865403678	10.469569680957635
YIL115C	59.1896378041814	59.52493568204441	10.021708468820746
YIL115W-A	0.1195835188315573	1.7102268107692382	8.773095893029545
YIL116W	118.70735245714566	145.03429010234638	64.42360736552918
YIL117C	52.043418803968365	57.90276571545811	18.977738855372596
YIL118W	545.2416944508636	534.246378295541	87.8713672744671
YIL119C	73.41465864266333	76.22320682459652	31.107658460291994
YIL120W	9.593529735724298	9.840429450499165	3.1245576455185233
YIL121W	71.00288392354257	79.0698482726745	28.08885828206415
YIL122W	50.75217764	51.381383618700724	11.268350747525059
YIL123W	437.66910431292536	438.21936119504824	111.21141888259783
YIL124W	68.06823666255106	70.83738675744765	18.86966161084826
YIL125W	45.93007631255073	49.163144748208936	15.43430414023475
YIL126W	228.204258575299	225.25294087233328	26.33069043053443
YIL127C	449.637197879731	449.5318117670146	136.4206045126543
YIL128W	43.0682184089655	43.564357021688856	10.979165137078422
YIL129C	58.62829094109977	58.58857683393095	10.15838900348642
YIL130W	129.24811999480366	134.63833675493123	36.53043137509418
YIL131C	106.31914993239964	107.31314962495793	17.32085807925434
YIL132C	28.696517153612167	30.190811897698467	7.641360170038502
YIL133C	494.5844018854147	529.528469009118	125.50063987023937
YIL134C-A	1.4980518639798734	1.429906781375977	0.8415014459174792
YIL134W	50.04291061210447	49.116370682132406	5.768006665597258
YIL135C	178.94846096541036	180.92504380286147	36.47136073938308
YIL136W	142.17444005241768	172.78118281423764	106.43096005632955
YIL137C	92.15829291532955	93.47957205566351	14.995505487389554
YIL138C	444.384134799426	442.32018668392004	75.87376200531747
YIL139C	44.287973125731135	45.62833418531741	7.622908590955466
YIL140W	42.5591732588974	43.14526929535682	11.126338328921495
YIL141W	16.406059698364768	16.10256056805476	6.4630143906596365
YIL142C-A	0.6124441663891305	13.21983706090906	70.08311179784688
YIL142W	360.88649045462006	354.2637372085334	63.40362395895456
YIL143C	95.43025520873904	95.12977498072512	16.88319655876391
YIL144W	125.83366121146666	132.91957759967718	33.959279003726756
YIL145C	134.11410267605766	136.16139766153864	21.981525446754404
YIL146C	30.8120636752264	34.45843874170278	16.910766424026324
YIL147C	96.29592138011692	95.93780694758634	16.802296768432026
YIL148W	511.6283634780207	495.78417141792266	173.81457915595436
YIL149C	121.04268542259167	119.63577835139132	20.057094645990343
YIL150C	61.90403339155287	63.2112336258434	14.095616234695045
YIL151C	51.84453831413783	53.38052568018143	15.685518104058035
YIL152W	88.4772463027337	88.46941356011976	9.551230439024822
YIL153W	84.82680154918916	83.99782214132351	11.847660074043274
YIL154C	194.577709121578	200.65041651499533	44.057935306250805
YIL155C	98.95183876625045	98.90118388297991	31.386280449107975
YIL156W	67.81560192430453	68.44810234196603	14.610216664583868
YIL156W-A	0.6944195319745328	4.453628838671529	20.523856163002485
YIL156W-B	200.297779074402	207.92033822596056	55.01641765000211
YIL157C	126.52697645327063	130.29804434271722	21.806404819852926
YIL158W	246.5946951893293	246.98825435761697	50.89137921174796
YIL159W	38.1761748322778	39.324655905576975	12.22594526518676
YIL160C	0.702389537312218	1.3813092975502528	1.8367246023584232
YIL161W	320.09165228003934	326.1842841919122	81.74666403539413
YIL162W	22.931857403812035	24.211437873067187	7.532623189891204
YIL163C	3.557647408525167	3.602357092370984	1.4282794100155678
YIL164C	16.310804182845533	17.421785576491335	6.25268294074873
YIL165C	16.650703596512532	18.58498444297871	7.524362207793243
YIL166C	6.76956663841701	6.794239350045853	1.4086182567154912
YIL169C	1.0062384680532577	4.4103607019569715	16.64649972366165
YIL171W-A	0	0	0
YIL172C	0	0	0
YIL173W	0.21485705684192	0.24476949330239178	0.12527639000297122
YIL176C	0	0	0
YIL177C	0.0144495094486042	0.01571330378879721	0.014447919151483985
YIL177W-A	0	0.0005594488657649606	0.006304668527569395
YIR001C	111.88441701284432	115.83307941094134	18.42113497231178
YIR002C	48.03088905116564	49.785949945324205	11.021436330671682
YIR003W	124.799107329258	122.91305425090313	15.284895110648508
YIR004W	182.3412203882237	182.88249134771806	21.712227348241022
YIR005W	28.37112075547453	31.070085891623922	12.522191222396136
YIR006C	259.67074662721734	268.7634619644932	48.26672599107925
YIR007W	38.7971859564766	40.17508328599517	10.535142971183697
YIR008C	37.653964097195264	38.578649822283985	6.553434228647965
YIR009W	368.998760931182	367.3643652680486	50.440199066117216
YIR010W	142.03676240680034	145.2025770227362	24.15057150141823
YIR011C	292.289941849129	290.224543736285	69.29092308679729
YIR012W	144.51360875224634	142.96240543307144	27.98877447626468
YIR013C	1.54710374800661	1.6299910955262573	0.7684782869934557
YIR014W	66.59047651749094	67.29285864969609	15.29033026255878
YIR015W	319.97887196115465	323.9293448712118	71.32598048752298
YIR016W	52.24970564556111	54.83015171335501	15.592400700309376
YIR017C	58.92842256582484	75.79499418758927	71.79211175215244
YIR017W-A	3.1417784875765697	4.268822573051233	6.100399538249916
YIR018C-A	19.5391882617687	20.27937372591509	10.330977532063095
YIR018W	92.62879732404932	96.32115527637667	37.446415428232044
YIR019C	15.376414734834531	15.464575994794563	7.320086190944118
YIR020C	0	0	0
YIR020C-B	0.127446582782154	0.5028562950771848	2.016502078141892
YIR020W-A	0	0.2634496439776764	0.949551176510422
YIR021W	31.240622856591735	30.861608783030086	4.572578393775066
YIR021W-A	0.209239497371261	0.39966498096206465	0.6216558479328154
YIR022W	90.09240897943936	91.76710909064477	21.38821925044536
YIR023C-A	0.6802367057019647	9.711180361141315	49.934717795580895
YIR023W	163.86215429506467	168.17290543268524	47.442995214769475
YIR024C	105.65088173802332	106.27779661430142	16.233090610793127
YIR025W	84.98385135293451	85.30495315204715	15.300301887529873
YIR026C	71.3322368329995	71.77331425059766	17.804954911324632
YIR027C	0.8034165502250313	0.8974500614385257	0.5026204042843053
YIR028W	0.9052437820034724	1.1756164763361192	1.3017706690107413
YIR029W	21.619368537674365	22.029077790976675	4.456684116825483
YIR030C	22.2710140155744	23.675376433946553	8.515871465036803
YIR030W-A	0.8490362044618465	1.16562314262451	1.581324523016799
YIR031C	19.8909302490927	20.251951742297486	5.031068936861514
YIR032C	7.562904573402503	7.909017900905217	3.0359296743979485
YIR033W	65.01621716423863	65.51597211638786	18.402616611482845
YIR034C	97.92414181995136	133.96712743187734	100.58729125535375
YIR035C	99.2889187259122	102.86176140882114	36.684478714483895
YIR036C	58.02213309272226	61.29212242310861	14.704796049611181
YIR036W-A	0.184596837452466	1.7327051792551322	8.550764849813113
YIR037W	75.64056171156733	78.46574091991971	23.964457968160904
YIR038C	50.86263782050713	52.63681935640621	17.867696102289994
YIR039C	5.672802654963817	6.462893791550073	3.046180322564001
YIR040C	0	0.01787399144465747	0.11677433594075565
YIR041W	0.2736516973191553	0.42811090717631445	0.6050321348053359
YIR042C	13.225913728420132	12.624162154022162	4.724691116168566
YJL001W	184.73992387672132	183.29810560832115	30.47077618174355
YJL002C	218.29355458256632	224.99600869510073	36.8602523483893
YJL003W	52.8624502316675	53.23894097945185	12.424750436517327
YJL004C	80.99761160116437	82.74938282702647	12.63599013669202
YJL005W	70.42381550000994	72.0045398190209	16.780870323509916
YJL006C	59.727682517392	61.28323879478174	11.95161645926212
YJL007C	0	0.05132457400833503	0.21984454486668487
YJL008C	129.14123228577634	130.1186114160198	14.357277557090985
YJL009W	0.5152599257668987	3.2683829356914025	15.146649077217337
YJL010C	50.47403789198777	52.03667811942565	12.643732052119832
YJL011C	63.785461175007605	63.15339951252991	13.089977361977535
YJL012C	216.7827956977117	211.50404611145854	41.06923442327845
YJL013C	45.856703177290605	45.65328240896257	9.08154556323149
YJL014W	171.80854298310405	174.6114067483693	26.279466599080916
YJL015C	2.1272607168050666	3.092052247297086	4.422521569622224
YJL016W	38.072466891392	41.25399753904426	13.88454111242912
YJL019W	65.58019261007236	65.51472727259033	13.558634046349551
YJL020C	206.88905000259	207.17685450832758	43.53973034925564
YJL020W-A	0.3190665573698993	8.451295651921813	45.335534241519916
YJL022W	2.68557024008366	3.2071003304098844	2.063740381304517
YJL023C	13.844036361234863	13.862504612717517	2.247781082368287
YJL024C	160.3412439833743	162.8492330202865	29.36094540077891
YJL025W	40.1016910405441	39.57433038232675	11.201105311751366
YJL026C-A	0.38828594470828	3.4700845761056645	17.106874938117258
YJL026W	113.00981158045266	120.99080223168534	77.29814170586585
YJL027C	0.4787825703117001	0.5587859298225439	0.46700714282094447
YJL028W	2.4198791182926835	2.7210442900614673	1.319655313195031
YJL029C	101.49804067034376	100.352841103433	15.085725736359462
YJL030W	97.20078275884975	97.22449195289633	14.072300908286572
YJL031C	67.93186602058454	66.61312120463202	10.479654945469699
YJL032W	0	0.8606837633669014	4.070934710062905
YJL033W	97.25421195073638	98.47257879951331	30.913261837396647
YJL034W	224.66761383096832	248.54011853363528	109.24441111907838
YJL035C	21.672688100611897	23.462772068778975	7.360117942176643
YJL036W	155.05436184965535	158.56086992925532	25.071143028514722
YJL037W	2.9595050693571	3.266061115288223	1.9953065188919588
YJL038C	2.354287578272753	2.863541249028663	2.419399250856244
YJL039C	37.5107128219788	38.12721434098641	7.662585593585465
YJL041W	211.16623020600437	211.6006613349884	27.54630424463028
YJL042W	148.00140156041002	151.55592006100005	44.70391901451455
YJL043W	1.8261957674876763	1.8905878848309612	0.8783712087353819
YJL044C	88.86384161350622	91.16823530147587	15.552263411014268
YJL045W	0.526091811543988	0.6509341121099929	0.5391664341944368
YJL046W	42.38615761038497	42.517718655533265	7.001455171264609
YJL047C	29.990111480674567	30.054663206993762	3.895000160090032
YJL047C-A	19.669260094128333	21.58216714724136	9.141015072811868
YJL048C	69.38594352117997	101.73863080854677	102.4895587715707
YJL049W	54.3274640899452	55.29149876361578	10.712807623238703
YJL050W	84.87662197746693	84.75511495234997	20.25364493657844
YJL051W	65.54134581257217	65.16152993041234	14.009573992900417
YJL052C-A	0	0.43296702886331323	0.9918015538187611
YJL052W	86.8860603108544	168.37324878441427	204.93266462025804
YJL053W	67.52473478589955	66.75376324473456	11.59226286428538
YJL054W	91.027029698139	92.35000091807913	12.118039858538518
YJL055W	419.83609286402566	425.3863869245722	81.93045257957122
YJL056C	204.44644707310235	227.08502980057793	124.82083859962061
YJL057C	41.4348556656851	48.70397830511662	21.78023393272304
YJL058C	48.741824513219065	48.23588289283678	12.49634074309283
YJL059W	16.097982166168666	16.69272041148475	3.4054495352977545
YJL060W	43.13483158794244	44.08907561887804	10.303154060318379
YJL061W	83.06110856094823	84.86083461843278	17.191637382848647
YJL062W	45.2850977038782	46.068836711525734	9.444035873960845
YJL062W-A	704.4645809709714	719.196174739382	199.17523877259376
YJL063C	217.91705844110697	218.2949499806707	41.692042897596174
YJL064W	0.57170938761146	7.854681081875735	40.643896784927335
YJL065C	286.7720083306449	289.40215993849426	35.2123421182293
YJL066C	151.15015646903464	155.6167385164246	36.142446603923126
YJL067W	1.276749131524984	5.729555232538552	24.807285280017187
YJL068C	53.38975388017753	53.96035816433052	11.237155239635749
YJL069C	139.401206669078	138.55539527656353	32.84301302379189
YJL070C	17.022621120682633	17.93816117156503	5.689607234772305
YJL071W	24.76775968791213	25.717332830204608	6.977487779409225
YJL072C	161.14183676257267	167.7879187196765	33.443559139086915
YJL073W	169.596175299559	193.43288656329418	76.19459839781022
YJL074C	47.33057966451086	47.33635985927403	9.77692356735346
YJL075C	0.129828400829836	2.1294256365963595	11.004768228044746
YJL076W	141.91530178750202	139.77544957801481	20.173286638610794
YJL077C	2.841084386368653	4.155464847951327	6.643703761646971
YJL077W-A	170.62301661564933	184.97567447049252	60.07746536289125
YJL077W-B	58.64653431445197	65.67732553837375	37.95630759851585
YJL078C	504.8054177201616	484.0014993493826	158.49385794911223
YJL079C	465.7355035735586	545.3576894353811	290.57162711084624
YJL080C	87.6112773334517	89.70062501012337	19.737588210118346
YJL081C	117.74489664874834	116.31270440384542	12.258752657212215
YJL082W	94.81452625654572	100.70997847666264	38.38653966178098
YJL083W	109.08718467315644	108.68557211872513	26.50746118393298
YJL084C	67.00400114758843	66.63140614834766	18.40198357983238
YJL085W	28.750660662118506	29.28940993106278	6.635612041565699
YJL086C	0	0.6433437335403264	3.268634836638215
YJL087C	26.27296764805303	26.68692139964762	5.894240382240573
YJL088W	54.63145218185024	95.25851101248985	104.21611520831298
YJL089W	2.07807194155304	2.31309141726442	1.1176311757784612
YJL090C	36.4955328552149	36.67663111847815	9.794357219456407
YJL091C	39.910878826974034	40.31830367922179	9.535111878847621
YJL092W	66.26713382213984	67.57068523731728	13.095505283542485
YJL093C	36.9848865728369	36.984477334067996	5.510116117019245
YJL094C	48.49178117873404	50.340675208343114	15.942633050860103
YJL095W	68.89331524437195	69.45387392657793	13.127750518424076
YJL096W	163.173180411218	171.4089975222731	36.2200535774493
YJL097W	60.40965076828267	60.226850788737345	9.289740271426053
YJL098W	84.3997302644874	89.11631331886382	28.99695556675198
YJL099W	39.37414207672413	38.67338899333846	7.068579269552536
YJL100W	63.087591838388505	65.68421709646725	17.936601885913205
YJL101C	390.1901619301673	478.3152307906016	240.08231730906215
YJL102W	18.279134632052436	19.062578761110544	5.411957880797165
YJL103C	13.464094818094969	15.752763940346915	8.908756193871783
YJL104W	1238.08171769349	1295.7693242623125	448.5517581629603
YJL105W	2.086379169013932	3.1243864290435126	3.8459633368415185
YJL106W	4.9550386156436295	5.021553466657153	1.8028887980121082
YJL107C	10.835163756455763	10.759525237011013	4.157765746698498
YJL108C	2.472821948520844	2.7995374032374305	1.6779105300244759
YJL109C	53.16372080755557	56.48732623881931	14.987135980622863
YJL110C	124.89004938257033	121.88465683315438	25.508514131986207
YJL111W	227.00782149916185	227.31219764345119	24.153294481846903
YJL112W	49.152794612154366	49.17944404397358	7.620330298365402
YJL115W	746.3005138151807	841.6169200523243	311.865925144556
YJL116C	9.976042142992911	15.93180365221282	23.75769432702127
YJL117W	224.13234756654097	219.39645013966214	39.56756659898238
YJL118W	120.29271589725032	121.40149461712407	24.378950964528865
YJL119C	15.267660778808798	23.38617966244841	45.34654639059228
YJL120W	0.8474578431623101	13.702643553980986	71.35775796127795
YJL121C	177.86948168887466	188.2673773870835	52.79109150162341
YJL122W	447.7335366396897	437.2340494723649	131.737624362463
YJL123C	382.614211172031	379.0403664573549	54.03328405266928
YJL124C	366.2835468762293	370.2005046109043	48.732716798757885
YJL125C	127.37858873652034	124.87287867980412	26.395612955130556
YJL126W	9.506441630922248	9.905168224216203	2.653698763163442
YJL127C	68.13221828544827	68.34448525282261	12.798904650241427
YJL127C-B	178.90084133931398	182.28917975907714	41.859847840652485
YJL127W-A	0.4404994637545933	3.911482395079849	18.71126769916476
YJL128C	228.61000359403437	235.94415883030302	50.10536043648805
YJL129C	88.0959032326078	88.89764713708162	16.718270092393414
YJL130C	70.89729743350703	74.30183276256591	18.403810541098473
YJL131C	66.41561968289666	67.82238931006258	11.995586454397037
YJL132W	14.1139062136077	15.7458212342912	6.539834484080511
YJL133C-A	861.08262367292	924.293275185033	306.058842131275
YJL133W	111.01134010884851	110.1700330812045	27.441495115766465
YJL134W	36.59389171737767	36.587258862524116	5.481702514400521
YJL135W	2.427048871449683	2.632294091958021	1.4736187698647814
YJL136C	1281.64023809315	1326.4433121746188	392.47361423923655
YJL136W-A	0	1.3412118966088993	5.322974864075507
YJL137C	37.53047853785497	37.899051763517626	6.355303513889377
YJL138C	329.36917214224565	352.6502227793921	88.67605318363711
YJL139C	51.05396326335966	51.64869430927506	9.876540504707002
YJL140W	324.1072749956173	326.9997486034187	60.74518038378141
YJL141C	152.73428817611435	162.1897207621246	55.2932111254266
YJL142C	0.2011438961750403	0.42879386637371286	0.9117076779320791
YJL143W	241.876464041952	247.07674695992324	47.05135363748064
YJL144W	416.1583710169447	531.7367660353201	407.3101836268005
YJL145W	201.568413200524	212.21700615471778	56.91867277056808
YJL146W	69.6273414090917	71.26980842946205	18.734210599487376
YJL147C	33.07652839421383	33.67518794298485	5.851279009924389
YJL148W	406.07581153143263	404.33139021725816	120.37922524992146
YJL149W	61.65073861294794	66.50566310628933	26.171616709485143
YJL150W	3.455951031790866	3.89514779978961	2.1679809239679537
YJL151C	573.9861203639049	589.514033675068	131.06925334297236
YJL152W	8.821032938160025	14.409331727157051	25.7615731827801
YJL153C	429.6749411125723	567.0189861072456	505.36720010918543
YJL154C	78.02906429256836	78.99396096088294	10.527314738434766
YJL155C	59.34363128376626	60.464988897188235	13.436846222568464
YJL156C	83.56258421940542	82.40478074028859	18.735896186204005
YJL156W-A	64.8953143881504	66.53242108059811	17.334222593254303
YJL157C	109.12860080048966	114.59646469073101	38.17365871744246
YJL158C	1090.3261663825754	1121.151352309266	266.17621382746603
YJL159W	4316.1932967776365	4294.266221125606	983.7710763279058
YJL160C	4.647642977964551	4.804596542541449	1.5678363455877782
YJL161W	26.87477364225133	35.313116723992586	28.799472920848228
YJL162C	47.03917088595193	49.15102171062901	12.054151183486656
YJL163C	24.918567419342537	27.434763132699803	11.09118152949415
YJL164C	96.52291914447989	106.64355572475962	47.50146463889064
YJL165C	81.0977398463458	80.93500810238018	16.224687366876207
YJL166W	159.47022637639802	180.42952536480792	76.763779441269
YJL167W	286.1110627581804	283.6171430784326	57.349238281560055
YJL168C	110.1110727440215	112.54538979758283	27.712467993022653
YJL169W	0.2062862503496813	2.1853798699123876	10.85856417124086
YJL170C	0.5541158566417833	0.7234490761402151	1.0000342388118684
YJL171C	25.949928957621697	27.944168535990382	7.694443710300408
YJL172W	101.23054752397302	102.72031198681891	22.871838023126358
YJL173C	181.251572222464	188.9431391332541	57.666698251193424
YJL174W	311.81304967181296	307.7276522329076	41.684153321964224
YJL175W	0.3866470448545047	17.487730545374717	95.1719421465644
YJL176C	143.50487982154002	146.36012973032373	24.486514650631648
YJL177W	316.45336024667034	322.0066462578809	80.802345170017
YJL178C	96.2684601506839	95.09800985047836	13.0239576246153
YJL179W	348.46303261304564	370.9452758138276	100.54559072799591
YJL180C	97.78215304466052	97.37205072171864	13.182871915982753
YJL181W	51.873691231989234	50.724259197204994	11.788375866798257
YJL182C	0	0.9193770967694859	4.817778173521297
YJL183W	129.543877988519	131.25414456294607	22.739436132350818
YJL184W	212.36111756334	217.51999329810425	50.45756346934616
YJL185C	17.66946251746103	18.149256376487724	3.6779251789773633
YJL186W	112.217263005459	112.74306966807868	17.18419517996752
YJL187C	54.75771669153084	54.818621977398955	13.09983235545004
YJL188C	0.2025919486119486	6.66235159619819	36.00335267390769
YJL189W	389.2728390541764	412.90565038028063	171.45127657961902
YJL190C	814.9548928721678	795.595470577337	230.48726754785164
YJL191W	360.89798023797033	356.77412238154835	99.73864398409141
YJL192C	149.13354181587965	149.5171125293026	19.334373911236106
YJL193W	34.7254515332287	36.75459129207045	11.25870995961165
YJL194W	34.378074571607605	34.532368985595234	11.755676446575423
YJL195C	0.177990153393402	1.0163972119606253	4.531341399038976
YJL196C	30.2801076148255	33.50530054518763	11.187416298534217
YJL197C-A	0.115302547050711	1.6593944350464278	8.395186802574624
YJL197W	51.788200708917536	51.343740917931484	9.06308513605559
YJL198W	80.9348593856918	82.71405423887575	21.978648543143354
YJL199C	76.49905323826364	78.50698627032804	19.98535532185381
YJL200C	36.89041913625987	45.80822830207067	30.042081891837174
YJL201W	91.95680056628834	90.91863881758962	20.814599668298616
YJL202C	1.8345586142537935	7.814342166281379	32.96529807321748
YJL203W	159.95728691974236	160.85117203385315	23.40841496437812
YJL204C	17.43780033998053	17.197779669552556	3.913787826963384
YJL205C	312.17653423127496	332.63292739079145	108.0117386739056
YJL206C	17.301904577502768	17.15765506992781	3.209035385463635
YJL207C	68.08229670794951	68.51399265470691	13.083152057948197
YJL208C	143.502535823776	138.96498095795704	37.52345188171191
YJL209W	69.34396347853003	67.83720366604065	11.628590066676821
YJL210W	42.7203640820853	43.26816110873113	10.959973009193348
YJL211C	14.019188859306754	15.496196478164858	9.237076117065586
YJL212C	35.82429029314257	41.52178249292819	21.462665705107177
YJL213W	22.4684676593768	26.816013543448282	15.195368435356887
YJL214W	11.20629168558078	11.566902086864932	6.104566013691065
YJL215C	7.028496783312193	7.718991688341299	3.8345429548461354
YJL216C	2.9250926236371235	3.016816976529869	0.8552699831060702
YJL217W	47.18117818425183	48.25375210408973	16.43478509586333
YJL218W	13.241972271461767	14.046988509852156	4.146291802181713
YJL219W	0.2299240207286007	0.2854100472090253	0.23430013957860601
YJL220W	0	0.010062463101741012	0.07335632673828821
YJL221C	0	0.019541702642978748	0.02864284666512479
YJL222W	0.2967678113789007	0.3056288948377203	0.13398413157601197
YJL222W-A	0	0	0
YJL222W-B	0	0	0
YJL223C	0	0	0
YJL225C	0.4770939260381386	0.48517671294757775	0.2150643137955492
YJL225W-A	0	0	0
YJR001W	82.16686688812307	83.52517592504059	12.491166712264093
YJR002W	182.63766437883132	179.06455452713956	37.74823691687438
YJR003C	74.40597148156901	75.67335966211695	15.648804564510103
YJR004C	316.0057436353397	390.226127607334	271.93141036360646
YJR005C-A	133.7506112208663	647.7880228824703	1337.830017542494
YJR005W	54.22043752056613	55.01618595670924	13.83315727259943
YJR006W	73.9564960626388	74.55032520966446	11.596558218059382
YJR007W	354.163676193467	361.82768245955646	51.294347835720465
YJR008W	71.4962119603718	79.62217450029422	33.55907652660774
YJR009C	1535.7847676315232	1529.0061392169916	431.7108544377406
YJR010C-A	29.552758320463468	30.51538610894779	9.494519126048614
YJR010W	22.9767660618319	25.360196537059316	22.96975118408408
YJR011C	25.3183573501318	25.30057350513399	5.664981236906439
YJR012C	30.76788314463964	33.052693195999446	13.871319769094592
YJR013W	82.53675932488987	83.19092195393954	7.323393516956283
YJR014W	1017.2587155105604	1054.4487042751866	252.61651340205228
YJR015W	137.534553773267	138.90623354232497	24.606832285988766
YJR016C	218.25905132029663	252.74300332052619	134.69079908356858
YJR017C	128.66802103408787	130.3603983043224	26.53393132467227
YJR018W	3.853276283828337	9.225187670914599	28.461955137140233
YJR019C	39.99393034928513	42.89039670571734	11.906076849352221
YJR020W	1.63281864315619	2.649189283939782	4.9529285176499664
YJR021C	99.09968823040766	100.17915791658864	16.48178875365757
YJR022W	141.75528892427965	145.2543193989944	35.638413888376014
YJR023C	0.1106593756351723	3.1519416939380993	16.932258082519024
YJR024C	51.49711120172347	52.278725292341036	13.845582003745278
YJR025C	172.86437817678464	199.6570070759503	79.94926043059144
YJR030C	30.011324559171232	31.930330750319907	9.71455678325946
YJR031C	30.59746996672473	30.706992590971755	6.375281650723083
YJR032W	57.12365883617053	56.39878798158766	7.685070232405695
YJR033C	35.3432024958544	34.961695010098154	7.216260731657914
YJR034W	85.94493570815017	88.10678483834991	22.230669419751557
YJR035W	38.3206243615284	38.200734600397496	5.998982055599469
YJR036C	15.1158895475369	15.965028925666827	4.84236023686394
YJR037W	0.083329523631564	1.3148077587174827	6.725448282582604
YJR038C	3.8924432189665	10.395469575566096	36.260521404504054
YJR039W	19.39857155787487	19.899979500766843	4.554349407396952
YJR040W	29.00313429903436	29.391518863009935	4.8649340731750215
YJR041C	38.62350740690983	39.954706303253865	10.525771024766195
YJR042W	136.58077481788067	136.10111816256355	25.382730633792054
YJR043C	128.72705936661166	125.23016713164029	17.601522161772873
YJR044C	324.22393323092	328.547336184695	69.84041355717753
YJR045C	599.7076026516523	636.1800168361474	159.5791096422745
YJR046W	72.9534727757201	73.28487282065842	16.13990635797493
YJR047C	12.022528768656755	12.402000831231998	6.555369862178212
YJR048W	54.24933188216877	72.27863126208902	64.34543969418127
YJR049C	53.781223805435566	53.64807809436396	4.640075906822157
YJR050W	128.622904337577	128.11380082608704	25.469187794608473
YJR051W	39.692132581141934	39.25430328897066	6.169349146121605
YJR052W	39.99443230808027	41.81724506810589	8.366313770921325
YJR053W	44.59653589288487	44.3815673012404	11.048418274978864
YJR054W	52.99445283532236	53.060633465998336	13.356639958873048
YJR055W	52.704029094336136	52.514552363271484	11.000090471647606
YJR056C	171.4574440376197	172.26275102192741	27.453443718902918
YJR057W	104.46457368177252	106.65272456897085	24.233214845355647
YJR058C	104.65351373079238	105.7311169212389	19.572918508636857
YJR059W	185.11432959299464	197.53564890867213	55.02243225985068
YJR060W	319.5326177920593	315.11140962984575	51.35691364559432
YJR061W	5.242519270632183	5.588767601608514	1.7891653561375318
YJR062C	69.64733438392743	71.46573634450507	14.406712740310684
YJR063W	345.3004895777844	364.02049712717405	98.05679343545938
YJR064W	130.98344346686767	128.6350729089456	17.834053890472386
YJR065C	163.821358220016	169.39779197370754	33.30902907063922
YJR066W	61.19189649063474	63.55614927069921	12.682893081574829
YJR067C	286.61305059792966	282.0643677014354	73.83955624655212
YJR068W	130.54656112153535	131.37413571426097	13.896516233644514
YJR069C	76.22013959100819	79.600079890301	14.729653380014101
YJR070C	465.6482581409293	450.1896742095433	132.82041041236553
YJR071W	0.3086964199200926	3.555016817660031	18.155382670484766
YJR072C	132.540471865343	126.41872178406099	29.018513474933084
YJR073C	782.493657734543	809.9305391750579	314.95415093560234
YJR074W	222.7827041768637	220.62426524833276	42.238347468000924
YJR075W	161.844817364007	164.80171597902796	28.31393626262315
YJR076C	255.60538301557835	259.874597763055	35.29012127618676
YJR077C	121.59531188148831	125.52981346917453	32.600338816399905
YJR078W	3.94558485010214	4.654422258323826	2.655181010170625
YJR079W	0.8034680161434583	1.90105421640043	5.519672358542224
YJR080C	45.186588236851634	45.551230857318	6.074954605339409
YJR082C	242.11366964244263	241.17622341309522	30.26689471484226
YJR083C	70.40463403828507	71.52650560939848	16.148036536935212
YJR084W	57.8752204719711	57.676743303092984	8.185788393394548
YJR085C	240.837344207491	259.12085674040526	83.16958207639541
YJR086W	94.73826040624036	100.27045951852314	39.43637458564621
YJR087W	10.016231001678724	20.19115309345002	52.89032085583248
YJR088C	215.43950428359332	219.1013356957152	27.866885959428423
YJR089W	35.31202779022137	36.40256826247831	8.507400722168983
YJR090C	80.09582986178006	79.08405938937582	20.528083761677014
YJR091C	258.2659547406843	263.39162639966224	65.9115137910257
YJR092W	116.164434593342	117.95284554194282	21.485215895481144
YJR093C	112.66063713863332	114.40835321284186	19.287082864770774
YJR094C	30.26832737288157	31.15350088942256	11.48998526356057
YJR094W-A	840.8181602490894	801.8716919622298	234.9849414002377
YJR095W	3.4213080752604896	5.492845000943041	13.440772045351828
YJR096W	46.59656850027206	49.92593225283583	20.444783199046825
YJR097W	138.50556564784867	137.75640110991225	45.870456047564716
YJR098C	18.291400540006	17.714587065090814	3.1956036976922277
YJR099W	78.51212835371011	78.60594200602425	12.849751983043953
YJR100C	80.33823211340159	82.39034375194062	14.35534285325312
YJR101W	86.0287233115064	88.3427929117811	16.462016793517208
YJR102C	40.62866211249493	40.73525693707893	5.1225303928661985
YJR103W	77.7727943136721	82.37359293416027	28.03551392837734
YJR104C	2468.5105976259097	2761.458609934904	1253.1901102757317
YJR105W	327.77247430095366	337.0410834587937	62.948013588928646
YJR106W	27.94911751209447	28.874808229328153	9.15176532801089
YJR107W	29.52591340522223	31.036094685525075	9.161757911042901
YJR108W	29.260126829590533	32.54801074208487	10.555015111377871
YJR109C	132.150690581337	165.19465640841563	105.31985326102635
YJR110W	32.734967962263866	32.40735095745578	6.176272853051356
YJR111C	87.63927802257926	97.11343119177468	39.736338562060986
YJR112W	117.77183115857764	116.26471840898792	20.090303900287353
YJR112W-A	65.74331238285234	69.21603553596447	14.21382202081217
YJR113C	151.02925868229798	151.9141961013396	30.017539032700217
YJR114W	0.3734050997004927	2.8779082847607618	13.675973751708543
YJR115W	87.51875984420717	89.06176666002146	24.811626081634657
YJR116W	58.66606453565394	61.131035263910846	12.64361966468702
YJR117W	127.174608161025	130.0417855828841	20.301062259817545
YJR118C	51.913858152799065	50.68778022443633	9.226270810399845
YJR119C	12.798397841917568	13.644977641184509	4.401912858258869
YJR120W	18.18763580094397	19.599174829959	11.006468726703364
YJR121W	170.79509114388932	174.8236347251778	46.1188484516252
YJR122W	146.07073870621767	163.71473273768277	60.955940560793444
YJR123W	932.0715415161084	959.5917204775326	245.18841309985035
YJR124C	26.75342134528013	26.542835395781434	5.209870923720358
YJR125C	295.973500758506	292.483415158953	46.03845403993144
YJR126C	140.97418483099702	148.09235506094058	60.815353511673536
YJR127C	144.945486833052	151.74804441619844	53.195967481714106
YJR128W	1.417063973632117	2.246140762307767	4.563138930578388
YJR129C	36.9644026043644	36.82006469836996	8.346947654221239
YJR130C	41.15411818175146	46.242854173044385	17.788704772794127
YJR131W	69.80335185653554	70.58110677750645	12.925556303813138
YJR132W	36.3818818617633	36.89590329580746	7.756351450502896
YJR133W	178.36590425574218	174.8412536804132	52.913742723248916
YJR134C	73.79111930857714	75.98679492281653	11.110583807324037
YJR135C	47.94437933622077	48.493478624739225	11.147121504913736
YJR135W-A	80.5200364153893	83.20537836633574	24.78641120964803
YJR136C	37.44038867402093	37.64139792123568	5.717798544142773
YJR137C	14.753597688234532	15.405444297661143	8.471938942294864
YJR138W	57.05505423045667	57.643476587557686	11.655256557200701
YJR139C	76.02292461112968	73.45091399464299	13.592125149382563
YJR140C	23.466107647837436	23.838451545744135	3.7702820258826497
YJR140W-A	0.6101696470768636	1.65101430231214	5.682092774938506
YJR141W	9.458162509480765	9.941730938711833	3.3443192140491025
YJR142W	59.9827660605676	61.04490406072015	10.92989064666131
YJR143C	34.2143265793668	35.78070721742795	7.322030174679102
YJR144W	265.251647485479	266.3853033213071	37.39187232304811
YJR145C	331.6624976786377	336.2708665838464	93.22131087682108
YJR146W	3.403100794402523	3.9241267611948016	2.2308098167577364
YJR147W	187.4688247765578	186.72485714332868	65.11264922153721
YJR148W	114.23476445456193	129.86185739704564	60.911897490731526
YJR149W	17.414654879491064	18.1102735407073	5.0058675010186535
YJR150C	0.104654136521546	0.5926289082068773	2.084335457999426
YJR151C	25.950170123628265	27.353158389715023	12.531379739922869
YJR151W-A	0	4.0425777921475134	21.230403424585628
YJR152W	4.353130301993624	4.659430778624394	1.5104584399026038
YJR153W	2.3288857877186637	2.625200633129848	2.3278938533879234
YJR154W	17.647777207748664	19.497234769155092	7.877560860638534
YJR155W	13.619481720134823	14.06053283455574	4.9586399345437835
YJR156C	2.5935470734684003	2.7184127276628836	0.8747980854162014
YJR157W	0.1199245598642056	0.14694633540577481	0.16265139798703337
YJR158W	0	0	0
YJR159W	0	0.036482337798570644	0.06574577956696182
YJR160C	0.3508124903655567	0.36453028281539346	0.17618858525072542
YJR161C	5.982963122166001	6.211888842137304	2.0645319291246382
YJR162C	0	0.021447347921115013	0.07792683731913017
YKL001C	38.0901613957811	39.42967778281527	21.65173486409641
YKL002W	197.035552471846	198.83671724180215	41.12778093197892
YKL003C	301.06116129630567	301.2902666068616	60.386836776414206
YKL004W	161.96033747145233	162.20453530692586	36.16113696172985
YKL005C	58.827280664912735	59.06755509873468	8.729023995413574
YKL006C-A	100.44744456698378	105.97553913639713	36.55848539564395
YKL006W	277.045324457886	273.7335395477204	73.6477536315411
YKL007W	270.59620127794733	279.16629228103324	58.30762226797604
YKL008C	55.160876177592336	55.246742372104755	10.833244003398706
YKL009W	274.99628172554736	274.45868947044136	78.9254161844467
YKL010C	62.69805114013386	63.42369640508065	10.625201189610097
YKL011C	36.86616942956126	39.299516961287466	10.750796988243273
YKL012W	141.71296097025234	145.66546082141684	25.023871462741255
YKL013C	167.68006129837133	171.25851228943594	30.63309344647533
YKL014C	48.45422703465553	49.30884927097126	11.798198264820584
YKL015W	40.8214264894256	40.551485653705	8.802423752244342
YKL016C	146.98695724387366	150.6671142574386	51.5327733638274
YKL017C	21.812224316060764	22.085209040563495	4.5970693034982295
YKL018C-A	335.2518111539667	346.97813564540803	90.38740823099742
YKL018W	166.22611631558098	166.82082551365747	29.564132395580636
YKL019W	67.16266544557833	68.98673946270777	11.46539465319745
YKL020C	113.72115558967766	114.74036959196248	34.350932802425774
YKL021C	99.48225508154816	100.35687263775084	17.947289644625485
YKL022C	59.21482146798133	61.03518479751399	12.179719627731108
YKL023C-A	160.36714834038568	186.07177284943313	93.46773678766219
YKL023W	223.30763869077268	226.93082959429105	33.28666537004043
YKL024C	32.80986548019883	33.38987269248003	8.33770766278493
YKL025C	189.580288541915	189.67142907910124	42.534812619130626
YKL026C	7.62610992292193	8.739234206213615	4.5599144638745654
YKL027W	159.668004390179	162.75592476222312	30.88628108163099
YKL028W	179.63071238770667	180.491859205589	23.08222093261766
YKL029C	231.31942383758323	266.55015365063144	144.1027216662313
YKL030W	0.6369678729528624	4.29551425784271	20.085478318668805
YKL031W	2.646966024406254	2.961594683163514	1.5824596582505883
YKL032C	929.777461846124	934.1882922279908	174.9269295196113
YKL033W	19.284587026664934	19.157065457290113	4.717319622191154
YKL033W-A	159.720300757834	155.85995187363096	37.064618777655724
YKL034W	55.839957044274335	57.78457158398306	13.56040675996459
YKL035W	219.0990796264623	236.96180701376474	83.97455093144013
YKL036C	10.121091696527834	16.938641503901334	36.092745126549595
YKL037W	9.475352517019246	10.60773472898104	4.633352633137185
YKL038W	86.03834840305286	84.82430863085534	17.08806090760665
YKL039W	90.89208683775486	95.61114454095987	23.21935490209929
YKL040C	104.83714185938484	109.24658935100453	23.627025451316364
YKL041W	248.8226973996664	248.31759609975379	43.92817908424901
YKL042W	51.905089498399605	53.260808150115395	10.956815547814601
YKL043W	874.0290600492021	985.4925685020291	430.6838286341098
YKL044W	626.2642594629416	674.9011986712086	309.3930839133223
YKL045W	105.12223383083337	101.82230744603791	17.31304932067612
YKL046C	95.25388094293288	98.9195986098236	19.330120255517674
YKL047W	27.421905704984667	27.63345635374357	4.975777585232394
YKL048C	29.606624849483552	30.63914470545875	7.456008650564804
YKL049C	252.2641976364073	247.84000425522703	46.49144630202743
YKL050C	15.516934913783963	15.826103957590853	4.02886827473014
YKL051W	77.259968015534	94.1833252555484	56.57004314382981
YKL052C	267.610090706906	267.13469695090055	44.200669060142175
YKL053C-A	117.55984980080662	120.23087462480262	36.15448572628485
YKL053W	2.625528306654864	10.174489959748838	42.22898573991343
YKL054C	758.4877997108014	807.0896971234503	177.8307614804906
YKL055C	43.0871212828358	44.60276564037987	11.994028152713005
YKL056C	574.38777258961	592.797627050294	144.62230665779956
YKL057C	55.02332222132134	55.22925204698308	12.460379968659714
YKL058W	113.838605667982	115.22003002104054	20.775668583084943
YKL059C	82.24275741460762	83.85246320129043	12.755871684435846
YKL060C	960.7660494717989	980.8256474283218	234.33997261214682
YKL061W	173.0657243744163	171.5738146793668	34.944624279597626
YKL062W	77.64504876549756	92.30350767654501	51.61580081056269
YKL063C	322.2054387597048	334.64706819394166	48.60258914460755
YKL064W	62.76283430103751	63.25949897769696	11.048259262198817
YKL065C	121.220327676394	122.85689083617822	27.661703298048653
YKL065W-A	3.2861852619467364	3.483400901239925	1.6352333169918707
YKL066W	18.555103481083734	19.026924124626557	5.723792755429646
YKL067W	226.80135429578436	230.96560507505484	61.15013005571734
YKL068W	201.5270606097704	202.08353969424832	44.301685562311036
YKL068W-A	221.69527105780327	230.56417159528368	72.45146419319863
YKL069W	99.39903875634508	102.74784751857003	17.600891256076082
YKL070W	4.4060550174797095	6.6464793053208355	6.235353033114231
YKL071W	43.48666451	66.32772563118277	62.280427844243654
YKL072W	36.8684532904577	36.697062365011554	7.8158076953043905
YKL073W	41.05656714734747	47.02311182535916	18.95679419445677
YKL074C	175.10935077725298	182.61182872024298	49.0767147803116
YKL075C	42.7268859649388	42.49495862927123	9.076991213880936
YKL076C	6.83624310163064	7.5168015235157135	3.1364473636389207
YKL077W	72.15573255984096	73.01792783390333	11.574890767312061
YKL078W	18.814460980453035	20.336479504043584	8.587278314071465
YKL079W	115.74196122766868	118.33659285899168	23.46521294637938
YKL080W	102.1532167846999	101.43380192602429	15.30148070628282
YKL081W	419.3926913448317	428.16558976575516	94.88562293674123
YKL082C	1337.7261693271537	1348.8566591285207	491.38329154250965
YKL083W	1.6581397764176566	109.12150201112168	598.1851379672298
YKL084W	129.39279382257598	132.73519705901205	41.73666669966406
YKL085W	135.81594092135833	146.34314849238564	51.817479011807755
YKL086W	96.83603412943926	304.54528372122326	461.6256141051309
YKL087C	264.681163034255	278.000638460131	77.83466474787281
YKL088W	177.51681165313832	179.0802166071354	29.221732695392344
YKL089W	98.000586931799	97.14803742723792	22.068006242464712
YKL090W	17.70462636757153	17.58194218329089	3.075700656897135
YKL091C	40.44801642425083	46.716243875624976	18.47223098396021
YKL092C	42.91082837873677	43.451711258696456	8.32760581288553
YKL093W	4.329244164887997	6.275973749466032	6.1619709880605384
YKL094W	205.874574265284	207.9762819685705	32.67511673793613
YKL095W	83.14070966156514	83.7544671786165	17.485797728102618
YKL096C-B	1.930334814761321	53.62619856489318	288.1566234582909
YKL096W	319.89154955204566	354.3900389865663	156.32900024567004
YKL096W-A	3590.0033820995936	4066.1135411011674	2178.6162906821373
YKL097C	0.5393921979270097	0.580167501323521	0.3523524494541917
YKL098W	39.918227395556606	40.22480379010543	5.889583928052786
YKL099C	149.618183360539	150.801549525514	43.306541785949214
YKL100C	39.5975307020285	42.1802179300872	10.796005546658511
YKL100W-A	0	0.5525591934025434	1.798000364292274
YKL101W	177.848511010807	185.1325299711365	35.96949919340442
YKL102C	3.493737035008557	3.913575228906077	1.9662420790440123
YKL103C	134.45184505730802	176.0159121839174	111.20485249932128
YKL104C	176.362990585027	188.02168034057564	57.50162039195207
YKL105C	101.08973808824186	102.8607989168531	19.544512099001665
YKL106C-A	13.451585691671523	14.571833884251886	5.572594388429094
YKL106W	69.2160596294254	70.31550160492455	14.0046623938956
YKL107W	1.290233500205998	1.6643664770347466	1.0582906058984325
YKL108W	64.17275081442307	66.13082937396362	14.080344117044884
YKL109W	94.60189298437297	126.27445547984888	92.73562397426595
YKL110C	100.07048483012927	101.99881029708413	19.321165576844834
YKL111C	0.187277000670389	2.6747713414199823	13.75673673729489
YKL112W	125.768778558961	126.94094522451576	24.418069582302955
YKL113C	173.3989983778449	171.6981153147218	25.85181068653679
YKL114C	77.62400919927784	78.94415521879979	13.872613295835569
YKL115C	57.27239489520184	58.11468932132278	19.173864392699077
YKL116C	33.5080006289976	33.41677848998177	7.997184039516072
YKL117W	367.0831353580124	367.3887859836416	78.8040852828523
YKL118W	1.109176407545534	13.408187615015398	68.54133469154317
YKL119C	125.35444417298169	130.91118768026837	36.069377237639216
YKL120W	205.058359102116	218.3701940308252	135.72336295608196
YKL121W	24.118988489091134	25.185533218763947	8.08787447990381
YKL122C	1256.15500911186	1321.2798666171861	366.5000371391199
YKL123W	0	0.47984750728186476	2.4250365719909563
YKL124W	23.98476039708523	24.69632196170816	5.679691103457287
YKL125W	81.72390052674935	81.71445456415115	17.034767546064405
YKL126W	186.9371495145764	192.31425333158194	42.54301998998544
YKL127W	44.191073953041865	43.494858453498686	6.001893848455258
YKL128C	140.14309628411365	146.40452082485567	29.0597980688817
YKL129C	80.5286646928847	86.22262514708599	22.338761474651722
YKL130C	62.75743833192553	62.28787270077409	10.384790029463389
YKL131W	0.3206180372976444	1.4806524550437665	6.542563684356989
YKL132C	19.768281828395715	20.444835808308262	4.0849014313103265
YKL133C	9.697826545639408	10.38871018834187	2.804571691728535
YKL134C	29.154716579611232	29.169173406332924	6.182177475366525
YKL135C	80.80598527004703	81.95858522009962	14.60618437488352
YKL136W	3.488517274862597	5.819259128699495	12.285752388251499
YKL137W	145.10182580862633	151.30099527499215	29.603750414416716
YKL138C	323.2097633050523	332.3487660872265	65.85219852543858
YKL138C-A	217.01789964951365	223.71596862780578	42.93735988430987
YKL139W	68.26375607704496	69.05430537462246	15.087606952921487
YKL140W	100.46469798149984	103.86159445550463	21.405250672250286
YKL141W	172.02729934682634	181.06738428819085	70.81893624505895
YKL142W	135.83892773397	144.60439897027172	44.229854332672915
YKL143W	150.85683186368567	151.15844594651642	45.263743239101935
YKL144C	93.11116536169594	93.97266528248063	19.11726341045355
YKL145W	476.88406814500667	482.1064659229503	70.69709882022825
YKL145W-A	0	0	0
YKL146W	70.52007949036359	70.05142508905918	10.59076611432472
YKL147C	0.4254262246530136	5.1908085276195175	26.484574401388475
YKL148C	18.612713600466567	22.793621706605773	22.606341970261834
YKL149C	33.34407449830767	33.46586024953983	6.188270090657434
YKL150W	64.93938286725528	73.00340936990877	28.77608964787669
YKL151C	123.74342084912598	133.7723269006999	55.45764325908363
YKL152C	1794.4580569830098	1902.4008129182864	535.5750171897994
YKL153W	2.8575188565839	32.802706822434466	166.72082880896275
YKL154W	107.00070019142228	106.6033898271018	15.751564323647537
YKL155C	90.13933352821856	90.7538013905743	11.80657773385392
YKL156C-A	5.8884508878553	515.4595473290857	2845.932031852872
YKL156W	3498.8820777005367	3741.3665359283923	1898.0404160613407
YKL157W	51.2316460871174	53.328290584516104	12.615157393445896
YKL159C	60.386970916704286	61.9069080748175	9.96868651548422
YKL160W	391.79549333591495	404.12516528472287	55.59681211665081
YKL161C	13.336816531132833	14.427410879090017	6.075718365291535
YKL162C	24.7792203158892	25.338942072701315	6.43170096741397
YKL162C-A	8.719053328065138	9.777463123255433	4.706420799935223
YKL163W	4.131822175947403	5.948681178831134	6.941806066273694
YKL164C	1068.1810927628314	1034.739490688828	231.87628469776203
YKL165C	46.350037389194966	55.771621902307366	30.30088721224608
YKL165C-A	13.843033683439002	14.17148544411106	5.181192500112101
YKL166C	98.18358390900472	97.93189481806144	16.693066408620385
YKL167C	82.66419538522568	84.76711348347915	20.37623873459382
YKL168C	109.61454693008234	113.17243091558565	23.438203989561398
YKL169C	1.4514942574006102	7.956671229429068	36.17929462717227
YKL170W	234.872628216602	234.18980655638592	41.02380146816596
YKL171W	57.2482491150471	58.82018635935322	15.299794440660644
YKL172W	884.3961596104417	864.2186197270049	213.49688089977158
YKL173W	66.7683336860776	67.37971850874892	11.754185771408718
YKL174C	23.8567490482759	24.84668394671989	5.568958452494605
YKL175W	499.4368059890887	515.3047571772443	212.79792282717864
YKL176C	77.64913155629391	80.49088851001943	18.221459871224695
YKL177W	0.42319651071602	7.202496261251812	37.678333775225724
YKL178C	189.984421108424	216.18431966345386	96.59363807520745
YKL179C	125.63755623095268	124.023175755957	21.142294717410326
YKL180W	731.0040649825423	769.9131395390923	220.08294530148174
YKL181W	243.06447531906167	246.59858367005748	51.472934133099855
YKL182W	281.492672725345	278.15985230509403	66.69678469474476
YKL183C-A	0.4672002497452792	5.297691320662843	26.59035169278355
YKL183W	70.77393471087831	71.06919044409838	14.864131751458421
YKL184W	78.25556109027356	77.40073174705171	14.467440747386185
YKL185W	322.86791837830634	321.484908290249	88.14910966437084
YKL186C	691.9924580998112	713.7365804436182	142.61119465543766
YKL187C	12.904358951509764	13.742385269303497	12.220501899212719
YKL188C	11.8739107874215	12.180756270000714	3.4087630356335903
YKL189W	25.55454248707927	26.501296326129733	7.329270135995046
YKL190W	253.54318384932532	256.062475156822	38.99178461401627
YKL191W	66.9181570228914	67.17640551113384	19.098408508402347
YKL192C	750.6055647094037	777.6069579634138	159.20562205272185
YKL193C	37.364878494445	38.367067512484205	9.234074382148602
YKL194C	21.277194868254565	21.936051216039626	4.5052829856066525
YKL195W	495.91746056954935	511.8032979748803	85.93406619237749
YKL196C	539.8587411726993	556.6038286177503	121.49047920092305
YKL197C	37.08859029633207	37.34162724031889	6.4355860945206915
YKL198C	204.59525186016967	204.9778496295715	48.32741997470962
YKL201C	50.64296189165277	54.51209613114563	27.612766092464263
YKL202W	36.77418811336047	52.79674922853282	72.58353608171934
YKL203C	48.67196967763197	48.146258363832104	7.727132359968455
YKL204W	292.08989834321767	295.5910175495048	62.482231505909816
YKL205W	42.49519666176307	43.3123009203557	10.375610652384427
YKL206C	80.83201473380495	85.23496286127788	23.76960596262324
YKL207W	160.860071781391	166.30271928320894	37.549779220949326
YKL208W	27.763881465508	28.086143743845714	4.966093192539959
YKL209C	7.619888946486046	8.067847531284917	2.516841457949554
YKL210W	181.765958290709	180.46220213950704	32.019188845365676
YKL211C	103.76446739059509	109.24892231924561	31.941670746562938
YKL212W	105.95392608005648	106.71960112071201	16.28017911945564
YKL213C	84.31079283680077	84.96265503839773	16.396327072801046
YKL214C	77.72397605023383	79.71816324143761	15.606723291921917
YKL215C	42.0354622210937	42.0943481364275	6.211649297760369
YKL216W	61.134112790040895	108.0690554177799	157.04491823603064
YKL217W	1.6706286820619567	5.953715287585739	42.29138899653224
YKL218C	33.85951700950469	38.70677635950635	15.213342634080856
YKL219W	11.958097871197069	12.04890475805477	2.078866548378505
YKL220C	21.4359544284713	28.51557032934522	28.224633430979996
YKL221W	1.0046706318390155	1.2007180762512963	0.747805222947775
YKL222C	26.893994547666768	26.467116587237612	5.373676286951776
YKL223W	0	0.0027795044483279836	0.022852125486876568
YKL224C	0	0.024548513486954037	0.06260342064027354
YKL225W	0	0.01532834321782199	0.0887260222474687
YKR001C	111.77077122180133	112.4510381832268	13.084696285223998
YKR002W	106.62731798204132	106.44927809570206	14.386701422110166
YKR003W	56.9258907107616	59.185611645045576	14.893762520662008
YKR004C	49.70441413355843	49.04111954396318	11.67397209303859
YKR005C	2.81291095633471	2.794034097946594	0.6686650744225544
YKR006C	133.45052409871002	132.9659046254494	15.489185108799026
YKR007W	279.110516978144	289.94424330832004	67.54225613012969
YKR008W	199.0321930353653	193.7976808731237	37.567262787217324
YKR009C	7.46648325815361	7.667463304364511	1.371520394318589
YKR010C	58.83689472046814	59.8614553499726	13.362407859918518
YKR011C	90.4030555046272	99.33572564265893	33.99225571916181
YKR012C	3.773072184251243	35.868364706592956	178.9655518668277
YKR013W	769.4683694210258	806.8195601090883	216.88090427764743
YKR014C	291.666230528708	295.7575272096986	52.687180609435615
YKR015C	0.3234028490887793	0.562696348424721	1.2554534453747928
YKR016W	83.55014106062602	84.84856346865408	17.71188660051227
YKR017C	19.89259441744697	19.89634757742195	5.302879341014236
YKR018C	71.31238864681058	72.98589196354796	10.45339029717739
YKR019C	38.06818566891287	38.1698680913135	5.675279175488972
YKR020W	243.40231799352927	249.46633652767977	49.97574269951795
YKR021W	55.045688218286834	55.34554529925694	16.63099978538777
YKR022C	59.18129523057027	58.60307645441333	7.312090491951953
YKR023W	94.08649468460692	95.04799314078619	13.957863467611105
YKR024C	120.82826247901832	117.9801650031981	35.25281192811758
YKR025W	134.62947115903998	130.54876578074533	33.473156708013526
YKR026C	189.93520587601665	191.0309924309912	25.074835306563905
YKR027W	27.0611066969641	27.137437162605902	6.808847989123234
YKR028W	100.20269342980376	98.90368208196861	18.921952430790263
YKR029C	63.48236084058453	62.75876073313821	11.601708004340873
YKR030W	99.67082242363044	98.63078575853471	16.46464684164317
YKR031C	73.40808905126393	74.60818879048982	15.958043582413568
YKR032W	0	0.1821953822026378	0.7565917411606227
YKR033C	0.4326420514740416	0.521519963580607	0.37603840452531023
YKR034W	0.9292009198075094	1.0394928644865562	0.6435524797367369
YKR035C	0.7124004180687077	4.466632574381491	20.793371611206727
YKR035W-A	172.64778205532198	176.40429483589543	42.79074281046091
YKR036C	50.889253877074935	50.91165348485056	6.596714206134631
YKR037C	115.851186477804	112.73464284108012	20.191709086480877
YKR038C	170.689288033484	167.46383807077711	27.20293831326951
YKR039W	17.7539369791848	19.888981710835235	10.729371760931121
YKR040C	3.430924393446627	6.263098479152766	16.22645505518472
YKR041W	33.80095604663687	35.19873581833311	12.754019230343133
YKR042W	1822.9045626604168	1867.3568134998982	562.8804923782806
YKR043C	308.8518605156037	326.2926585312195	68.28305104520739
YKR044W	68.225244951882	68.25257368732801	12.754196819024443
YKR045C	192.4535732030707	195.62899963214795	36.240669822762555
YKR046C	41.9998265557264	46.826928304468204	19.194624655550374
YKR047W	11.322920629502534	16.97276525180335	31.971375633650233
YKR048C	324.8052033956304	337.13102499984365	92.58129420809381
YKR049C	69.57451380528393	78.6511100418787	32.17528806893428
YKR050W	36.591691263009885	36.271944071002665	9.767690899397076
YKR051W	29.38071941301543	29.94329858435348	4.7383507181311035
YKR052C	138.96253200444167	152.92369199698445	75.7648802405858
YKR053C	7.193180461940787	12.100838929436716	18.665375935032042
YKR054C	35.585650004761	35.37912933521571	5.7443394019381975
YKR055W	52.9727915127199	52.994415898447194	7.968565362340824
YKR056W	116.798804690236	115.31310299062578	27.080756290843706
YKR057W	367.1581378264694	361.9330704890382	110.11849249298555
YKR058W	25.478079368602664	28.512914408345885	13.90344154297384
YKR059W	75.02655914066797	74.50344217580098	16.274540058364146
YKR060W	334.08626638404786	337.2920133791662	108.39138551585623
YKR061W	105.82913306101898	111.3881808213842	39.358755632981854
YKR062W	99.20786503671964	98.38494636200595	11.929770611297162
YKR063C	103.55975921091	103.84231276816354	18.16084651111087
YKR064W	43.03955044216101	43.076555900476606	8.888831419625053
YKR065C	84.74892342493983	85.00061844557641	15.503171424575388
YKR066C	148.11648339163767	177.5749293765538	102.59488338911362
YKR067W	65.17303590091824	66.44274706752475	13.52346892066833
YKR068C	254.2105763347693	255.30912646702257	53.74594562530644
YKR069W	12.1623166059604	13.374704010625981	8.124466016385112
YKR070W	37.78690966011603	37.50135181385742	4.694911649987879
YKR071C	215.605124304655	226.89824539826841	84.73484133192714
YKR072C	304.286223695695	312.82951649817073	65.04930342444212
YKR073C	8.351929686572797	8.913812744844646	4.619501605384355
YKR074W	200.1760167845865	206.01098271381971	53.55169182318271
YKR075C	60.1791458208475	64.78389614072293	27.633647105186558
YKR075W-A	3.5366852026046565	5.1087452308838905	8.296519765421788
YKR076W	69.18477004828117	120.89617556479533	139.12745486772133
YKR077W	100.63525064253686	101.47077375236347	28.32827808943836
YKR078W	56.9036971246602	56.795287656986744	10.284368416362158
YKR079C	37.07129056985784	37.451118067005815	9.142591231034897
YKR080W	54.48931111417272	56.84349224067471	15.576957881382482
YKR081C	125.24360349098	125.92510251109688	36.29158161356215
YKR082W	64.05124459238996	63.953168226984616	9.367769461643881
YKR083C	187.09683518991332	183.14278105671997	33.97376326810296
YKR084C	78.6741525117028	79.73772653565288	11.771753360019837
YKR085C	155.0617960644773	160.0564840432575	33.04788880330808
YKR086W	53.43486761254393	53.84132116293606	11.33108157615337
YKR087C	66.1535473737989	65.97359643380226	11.072389402203315
YKR088C	44.88063781923797	45.27513441132035	7.639316011173405
YKR089C	114.256380576484	119.41292207051539	31.201244431255006
YKR090W	83.9778355123844	85.47823770570201	16.79118388919833
YKR091W	217.0975500758593	236.91446221437255	79.8072173012169
YKR092C	205.419563530136	209.97997977521192	55.556433348478116
YKR093W	90.98910559275993	102.86362429006078	55.258096444339024
YKR094C	528.0525699658166	502.19035800230347	124.72109465481246
YKR095W	133.91410250611798	136.55327195337247	19.302031487589968
YKR095W-A	197.162702837423	205.32323344645744	55.33545260375119
YKR096W	127.19038508028866	130.85480796967556	24.11772365161554
YKR097W	5.054290232272117	6.056941859898767	8.757718107567033
YKR098C	25.1613200524345	25.86707944390317	7.391032051309593
YKR099W	80.29701172728416	81.9609938188216	26.08827515778137
YKR100C	95.858427417485	95.57721727127856	11.813550776730855
YKR101W	20.27105177094853	20.39338141217234	3.978154889391504
YKR102W	3.2710008445402337	3.5034859542215244	1.7604981347581128
YKR103W	3.24665224873077	3.5843827934527868	1.6852447275091325
YKR104W	2.4396022895020266	2.610824526391777	1.366547723468249
YKR105C	0.1023043656982095	0.3424243762589676	0.8334637783538725
YKR106W	3.941717357655316	4.2326890316185155	1.5055110273759473
YLL001W	57.1929861519127	57.75962425254213	10.473550662927163
YLL002W	18.21299600328852	18.605675430688155	3.953920926945648
YLL003W	27.944998786602767	28.80665619638644	7.25924022975409
YLL004W	18.927634036446506	19.873881808157183	4.453404726250767
YLL005C	0.2039805567326086	0.4602773143725354	1.3438890181950751
YLL006W	25.392767299278	24.97416360513294	3.893816620609664
YLL006W-A	0.0896771453680085	1.6812609015627997	8.16794540036382
YLL007C	16.905585801827836	17.064751202475765	3.98373653057177
YLL008W	124.47376020534632	127.74768213493327	40.43977113448365
YLL009C	642.466449008703	662.2092688223646	188.90289499712438
YLL010C	315.00014609919003	310.69551636026523	60.49834226645326
YLL011W	98.71272811450729	100.9801794670917	27.460192649153797
YLL012W	49.27134485613783	48.376884642520444	12.2104209207902
YLL013C	305.3933480196493	309.2844868088096	83.00709278414215
YLL014W	108.87641426100232	112.06083891003948	27.993243230195734
YLL015W	19.1401626712813	19.71312629244972	3.5772211978966846
YLL018C	245.654661849085	255.1177642131061	45.11865323935683
YLL018C-A	460.82218064526666	488.06920737591105	133.67990802533208
YLL019C	187.390829314202	196.72344149882892	65.681198029162
YLL019W-A	4.0091284571499965	18.91595871565362	82.95981379458453
YLL020C	0	0.030227466652513878	0.11029109830618561
YLL021W	160.96897763283098	161.26425462576827	23.55714122758428
YLL022C	76.76851147050013	75.86682608757867	14.788265257933334
YLL023C	102.98825373890104	113.07439794794658	37.59072438906198
YLL024C	454.09098165309	469.52729550168726	141.55571920930444
YLL025W	3.679666403191573	4.170024325139789	1.6632820315335948
YLL026W	122.991353924713	163.6536023645114	126.69487277217009
YLL027W	136.80813331800567	144.59845417228772	49.675376846699926
YLL028W	340.1845613164973	362.02421430476966	112.91099441941768
YLL029W	192.872901501726	192.4027194713183	34.18766456338327
YLL030C	0.39650566781643	0.5003579319707053	0.449421443743042
YLL031C	91.03411184092396	93.93182127957498	21.30789077566919
YLL032C	54.2715144342396	55.72922696110854	13.88001724382322
YLL033W	15.744929311463366	15.931318084916866	3.6477623045115273
YLL034C	110.30895521412134	109.8949188344696	25.23005540102762
YLL035W	53.5392737028718	53.687095241629336	14.850900217062605
YLL036C	72.8706377187392	72.58894841377868	10.36377622184419
YLL037W	4.33899781537179	5.873269009715026	7.879926223471435
YLL038C	176.32306998271565	181.68422106283558	56.83892287972661
YLL039C	99.2227149145046	106.16451681628826	40.27804860075252
YLL040C	40.6780736569453	42.082378584600015	9.274070359342652
YLL041C	33.62008564903527	43.56908657561933	34.18354115683743
YLL042C	3.601121613309267	3.7292612458478995	1.1706538193657943
YLL043W	143.503101653122	140.1341499843338	21.566912486173784
YLL044W	0.6316474551022123	12.056993131865408	63.83414912547893
YLL045C	432.9355142997607	433.61258329577015	105.73038764357865
YLL046C	1.44998617354167	1.6114594552850738	0.6729952499264437
YLL047W	0.8145120841780942	1.0415609147082723	0.9995492057157453
YLL048C	42.112082972382105	43.38043267230331	8.868005506992255
YLL049W	32.48482221454953	34.948537450199865	13.026076751574125
YLL050C	295.47365511334067	302.3725119325747	136.75419936296916
YLL051C	103.73801913337311	107.0072310141536	39.207974228969675
YLL052C	4.7531531293905465	5.317467307755303	2.6290541123693223
YLL053C	7.558473536880951	8.256847959252891	4.3619621200669645
YLL054C	26.955928953066834	29.577641213725038	9.49577737581438
YLL055W	18.683126624039836	26.355468175667514	24.976588040754528
YLL056C	6.735822994442576	6.900782684167772	1.7331144149357975
YLL057C	2.4713582430635	2.69627335727303	1.4936712046032814
YLL058W	32.98302845360323	34.81585308979837	10.365246262821689
YLL059C	17.638298300410867	18.60101215822462	5.375041495561543
YLL060C	145.2355864	250.8482471611318	262.42248192952434
YLL061W	3.628505127141793	4.9075261535762715	4.615426180752493
YLL062C	8.998949402035747	12.100216594117471	9.822798882968375
YLL063C	21.7682332888733	22.188003658747505	5.070301374639997
YLL064C	0	0.023317223142554005	0.07166781805014696
YLL065W	0	0.03209814380641212	0.0780398078125063
YLL066C	2.453158859660693	2.4875364620589844	1.2047155056842223
YLL066W-A	0	0.7630787363690982	4.109516340423172
YLL066W-B	1.659001076653146	2.0022027248332495	1.6743333971179948
YLL067C	0.1800013770479533	0.20049837151975	0.12047114181390302
YLL067W-A	0	0.008772565032680832	0.042582733819400406
YLR001C	60.2671924731252	61.2005614593748	11.896093397548583
YLR002C	102.54852395292028	102.64608735171619	24.127165298038516
YLR003C	75.26781780990397	76.2543244081343	17.948612567687174
YLR004C	1.2687071534179	7.045240084365781	18.433010905420343
YLR005W	54.752480537018	56.00522001621144	8.76734160435384
YLR006C	76.60693887816943	77.14569078439025	20.58536199449781
YLR007W	37.43057667318599	37.69521113982938	6.692106575906933
YLR008C	154.49136888992368	155.20174752662246	34.13074247071004
YLR009W	301.8501330447603	301.28348341320026	90.05342352701796
YLR010C	14.0376653717988	13.876825194930607	2.4250239884134164
YLR011W	43.3867262166931	43.27655538479009	9.222185735289287
YLR012C	0.3984846184698447	0.4612373843819471	0.3529216616839349
YLR013W	0.0883427883804533	0.12186935402100674	0.1690948718984591
YLR014C	14.738931816084268	15.240398891124329	4.333638389359119
YLR015W	70.1780811501229	70.83843103660028	13.546779500508794
YLR016C	48.61595752145936	48.32226643806561	9.357240335418254
YLR017W	110.688511901264	108.92234468651394	17.5314022477606
YLR018C	165.14686396884167	164.10167548248074	28.8175314183242
YLR019W	273.4800903803527	281.30073057719653	48.01045330966999
YLR020C	48.83579472409317	48.95043567571203	6.735361768561709
YLR021W	79.81433842669055	82.4551107235931	16.718402809048232
YLR022C	401.41114444899296	395.3416907541007	91.66031488511314
YLR023C	51.41645787029304	54.95244869597838	18.55011083619217
YLR024C	34.5468996599399	34.72605252697425	7.505314858709977
YLR025W	507.9158788049587	507.15271369664515	95.27900712014197
YLR026C	385.785649868928	394.06265971758603	51.81291673161319
YLR027C	292.2456115834543	297.13392458575026	64.66126351573205
YLR028C	144.8509285352777	148.27802558660028	31.832869533526573
YLR029C	626.7463544758992	636.8339798793418	197.10741293287143
YLR030W	3.8601572169465297	4.26778049466507	2.4634008721721443
YLR031W	1.342488125118538	1.520857240011116	1.0061721005203812
YLR032W	41.8563546778501	41.08376106851032	8.255058054364063
YLR033W	119.44454720165866	121.10039187020043	20.70984409747441
YLR034C	126.85422175950866	127.54200367403249	52.2888799447996
YLR035C	85.45825547963979	82.86428426445097	27.18838710861864
YLR036C	46.51357194235644	46.6333839965139	6.499130091900492
YLR037C	5.9288520647470575	5.947383362385868	1.7187831701277643
YLR038C	53.55598126628244	56.76051933241283	20.348458624689435
YLR039C	48.429227854095465	49.10608349108368	9.26400278279296
YLR040C	1679.83526323767	1767.373493607494	592.649722146486
YLR041W	7.106779620884329	45.28685888558085	212.01789278668005
YLR042C	62.8230964513988	66.51424838936698	37.981634366299225
YLR043C	180.73222659472367	187.77574595364698	48.673664684182846
YLR044C	1869.2699015238532	1964.0657669276943	641.0640063633729
YLR045C	144.46331883285566	150.91535832819304	29.52935817954131
YLR046C	27.0499851536815	27.742461724295314	8.626982323933726
YLR047C	34.22902916479057	36.48168198927208	11.967737053786301
YLR048W	408.9012627083737	407.9369573608865	105.05794971720596
YLR049C	32.48853281036336	33.05192603519127	7.054790660596184
YLR050C	11.01046841414333	11.87242684103464	3.8262463941500853
YLR051C	236.23999050710063	244.61071665769862	67.52811176206208
YLR052W	228.19548352428637	227.66282258231516	23.94966041875323
YLR053C	3.1262911022443105	3.6604359586862345	2.414746100552498
YLR054C	1.9013408568148	1.988174176017516	0.708832616313987
YLR055C	198.31128362541375	201.43796536008404	47.49941358586232
YLR056W	271.7943585663563	301.9797584799636	147.78289710659968
YLR057W	58.2130966430594	58.48589715015792	12.930451261616323
YLR058C	262.1722010100047	290.6346217244549	122.52409084263618
YLR059C	210.992350279342	205.86418453835458	35.423510911015086
YLR060W	281.490525784009	289.1472590824806	48.469880724425586
YLR061W	586.1846877172687	582.1594073721462	178.77269239648143
YLR062C	0.5873356811766047	7.577980380837535	39.038846373629546
YLR063W	32.734652375155804	34.69538755337272	12.993348099160263
YLR064W	95.07756575356204	97.03511557646787	24.590100318532812
YLR065C	105.73905752724	104.38840484412913	15.32548250177165
YLR066W	41.57214437	41.47862905802164	8.813118223876973
YLR067C	27.908209014247237	28.630661515916103	6.192311701291616
YLR068W	478.818461498718	478.5934343445397	162.2138745634429
YLR069C	80.34354480654123	81.0383400765754	13.18159772979131
YLR070C	6.321872771855577	6.535666267804076	1.6933294051291812
YLR071C	91.1156188737591	91.58642506581259	16.86243889588573
YLR072W	69.4672356325941	69.6020096762012	9.042698422550274
YLR073C	150.6769446481533	154.73052872019477	54.56377124140811
YLR074C	515.729476352867	520.6977924749613	163.39841002833236
YLR075W	807.0335259351583	818.5372769510868	182.33807696096426
YLR076C	1.6014995629537134	16.865241278813404	84.49413822005117
YLR077W	57.278802662422265	57.29238986226196	9.003028445782956
YLR078C	101.05561799867876	99.27062913050374	12.673808248654943
YLR079W	344.39778933679963	344.9885025835039	60.50874016836166
YLR080W	22.593790417868732	24.488091221412457	9.031461098516399
YLR081W	0.5263161724857567	1.9799390138649497	11.556230537982
YLR082C	32.0811810814891	32.661210004582564	6.895660485865718
YLR083C	69.16703669279987	68.74770132117584	12.214062693645204
YLR084C	73.49677215379613	74.29393021576283	21.02124698612752
YLR085C	74.00216866883596	74.84034083928258	10.65460773576014
YLR086W	90.91893342033194	92.74100712855802	14.131673943963202
YLR087C	24.974774490631088	25.758999162407584	4.342964100666741
YLR088W	58.33637091678026	58.51332154019491	10.538350661658864
YLR089C	76.946269717279	81.76118318118804	19.787725379669983
YLR090W	68.62378797559866	72.15269481609154	13.229751083054353
YLR091W	77.219509024289	76.97708225068857	11.343585664271822
YLR092W	11.443357677706366	12.783879976761725	10.422619548449255
YLR093C	130.85416758174966	130.7439441730966	21.645988034223866
YLR094C	248.76595204715431	255.1550019511881	50.56960529385569
YLR095C	222.707105886519	223.97345731935704	36.19488674826238
YLR096W	127.655341371276	129.23829304361948	25.047036892332258
YLR097C	31.024473468855238	31.110434521307262	5.248593262491679
YLR098C	28.603336158073432	28.693263256878456	6.473391806075512
YLR099C	41.770490896733	49.37826300377641	24.274724874723503
YLR099W-A	143.28846145933335	152.73527049881753	51.76554877583294
YLR100W	114.4300381244675	127.41078961510237	43.9671684881207
YLR101C	0.4488087789522703	2.1658153468802492	9.027668628194464
YLR102C	81.42485517533714	81.77393232434964	15.481769261174293
YLR103C	38.7995201698815	39.7959472253385	9.931409372529929
YLR104W	237.1626595763107	250.5739564636668	71.29443069394017
YLR105C	41.84276666708873	41.53502814292617	4.813720079183124
YLR106C	100.63291349824006	100.39568362406916	25.798121472773644
YLR107W	57.100942227349	56.973353464834354	7.015933029233525
YLR108C	251.430197713909	312.17623053642853	189.55068254131592
YLR109W	6673.111148774014	6741.698634722178	1771.1890900844057
YLR110C	2798.900515397667	2896.1491624149817	849.3915162957132
YLR111W	1.3646069344145133	1.8131340417301651	1.99955113247139
YLR112W	81.78293830665187	85.4074368668876	32.77775537753509
YLR113W	121.81371392921136	121.60424652158406	17.44203029085573
YLR114C	149.002610993492	150.7781443481488	17.56495955227768
YLR115W	64.7945349915778	65.58172306243664	14.390762966553046
YLR116W	125.03852200766568	125.60362410500439	30.979220547318306
YLR117C	103.55944907964546	106.07839333109544	20.080765702028494
YLR118C	52.80278977651043	53.163393728042365	6.995869462144891
YLR119W	93.19118666634893	97.39980815395128	29.114731383219386
YLR120C	147.402302348636	161.00943823511918	49.808789674362785
YLR120W-A	114.082665013664	121.38613514278914	48.88339068431527
YLR121C	44.2551413948196	46.32390303259758	15.177328590166004
YLR122C	3.4331492825065166	3.491377212479474	1.2217637523588838
YLR123C	1.984345328862777	2.1082945767148233	1.0019301676468642
YLR124W	8.944829936097706	9.39428807809146	4.16627929124649
YLR125W	14.115476042725032	14.285178041526885	3.724831940702122
YLR126C	46.76406554651957	43.215017450709034	16.637040284091047
YLR127C	23.277638622578067	23.1312629112935	4.749685374945562
YLR128W	32.2676050918343	32.17033410067028	4.120543241528912
YLR129W	169.4931387248803	171.01975807113007	47.305739396201666
YLR130C	146.24288401738144	147.60331932405754	47.08591417783029
YLR131C	125.73697611210832	123.8659622645598	30.641820486115236
YLR132C	302.6820129606457	299.8677153644171	79.13839371389372
YLR133W	212.13996750963705	212.8956185122306	53.63606524567078
YLR134W	11.473835373326937	12.015412941591205	3.9042477113804805
YLR135W	35.28546585631897	35.8404721766738	8.807519586095495
YLR136C	933.0278879692028	948.0252830462423	628.6727925732804
YLR137W	27.752174499563168	28.1237638924789	6.920325471109767
YLR138W	95.13865792525662	96.23984300060923	12.587846195604387
YLR139C	183.473862799846	187.63837578650146	52.72263954103125
YLR140W	0	1.2734388560786747	6.612174151197931
YLR141W	30.018433110333564	30.16532832078199	3.5788369509394995
YLR142W	19.546765960942967	19.600335835749267	8.234850074043667
YLR143W	51.13814555548748	50.18915786856565	7.040073558136177
YLR144C	30.833900425788897	31.043153682160675	6.481839409819654
YLR145W	130.63770719402	129.56954273972678	23.429618188115953
YLR146C	18.3282521852645	19.27453378613195	5.813542470015279
YLR146W-A	104.70765984780512	108.72476444181457	31.035516959388172
YLR147C	566.0651058338034	595.2574075842164	188.8203162763351
YLR148W	33.6960654683736	33.275235806869716	5.938950667519681
YLR149C	18.8184706406949	22.15419789794801	13.510884259303554
YLR149C-A	5.026418320615403	183.14769272622792	994.246696722362
YLR150W	743.3261725432561	742.5041428162007	144.89854907735938
YLR151C	25.407847281096466	26.003461225140025	6.637862939835054
YLR152C	11.8968214517784	15.811306107623194	10.321415934445938
YLR153C	102.301475949283	106.90702132842297	22.99286845112972
YLR154C	161.167972578594	164.79327157028152	36.982911830871856
YLR154C-G	0	0	0
YLR154C-H	0	0.09938870975500964	0.431001458852206
YLR154W-A	0	0	0
YLR154W-B	0	0	0
YLR154W-C	0	0	0
YLR154W-E	0	0	0
YLR154W-F	0	0	0
YLR155C	0	0	0
YLR156C-A	0	0	0
YLR156W	0	0.0008589302259516873	0.009679652054582535
YLR157C	0	0	0
YLR157C-C	0	0	0
YLR157W-D	0	0.007232408291786735	0.04534823851356783
YLR157W-E	0	0.010232518707976663	0.05544073732998177
YLR158C	0	0	0
YLR159C-A	0	0	0
YLR159W	0	0	0
YLR160C	0	0	0
YLR161W	0.1461293685568073	0.24920355268519243	0.38373116629525267
YLR162W	0.4091936511046796	0.602294120480957	0.9723727279651917
YLR162W-A	5.022472973792984	27.988016483545465	93.52143293667034
YLR163C	101.0941073350099	101.44735174046278	15.740170334009742
YLR163W-A	0	2.0816553400911357	10.697607126778792
YLR164W	20.183312665617063	21.02206038748447	6.122135959775883
YLR165C	78.5299421074411	79.33055096901751	14.820349171742201
YLR166C	35.45517551542663	35.73544762755308	7.512623170824903
YLR167W	530.7340813972751	580.8537434570561	255.88246162162667
YLR168C	132.52204992643465	133.45754850536608	28.817870196496635
YLR169W	0.5332052564781397	16.604934051373878	89.93274904136848
YLR170C	339.86800338351065	362.1097901682587	113.00913319916515
YLR171W	0.8259173849207029	1.9890387971687702	5.404940667394349
YLR172C	105.30510491603508	105.85798302630397	18.2513459451449
YLR173W	45.38809966978327	45.823162303569255	9.537596240308652
YLR174W	12.997780389603967	13.37633365128399	6.4801804670083865
YLR175W	375.193954935713	386.37300180997454	107.53268862362854
YLR176C	133.60815990670434	129.9818981404927	35.223228343534785
YLR177W	71.15511209263094	75.52690426110355	31.460152404281764
YLR178C	26.6112471615857	33.423997918120044	24.246358136521337
YLR179C	149.7373329436027	151.04397044502184	29.902279746178028
YLR180W	116.02246002292532	117.70952425315438	43.13800536997527
YLR181C	104.312637295397	102.2494417844539	13.475391589253146
YLR182W	148.473470750568	148.50456809707353	27.85708720122568
YLR183C	62.4843657855948	61.79326159550528	11.714368939438875
YLR184W	0	0.360387107818322	1.731818182963532
YLR185W	1321.34021674302	1324.66115590781	443.8706565116083
YLR186W	158.12973556753136	159.2832240817256	30.86787342491265
YLR187W	99.53988573185656	100.85368160436298	21.075668505038376
YLR188W	57.27201011753157	57.147060423339084	7.334208669820755
YLR189C	36.2685458391932	37.16798818877522	6.714742834748887
YLR190W	114.80261102738277	114.06122072244014	19.08995281592646
YLR191W	110.81888357868166	109.24703607029593	17.286638076847566
YLR192C	477.4343835607256	494.1784583437906	104.11555342865505
YLR193C	99.2546779051936	104.1263366280049	28.451822270871382
YLR194C	385.9513992286067	386.5805543959642	67.15976070508745
YLR195C	109.501372707963	107.81108197171405	12.392085655417407
YLR196W	226.252411081113	226.29743483061358	55.43147217003208
YLR197W	172.62154342789003	181.62234546736383	51.70079093933891
YLR198C	0.701786139661901	21.009952408286868	112.7450716359866
YLR199C	63.379331833707	63.677673779298104	8.28912073916002
YLR200W	507.9123801160886	525.5230692539967	108.9310792725188
YLR201C	30.84198965587817	31.713623615227913	8.757963249860927
YLR202C	4.852992502674387	4.881727506558107	2.1595371446219658
YLR203C	101.95575414950405	103.0176521891672	16.179767206535896
YLR204W	265.925288475621	277.2631888954937	64.21182060548796
YLR205C	184.5918959761933	222.60273539395212	182.9838969123277
YLR206W	786.4084170797977	796.1741983971514	174.5400990391706
YLR207W	97.2197336879438	99.56939702305856	14.636863007204113
YLR208W	170.52673817164134	165.48694541034436	23.975212040269028
YLR209C	41.05641818565773	41.79167182237628	6.523392979107248
YLR210W	78.98493995538274	82.39827976671761	19.70557534631197
YLR211C	75.02452959707988	75.89305640843114	10.589467658209124
YLR212C	64.6057706452627	63.18465122180291	15.591536933201066
YLR213C	29.110141965970968	28.7651728693057	11.192673671669867
YLR214W	86.85703681241957	100.7614513892327	78.21995025164483
YLR215C	65.6845540056982	66.56595197255078	11.693452854319196
YLR216C	86.80288407985454	101.00207329634071	42.52753273277847
YLR217W	0.4491731310823727	3.729925451156653	19.086686564761425
YLR218C	156.72255793779564	157.04530277880346	45.40841153105527
YLR219W	207.72527709357368	209.0016462823638	43.52262182537903
YLR220W	50.2284929239801	52.30250953949583	20.206219443092046
YLR221C	246.252262441183	244.44793544659035	49.79898119640253
YLR222C	75.3313927409983	77.3891498108242	20.633638790425746
YLR222C-A	0	0.11617700467055649	0.2123395424773418
YLR223C	229.534578132428	241.44913152694855	69.47171272143845
YLR224W	147.42534679535532	144.51851191832694	17.419245317737456
YLR225C	138.71589375416502	139.98477994403314	27.316077191287913
YLR226W	31.402574197386063	32.56777780745791	7.997895025457855
YLR227C	6.3875382906761535	6.560650396934296	1.3980594007095632
YLR228C	77.1666520061255	77.72395722062558	18.99420964260769
YLR229C	217.64192370496332	218.6030083073778	32.885155571899176
YLR230W	0.4863652864517133	5.3630124871217575	26.989032920109015
YLR231C	35.99289180074817	36.589312549582175	8.722483321913957
YLR232W	0.4084462352680386	2.093191563511299	9.41554348322777
YLR233C	12.183523216880332	12.796921927582854	3.6881729417730993
YLR234W	37.045395670860735	37.845808730179115	9.145033288218425
YLR235C	0.2266238559040926	0.3199336984734823	0.39589044409974516
YLR236C	0.9304237027253688	1.3464257846518377	1.5603008915226213
YLR237W	44.35428579573547	69.55084425832437	70.37050784370346
YLR238W	57.4310546782699	57.289334614083025	11.776665773883323
YLR239C	38.606888639559095	39.26400156991891	7.846034371968614
YLR240W	37.31608262094807	38.235948636314376	7.030218316281059
YLR241W	77.258929215868	79.01768965075483	17.67503027503738
YLR242C	10.777077047372671	10.832106532248371	2.5753174180504
YLR243W	93.83579528647476	93.36351689299555	14.459931731985776
YLR244C	277.852443978621	269.41485561693656	51.35705455073253
YLR245C	39.42004311364647	40.333843658096754	11.010714086859354
YLR246W	83.61312496238777	81.8817443690804	12.791409230898765
YLR247C	43.508492374464936	44.69294435721584	7.777526753216206
YLR248W	93.6259947709786	93.35049390473937	8.675479834372235
YLR249W	494.2432190163484	500.50829590354925	131.3040923608236
YLR250W	306.6617072311104	313.6981504920358	73.35015592954916
YLR251W	15.803948822729602	19.59081534725635	11.576646723891212
YLR252W	10.539883304503856	13.05241370256833	9.00054057083856
YLR253W	83.65174996267973	83.70780806201867	12.507661351248977
YLR254C	91.8411733077899	92.01811451579901	19.025789723294437
YLR255C	5.691756716453347	10.20794238658121	24.85272919611669
YLR256W	388.2918069184466	396.14473731894344	116.29208261980439
YLR257W	336.4170266232547	367.78765272288854	127.82999788482006
YLR258W	106.29199222987468	131.76731852042224	95.5968704392571
YLR259C	448.25548228727735	473.56440196059197	135.89718846872876
YLR260W	37.1959527201979	35.84188763767159	8.170510633536763
YLR261C	0.3558542198616967	0.4167759945960833	0.3544546231539127
YLR262C	40.44603702529627	39.07214480625659	11.21677521815002
YLR262C-A	379.36327539376566	395.33232197732826	119.86143780858716
YLR263W	20.392330484757498	20.729644406747784	6.87500104612454
YLR264C-A	0.6986321659380401	3.496401279485187	14.922950159284404
YLR264W	73.72410716526264	76.61236803804647	20.9491154299528
YLR265C	43.55803359526033	43.68980107906375	5.934413307615903
YLR266C	27.736365518738705	28.661428855845397	9.095015353534126
YLR267W	63.59394879519802	65.88258553722461	26.605902884003925
YLR268W	156.45107064397567	158.42663931572193	26.14552229641529
YLR269C	0.154101492842385	1.487745778108363	7.283790583948986
YLR270W	36.1748656478814	40.503992835611946	15.964810692013968
YLR271W	39.397069161481234	40.41950798274501	7.391407047508734
YLR272C	38.86993596463655	39.31307942439869	7.797462045440472
YLR273C	9.933666417525137	9.788211697899582	2.5026711795724847
YLR274W	48.9724622845643	48.28904962047629	7.355257888745647
YLR275W	309.3294843102244	313.86467405072426	51.71049837421482
YLR276C	112.29215744513134	113.07472497007177	25.957361630873155
YLR277C	28.9659824004369	29.33578949837555	5.774696264561754
YLR278C	149.32438128262598	149.46102717849485	38.58111244648888
YLR279W	4.71634278794067	5.4673634404755935	4.049219045275066
YLR280C	0.102215294085915	0.14677228599978018	0.19870460271146329
YLR281C	0.1491190575116256	0.30105198218832885	0.44436241298683976
YLR282C	0.239005740965803	1.1668021606460757	5.042550677979637
YLR283W	28.75030096468183	28.761965857965723	5.568554284820658
YLR284C	41.8336788601684	42.54796081842285	10.46040653305855
YLR285C-A	10.377092857323634	14.33752115960786	17.48988557032796
YLR285W	231.651647080624	236.51052037271475	37.205182917618174
YLR286C	776.437832628254	769.7165580934346	177.65687375212903
YLR286W-A	16.746089153082632	25.20414467063601	46.62884662912846
YLR287C	102.69601376083236	103.71279937266672	18.844381564706016
YLR287C-A	1559.76418178859	1571.244344469496	479.3855364338525
YLR288C	46.82909701326553	46.70674198010898	6.14595223802944
YLR289W	53.309755146816656	53.50547249382327	11.178806995600363
YLR290C	34.96687844002263	36.70870130374085	9.326815850134919
YLR291C	71.45734984316186	71.03052507365528	12.434395783645247
YLR292C	437.97735267305706	444.99910399682375	68.3971190837222
YLR293C	557.526955380921	563.2571578147764	105.44360646157564
YLR294C	47.54927415906364	49.96695173028016	18.959644813905147
YLR295C	511.329129819362	519.6787327196062	127.35416966499245
YLR296W	1.014305010618065	1.1845923474274795	1.1332011509988953
YLR297W	128.22291997053165	169.6547973041233	104.02613113888971
YLR298C	322.94436030042	329.0903956370169	70.14448414268675
YLR299C-A	3.294559763573293	8.64037401317605	28.63091863561609
YLR299W	58.169025242423096	61.685709116151514	19.223666069106912
YLR300W	394.6743581133271	417.251115052483	104.49892819592237
YLR301W	90.2447948342086	89.7648780922314	18.061337856714896
YLR302C	0	0.008445700863041637	0.034481047283839945
YLR303W	0	0	0
YLR304C	517.90629198825	508.86217126455074	115.47227999674587
YLR305C	35.230995481687536	35.80208328692205	7.606200103102211
YLR306W	38.051424692026366	38.39955898153794	5.684173185593742
YLR307C-A	0.2852303329128426	0.44398385119650347	0.5410934865483401
YLR307W	0.9932159000555364	1.1441834068273082	0.7731710082696711
YLR308W	0	0.039001620920503174	0.11812228267709154
YLR309C	163.18196261229733	171.8158130141102	42.49516120576971
YLR310C	112.31510080431066	112.6171257173333	24.340316783595096
YLR311C	0.2667054350094029	0.5880039063381878	1.6530603846659961
YLR312C	6.679702993453712	7.715742925625283	4.242991430739291
YLR312W-A	159.46615390521802	159.2516235926882	20.08783683422617
YLR313C	20.356289904749435	21.455754052323492	7.012778489009319
YLR314C	283.57856015233	282.2238724193533	27.663733247793807
YLR315W	31.994921527221067	31.70547141123593	8.090959001690592
YLR316C	42.81330603262723	42.28666051141044	7.4673762244486745
YLR317W	67.97806774459207	66.63419292775393	14.81677927700514
YLR318W	6.68721133131234	7.09486169745037	2.5130166241185976
YLR319C	70.71169366491223	70.48549350416548	9.854220425537044
YLR320W	17.713492386050234	18.172232512655675	5.117721335929374
YLR321C	197.76586584952	202.50322223509153	41.892950338231614
YLR322W	0.5232474856482544	26.16552399950709	142.77934657203056
YLR323C	82.57559755787734	82.03565226532962	12.09320896578752
YLR324W	44.07001259563456	43.916071739862154	6.644575799404495
YLR325C	537.6517290421713	552.3492992459144	159.4449847006321
YLR326W	94.54385169793602	98.47290796866889	22.013473653475366
YLR327C	91.60411885019076	135.52560521130692	127.58060214065615
YLR328W	85.86237713797397	88.07096790315144	20.873489596738246
YLR329W	1.4012602845240325	1.4612359678068774	0.5906401669105965
YLR330W	367.3488082845183	379.18503305660244	71.52874891094335
YLR331C	0.4306643375402533	6.408450889317304	33.21628744474511
YLR332W	196.449835295328	193.17345660013257	63.202044763365194
YLR333C	162.04258283874665	164.6099558917106	60.49624085689821
YLR334C	0.2972485377494376	0.49929244432081044	0.9862491640841027
YLR335W	195.5076686027027	195.49194808711042	19.51309205536533
YLR336C	135.43585249548033	138.82722733302853	37.48174277595539
YLR337C	901.281378792757	890.6955560579044	247.38862506074523
YLR338W	1.5586808700451835	12.315447682228012	60.19201067585944
YLR339C	0.2582664472940066	3.6169396321787377	18.73490271779848
YLR340W	272.789380584149	273.26568517285887	58.96751892607683
YLR341W	0.818981538112879	0.8694064589316963	0.3502701510161977
YLR342W	142.78956881383968	149.37511218736583	34.77856468002948
YLR342W-A	17.9488005222834	18.590117797977555	7.724768198559874
YLR343W	1.33974873931629	1.7116254591529971	1.8333479712244454
YLR344W	1154.7747779643366	1143.0367381206102	304.8278406236085
YLR345W	113.72824141860428	128.85512508291256	46.277819705174025
YLR346C	130.7732155818437	171.4499515170602	115.41527298375509
YLR347C	131.29467636050364	132.2976439894629	26.49054271792839
YLR347W-A	3.2722378502976333	6.466409094975771	17.05667794992382
YLR348C	257.1176021936397	298.7025055675942	207.06191754661728
YLR349W	4.948158292436046	19.6736711882129	42.00666097824743
YLR350W	229.8735078639263	236.28743505482018	61.84201069440023
YLR351C	42.6907035629834	43.89231022027001	8.050016375861405
YLR352W	35.682482947311094	35.52520348902674	10.420589302472672
YLR353W	95.02548781893006	96.78865003119698	20.38090370570409
YLR354C	144.79259159223466	144.68209201482813	38.28417744757417
YLR355C	1250.5416431554702	1275.7432683194577	394.37794452354296
YLR356W	95.49417497768088	105.79507493816419	36.39784170673777
YLR357W	202.96582072107	211.39386480357172	42.62300079396749
YLR358C	0.4571650893277367	8.524414446120765	44.898979846508
YLR359W	45.80910614731847	48.20292579822494	9.975491169873338
YLR360W	46.389160947345374	47.065405513313586	9.223027651344395
YLR361C	19.9223397022399	20.351970654810145	2.971534909758049
YLR361C-A	60.311712457486	60.83001832047415	17.181628411106686
YLR362W	42.81620700963017	43.21946901577562	6.872071861231392
YLR363C	23.843580217862904	25.33131255230949	7.555425458336007
YLR363W-A	263.816378620954	270.9694534309245	81.53747677148513
YLR364C-A	1.6750528035249967	1.998381392447271	1.5900071206272344
YLR364W	21.46020697941769	22.589435667311584	7.703823916271716
YLR365W	0.5015388051623653	0.5813228082140237	0.4524275291777733
YLR366W	9.335583307684962	10.087656897316936	4.397791101309246
YLR367W	370.159287223542	383.9855297217685	95.58634069602682
YLR368W	35.2541603684858	35.42761882731141	6.090290057655925
YLR369W	88.25016917948645	87.51106631799858	13.46581200708124
YLR370C	487.14775977332266	487.48574335032384	127.43792254678557
YLR371W	76.45166108999354	76.6798373312072	17.908723427790093
YLR372W	143.69994845405	141.60254206715766	29.812658177194063
YLR373C	72.12999970039102	72.98553193289438	17.620950619169037
YLR374C	3.32984231351992	4.227428079231497	4.30889398728073
YLR375W	250.45179731569505	264.6032351505592	84.63167395363745
YLR376C	79.96116071835102	83.74308407444812	24.353047460855787
YLR377C	0.8651438250503857	2.5463552639787044	16.643747692301343
YLR378C	334.96434201311973	339.23331033375376	76.62585990217643
YLR379W	0.7990811146604447	2.7021715412508382	9.900711190845577
YLR380W	301.040241343876	299.5846367435551	48.10611589880998
YLR381W	15.232121640305534	15.755841734521292	5.341840479432915
YLR382C	33.20018459388777	33.7363005264232	6.230080991654588
YLR383W	42.2979933072316	43.28148346273585	8.28742372196907
YLR384C	43.267724251811366	43.92478316972416	11.703088858543635
YLR385C	198.1723201896767	200.84480448899754	53.080916923844136
YLR386W	47.511400042026935	47.89542401537352	6.768726665350873
YLR387C	286.02921985370034	289.3756530800054	53.68351464732889
YLR388W	768.234424302761	793.3145176040141	254.4636299639316
YLR389C	48.27710737414301	47.48138073760286	7.476126955613421
YLR390W	465.934123181098	482.4602002993345	93.60587880717274
YLR390W-A	2098.5514461385237	2143.227457225322	439.7644783517238
YLR392C	36.31190876699893	37.27610807096133	8.068857839249855
YLR393W	32.59924317479313	33.61778343965842	8.907488315744907
YLR394W	38.58137507519277	38.432272674947264	10.478474037373449
YLR395C	232.15215643424483	251.67418727291272	91.75921233912472
YLR396C	26.36605365129697	25.943741612569717	7.295650172486431
YLR397C	78.00712949043667	78.32684051167305	15.03756526473955
YLR398C	111.34197083976568	112.07612654906053	17.52374692431594
YLR399C	404.5393790309117	415.09738935119253	88.7178776513019
YLR399W-A	0.7605095234346034	21.17719219494593	113.66339316048116
YLR400W	1.87393552310992	3.2184357398441468	7.062212660971111
YLR401C	181.33647691916968	177.8189431331361	54.65318722939798
YLR402W	68.0936367811769	71.66678425142521	22.458933409929802
YLR403W	126.43696456100366	121.94952883004329	37.92299117336436
YLR404W	25.500121821279627	25.636039808655827	4.668968289749997
YLR405W	68.6145031952976	68.9016549177741	11.393220691617294
YLR406C	998.4124811013252	989.6923131899534	255.15992918638304
YLR406C-A	3.1365203460555837	3.3700031228468212	1.556221771615849
YLR407W	145.60932332455198	147.3558819182998	34.650333567902756
YLR408C	49.40391028857673	51.35578398750451	14.212035147947677
YLR409C	109.74133439190268	109.05140240157031	25.919822925050997
YLR410W	88.27612299783716	88.38537962124343	16.034808893351578
YLR411W	5.232245577898367	5.621785680135296	2.1366413133550517
YLR412C-A	2.972612396476946	2.935958970021497	1.2364842824499187
YLR412W	85.84263438484356	87.66479653573552	16.65041828631539
YLR413W	439.8216304355199	433.680318506638	156.4272682695423
YLR414C	152.53730791065468	154.76713524937753	27.96357419094827
YLR415C	10.146503774598791	10.817410722006406	6.503996241937677
YLR416C	1.0873605120512233	1.3165006356886415	1.0236746300257584
YLR417W	58.61082531783344	57.83791999606694	9.803666040326178
YLR418C	84.81248069499419	85.0094407904479	10.443365564948266
YLR419W	70.70954967630084	70.77927309284313	12.575268721365696
YLR420W	100.7372201332085	118.69420832427564	68.05968286020034
YLR421C	242.28346390987332	242.10855768784737	37.87843342739619
YLR422W	28.788194645623168	28.477304805970633	5.608375804719615
YLR423C	22.931269774882665	24.203665464203915	6.181661700896956
YLR424W	23.0188437994145	22.544272466256487	4.510401993102971
YLR425W	56.51999555464953	55.98883544418227	14.478370806966273
YLR426W	64.68796738429528	64.68574375635563	7.7568218294625035
YLR427W	76.33997557527489	76.70565931074691	9.530237809271982
YLR428C	1.1756788176323918	8.990429946015649	43.38834413083351
YLR429W	216.22550600230133	221.94068186824478	41.053822462451045
YLR430W	45.0083040826759	44.599881212121275	7.066578723688424
YLR431C	33.219074831369	33.47046420358826	5.560042700445949
YLR432W	131.046949244513	136.02367963919536	32.9250775089114
YLR433C	43.85720121057087	43.92074660753005	7.599097669249138
YLR434C	1.3433431197872343	3.2515992088053673	9.811937726926887
YLR435W	140.19489200134933	141.38894119172542	32.49512658465173
YLR436C	124.76836740058631	121.48914684275998	36.74485974877125
YLR437C	280.5851111947123	286.585690447851	71.94845720925903
YLR437C-A	1.6015772039470832	2.551568569851903	4.951067825343181
YLR438C-A	3495.1722204922303	4047.32407981961	1860.9502629979268
YLR438W	127.78894534942232	137.62559801830017	68.73602531561113
YLR439W	163.30571378161332	167.773637336092	41.02445407937493
YLR440C	56.2976337545594	55.81058038509486	7.611782416407889
YLR441C	266.4332633044848	260.8893961725898	54.83426503688803
YLR442C	42.901756866664506	42.06499811772818	7.564220767278951
YLR443W	65.09358936967111	65.86782517631644	12.732385253325543
YLR444C	0.449650959336816	0.8727602091091688	2.3653577080356563
YLR445W	0.3872904054655026	0.4300626323616092	0.2707160337705295
YLR446W	11.831666195260986	12.337894922762272	4.382650338736909
YLR447C	130.51075032180168	132.88202557036456	28.373532436640126
YLR448W	508.2191676972751	534.3359216845846	130.7276880463722
YLR449W	281.21295463182804	273.93045548796186	67.56406072296221
YLR450W	49.4480696117289	50.69091389672636	10.389641869768019
YLR451W	34.893647337143534	35.32976294899717	9.43646316150028
YLR452C	121.05731949081536	126.11342387867079	57.536381382914875
YLR453C	11.7033068822981	12.228302412846572	3.5429384295756887
YLR454W	33.172004421376265	34.03344695231888	7.021813983437996
YLR455W	104.25494064957032	106.30964069461392	22.099889149970192
YLR456W	20.8838055645204	21.346525731950088	4.109871165307259
YLR457C	43.32809227649623	43.8644361248395	8.990257099738212
YLR458W	0.1262230311215896	2.214582426312726	11.59304690364608
YLR459W	71.3624152563109	70.76344785591742	12.333276963800758
YLR460C	507.95330468911897	622.9104546913753	357.05243625677355
YLR461W	17.0170836926164	18.3047026897327	8.913003828255603
YLR462W	3.8253505619721033	4.06728210681113	1.670675188644661
YLR463C	0.2403534475937266	0.29700358023651274	0.2725571086609526
YLR464W	0	0	0
YLR465C	0.467765355143281	0.6033989937649735	0.4942846532402226
YLR466C-A	0	0	0
YLR466C-B	26.9955571479635	27.462052556326118	8.981450656293207
YLR466W	0.4794844424546786	0.49242592934911816	0.1698793390439534
YLR467C-A	0	0	0
YLR467W	0	4.678294332641653e-05	0.000527216995987329
YML001W	51.02280901210487	50.88057716013882	12.354923855566117
YML002W	15.134630907342434	14.780306543582574	3.8351547797257863
YML003W	30.839963906964936	30.643917984215197	8.884716948927087
YML004C	240.8523812962582	248.93827962749725	55.193986623518576
YML005W	20.56930973618793	20.454704794123618	3.537339849678701
YML006C	87.74427485041849	87.2311692742824	19.4867831915917
YML007C-A	13.836051820894768	16.747972269507937	13.697771122151057
YML007W	209.43326983663667	213.38846848860535	43.34556764793448
YML008C	608.4654913929922	604.7097171922601	147.14398520934193
YML009C	422.582479376464	426.16227191230166	96.18315325765163
YML009C-A	1.2888466841035966	7.014426463577144	31.66736489554991
YML009W-B	2.03535581062198	2.3216019893764597	1.3936469861976426
YML010W	142.9674053600297	141.72932708472283	19.858999830128575
YML011C	59.48461872942723	59.65666752425759	9.145131319531515
YML012C-A	2.36835150382112	4.40146261814925	11.225977605593535
YML012W	286.98554772732	287.39791311460743	54.75770238680489
YML013W	66.21326159872307	65.1012912565044	11.984246516742006
YML014W	94.65941179860472	93.20692694713368	18.79699645681293
YML015C	265.84241801461434	273.4753493160412	52.66758650600365
YML016C	69.99706395286843	66.72633770748351	18.247570101042225
YML017W	178.92601710224088	177.27318498700285	22.46073056217627
YML018C	36.64451252870666	37.42457696423205	10.041353351731184
YML019W	134.666567687529	135.96801961450714	30.985079317588937
YML020W	76.76855001517184	74.05969990301516	18.672492422095406
YML021C	137.880319309322	140.04401897219253	19.69173795696626
YML022W	117.166410060287	116.79585718816823	21.682374608346073
YML023C	21.686316333616634	22.222759563559652	5.689697383084001
YML024W	313.384844300869	329.0880357254879	99.53137115658673
YML025C	244.58454799908432	245.94705478093195	37.92021188724805
YML026C	498.41687408836464	494.1015921182031	94.66125307747708
YML027W	146.1722449368755	151.70479512871253	45.02772596936211
YML028W	2572.7810874467764	2665.2658462182885	910.7300880970182
YML029W	42.5325659942253	43.62469321587005	9.007299403363824
YML030W	250.792439456758	259.7142047832933	75.17363573845071
YML031C-A	0.1576081339575493	3.7126994167825993	19.784328895895246
YML031W	171.192908566689	170.8613933384258	19.480824854281362
YML032C	191.62396947409863	191.21253792635676	26.27925541626796
YML034C-A	0.6449810364187404	5.2236257509826345	25.592980750279665
YML034W	70.24024023404696	69.93378117690935	13.5373262643352
YML035C	67.2968378399356	67.89757325874845	11.65590530520021
YML036W	24.615736876521268	25.23801132853916	6.77163314837011
YML037C	41.536829959195664	41.51266417702461	11.572688593206905
YML038C	133.157117428451	139.80629289141876	45.7362987593163
YML041C	87.2050539788937	92.35924765460237	30.444685200245935
YML042W	3.809051244346813	4.035233381535807	1.2953229198358454
YML043C	80.64387684351969	82.56822295161545	28.419650156850782
YML046W	25.418193225512766	25.31551104920861	5.217108254178349
YML047C	0.822999741671766	1.205332079623525	1.7189339351146942
YML047W-A	0	0.11287427828270628	0.27522648360692414
YML048W	373.59103841593065	376.666754803978	55.166197798575695
YML049C	62.75732019074687	60.896202725212	13.293249670206333
YML050W	11.688597596325168	12.332949479166098	3.1645393507221145
YML051W	173.5072335684557	179.35114420107632	41.121694312744616
YML052W	663.4733786072769	678.4927090481057	142.57795409582985
YML053C	265.0140999779307	268.337813135994	74.034504888482
YML054C	2.042134663602613	3.608924538697976	5.961424142555143
YML054C-A	0.7418204484107189	1.812509526488016	4.405809428084311
YML055W	125.68275807868469	126.91611217464803	21.773115724554373
YML056C	110.89892269024922	110.52028802797366	36.20006094663425
YML057C-A	1.2610520925032034	15.667391287171231	79.80667651472896
YML057W	122.357082572715	124.5934860004091	21.42134792876435
YML058W	3403.4054843338768	3488.467887859943	1033.210292703379
YML058W-A	8.36418253341982	37.23116978011346	317.7433062340424
YML059C	102.45095539743966	102.37257312550594	24.798155224475423
YML060W	57.980998612423	57.12063503653118	9.719950662400887
YML061C	41.95950923741757	43.35692244530173	7.711669663285544
YML062C	187.69965648752336	197.6260004557025	41.92872148901948
YML063W	341.177465796131	338.7487410774486	86.61620433498126
YML064C	159.51960251181035	162.75331418034233	35.13392628090058
YML065W	55.5069600585293	57.32870722930062	13.364063242025694
YML066C	0.106366379666801	0.2406535619462568	0.7145467094201631
YML067C	95.539533177698	95.60000477809729	11.785538467802914
YML068W	28.884138900214467	29.11191843504864	6.324662457344788
YML069W	218.37257272150237	219.85425137826135	29.93830535065576
YML070W	31.6907057764882	33.08369662416692	8.349811607688006
YML071C	114.75805818139568	116.65294008286014	33.12611495738146
YML072C	100.81682981702676	101.03088927880361	14.229316891018167
YML073C	438.4189312235701	418.35594679207003	105.67473749455822
YML074C	588.2373205306103	595.1424776896561	82.53981140587032
YML075C	53.46514273109934	52.93813788603594	9.960839394773183
YML076C	85.68039790218648	84.75448716837373	21.967861055251507
YML077W	85.34225396988502	85.20402736663918	14.580188977787282
YML078W	57.48833281014373	57.77513750743775	11.123275881733589
YML079W	166.32046510920335	172.07551156195265	31.210176545681247
YML080W	61.80274847399196	62.483283793362226	15.939304222749517
YML081C-A	1333.65138428164	1377.4632472677522	423.42737508403184
YML081W	111.844257341834	112.22694294905767	28.28107342333908
YML082W	89.74150683229107	91.598073620597	24.70452768420506
YML083C	0.9258936775221857	1.0692156312548966	0.6848119686756269
YML084W	3.5572934008283945	3.7065466814095394	1.6171473094308801
YML085C	100.9098595068085	100.65182929156475	15.52780306047827
YML086C	63.50126253977633	68.46464355080292	20.381308828740313
YML087C	15.202062441954732	16.788006330418003	10.76810285614524
YML088W	111.89354289342914	112.3996074393532	16.410231434792944
YML089C	34.20682037744557	35.160166173487994	19.407427957711242
YML090W	0.4340294743229529	13.968901205369384	74.71809617159859
YML091C	76.81347898397952	90.31922920841221	70.89622874886454
YML092C	435.696974988069	425.38582519362876	76.5868962486557
YML093W	190.78502248525467	189.72953396944268	58.44727482253151
YML094C-A	0.763846511687579	4.092157265748097	18.196773172044477
YML094W	108.70564832090932	111.38736469439728	20.582793807761444
YML095C	79.86777966801874	79.13813499600649	16.20502909602475
YML096W	24.45106889908023	24.371228773378974	5.391844611341381
YML097C	170.90347435053832	168.4177173681854	26.966272153395728
YML098W	223.06244729948767	226.06027072278957	45.47491714550329
YML099C	42.93462253763307	43.55113998563329	11.041726513503262
YML099W-A	0.3769109844225276	2.8910198375699965	13.436753385512267
YML100W	140.04192948300235	195.3712016938579	182.00227462537669
YML100W-A	19.02758894777777	20.003008874968938	8.443614314052539
YML101C	120.749277196075	131.73710632538464	51.85133121473842
YML101C-A	6.607916221639627	8.908600381854189	12.848530327328968
YML102W	95.67168839447686	96.32815190859736	16.36160036382134
YML103C	83.6806016952038	83.70703135666265	19.124563929936503
YML104C	16.494972309755337	17.388225144479414	3.9955815616296806
YML105C	155.5511934999037	158.7545902076639	24.25126743571326
YML106W	148.596742453237	148.64418113272095	24.214424204320512
YML107C	33.4886661767083	33.48196277295025	4.767971048047486
YML108W	211.36166436959695	209.49932369964395	49.6427793142928
YML109W	51.80552817406147	53.75827805114996	13.41923049063423
YML110C	78.84635205773618	80.27050014216312	14.81453812653429
YML111W	67.98720455973996	66.61340960894547	16.32625913639202
YML112W	155.33897836579834	155.36419256593882	27.274443689593024
YML113W	448.540059711095	431.6628393218534	110.26296791472848
YML114C	204.996583460946	207.41651796903813	27.66385986697904
YML115C	194.675884781278	199.01289629701088	33.16158175391198
YML116W	112.80017637576331	138.97243574373516	82.98345347911179
YML116W-A	22.930073668632637	22.86368534189769	10.303709738449259
YML117W	175.052104326751	176.6033822182445	40.347791923032105
YML118W	20.19191913202964	20.90817807751252	5.356587382263907
YML119W	135.73167026491	135.00125939382903	20.698178844884662
YML120C	113.31109951742296	129.26185237197228	63.88597735260288
YML121W	158.37152116982668	156.2383465558186	26.266886467420946
YML122C	3.895074114136394	4.106866734501869	1.5839685987869063
YML123C	611.9949722600687	613.0677542770279	197.75449674464764
YML124C	169.55473962571932	172.5757027321119	24.534473649359708
YML125C	158.08751609742868	161.6981612288656	42.96895706815336
YML126C	85.687683110161	95.35204122233694	29.43635428441076
YML127W	124.81831538696434	124.74079604265535	21.333918996852873
YML128C	48.66174638350029	69.3228848777352	71.74445439903852
YML129C	790.6782626816818	819.4237311915832	230.36739557559292
YML130C	78.27924512959753	96.32166283951094	57.052398173265374
YML131W	144.97906248608234	231.18750445075588	211.54076193879058
YML132W	7.40200829726772	7.171758784186483	2.6849729217328813
YML133C	0.6078628387958963	0.6441588299180838	0.24643395046005415
YML133W-A	0	0.012057167838425751	0.04252580419505995
YML133W-B	0	0	0
YMR001C	102.82539203800472	103.3504281203277	24.067777949417028
YMR001C-A	7.20077965165849	9.09675917489004	7.115471810682844
YMR002W	826.3683952299697	821.1048682684838	199.2574891001227
YMR003W	107.38848661641292	107.81430707744336	21.673180531822307
YMR004W	103.44932947597876	102.72472247744125	18.87540864593677
YMR005W	177.902140383703	179.8190116743816	28.564097666926273
YMR006C	22.694036885189306	22.976619291994513	7.542161426904806
YMR007W	2.364151438339644	2.618908313173447	1.7546311472274652
YMR008C	49.679978146262535	54.47165037936684	23.875477590768625
YMR009W	54.27309384680488	54.417014884696826	8.34713591081299
YMR010W	74.21284252537839	76.17093906107159	16.394980500397196
YMR011W	199.2028459698037	212.16615491716598	118.54677500371886
YMR012W	171.276459210933	174.35862412863602	32.76990015891774
YMR013C	12.1218542296819	12.511627319479304	3.581974208717359
YMR013C-A	0	0	0
YMR013W-A	0	0	0
YMR014W	257.4613268096933	251.5169151885095	67.71353464430982
YMR015C	63.03478243474677	62.707914804551905	14.81699734744312
YMR016C	379.725609367552	386.31431388771483	99.09325369274273
YMR017W	1.715471847708568	1.7108404207338184	0.5218548380366897
YMR018W	2.87936833862606	2.929924056620526	1.0981816001035116
YMR019W	48.28022012752104	47.6495393640263	14.39811053720345
YMR020W	30.716114056967367	31.750462226082515	5.235887376091902
YMR021C	61.960422386365	60.59957494506442	10.510059756171916
YMR022W	445.02326142689407	464.75902861463993	128.13625002753966
YMR023C	15.514287314293163	15.630876373888368	2.076209342893508
YMR024W	183.75584337676332	184.4590166647218	22.744612653825342
YMR025W	9.62440883666209	9.775108282541193	1.7029918674571891
YMR026C	53.69100955529986	53.70816482188466	6.938889507096581
YMR027W	82.734231499779	84.6656626068717	14.63495601126177
YMR028W	60.3264824359645	61.25388481785522	12.92613275500552
YMR029C	78.1674745532019	79.04454843594038	13.083778445947152
YMR030W	34.741405328746964	35.05826203122018	10.722062945770974
YMR030W-A	1.2480932475284467	1.4275620608317394	1.05730268239371
YMR031C	188.86876155722837	191.95222646717886	41.48959704750608
YMR031W-A	0.6086013902373267	18.6954462190365	100.07604672996128
YMR032W	62.02375045432833	61.66650219803491	13.490197624131824
YMR033W	116.956374075414	115.00679376161052	14.469668798502074
YMR034C	9.382851493315837	9.997604937673136	3.8074368624720867
YMR035W	20.423377604191263	21.299732599704196	5.45114162612269
YMR036C	55.780900278519134	57.389574760057144	11.568113653608702
YMR037C	137.55944649125075	136.12264655146228	39.778563677882666
YMR038C	844.3056303466774	908.2809455104808	310.5770016363099
YMR039C	338.62147560128466	342.6018260595237	58.56751959178668
YMR040W	12.310708824492067	14.03019433766611	7.634058177262559
YMR041C	48.812652895942826	56.19530991700534	25.44973383957375
YMR042W	422.7844689524797	425.1231152472216	76.11579570193456
YMR043W	1405.7081583351	1472.8774921831252	323.95704783904426
YMR044W	197.68169158792168	199.1145226737668	29.542338524489328
YMR046W-A	2.3580872382133164	2.380067527633971	1.3185223665964296
YMR047C	318.824138871934	317.823893471449	57.053450024525986
YMR048W	87.56838078990491	85.22566753928388	15.410212617650382
YMR049C	125.97909228325098	130.77513314582524	34.844746893588805
YMR052C-A	0.2839358083851386	0.7356544874247887	2.304710779729832
YMR052W	37.7211238360644	37.921675202257696	6.633221049821641
YMR053C	30.839048173296003	31.715188903874367	11.558820712067169
YMR054W	163.78021773642	163.83813721530106	37.85428708763345
YMR055C	78.94042627839403	77.79830698647906	12.15009158011198
YMR056C	14.6228191528066	15.307256683901988	4.037878756949457
YMR057C	2.77589044117706	3.0678162530042825	2.0038199356654
YMR058W	1225.694229907033	1251.520976794251	723.7400657651531
YMR059W	92.18307290725625	93.4552221556174	19.35139589097161
YMR060C	30.24244818366063	30.388895702526742	5.564109772143687
YMR061W	64.45461237036457	65.47943516256765	12.723286263873582
YMR062C	139.743279691928	157.49736614437876	70.83006733039781
YMR063W	24.551399394800168	25.01840551918812	7.555187112956987
YMR064W	54.82148311074021	55.65691507853729	13.397003364703142
YMR065W	13.1066148008992	13.208932251115122	3.470225144186299
YMR066W	31.492181461334894	31.06022571369659	6.544781720656818
YMR067C	121.52973143454568	122.23114247751326	15.549145507025479
YMR068W	32.0047054844928	32.290048367162996	4.938138164402245
YMR069W	28.386040150326167	28.95794661693242	8.57441492263733
YMR070W	591.439474961373	612.5429604546762	154.44999136509253
YMR071C	93.49809715834544	93.66254503860775	24.73166800455804
YMR072W	225.53498526759267	225.28065706958122	35.093740062232925
YMR073C	51.495938962235	52.26667095819392	10.150279171757107
YMR074C	61.9686496791096	65.91256593137803	18.42211349105489
YMR075C-A	6.77725888448033	10.719050117954598	20.080486305546344
YMR075W	71.35292678546757	72.83908844831856	18.290740995902393
YMR076C	63.1476189413867	63.98790090858979	13.109691490076726
YMR077C	108.25428104111931	107.8412313042315	14.899087292710584
YMR078C	61.63508543727946	61.85116557531309	9.061065833137299
YMR079W	358.33829683615704	368.15542209085584	58.4626577200652
YMR080C	138.03763301844398	137.59773745844484	29.69782173544902
YMR081C	3.925501561496516	8.397740435644351	31.78763896620353
YMR082C	0.2490386840823626	0.39403322730548557	0.46150232437568933
YMR083W	289.10771080143434	284.24077317708156	63.85634282498568
YMR084W	6.554421152808867	7.500240526048266	3.472497667914458
YMR085W	10.262964873095608	11.540746174276697	4.760874422419959
YMR086C-A	6.341265277409273	7.803452499230597	8.130417310244779
YMR086W	148.91753228204934	147.48834032196342	24.743907619219947
YMR087W	42.119637730634565	43.03897350939595	9.999302650963104
YMR088C	38.40307591388367	37.87133092235363	5.416389670470273
YMR089C	152.860799940546	153.96077602509783	23.491746961786628
YMR090W	87.08893859900077	134.6810195624784	138.84867948830765
YMR091C	351.41217983281103	357.2846711306644	59.525472165298545
YMR092C	54.91092989268333	54.67365045967074	9.199333170844433
YMR093W	117.917485134439	115.93211222034944	33.42472157528519
YMR094W	23.923100953643736	25.491317938454088	8.249977216191402
YMR095C	3.998051148317207	8.647171150875197	10.1688931797655
YMR096W	45.27523725889031	68.17714490585398	63.1914260753027
YMR097C	45.59770092656263	45.770277796315526	8.807940054298237
YMR098C	55.75648811985413	55.27796829209462	7.869863593111629
YMR099C	73.80647993188393	75.08022537500882	13.89185695839347
YMR100W	84.62791089769317	82.70374806615371	19.102884197587095
YMR101C	1.2593739202299317	1.3866669170816661	0.7012613337343804
YMR102C	59.0853000544552	60.68886733711062	11.656774744582314
YMR103C	31.794280444944064	34.26483858988821	15.568048595906724
YMR104C	34.468480164430034	35.533859825133156	9.974649312224322
YMR105C	34.485016120505065	47.87572446982882	42.978858955969756
YMR105W-A	6.467848930960898	9.150474049603632	12.185127595994343
YMR106C	42.8885064911625	42.79539012090106	7.770713337527106
YMR107W	2.848978985358268	3.6815542154428247	3.0540875587112324
YMR108W	267.8180783292293	312.7900681388547	153.7252337060081
YMR109W	238.23461550606365	237.41388789342108	51.29806160777111
YMR110C	47.8328649729991	52.363278488035775	15.411185830901648
YMR111C	52.178800170997626	52.41980775928741	6.521408417233833
YMR112C	73.443030596084	75.70205188106922	20.744417088114407
YMR113W	31.137789676364463	31.02714934646002	4.328233252820595
YMR114C	79.88316372704946	79.87739924220077	14.220107940990628
YMR115W	106.00532546003576	106.11724169360429	11.148819895209726
YMR116C	259.2840770969147	249.51469291935203	63.704157940380036
YMR117C	106.62183471752252	111.46642122679484	36.987967296682456
YMR118C	0.3493626718693219	0.552400422070707	1.0147790706247246
YMR119W	62.232903668730266	64.55635572993673	13.72507821128791
YMR119W-A	0.9431371750582224	1.4951999017277489	2.844381937064793
YMR120C	39.21746799517843	50.07929834035489	39.16050336374964
YMR121C	123.85376182689632	127.12564616974926	22.783432254494567
YMR122C	9.676887242295765	10.008531179008392	3.5918595325344373
YMR122W-A	566.3649422758386	585.3581491486332	181.28827840765283
YMR123W	300.112394061978	310.1580616968042	71.23528650933314
YMR124W	129.85882951690067	131.29629489545556	26.963116660986312
YMR125W	59.43824581036927	60.05507986200649	11.13581165653094
YMR126C	17.23440856727743	18.42591869576502	3.8765975971050404
YMR127C	19.6113664716345	19.97020377890151	5.457131461873205
YMR128W	97.40506394460888	99.9925916301042	28.147566164044747
YMR129W	84.58201934245369	84.68990483339849	12.481300979308827
YMR130W	97.1253462078139	98.47128090595119	20.73229834730776
YMR131C	412.6529415251157	417.0140184377316	123.15263484850139
YMR132C	53.41501749670673	54.75877506576964	11.815637811003901
YMR133W	1.1780994748203066	1.485629576947397	1.1806242609102635
YMR134W	184.93080290119264	195.6112829	55.977611525654495
YMR135C	72.43994914520768	76.05080044559234	19.00323369299401
YMR135W-A	0.1449148382006236	4.348301272084931	23.244814738658683
YMR136W	227.2170894213897	247.007062675304	110.48733586593788
YMR137C	40.9675672148382	42.54326673317537	10.979118097691686
YMR138W	70.51177844572963	72.7524423099197	13.634173048288478
YMR139W	49.40675802176563	50.427275635946934	12.17243340250801
YMR140W	121.017307731085	121.42729016129324	30.45933688917911
YMR141C	0.354379455030046	1.3858533769677408	5.384298915632695
YMR141W-A	0.3415687130368099	15.000653382859902	83.15757075532667
YMR142C	611.1929109062536	628.9097005255676	188.55161983646136
YMR143W	469.89515563854405	466.1743528803846	152.590685088036
YMR144W	104.936878999722	106.29998632714108	21.22986271800985
YMR145C	39.64539396722304	40.85889721606037	20.705094128724706
YMR146C	360.2554414155127	366.4422522016319	51.86427785887243
YMR147W	71.79490768723146	70.97568948981039	12.237336915539787
YMR148W	254.102551354926	268.84240618059096	90.90123329035137
YMR149W	255.0516987489993	257.4366313313254	36.131019823883655
YMR150C	27.703467995971568	29.504963264464767	8.212593564834307
YMR151W	4.14136780846243	5.290717511639438	5.769712176486812
YMR152W	69.99535386142077	73.06920799314915	14.65288704121279
YMR153C-A	6.162929685620334	9.559752615811307	18.567496540004832
YMR153W	97.22543379267064	98.240779917754	10.989396908672646
YMR154C	10.748496631210228	10.850508331767106	2.8001060171428667
YMR155W	16.055435946262566	16.119214220071612	2.5719227481923617
YMR156C	49.1201074664345	49.71717053667829	7.639784230659525
YMR157C	38.96746457608836	38.56760437503003	6.734771792995677
YMR158C-A	7.74464504375888	8.195454925277273	3.7636326846836896
YMR158W	262.92829592259864	266.6093786370611	48.22787748432597
YMR158W-B	0.149266599454017	8.6502259751336	47.26301087010621
YMR159C	66.5540787462201	70.1743994533335	28.746769007820564
YMR160W	42.9244922326163	42.79096015384936	9.463308941580873
YMR161W	243.49504331302035	245.54067602894742	30.4972647548304
YMR162C	35.92310921507673	36.451077692349415	7.7196739711495015
YMR163C	17.28197303298627	17.625557354023567	4.149040156467875
YMR164C	146.6513049511857	150.76209195338672	42.81660206098264
YMR165C	60.00085805803007	59.311535512008945	11.054420701836472
YMR166C	90.29380530863465	90.16346133086155	13.990058353552824
YMR167W	22.705533569952166	22.289223640087656	4.887337490361884
YMR168C	23.215935465003067	23.342450242254934	5.794326684467936
YMR169C	7.10535625642718	11.376695844789033	14.562187357323293
YMR170C	9.010397174051135	9.361312102435534	2.004990433810806
YMR171C	70.97827442682313	72.33542428396767	16.665043308339538
YMR172C-A	0.3215088040333669	2.989236355447793	14.5485748445785
YMR172W	78.77775517540238	79.10795671963385	10.587885681529979
YMR173W	215.0995793251193	316.8927613629343	241.48497052430423
YMR173W-A	2.0059191043830635	2.7969788351913043	2.347877873435722
YMR174C	45.6167131944515	53.073398147881804	27.802928584327265
YMR175W	3.7288511562844735	4.317192292142061	2.6750769117030786
YMR175W-A	2.641331808921921	2.5334082525867982	1.2034497862403832
YMR176W	27.264256468401765	26.9785761808645	5.968868654692442
YMR177W	92.63003632639294	107.78594305468027	49.367051356750736
YMR178W	46.52480471185584	47.67389571821825	7.854269217695974
YMR179W	81.58302554486819	83.4954936205144	22.417739347530084
YMR180C	31.4446906821002	32.927585311644904	8.275118910152269
YMR181C	132.92373083915217	147.31198246535942	55.65760527328017
YMR182C	190.542176740234	194.59249624412118	74.30539210541203
YMR182W-A	36.3710843673358	37.88571880837381	13.94306701500127
YMR183C	420.783025751479	440.3516750027271	107.93944565788323
YMR184W	85.48446333565687	95.1302841678712	37.59093494160929
YMR185W	15.522806490397068	16.36416165142408	4.919226844811265
YMR186W	600.0319158060177	621.7465833778388	142.98400609186677
YMR187C	11.783999754355593	12.164129166576975	2.844786392611501
YMR188C	363.8548005261797	367.28006676511393	68.99350261847128
YMR189W	148.42950539449149	154.24000319634254	65.57066183261436
YMR190C	73.50194812729333	73.3966407491906	9.852683812816325
YMR191W	41.60931481352774	43.88115700490279	11.105018806990675
YMR192W	70.78903839012612	72.62463877441004	14.32525716387086
YMR193C-A	0.1762731941769203	6.193315640645855	34.24020938459628
YMR193W	106.92858946717163	106.32250351390027	15.837716888868702
YMR194C-A	17.0040079311246	18.170042913260072	5.732071577902297
YMR194C-B	143.61148884614934	154.53029476473066	53.24824966517081
YMR194W	697.8329999133849	746.0187819607856	274.4155436228143
YMR195W	1347.7949287986914	1404.6159550622813	510.1266279443469
YMR196W	20.9491740770675	23.926497400309504	12.332901487524834
YMR197C	149.98547067753	148.6112398531526	26.57348945287206
YMR198W	62.73898059593586	64.96164376510914	17.16408520259039
YMR199W	120.11603120231	120.56574630536763	41.26254243936277
YMR200W	374.0831651146697	374.5200966101623	38.92523776458719
YMR201C	61.73830159530083	61.68965346105385	10.224915414477932
YMR202W	206.3685700245147	229.5890672321443	106.03768753726837
YMR203W	145.25058662583731	148.83562547988066	25.58814806463704
YMR204C	72.32469149854157	70.90556933431353	14.316744804824337
YMR205C	259.4744552776533	271.59587525973217	56.59396529733358
YMR206W	2.6185369826375333	4.040396288373353	10.511191615013605
YMR207C	36.34422043000669	36.14092679541576	6.532489122789441
YMR208W	87.87761765456644	86.67499251762437	11.300355503000862
YMR209C	35.538756497619005	35.46467110301729	4.56288890896933
YMR210W	66.69058307935079	69.17642787656935	12.89634857295131
YMR211W	35.1361345319157	34.28258226393737	8.270294589930463
YMR212C	41.1202019799988	41.7814018359902	6.881175322528979
YMR213W	118.75128639724332	123.56947461867412	24.65629624325239
YMR214W	324.7156355175957	351.8175795354002	84.84924221851325
YMR215W	59.10011020236416	59.25946178588121	10.144877366574098
YMR216C	198.9870845723167	198.88679485332094	41.00511193577456
YMR217W	124.57645905809731	126.8451715116234	40.70636468580628
YMR218C	65.12658600429283	65.95552291992541	12.269074287622095
YMR219W	121.74674268863566	124.19910657480236	17.51403736125922
YMR220W	70.20820408138614	69.9951297355522	9.5838422465639
YMR221C	43.04996053829373	41.95869666654857	7.552724192438605
YMR222C	68.24872854225544	67.38711595042936	12.833968030255285
YMR223W	22.5158391492201	22.76075110382148	6.668160930020924
YMR224C	14.745894264192534	15.431543007446217	4.271741327937507
YMR225C	293.561258186111	309.2601942266421	69.2686428206592
YMR226C	196.752216579088	206.41755322354126	52.450660476352716
YMR227C	193.3497015213867	204.42906100314977	49.60404049695341
YMR228W	44.0506253236744	43.39728359860856	6.436576430654797
YMR229C	102.89172081704328	106.3532401199582	25.775855664166233
YMR230W	692.0995285468709	699.3425927714511	144.07155279064648
YMR230W-A	0.2406715256223348	0.31176132955139135	0.38400933563870054
YMR231W	41.4084206315083	42.513470103985455	7.116296476545659
YMR232W	5.566660609742147	6.264161286269251	2.7802662990658553
YMR233W	61.6302949581649	61.21290095228681	9.966386399606659
YMR234W	52.11166555924766	51.662577666962804	10.634620160054716
YMR235C	123.082329759527	124.12640266654631	17.764115732836306
YMR236W	241.21722123738368	249.7861180288208	52.81686803832866
YMR237W	71.3151503022258	72.40979525277464	10.261439293323003
YMR238W	49.60138251088821	49.18541467127553	7.354282250539811
YMR239C	40.1720942601094	39.586414293177995	12.250907966373276
YMR240C	83.29211671408599	84.28861341515338	13.116187406181787
YMR241W	37.71863077544183	39.824553231333454	10.202410517864827
YMR242C	447.08560311351374	438.9635069628493	118.50314207705026
YMR242W-A	3.79567355342302	4.4332763404745785	3.390700589304327
YMR243C	69.76701289873026	70.44471413271815	9.470808140047641
YMR244C-A	371.9072229942026	379.1925741862407	87.68527667956782
YMR244W	0.680641846306874	0.754769536213372	0.49220597863634036
YMR245W	3.737824432437327	10.73897931395227	39.47723129267775
YMR246W	371.670770774726	388.983570018902	93.79050217332502
YMR247C	23.2433120104524	23.486287803986386	4.929319760069321
YMR247W-A	0	0.13208230606779212	0.5538664802074504
YMR250W	21.239526369541966	28.553380441817403	22.934118596777857
YMR251W	96.111291615165	105.78363236995575	76.93080082862724
YMR251W-A	1350.3475311570871	2506.932920627962	2975.5639486143223
YMR252C	125.14532852555004	127.01276739945803	31.46474259348209
YMR253C	43.98756051918523	46.63772741561667	12.9915731904359
YMR254C	1.35585171777715	3.3053954475601692	10.410993381550474
YMR255W	267.621354667894	261.8106531678578	46.213791574519156
YMR256C	152.969877776015	162.6262400482689	70.0769008392656
YMR257C	22.8793905040725	23.595954449204626	6.110904031174628
YMR258C	39.67940725293287	41.618145015221536	12.562360728122401
YMR259C	22.157056998686897	23.084754938407126	6.585961106167289
YMR260C	331.98068095846435	343.50810581425924	68.98599496054528
YMR261C	40.47300425909477	44.313162751278725	14.076237361595139
YMR262W	37.07117387757723	37.24094292150335	7.8736262556551795
YMR263W	264.1334059309076	259.07342788084355	57.44100684901477
YMR264W	74.01320505747248	76.10463680816183	16.0019381439531
YMR265C	67.13673567574163	68.5029733913435	13.842659963538422
YMR266W	84.5715133360535	88.43521049534196	25.26012134907077
YMR267W	207.77642115159367	208.17335639770482	38.47030617693505
YMR268C	43.81807995843941	44.86564897571139	8.14001917273916
YMR269W	406.6664015955227	408.52872731458217	152.2797466112296
YMR270C	88.32856426113311	89.93165919539108	12.8243628161572
YMR271C	10.11749927118593	11.984919993415163	6.535187291101992
YMR272C	130.45081065767567	135.91785012384457	37.02800538886074
YMR272W-A	0.4094142617502133	6.357759273936714	32.1756971054889
YMR272W-B	0.9548995234269264	8.500035828666308	41.6950332197955
YMR273C	179.7161053642497	185.4802266384896	39.95927678999421
YMR274C	21.649389083937365	22.089508529453777	4.8399167363003315
YMR275C	83.80115160547257	82.75884507301419	13.159684624718155
YMR276W	527.9014054010923	533.7466041819445	87.21427009239619
YMR277W	157.61084771254835	157.99161539612265	24.571002610252723
YMR278W	35.420580658518894	35.67763919865994	6.520569929054445
YMR279C	1.486796086759013	4.623609281025112	18.37736096083915
YMR280C	7.170485288027533	8.114048405710502	5.663454849215625
YMR281W	74.17710513572469	74.03659642831201	10.937126918000304
YMR282C	52.63722533188312	52.541651503511076	8.594105135002575
YMR283C	23.95333410193793	24.169932526767916	4.204108160740112
YMR284W	42.51451864018183	43.70901986444455	8.605818375319009
YMR285C	110.34834442225866	110.16325688627767	16.687676107460522
YMR286W	257.713203505694	268.7982439189307	68.28021607869262
YMR287C	40.200691635717135	40.327684800995755	8.209596594085495
YMR288W	31.16295169029653	31.21198254124221	6.42004613019678
YMR289W	83.04002814974336	83.29630985804405	10.030759640109842
YMR290C	165.925030203832	173.7280116005605	51.28742644977758
YMR290W-A	0.403514060237393	13.417815717103094	72.45466483994763
YMR291W	377.177149040306	406.7197123005108	150.106408943371
YMR292W	33.84380208985243	34.824785963584425	6.442186168922189
YMR293C	27.6187818254622	27.880170559321083	4.954524145641207
YMR294W	60.92797529545207	63.37017788046578	12.938037357098153
YMR294W-A	0.5921710363180351	4.130945618664991	19.752052540072828
YMR295C	421.99634090444926	426.1866826205363	79.47386173975192
YMR296C	513.8163888647683	524.3285218301378	88.72202851515014
YMR297W	126.881627351857	140.73432925449035	52.9984426444273
YMR298W	293.1029271590607	294.9532277209774	76.21049871726288
YMR299C	54.28880083068591	54.16575709059044	11.14479081015904
YMR300C	91.72609584825064	93.7384597640644	17.56575928495251
YMR301C	110.69394136059698	110.02416836059493	14.065610137606921
YMR302C	79.1298356250432	79.8080305066554	13.970689511703739
YMR303C	1.1363603293983335	1.8472993044924575	4.051499503216829
YMR304C-A	4.107780196673379	5.150067105030275	3.9696215890815303
YMR304W	68.72581916342183	71.81383725870039	16.051682566463057
YMR305C	244.1738246732897	260.0286843211804	70.76409281683098
YMR306C-A	13.459758504755069	13.50977374087468	3.553208735498774
YMR306W	3.81055079927009	3.9976038901598385	1.105200730793698
YMR307C-A	0.8483005371267769	11.158390906025128	56.867446113595676
YMR307W	446.5190441648327	457.66375025602	98.42262193396161
YMR308C	108.804589264975	111.18259221805233	25.499718663046497
YMR309C	156.36286644219166	158.39924480868194	30.75641740970258
YMR310C	222.7763394191653	227.02870531633158	57.57433534582734
YMR311C	1751.4134911309	1766.4236632188286	352.3967952320508
YMR312W	56.3675024854383	56.81728258269163	14.907104246935893
YMR313C	54.4409225869222	54.745123205709014	12.708476029477564
YMR314W	243.93065913720264	246.9324711123624	38.083132538592885
YMR315W	88.86889554921682	101.1125335195887	43.21820686713105
YMR315W-A	1.6944383036021098	2.4356806667641107	3.333601017462924
YMR316C-A	2.2344920055010067	3.5895146657424863	5.377199624190152
YMR316C-B	7.191227444223297	10.48512879945418	15.060449870127224
YMR316W	24.24828946926853	25.83612649084978	9.649231188821709
YMR317W	22.433281911936835	41.753863196748924	68.5920894346045
YMR318C	392.295242979025	461.462482057634	219.0819638140822
YMR319C	222.94964370981063	225.57311185699186	110.18520710344211
YMR320W	8.745508846172838	8.895157940184005	2.984350140132918
YMR321C	0.196858214217271	0.3448531578314969	0.5664328331253168
YMR322C	0.1329964266371373	0.16706218949409984	0.15655995053896202
YMR323W	0.1669817305058305	0.19147825913648797	0.1556944935606208
YMR324C	0	0.0025292596239220888	0.028503308389390844
YMR325W	0	0.030117416743584712	0.08037932956043646
YMR326C	0	0.02131306596923873	0.06798957049879036
YNL001W	39.73948051055393	39.77839482394288	10.139822261886987
YNL002C	539.6817649781053	542.8609673602817	206.31723514956232
YNL003C	85.24796648101415	87.25938604649328	15.942440900909192
YNL004W	386.79967222029865	393.5126271286673	70.95177699183462
YNL005C	117.393052263094	120.72145106672828	19.85030316214717
YNL006W	157.2873911812293	166.70163244622736	30.64464730277814
YNL007C	672.9544012426741	766.3849254398672	296.2565782161941
YNL008C	38.3813555808143	39.64303549283518	7.549857740342114
YNL009W	14.6480516948616	14.817675614889382	2.2353190565176533
YNL010W	60.690866518822055	59.696317690078665	12.252470227718836
YNL011C	14.1397921334097	14.236662584295095	3.7189663353837865
YNL012W	2.4085884452205204	2.482857533584815	0.6326658706494698
YNL013C	0.1498038265642006	0.7210603193305569	2.902614137643198
YNL014W	8.296142023344101	8.422006823012005	2.0899346780301746
YNL015W	337.4430047239146	437.6405080870462	302.63747207227283
YNL016W	501.89103734257134	507.97175959151497	61.31858005956138
YNL017C	0.7880940182679977	0.8988567605907485	0.6084930470933897
YNL018C	0.9192190665644316	2.357742486875156	6.006062630783102
YNL019C	0.5203102612465873	0.6109516460068062	0.5934436072674968
YNL020C	45.74647789055226	46.2692717099884	11.415002789630389
YNL021W	77.40534011217343	76.78186771713531	10.498851158904158
YNL022C	79.94177665212267	79.74963526243098	13.841668887890563
YNL023C	34.5867049581777	34.81430541055657	8.400556553381128
YNL024C	13.1169126800988	13.183664774648014	3.404722423528967
YNL024C-A	128.54617072591432	127.86523780584119	25.918782973686284
YNL025C	45.55813001069364	48.552874479158156	11.872489458701729
YNL026W	96.53803469814328	96.3932057346119	15.716801288398253
YNL027W	110.57459806464	106.28327357508226	22.922576439954433
YNL028W	0.6159258795709099	1.1487189935621345	3.13648378741941
YNL029C	37.02454263199324	38.24729039927431	7.516831273770466
YNL030W	1752.8261683434832	1763.8037759750994	437.07833061301375
YNL031C	5656.79230096647	5765.265715053998	1155.6416405330267
YNL032W	236.71342152477837	235.1680760885232	28.36880963214309
YNL033W	1.5592172588097677	1.5686023299277467	0.5942258795702576
YNL034W	0.5979278182612123	1.5508497321860621	3.6325902879049323
YNL035C	61.73110543846703	61.70291529439709	9.774347408875258
YNL036W	404.4642667555146	460.10734148266687	274.6463644651549
YNL037C	341.596833571928	349.3499202259117	102.57827412927622
YNL038W	113.34740359160332	114.1700690328209	29.941491965418113
YNL039W	140.498712594234	143.317961755431	26.55976417415202
YNL040W	41.02769092791357	41.826503838369376	6.67494592214132
YNL041C	132.43530426822034	131.2252467797705	19.52819775275677
YNL042W	89.91666226737236	93.25600521850318	17.772497552555734
YNL042W-B	2.7532478830659968	3.058692798811613	1.457782835155544
YNL043C	8.701904775786296	12.587763099748944	20.037367091529113
YNL044W	790.2694646957157	814.1433895222785	187.14434303880185
YNL045W	44.48486001642024	46.19781267724407	8.6761652129518
YNL046W	55.1029645416531	57.53477970536318	12.056336982798795
YNL047C	106.019486242335	107.43708327991017	18.60642031865749
YNL048W	36.27164961811677	35.75920276191609	4.267753792159041
YNL049C	67.06017947221403	67.67726336573777	10.930520545741304
YNL050C	167.03721191267502	164.68389220071495	27.506460091912455
YNL051W	55.09967456254204	56.02023957595438	10.719731132614886
YNL052W	224.12945147346136	227.12113625908918	81.26787179250906
YNL053W	83.56385068787313	83.34767013506162	19.312158287650615
YNL054W	132.927457290587	130.74711520182808	28.56649695435936
YNL055C	265.5208750382927	279.774528958941	117.88581620525842
YNL056W	99.71235416904092	101.02109384925691	14.189430337802346
YNL057W	2.855724608190553	7.980823384665831	28.897000795927497
YNL058C	130.38912641956767	131.99495472821002	21.66981218730924
YNL059C	109.01167712476864	107.03984072997832	17.832676909381895
YNL061W	208.73350769782	206.44010197462404	46.78513677127569
YNL062C	68.9375476642984	68.21163544553146	16.245398549230707
YNL063W	31.455762790073702	31.66464716977867	4.493908342805507
YNL064C	586.9649535008663	597.0999527833613	136.03564773651848
YNL065W	83.05460838017383	90.12788778435085	32.1286735745535
YNL066W	386.7301600361013	402.6632287256023	107.65230233202723
YNL067W	116.08076683085532	122.81161281811002	32.80186366074819
YNL067W-A	1.9900793656279636	4.678492482769399	14.678795409127005
YNL067W-B	0.7809678160813615	0.9603007124512313	0.865687413163838
YNL068C	145.48006895559766	141.5086358156114	34.82503804087572
YNL069C	423.95961749514186	450.0458256877493	115.33366671135165
YNL070W	400.6288228450021	408.7552250562657	131.86960374193436
YNL071W	73.53164577372937	74.9981806983001	13.14745073314645
YNL072W	147.56320609827597	147.53671137782857	34.08974340204078
YNL073W	51.81006592937127	52.13085901350304	9.611777126491639
YNL074C	228.538513781266	221.08714403509154	50.78558787502288
YNL075W	121.08526684959732	120.5180986611536	31.849416812236697
YNL076W	168.96955708731335	170.1467272535489	32.588276124944166
YNL077W	50.16070414214543	54.767851379033075	20.723028483802278
YNL078W	356.771157459219	362.98251646678665	67.24021311510405
YNL079C	718.2551647704763	747.2838695413668	144.6112476175924
YNL080C	192.08352405224267	193.71906890050758	43.56641365603634
YNL081C	459.5722550164567	466.7012735806952	90.12772486749266
YNL082W	26.308079983335837	26.925525129518935	8.044598937269685
YNL083W	46.98206646694306	46.71112949509725	9.337375534431422
YNL084C	129.604372004399	131.4201541108225	18.637786828655837
YNL085W	86.93619347974762	87.18595792562171	17.510462157175763
YNL086W	47.79247345529611	49.48743318246144	10.892372852899463
YNL087W	64.49736106050703	68.29830249066057	19.57805816658425
YNL088W	62.05911653327863	63.46805270066564	11.468828084324453
YNL089C	1.453373591704101	19.231283331967813	99.00157957553975
YNL090W	344.23361172432334	362.058647104166	114.90116698136339
YNL091W	214.87551459008623	225.65062593529947	55.92044084084619
YNL092W	17.951989452080667	19.478027604139488	7.543708490638935
YNL093W	4.9447152991662735	5.895651737058116	3.6403483284625215
YNL094W	93.80865521012976	95.76746002494977	16.791683768457936
YNL095C	21.0597624566946	21.182748312133977	5.229300943086455
YNL096C	350.2981004307757	362.68303135438714	83.09919186114082
YNL097C	195.09906257684133	198.6658888769199	31.779730026200053
YNL097C-B	40.3812830756411	41.2191616719802	13.697600014497105
YNL097W-A	36.246446011679375	47.74426351265076	53.64602582762575
YNL098C	429.4529266388904	434.25621231206253	93.54360993785534
YNL099C	164.08507436064903	164.52856397451362	21.521592510418763
YNL100W	87.83454064019918	92.37226163579206	17.466691137994687
YNL101W	39.5289551546839	40.12246887244706	8.979054423950371
YNL102W	44.5862118561755	44.728363129662064	8.208867554297417
YNL103W	310.2611120761657	298.03309936226754	70.12611238230976
YNL103W-A	0.66943093672355	9.626142759880562	48.98667009746875
YNL104C	116.03296359521369	135.19721985474578	64.81362017046199
YNL105W	0	0.6188455763587205	3.1320569055993865
YNL106C	37.67230554629364	37.96292917546936	8.640452386628008
YNL107W	89.52236422075013	91.92699849543529	13.174419337342327
YNL108C	68.64268719733224	68.90175770318332	8.40057300497692
YNL109W	0.6258735107171107	2.1381222764917047	8.524950981465958
YNL110C	359.75734749739763	351.5325585251186	102.96348684065364
YNL111C	87.25089600693423	91.29412894941005	30.08111407261889
YNL112W	132.36462190272167	138.95919254739582	52.19937366326583
YNL113W	660.355603210389	653.303097235088	225.6723137078197
YNL114C	2.5386991417311164	45.540360102753596	239.97356089079423
YNL115C	45.66848140502884	50.07686215150347	15.19167260803943
YNL116W	98.98041031959816	96.01687981189403	26.03947053782221
YNL117W	0.96788994546202	1.390794840739298	3.628455461619493
YNL118C	169.47883097750568	166.0727084592618	28.954027573470317
YNL119W	24.97685020747653	25.37889086841823	8.787308764421107
YNL120C	0.076708496413286	0.7110722669688639	3.608319929853716
YNL121C	465.67349397996367	476.5001407484456	88.35481230227771
YNL122C	94.42827026806664	93.70877020725956	20.628756287536252
YNL123W	102.18614523639668	102.31265611010231	16.43060663323707
YNL124W	260.09062305725735	257.42726766431934	59.296834824848446
YNL125C	62.614312557385496	73.99522735326158	44.4706684378894
YNL126W	31.335818045894097	32.14214278872812	7.945599835545598
YNL127W	37.30803077034386	37.49033195345533	6.547548417719707
YNL128W	4.724746999972774	4.762368188092683	0.8621816767227706
YNL129W	52.497740686640896	52.042727505468115	8.968554601387602
YNL130C	170.45105729216132	180.2243171703564	53.05760822612366
YNL130C-A	0.9090502997400046	7.914720050580931	38.765208274893105
YNL131W	441.6183329852231	441.41534711205964	56.655285563809066
YNL132W	54.24112409826919	56.173290462770765	14.228266646013559
YNL133C	230.20486963596264	233.4046251779141	49.168503462855334
YNL134C	2365.966031863564	2607.746184153907	798.780545244977
YNL135C	611.317670032909	645.2710459178539	246.96929527845063
YNL136W	278.32418093543066	291.0209114670136	67.35882536243135
YNL137C	119.94882331245331	120.81474368598751	17.78816191334372
YNL138W	231.82893539757097	238.53205238725454	56.351528143835466
YNL138W-A	50.04771128472163	50.83976634962286	12.515533025149901
YNL139C	54.715740194457965	55.49342486169694	11.538075466653677
YNL140C	0.8330136147919921	0.9127496493168257	0.5370152391666762
YNL141W	56.3747689722253	60.86193738998521	23.996902104226933
YNL142W	9.17356667265518	9.90665504085985	3.059682965094091
YNL143C	25.2742982793449	28.149607827357595	11.860589519899472
YNL144C	18.772168703831166	20.296113561890728	8.91095915989048
YNL144W-A	0.4556589883066633	4.931290341994217	24.371025665246027
YNL145W	3.799646552309967	4.376413571753027	3.7610764912604373
YNL146C-A	3.355836778717693	5.659257068465959	13.368853676474076
YNL146W	105.65520786794052	107.78046314521039	28.875622499629532
YNL147W	134.76967261295133	135.5023677138559	39.90416175985327
YNL148C	220.518974481759	216.15036347297692	44.28746312077532
YNL149C	615.609261421018	629.2059093003946	163.3533380135049
YNL150W	0.7480017941398757	30.816026408223266	167.36518587320865
YNL151C	217.08194661976236	216.7082329626327	44.12596136026801
YNL152W	60.4712360364175	62.92535172783544	15.002072184314395
YNL153C	525.0921550593921	543.891253276055	115.53380838073379
YNL154C	389.4185423347951	382.0302676365223	55.95232798911566
YNL155W	186.90065810423232	188.1001930134612	39.02625982472138
YNL156C	165.86579744221766	169.68677082973167	35.18144087478401
YNL157W	221.38765687900369	222.01927105971492	32.528472896083706
YNL158W	157.23689463965366	156.95940869355115	25.22049676577032
YNL159C	182.48218503164435	184.19560453950524	34.846475686659716
YNL160W	60.2664846838565	131.54190983769033	204.17455053266784
YNL161W	299.5537750827324	303.30913291275	57.98325577144504
YNL162W	414.13058920891245	405.76612865059997	119.97967641490756
YNL162W-A	89.73385989165946	90.40781087607404	30.654923236513334
YNL163C	55.53081153691911	56.24773046175626	9.73667337022277
YNL164C	127.063982309886	128.71431564833478	32.472509181754944
YNL165W	38.43539233277514	38.32376491383762	6.1699657620865604
YNL166C	236.76909396058105	254.72766262917216	76.61520733286294
YNL167C	132.71834844094033	132.25436912791614	36.53799205392508
YNL168C	137.809984980992	138.8725781467122	29.293060546989334
YNL169C	362.3830596318917	355.3114179065913	99.59392279176555
YNL170W	11.490545044498887	19.96618913705156	49.932568164789835
YNL171C	0.4295817814272186	1.3080590463849926	4.52148347217385
YNL172W	25.98143498893877	25.925250003833217	5.510520597186844
YNL173C	140.87467756843034	142.71466881360607	41.79634205803592
YNL174W	0.7261116309323801	11.5978288674252	60.17522196996915
YNL175C	251.8947307	251.93448912506523	56.93843608859497
YNL176C	210.16388988732967	203.98988687105629	73.59945880311383
YNL177C	254.794323762487	258.2741362640188	49.54725635329617
YNL178W	464.236587641575	465.53063811024026	146.97251166173095
YNL179C	601.9410409034083	603.2148243260647	167.0624288465333
YNL180C	674.5087090694802	705.6678341010031	155.34600415987543
YNL181W	80.91910677064702	80.97808853275548	10.583787444978352
YNL182C	61.94139201284056	63.74467546426351	18.958359317770732
YNL183C	64.89424986129616	68.8588464030389	23.673070760782707
YNL184C	0.375192458418397	0.4463378897107813	0.362717505926829
YNL185C	54.9397544158334	55.3266511079066	13.917153817472652
YNL186W	135.002619572798	131.02826617043254	36.93082206847463
YNL187W	82.71842949324771	83.2708968868323	15.088680698639154
YNL188W	104.60936202461868	109.36305330315805	25.02082993754256
YNL189W	100.0693260658175	103.396857888067	14.939174136477577
YNL190W	1941.36817508164	2089.8613436612472	616.2646540754365
YNL191W	72.57023496115494	76.61686603298489	18.947645752958643
YNL192W	137.400415344929	136.39428938691492	28.53881698679257
YNL193W	29.049229820578365	28.833763263247867	3.4679233989386
YNL194C	1.1723054167763465	3.4315503872621753	6.35755304958319
YNL195C	4.503248039358467	5.169346243375859	3.215752285914941
YNL196C	0.566477766305036	0.7808510259769379	0.9382800006153486
YNL197C	484.2704320039497	497.4158804803786	146.4685689904512
YNL198C	1.9024629439089495	2.3026622114655186	1.832847539743028
YNL199C	172.99952627017834	174.49251443897046	35.64815114544305
YNL200C	60.034067934416605	68.05131394703153	30.549246602190237
YNL201C	87.96805712776937	91.58167053122422	20.829250779551128
YNL202W	7.659956597004651	9.873638101707344	7.3456445110745605
YNL203C	10.703365173028294	11.441865761422488	3.4025504603258003
YNL204C	5.70073841500703	5.9373027212027685	1.691835653048718
YNL205C	0	0.016000913889858505	0.058914900891540424
YNL206C	77.10533507640677	77.98353695729004	13.38431477002137
YNL207W	196.157364603239	199.83650170250536	41.12444260495209
YNL208W	258.93397736145465	284.8968547726707	99.90361125754755
YNL209W	195.16003218998296	201.49065554711194	51.61786720693475
YNL210W	0.1993268882962736	0.3561388450748174	0.8144868739237906
YNL211C	56.7049294552266	56.94915023070091	12.359492626880249
YNL212W	74.9170905294929	79.65138416353393	19.558628240516875
YNL213C	167.79736716547734	167.87286734168757	30.2242814859417
YNL214W	45.758868844858505	46.464764784092765	8.141646666329116
YNL215W	239.226989474736	254.90302351658733	62.44625540750517
YNL216W	108.74406771334134	112.45165646705321	20.36255441468749
YNL217W	187.289175875468	190.88589547000225	40.67324898800392
YNL218W	30.85480993842847	30.694851706964176	5.704922601440399
YNL219C	60.29346950490069	61.29888712914819	10.657535847331811
YNL220W	32.48955094875296	34.25641193716603	11.127036972659619
YNL221C	132.80380643671933	134.24095776938464	30.246458860123916
YNL222W	53.5611770138702	53.59820948361696	7.7110165527485455
YNL223W	35.0582495742009	36.297904345739894	6.938247047313579
YNL224C	87.51045192894463	89.00527240776943	16.463680558438146
YNL225C	46.31809815892343	46.700511198624284	10.968368734662286
YNL226W	0.1044547924207186	3.588868411976305	19.48137964367842
YNL227C	93.01026496618418	92.63029142747303	21.73813895890133
YNL228W	0.6122992677633351	4.043019555258353	18.971168811397277
YNL229C	366.0241633952614	364.1315903214762	53.36649732518784
YNL230C	121.82771866731431	120.84012621911312	20.303893308305273
YNL231C	554.0333292410551	588.3558311693126	169.38323107109775
YNL232W	244.125797437157	239.49309006896365	46.68194984995512
YNL233W	97.81554498644292	98.2815971279419	22.633404516515352
YNL234W	32.117677472919404	32.298797979442654	8.35260556199778
YNL235C	0.1990407193673163	1.6564643256014775	7.83200270906372
YNL236W	69.24393924180809	71.93680271548702	21.963075747221747
YNL237W	41.8164213103868	44.36657996177753	30.125022525832602
YNL238W	78.70834877343184	78.3762306112942	17.69765008023891
YNL239W	68.81403990652284	72.12988592215297	22.978897075871622
YNL240C	72.5351745412586	73.24172713791623	15.383144645671646
YNL241C	504.22101726744967	636.0296158026631	367.5773767169079
YNL242W	35.27912484936107	36.641088302540616	8.238282172428818
YNL243W	165.40317184367868	169.73875935000325	24.530944724988426
YNL244C	906.963480134189	944.593269711647	237.16710537740232
YNL245C	127.528236701662	131.1632330933955	32.21731123634209
YNL246W	172.52216411273733	176.8001483609167	39.3843930236118
YNL247W	104.1838555634663	104.19408140146992	18.238180327288063
YNL248C	113.113582090285	112.03123217429409	27.455055479072808
YNL249C	10.873909036982823	11.453108576726997	3.3884184445735306
YNL250W	22.96285139263413	22.415578575990832	3.85788399707122
YNL251C	280.334958604552	279.2593409424166	66.17725889826652
YNL252C	92.58396823569826	92.05483970530221	15.899837047417385
YNL253W	23.166357115780663	23.250267872594765	6.257044660166309
YNL254C	118.62061746020834	127.73283297145484	51.60493335605105
YNL255C	554.0757715818194	544.3782112377534	160.85769474726405
YNL256W	73.3093678566011	74.3718599516816	15.470960415417336
YNL257C	52.397591775554	53.435578174333855	11.856920660058925
YNL258C	54.752206482704274	53.820369525610516	11.132789914249543
YNL259C	242.3859696873064	250.36441830356807	94.67832369616596
YNL260C	202.72394154847032	243.23399159465563	109.98467571808476
YNL261W	46.808825001713465	47.95532063091598	10.89046773743231
YNL262W	37.66595758511523	37.85771314008797	6.43651402979712
YNL263C	159.91295502784567	163.21884903328623	28.986169529755944
YNL264C	54.044894891093925	54.69793178516041	8.660695764843664
YNL265C	57.888254138539736	57.979976301562154	9.507226758930289
YNL266W	2.419338187	3.800528895787504	7.13083355790598
YNL267W	88.48311682600895	88.60198417360031	17.126958612545945
YNL268W	107.34651191530686	107.63681569521619	16.29875871284422
YNL269W	0.8395488610824148	1.6375590900421109	4.253951807568567
YNL270C	6.254478769759568	6.805558633967538	3.2390292655406303
YNL271C	159.13199335761234	158.3717289224435	27.44010596018363
YNL272C	70.68299978773047	72.22080684315335	14.368798201677453
YNL273W	20.342447302271832	20.779814587922633	5.018376758196801
YNL274C	17.229820439163	19.09206125695727	8.13685978628038
YNL275W	18.216300879302164	18.28819068828434	4.173998761235314
YNL276C	11.418249803170534	12.497327497003106	5.302942544324728
YNL277W	12.4975410228058	19.834339697030675	24.443859954921894
YNL277W-A	2.1400577791522206	2.3667833283781126	1.1900893834631192
YNL278W	175.752312316377	177.33203198127944	42.22420163851817
YNL279W	12.118798882157163	16.022650668668053	12.262120363962444
YNL280C	53.40237633	54.79148952279728	12.309792418750332
YNL281W	309.1484367686533	322.4633937921342	98.53162647985333
YNL282W	69.9265444871926	70.76906278423078	17.117774186407452
YNL283C	173.73614580676667	177.46527287764783	40.27527231551265
YNL284C	107.24915372279168	106.95181581239892	12.252760532780632
YNL285W	0.5562776566537501	0.6432715689705113	0.4472565420360682
YNL286W	123.04306155122464	127.91426417548115	25.54601748503976
YNL287W	127.67604379656734	132.20217094280255	22.021330715762293
YNL288W	239.79061263276563	237.13501871824766	44.77674991109135
YNL289W	313.1915302853004	315.6798799004088	82.15131406778407
YNL290W	183.008286423535	178.6267165707275	24.332630407326807
YNL291C	50.68933181427426	51.2290271913726	8.993265336853167
YNL292W	134.37200453976718	134.704446113933	25.383078411598184
YNL293W	36.16213342840484	36.26789535688567	6.088675588007609
YNL294C	104.7087266777575	104.19480479884481	12.526860050553632
YNL295W	57.64180355561953	57.4436446201467	8.669382605673563
YNL296W	0.5965866006102973	3.676123462105255	16.95913326442015
YNL297C	39.517765852289735	39.40883628280472	8.725300975826345
YNL298W	144.44336723426267	140.6341402255934	45.949234332626276
YNL299W	62.346464179151006	61.5884493148421	16.070381338864834
YNL300W	3340.77960243357	3436.2230223356773	872.1156535601382
YNL301C	183.317636520868	177.22972797021018	40.022169869165715
YNL302C	513.0925804933466	507.2464835874659	166.00804770027537
YNL303W	0.9271797899918948	1.72879765007794	4.167811457550408
YNL304W	31.6377181061278	31.555721595543734	6.460405205059462
YNL305C	95.3263469522922	101.22001931877901	36.00223241783269
YNL306W	274.81310199295103	276.98342979999035	52.77043720094215
YNL307C	125.35961565209168	126.44854106486805	21.329043295691346
YNL308C	645.6380947562857	652.8515877283384	186.16165640713993
YNL309W	243.20926441045765	241.18580440679975	45.56388439334102
YNL310C	272.92156923679903	284.0684286230812	49.989356504451
YNL311C	88.09598698332282	89.11971156869834	27.46921053020501
YNL312W	72.5762985392536	71.63437715746115	9.998119558919743
YNL313C	120.60404269369866	123.17972699070714	27.134728122118744
YNL314W	55.362042886421534	55.8116303286125	6.693089930673719
YNL315C	41.582323244123735	42.79831470865598	8.834308073607193
YNL316C	64.44221366960413	65.215217680532	10.565626198391808
YNL317W	96.43189239960336	96.97363262814686	16.075514189583973
YNL318C	0.0562634206677394	0.07497794125574674	0.0942845229342528
YNL319W	0.2926266469979533	0.3988576526808348	0.3382648824594867
YNL320W	9.756138704735674	9.83145741266248	2.558059332928038
YNL321W	132.46172276959234	135.20595667986115	34.08496543204494
YNL322C	297.4787605000233	315.0367634424984	68.43021365499828
YNL323W	71.4515773074252	73.28453055011744	8.59095768329343
YNL324W	0.2024961527768723	1.801491054613837	8.947973906238046
YNL325C	12.922215140853533	12.895847332940836	2.711728418912646
YNL326C	27.16602804640397	27.123246951003768	4.055420579747929
YNL327W	713.4279223377457	694.3340318042806	228.58247385615437
YNL328C	115.30585475836568	115.91920976536265	20.647245245699814
YNL329C	32.41649701986257	32.85086108006189	8.913940206969516
YNL330C	138.64142663985	137.74341817501062	13.314615795515072
YNL331C	16.209961568555197	16.45962799017497	2.7892350418545986
YNL332W	0.2174816835208446	0.2655288112166709	0.21268695873853316
YNL333W	9.226660736161714	9.82893622370818	2.704722525376211
YNL334C	5.350624037569962	5.426054676644983	1.7229046368506755
YNL335W	0.0835189475534923	0.11483726248841546	0.18654327106614918
YNL336W	6.886510049107287	7.4229221725628936	3.3653472754132054
YNL337W	0	0.09579263356563385	0.19395240758099905
YNL338W	10.30057403651374	11.169766201130205	7.103071216381647
YNL339C	0	0.0018300762972771347	0.004387499631261874
YNL339W-A	0	0	0
YNL339W-B	0	0	0
YNR001C	138.98443197230202	145.3634930078101	36.088821551855794
YNR001W-A	0.4821398783148833	0.6757835546769227	0.7962568037537675
YNR002C	6.928105427263343	10.549760276511	15.520256057410883
YNR003C	55.22752352466907	57.254644118176	13.7947460332681
YNR003W-A	0.44902429402729	2.8113031010115948	12.320462832989575
YNR004W	12.868430126866066	12.945116990938663	2.8524060527027326
YNR005C	0	1.3168621165033467	6.887820315391352
YNR006W	119.78173418237532	122.90309767761532	26.919673370263425
YNR007C	58.2967756489271	57.80132119890687	12.543704046710817
YNR008W	115.786967664869	113.56202379027027	14.304289065516128
YNR009W	311.34587422120865	321.58997664908077	72.21086948824873
YNR010W	56.28501614081046	57.06368384238513	8.747376156638595
YNR011C	55.0990640756417	55.85762937176412	10.446588811433344
YNR012W	35.764293205959696	34.45741378807802	10.204778582091608
YNR013C	110.713277177683	115.13370487462254	28.607610583835967
YNR014W	106.2893984321999	116.63075514703951	52.09067262632644
YNR015W	90.72192016518947	90.61815878847257	20.545165108354833
YNR016C	165.2909690580187	164.62935158015046	35.55442318246714
YNR017W	342.97311929371034	338.9491868858365	42.22326372855556
YNR018W	290.3420945068733	295.26273399395455	63.93490704003749
YNR019W	187.43055184315236	204.79424763174617	70.08786988759083
YNR020C	148.190806602387	151.99491888166168	25.102064636149894
YNR021W	63.873379326411936	64.30442968891049	10.363522104035738
YNR022C	210.45547979319235	217.16998321590566	48.63903351958982
YNR023W	102.96732969004816	103.28353045733677	20.180586112604306
YNR024W	345.881731024771	345.90726144291	78.11169487721794
YNR025C	8.367571492645187	23.781795302685854	86.14818235950501
YNR026C	93.0765993039041	92.1875279302081	19.29807873979433
YNR027W	66.13800703074598	67.22833975427352	8.255330286246553
YNR028W	273.97875503359165	272.86719728600417	55.10988677049922
YNR029C	93.2162082384324	94.67678666043841	14.94083950872705
YNR030W	45.51560617670997	46.55190916077517	11.894992435930138
YNR031C	83.85807094971643	83.13748917938592	15.486634409540226
YNR032C-A	107.45839577092433	111.46284263148638	34.31326546640985
YNR032W	65.85823424611844	66.18851720802577	9.447019953386407
YNR033W	70.7552085869877	70.0886356752403	8.92595954346769
YNR034W	40.4099895441749	42.47922625352633	10.990187725738874
YNR034W-A	2.6675587454080945	4.787757940927758	6.520406432659203
YNR035C	144.34487969702766	143.09536214010276	34.13489735834069
YNR036C	475.5043222644943	505.74882326928196	178.27749074023893
YNR037C	127.33738063965968	131.4574271904488	36.29083374357628
YNR038W	76.87287125415297	78.84328676065147	18.277349011926116
YNR039C	82.24472332267723	81.32158601198968	23.6244469512467
YNR040W	70.74456769393338	70.99885212688675	14.139858136449316
YNR041C	65.50195795518722	63.99966225250608	8.026857539118595
YNR042W	2.2416590478303235	4.099617070954955	10.221874612171717
YNR043W	131.148459638687	133.0326023455238	23.165694911812125
YNR044W	160.4032867884817	187.6506912124228	125.12112650389693
YNR045W	86.45541272144112	87.93392676280455	16.21607711724023
YNR046W	378.5142528702697	373.34548386503775	89.36253823325616
YNR047W	112.23550541016336	110.5251752021588	24.077252936526257
YNR048W	32.30876664752127	32.96744670367067	6.820981475036932
YNR049C	161.837785630841	164.48524663276723	32.403515772246294
YNR050C	30.1265170942914	32.56680146655103	12.429878770491666
YNR051C	391.5841321299743	394.92496002519806	63.238691536837464
YNR052C	392.1311930938487	397.8836531947296	49.53638123965506
YNR053C	417.640531331116	398.1714571604267	115.13107967167768
YNR054C	332.1496349565506	329.28183499746376	101.21871249831598
YNR055C	46.32785910695353	46.92857828831218	9.974553472993748
YNR056C	0.1933747938987839	2.5900657156991045	13.049767878550155
YNR057C	5.226090533076744	6.465449086709553	4.227811222507854
YNR058W	3.69805180415562	4.178000465983354	3.004707170473392
YNR059W	12.327282329563966	12.944563026922237	3.718693339337276
YNR060W	4.4020102978192135	5.368099581950127	3.818211632431852
YNR061C	31.967417551006267	32.19613544177224	5.306741378312594
YNR062C	0.5964370016943684	1.2860595296920443	3.7910650887430983
YNR063W	24.33100847709077	25.401633991132012	6.690371380400542
YNR064C	1.5610002186756	2.28023576623302	3.5203208734409377
YNR065C	19.274020833393404	19.479680904485708	4.794369376054605
YNR066C	19.2598573718023	20.544308966997257	6.598377911557898
YNR067C	255.01789316629765	264.98471027539136	88.31280779866798
YNR068C	14.282169973294469	16.11425370321072	7.7713221393883085
YNR069C	21.281853191505608	22.65807574456433	9.397196129247032
YNR070W	1.26518902291804	1.6711242313925818	2.1182424703930924
YNR071C	1.5384132204283247	1.7732500570986258	0.8400306018014201
YNR072W	0.230315762886272	1.33126983415204	6.12420244206673
YNR073C	1.2960814073251268	1.3545017769004764	0.7039386019875936
YNR074C	50.30386507738777	58.90435258342672	25.580101503067375
YNR075C-A	0	1.5101233968261194	7.605355777398265
YNR075W	17.339166917708265	18.13725647973537	4.777256352559996
YNR076W	4.852713570480397	5.2935666956166205	2.31368473342601
YNR077C	0	0.09949467085335088	0.2177024502353906
YOL001W	26.919531456762567	26.715670802266207	5.952914139286438
YOL002C	46.04255014457251	45.14824438268837	8.683737940283292
YOL003C	41.83704808489617	43.20692172340724	8.069252964559297
YOL004W	202.286990736433	203.9706103765973	36.9710836372718
YOL005C	393.796947474404	406.909534227477	107.79423423923407
YOL006C	254.9723346082393	256.85654624911245	52.68128898466075
YOL007C	182.4653358840884	185.74693552411793	43.86152371899072
YOL008W	29.117833868113035	28.48206340957415	5.15077772204815
YOL009C	60.56213822275427	63.17955466154924	12.991929187436497
YOL010W	100.28222099154888	99.18964499088239	28.47722553218173
YOL011W	34.8871473039689	35.20786882597745	12.241517537937746
YOL012C	116.23565106148324	116.10681534890307	23.827640001751387
YOL013C	72.54735212810154	74.38195251978257	18.673047289351068
YOL013W-A	0.43185729708878	0.5706217125042958	0.54530443128297
YOL013W-B	0	0.05397209277051563	0.13005686345377085
YOL014W	36.3003825691716	35.41311413747049	11.975587326215145
YOL015W	4.533094299950767	4.647370224189361	1.6277745204867247
YOL016C	91.29932109724196	94.98739699406623	26.113332759178654
YOL017W	28.9595326855468	29.497725577154284	6.811313922906064
YOL018C	123.72609587084068	127.51047271095979	27.815644254087154
YOL019W	225.06534560271663	232.61109786136547	56.193507865580216
YOL019W-A	0	0.18920259645753137	0.292003404241674
YOL020W	98.61543347135648	100.20611373220058	23.44124408098983
YOL021C	106.793095765528	105.79157943488082	17.605668703591352
YOL022C	129.370522698848	131.182059866779	29.783308728052674
YOL023W	28.815451199986928	29.57246240275338	7.271969123001309
YOL024W	0.9649212935830264	1.0441240776762926	0.434888085901597
YOL025W	26.73729710814553	27.984833668472014	8.959615708835816
YOL026C	334.60179773086304	333.70561481341014	86.31920649853824
YOL027C	244.09555682190637	241.8305908067409	36.119862584463924
YOL028C	267.90923421859134	269.44984378821084	62.99974786509325
YOL029C	53.72806629507244	55.538200267995755	18.32257023828628
YOL030W	151.77976044027568	163.64693263856367	44.97293131655304
YOL031C	93.10957842453716	125.9454101980714	92.44363866378035
YOL032W	62.50355822314726	67.59253168673521	21.705760277632063
YOL033W	15.4589782564472	15.440733740603946	2.8625017025520223
YOL034W	62.43833229051577	64.4462360899445	18.983225754846437
YOL035C	0.8265675975366552	4.006056040846211	17.11740392861588
YOL036W	127.21506762005	128.68228157759134	29.384831881252367
YOL037C	0.1659164627792673	1.4893336538661093	7.242454176846601
YOL038C-A	433.51734924696734	452.3365622595516	168.22229523610324
YOL038W	537.3738520884507	551.5264983314527	127.65420902265986
YOL039W	123.5378708247069	138.12702376269988	53.809895817359745
YOL040C	1717.871586786027	1755.0328386530177	412.19681599331165
YOL041C	183.767876287632	185.049790454708	45.42576261216542
YOL042W	17.255249658478235	17.823676917212577	4.057827907056398
YOL043C	34.72565468773083	34.86127676495202	5.754534377199733
YOL044W	24.728928562716632	25.81459674816019	5.370411268729086
YOL045W	69.1675553426486	67.68708270908323	13.659883415658978
YOL046C	0.1927943310171716	2.538264705574607	12.921931290379773
YOL047C	1.9387445689359868	2.0176258089626953	0.7957967772189669
YOL048C	32.27972880914573	33.13232483323224	9.142555946269722
YOL049W	140.19620315389798	151.85748580642513	40.30749193003292
YOL050C	1.2510498895841409	7.2165404212690065	32.95543178744458
YOL051W	306.0201909421917	312.16013925788263	64.47990533471507
YOL052C	179.24244233360636	173.31612675060043	31.771775582481954
YOL052C-A	21.053830099385703	42.65924508133449	59.802672725054826
YOL053W	96.57812274567324	100.6153993682191	19.72541537342496
YOL054W	114.84266051396234	114.86511447094148	26.350513924554722
YOL055C	10.837229633475005	18.136110819353277	21.308590314887645
YOL056W	85.2121547720695	84.11161696124486	8.41199890037965
YOL057W	62.7277658355768	64.25263261677324	14.007653464138462
YOL058W	253.16842366228832	373.99733778575467	325.5097957024309
YOL059W	668.023940384497	738.8830817675592	247.93548722564083
YOL060C	325.8574269843377	336.529972687772	76.0379427463998
YOL061W	82.73092868443423	82.32885882400066	14.146206360585703
YOL062C	113.51037980653068	115.82342324709208	20.981869184561948
YOL063C	23.03181152969973	23.474720365967936	5.221765664179489
YOL064C	52.83258796749436	55.1615328065333	15.168346502346168
YOL065C	64.2805595232743	65.96976559022806	11.215566257457313
YOL066C	57.76673964739637	58.87977890993673	8.429540080294489
YOL067C	196.864604423669	199.83163964560686	54.17347162143767
YOL068C	197.993392068956	198.48811406220895	43.72658439434691
YOL069W	46.81465759455386	46.59768987333041	9.553678388955213
YOL070C	172.372258094569	173.41401995231132	26.49053699336092
YOL071W	240.08598942943368	245.39474132596789	44.226113806743676
YOL072W	44.27060366200894	45.68902237300976	10.919732208862902
YOL073C	62.25381837024833	62.372727234927176	9.542606671232157
YOL075C	10.335218240174404	10.814562753895293	2.557701034967009
YOL076W	97.54617388090826	97.63885490970276	16.95298614262427
YOL077C	279.16529095507434	283.114878504585	74.72865235158321
YOL077W-A	783.4370701523791	852.6825278349835	350.81107809109756
YOL078W	38.7659121820346	38.711935497386136	6.926388012194224
YOL079W	0.2331006422257333	3.9580458247303896	20.570365684901056
YOL080C	106.19129834662868	104.39196214224576	27.155809621437648
YOL081W	82.97217395672114	82.4037176975743	21.853119232810045
YOL082W	48.5356944822488	49.73725759206845	15.59470709635555
YOL083C-A	0.3525468776633233	0.906334661040889	2.1940498944302287
YOL083W	14.6612265761252	16.450230496978353	7.079625861639826
YOL084W	4.018580315746244	6.419947845892288	7.816622944957207
YOL085C	1.252147738913772	1.9361050728738476	3.1599705987007876
YOL085W-A	34.85711418555557	38.39911699553411	16.998312434964706
YOL086C	1055.5891826674897	1051.5161918067458	425.0428916102864
YOL086W-A	65.82304206314427	71.32141559823735	26.41301818835969
YOL087C	57.12557628440093	57.979676800864375	12.689110567081796
YOL088C	117.065844091747	118.88999945990537	18.27763004975221
YOL089C	18.79792133825473	19.049102256188075	6.25963567718823
YOL090W	40.66959807610363	42.15260682288579	7.629527885087574
YOL091W	2.90373740484328	3.048119649920292	1.0139461335435893
YOL092W	125.25427094411766	133.75644484586675	37.18273570885955
YOL093W	333.90925575241664	345.618095708415	101.39971565852647
YOL094C	59.01595564375037	58.53012524127912	11.573081427197211
YOL095C	14.678446688618498	15.239445532204185	4.851806661573028
YOL096C	39.72487195847624	39.39331493450615	6.287907460705782
YOL097C	111.98156875397734	113.1460784966936	21.573555618158963
YOL097W-A	12.489027728148416	13.016200206154064	4.895603137971501
YOL098C	93.60772011643851	96.11749075334083	16.332846955054638
YOL099C	3.621485177020078	5.3622231086861785	9.371773400219018
YOL100W	62.2025296936844	62.149807580575136	16.781254462964345
YOL101C	14.832639504542968	16.383932641988217	6.877287582131278
YOL102C	47.14521979094737	47.56526178143053	6.702128607776108
YOL103W	93.562437491417	96.13609234995248	11.581979397419394
YOL104C	19.45652070589507	23.091181291203796	14.454202610445764
YOL105C	53.071658878823534	57.37128834573664	20.968050764285458
YOL106W	4.29320610287895	4.187892489307283	1.9019589705830102
YOL107W	71.40723726221738	73.75973113219959	21.442264852959465
YOL108C	340.0350409576917	337.7783568403603	90.2589227985216
YOL109W	1516.4776556031968	1578.3755129480564	485.93297069202924
YOL110W	19.4426700887222	19.237294654241015	4.477021521332876
YOL111C	266.0836979664355	269.8166693999374	43.030368295071995
YOL112W	127.380854459094	128.85323040137806	20.818417840804045
YOL113W	37.77297864015167	38.23336335777679	6.705614453306206
YOL114C	38.6532948513616	37.93951135458487	6.493854281922332
YOL115W	62.07672368063152	62.196356682342504	12.809805480156763
YOL116W	63.98436828306907	63.22361997967889	11.438538699775242
YOL117W	30.258391308658037	31.25791166494817	8.207031450518459
YOL118C	3.917384314552333	4.870088112367036	6.337801767178865
YOL119C	81.1262008296167	110.7014107475423	58.96798050465932
YOL120C	272.508245524496	279.9527627685395	83.79321308929639
YOL121C	305.13591505043354	303.9762448099496	88.81065764354504
YOL122C	21.6563318512078	22.30599288446843	4.160598791232269
YOL123W	73.9384947076217	75.02662371242785	14.532984333810317
YOL124C	58.22497964128056	57.47057749006166	14.916796837669295
YOL125W	68.16799337923312	67.21297440425306	13.80885670647729
YOL126C	137.84889347766867	184.3687977242969	164.1501445570253
YOL127W	167.91247603673034	171.57540164933553	56.9029903642507
YOL128C	9.17229421920827	9.469921384087405	2.854941703617135
YOL129W	116.991723266545	123.59339069291198	37.04859404396265
YOL130W	76.76723552189547	79.31186262521497	18.425511952416713
YOL131W	0.685546666042705	1.0961097670603017	1.2925028673074657
YOL132W	1.2533363645881048	1.3940683208331108	0.6320654343487688
YOL133W	174.886130956298	187.70919969666483	40.97174685312192
YOL134C	0.23125997362811	6.8928991334209915	37.05198714053203
YOL135C	255.880227626821	259.53542272913893	38.76252139755494
YOL136C	112.821807314372	116.13430409349587	32.4947019720525
YOL137W	42.74357218669173	43.30100018543262	6.826079543328673
YOL138C	44.24765057637743	44.532375219265326	9.716874443261528
YOL139C	223.55150968129465	221.9301807964488	34.34107378615248
YOL140W	24.529364766227303	32.1488396626241	21.846532525598313
YOL141W	23.39598200814584	23.986134580827056	7.726123038747905
YOL142W	169.81345278863418	170.4400358783719	53.909533853744115
YOL143C	159.52187249624433	217.25301048369312	187.54468064714393
YOL144W	106.27344619863004	108.27529479340755	33.517914756334854
YOL145C	156.90616135301332	157.26868780097766	27.64687914701064
YOL146W	54.48533926596036	54.63467160362102	8.50809875488535
YOL147C	34.30362157778074	34.871469796908116	6.627883279321058
YOL148C	156.40526886697566	159.58711902707657	33.25917157694946
YOL149W	157.400723931622	158.6742424115264	31.877307872719506
YOL150C	2.63463897221752	6.256477399534479	20.38426622539725
YOL151W	709.4586803234084	1033.3829141907781	744.8241844990042
YOL152W	1.0945944149661897	1.4996214659750775	1.6768184489530291
YOL154W	468.6604898265748	603.1510541689513	521.6436645173101
YOL155C	44.45633843340966	60.12375674569084	60.800244590691186
YOL155W-A	0	0.8073170219089704	4.348955403301902
YOL156W	0.456108439651417	0.5907164151670655	0.4833634149391342
YOL157C	3.088970907335513	3.0952811531550903	0.9594373987424678
YOL158C	177.68169868496832	197.59121920543225	128.39959447825757
YOL159C	16.804729805358395	16.951052682738034	2.9624613207401547
YOL159C-A	22.506286332929037	22.828097586700977	5.143544145622058
YOL160W	1.4105096825452172	1.4595198141250145	0.7912426334433683
YOL161C	0.1347593906652446	0.17634769442581122	0.24202204163583935
YOL162W	1.5806304936287738	1.6811473105998271	0.7348068218701131
YOL163W	1.7321489223140334	1.9394265916959361	1.089122173315894
YOL164W	21.43787061899973	21.94792553896551	4.469102610754364
YOL164W-A	1.0765149153514797	1.3175491111349853	1.480677453992821
YOL165C	1.0547279016925033	1.141755457976861	0.7906069605396465
YOL166C	0	0.021204793091751467	0.0607751574046156
YOL166W-A	0	0.021291783972032335	0.07806427145103945
YOR001W	83.45216940874163	83.34361739785355	14.89214110012383
YOR002W	41.7808710908079	42.441537016958144	9.987919443876436
YOR003W	16.952193046482368	17.20777909077927	2.6641366192026172
YOR004W	110.47585766235234	111.45140445723688	32.45296505628103
YOR005C	13.725590448587134	13.882702991590614	2.5579290681690865
YOR006C	168.45522707545467	167.0958068226201	28.573321807526625
YOR007C	190.9630157043437	198.93569130245388	42.83720860041177
YOR008C	278.921412628676	277.2032439371556	36.28267140336662
YOR008C-A	1.8257598776081168	4.23221699805257	13.893032173411767
YOR008W-B	49.59387927286743	49.90845356537792	20.21161309523878
YOR009W	16.654698471288665	16.43420275712465	7.814281143998266
YOR010C	10.02519343938669	10.37448507661469	4.832108655473003
YOR011W	11.998515244279869	12.817387412301635	4.073536321298223
YOR011W-A	0.5096932563937654	0.6998052264246787	0.8208280829129615
YOR012W	7.84930080470147	8.055943239797195	2.086120370652216
YOR013W	34.8847118217477	34.67330790380336	10.580170988142596
YOR014W	105.29745335146966	104.7628263181406	23.36697796529591
YOR015W	24.528869361192232	24.406659999257673	8.074217071947325
YOR016C	63.59282532613757	63.09892166383213	8.201050559980356
YOR017W	48.34930166734487	48.207072336502144	9.60838129949872
YOR018W	67.51440562644906	69.28579724269439	18.232085684462835
YOR019W	14.170351656192636	14.687084027854263	3.2224431619277385
YOR020C	1457.7019173215567	1540.3784211222023	570.8597665966435
YOR020W-A	274.14338601683664	274.4321147044047	83.45701411706044
YOR021C	142.35959326464734	144.49274101885175	27.69967576872968
YOR022C	29.804956385778585	31.104439789211934	8.430181722025456
YOR023C	321.858356968417	317.53710133431775	67.23945157608016
YOR024W	0.3123507970367473	1.0389018535916645	3.670495025743043
YOR025W	217.30858995909668	215.36969283335443	38.56093234653946
YOR026W	70.06127262450822	71.45641979952036	12.886378870177111
YOR027W	369.43472498044	404.90280963948294	147.94928437594788
YOR028C	72.98347468528418	98.56614170032219	68.4789518187528
YOR029W	0.756932233393917	1.7265145327052187	3.268749025639098
YOR030W	86.76418942424277	85.4360377239694	23.29994537363133
YOR032C	8.226075574025273	10.303838474410892	7.168596463815246
YOR032W-A	10.902198218276714	12.030594563767524	5.971992242731797
YOR033C	39.6064944282871	40.965654683864074	8.037406805916094
YOR034C	38.2497727070606	38.59558852679558	8.058447771309563
YOR034C-A	11.944672527195332	11.816330808784555	3.5269125791499345
YOR035C	61.01107832178397	62.05349731369776	12.818950187763205
YOR036W	347.8699171155417	348.8930734659701	76.75356200758291
YOR037W	107.74212609706215	109.9311455673674	15.445492207629272
YOR038C	43.0704028010089	43.06118246261013	8.947413846338783
YOR039W	123.57953184090368	121.56675070225764	19.317439326274073
YOR040W	23.932951081843665	25.14625086499366	5.432870936438972
YOR041C	1.2170735098870915	9.180722265754182	44.68026078526403
YOR042W	282.9282180119327	287.02594332366596	41.53680073561252
YOR043W	143.538540457957	143.27111072864136	23.539895702747447
YOR044W	116.944418591312	118.0622635424467	20.814652072506195
YOR045W	167.461963514586	168.6698516529896	56.81499400618218
YOR046C	126.31158833276068	126.46424942350933	17.915815655741664
YOR047C	237.694073436364	243.92045058571097	46.26722337524073
YOR048C	101.56782857290132	105.26966209210019	18.973309164823007
YOR049C	7.58628406722352	10.348523426890047	9.623209642577494
YOR050C	0.4784857973489727	1.5451995725879721	5.425865215812712
YOR051C	111.07641674429767	112.66975282393054	17.99456621562883
YOR052C	664.192910940477	748.4852529867917	236.5292387550672
YOR053W	4.6367483704062336	20.466374398709345	86.56586951737633
YOR054C	167.06011162374134	174.29398860682636	39.88361476310484
YOR055W	0.2359929866800093	7.92665052655924	42.7485741990794
YOR056C	121.352852611865	120.05881517655044	30.017237008419755
YOR057W	57.42503873958723	56.89335730454715	7.60334750123903
YOR058C	62.56190551498526	62.355153187923875	18.44506632265652
YOR059C	90.42568223311092	92.6238509966258	22.262600365194466
YOR060C	97.44132647510644	99.99200027221188	20.76466734260336
YOR061W	160.97208978190733	160.71792436684444	22.155599985783713
YOR062C	64.14344642600012	68.27217845918142	23.44066370580464
YOR063W	828.9330815123726	823.5840433921427	236.19419841707943
YOR064C	116.84476595109466	119.12244657689847	27.653060719707117
YOR065W	71.58310923818127	106.79037203514216	91.56295449599928
YOR066W	199.84976926975435	207.66671298775947	60.499912548729355
YOR067C	31.26721098434884	32.4645503259116	6.398317469823854
YOR068C	0.2770126956603629	5.741227186543797	30.21223875121903
YOR069W	93.37005389171216	92.92209337969597	13.753755215736806
YOR070C	90.88227203020664	91.32417171758136	21.885712014357765
YOR071C	24.796755434701936	26.450860861798706	7.405191285464012
YOR072W	1.2307681497962288	1.7522968155158938	2.6554343071534467
YOR072W-A	6.53841438260156	7.078190840889253	3.658927588693025
YOR072W-B	0	0.055993132215031625	0.1642799199893863
YOR073W	84.80884272082444	90.78451738157072	23.642219097349443
YOR073W-A	0.194413178842941	4.038459067021841	21.162278906226707
YOR074C	118.45782673116533	119.94859386350323	26.97943806322621
YOR075W	77.58028394251134	75.17516553905163	16.826718307461462
YOR076C	31.264188562498504	31.71165413864617	8.098791313905396
YOR077W	104.04476696565636	102.60466963594007	18.617554550360094
YOR078W	441.5261363488096	429.9096779136067	124.9812398942343
YOR079C	18.660455051593747	21.1674987777051	8.61848104429696
YOR080W	52.037025021673536	52.570068254234265	13.87151949388041
YOR081C	187.91861592730265	187.32270866024524	36.9370979855954
YOR082C	1.14682243651899	31.956720630003115	172.87205419070077
YOR083W	168.78573461847233	174.64228881208322	55.9909017707033
YOR084W	90.82913424328945	89.33002761143757	21.776015498249016
YOR085W	177.826637081418	179.0658320322458	38.40581356024492
YOR086C	94.97087445104847	97.5811179041827	16.299170874596093
YOR087W	24.281203482462967	24.429717724504478	4.11139002685271
YOR089C	859.4124209139572	902.2865565964104	197.5677629524481
YOR090C	112.030659971603	112.27766958801	17.645609136102202
YOR091W	678.8359002081116	674.3764055003808	171.61928362788683
YOR092W	35.49112588156793	42.26370207533706	22.910546090087948
YOR093C	20.088758991429906	20.627661754855488	5.412995150965794
YOR094W	57.75545065999791	57.89024068448064	13.523502104902635
YOR095C	57.69257529082603	57.78359683284424	16.569757166096508
YOR096W	291.3120853278933	323.15762650444947	123.0211766135142
YOR097C	309.56397245359767	308.55332124291624	78.30668278403188
YOR098C	155.74792200403567	153.9845344291764	34.209002447253816
YOR099W	41.963165190149006	44.86697291197191	11.58982124489716
YOR100C	5.04082832005501	5.414869672021783	2.4945507059964087
YOR101W	109.025278605799	110.92309442568032	17.98933320964787
YOR102W	8.315339395231813	9.50917541390405	5.834171297157998
YOR103C	99.1221784765888	98.6599331437018	27.738435069665037
YOR104W	86.42441193079476	84.8190104318302	14.279270682244046
YOR105W	2.17644974974946	2.346268546570026	0.8902795486838821
YOR106W	111.7843657317838	110.68326820499819	16.016537927202627
YOR107W	83.5951872299454	119.88895268146827	96.11067091932686
YOR108C-A	3.9772156206271223	5.6358989811764815	8.176877334067083
YOR108W	66.57282617519957	68.46863527510087	24.17751754169032
YOR109W	81.69429304212282	83.3909533803824	16.9964868608693
YOR110W	82.21110779750637	81.42051738516233	11.263863259662562
YOR111W	26.375347515039504	26.49803688416778	4.537759955747446
YOR112W	105.822488478284	107.82034744314842	14.341059139107625
YOR113W	212.95321056980532	210.93465032192026	52.336892602053155
YOR114W	33.88628274479493	33.41326843678861	6.309305959604065
YOR115C	134.02161445905332	144.68274529561535	47.84917754284636
YOR116C	47.51892147227664	49.68187494210551	12.740225734980717
YOR117W	121.40030111260536	122.92672136247023	18.067227706141022
YOR118W	69.88011912966387	69.73060048738022	14.852268400567338
YOR119C	87.11057463365843	85.51161003273239	21.644580733234285
YOR120W	15.012908064785266	20.44831508981439	14.441291287068426
YOR121C	37.9782953525852	37.86444612937502	11.439114037147245
YOR122C	432.869437006432	431.1484332879879	91.80246209894561
YOR123C	509.8673199672457	570.7706916293517	173.05591895564524
YOR124C	64.1915583962659	65.67659681005871	12.051519851654936
YOR125C	105.88882316180998	106.60610308874254	18.817794073951028
YOR126C	18.175841996743035	19.264648650905773	4.232070886646063
YOR127W	52.20658939819917	53.85757344199192	12.118977088453951
YOR128C	0.0265108880240373	0.043285171483645295	0.053095623102945404
YOR129C	19.19565826451743	19.70804128700628	6.209809205949626
YOR130C	54.36312810965112	59.534895704822254	23.004532055495233
YOR131C	313.63263103214666	317.31469170526117	49.80848959081754
YOR132W	74.33727338157759	77.6855626985082	17.882408367431964
YOR133W	41.49241301092081	41.75218075128482	8.245962798516711
YOR134W	1.4134776047333808	1.9878176810035568	2.1325426310657134
YOR135C	0.8473581514919643	13.933038208846739	72.92269547099724
YOR136W	481.56785818507865	477.266162138487	110.81226638428414
YOR137C	27.128077909072	28.107664828032423	10.712078162721301
YOR138C	88.4952736006867	87.08433703782461	10.791502845469056
YOR139C	0.4437408016827097	1.610647427415977	6.479436412368965
YOR140W	251.09281585251	251.8863585609455	69.73555604534236
YOR141C	156.12480800297334	157.12797202448218	36.02185883645894
YOR142W	107.42778932215712	112.89150166670362	29.235375843083382
YOR143C	29.301240766715903	29.334091693701417	8.020683618855873
YOR144C	37.82703759223904	37.9425332134944	9.86734131623989
YOR145C	756.260714858779	764.0806812879738	234.48499764260657
YOR146W	1.98732877029538	82.8064804599883	452.82941388885484
YOR147W	56.12390082000216	56.47140123217976	13.501391647093254
YOR148C	81.68559212344545	81.26682094285539	13.54720692998238
YOR149C	19.41329320062857	20.01178737248658	3.8812953455540447
YOR150W	65.44590239090003	64.96839063930088	11.704347233884283
YOR151C	96.6894198724094	97.16677834468777	18.833236887013403
YOR152C	13.3358974239896	14.788823189667765	6.760370348242989
YOR153W	444.2383901321167	444.7064671021371	226.1801604547461
YOR154W	41.3328968152121	42.21342289258243	8.285271887628605
YOR155C	44.31198310768523	45.40281400756061	8.216436820302134
YOR156C	66.165089433045	64.83115310957109	17.530470064081726
YOR157C	256.34350410781434	256.8373714532698	36.544026275190994
YOR158W	148.01141764610932	146.91191075414693	21.6278953190027
YOR159C	489.91131929388666	523.1489870560315	173.15527602415074
YOR160W	37.3884295309695	36.48852727100849	6.545879824929501
YOR161C	25.550885279335432	31.341330144943246	16.672763912742724
YOR161C-C	5.529905479108403	5.68875838748496	2.5650492380490926
YOR161W-A	15.08641599005473	17.027720956225842	10.101999758302242
YOR161W-B	2.513428955467907	2.853455728233124	2.132663796376418
YOR162C	33.853764394436304	38.01959096722772	15.187458139060436
YOR163W	520.684121452181	538.2986059883044	110.62459628323002
YOR164C	113.46548164915632	118.27404107821688	20.928181400034912
YOR165W	61.37514773379823	62.3316036456429	9.543114002502897
YOR166C	46.90503447372895	47.78658994990704	10.244927854639025
YOR167C	862.9596285166207	852.480641214496	265.1885055743222
YOR168W	87.71659103234867	88.91833338235337	14.366045172166604
YOR169C	0	1.0397864985888514	5.372085899779152
YOR170W	0	0.2911873226338539	1.4748493176161597
YOR171C	46.85961629072937	47.05801569074778	8.952884388025971
YOR172W	57.18251736952783	57.48033412000925	13.942817447099099
YOR173W	18.624992391293837	29.27999155607035	30.194940589163377
YOR174W	72.63583542892303	73.65575708852423	11.092497092355329
YOR175C	45.334406271665465	45.95455830738343	8.347749362979357
YOR176W	66.20845631380824	71.6371674501351	29.6982832678126
YOR177C	6.219186230574256	6.45711845790253	1.7499912492087277
YOR178C	8.063993074683802	17.619809206090633	26.888444548914844
YOR179C	80.08389105927587	80.60035070705196	12.861270181845173
YOR180C	19.641755523535902	20.159190126228136	5.228772069004903
YOR181W	415.658833425635	410.2002222824162	85.55022941095064
YOR182C	2766.7205525571467	2874.6720299579324	1236.753720337815
YOR183W	0.419910665908481	0.45112700144474077	0.2829170876726243
YOR184W	158.26500506372668	163.59598447066142	34.88154551982391
YOR185C	25.1337153934473	27.904791147559177	13.152442198290704
YOR186C-A	9.835419191416811	10.391541279118604	4.069615370748443
YOR186W	3.150654560383423	3.5036221458657137	1.6896026168799643
YOR187W	126.195359852602	130.53535522893046	23.663998354896652
YOR188W	130.83328453114464	130.15540936856823	27.45835164887325
YOR189W	304.3505013321967	305.00774853478464	67.28377374484653
YOR190W	0.739876878934394	0.8698978388266476	0.7370670442586197
YOR191W	101.07393998252888	101.36219447940034	18.922657838756134
YOR192C	1.5233756193444534	1.6314616750498043	0.7018610182929804
YOR192C-C	14.599354852970832	15.089649610701551	6.243832042163116
YOR193W	28.53484852882353	28.340904742856285	5.032042246864877
YOR194C	986.9226153667132	1014.2078015530528	168.5481538050292
YOR195W	110.78101989443148	110.46414564712998	21.486256746788992
YOR196C	140.17851718929168	135.6757124443589	35.13402491029646
YOR197W	299.30792561113367	310.7271460016282	53.908185044606014
YOR198C	623.5818947897903	634.5574987385945	110.23160142685296
YOR199W	1.38187663759042	26.862484029764765	142.46694764278126
YOR200W	0.7118573822698476	1.3694663521878248	3.0811220814786426
YOR201C	170.93202099882834	169.51926360847088	22.42782252161339
YOR202W	0	0.002152014074831338	0.017084584383507025
YOR203W	0.1551423040947483	0.20393968661079828	0.21081600463112465
YOR204W	228.153295926706	231.73947054334425	43.71909139788695
YOR205C	81.14175871384707	80.68566759940335	13.075795410791267
YOR206W	167.40133943943067	172.78110486310612	57.076486268168566
YOR207C	44.97207166819097	45.60566287836068	10.861565799950629
YOR208W	50.634559036509394	50.10604504290998	16.06778099623456
YOR209C	161.19209061348568	160.35679249630803	19.525028806587617
YOR210W	450.89797624746967	447.08360271132545	82.79155736316474
YOR211C	52.67061875319666	52.50995382742279	9.353680052049656
YOR212W	313.5262631608653	304.6968549992194	50.34492250641334
YOR213C	87.2300567198668	85.96724798532557	13.708430076707106
YOR214C	0.272917606870631	0.3399360658423261	0.2612513975910234
YOR215C	325.8447982662617	334.4118412726915	93.35662356258212
YOR216C	253.10110905180431	255.2632110700897	29.4496996098761
YOR217W	106.1272115366734	105.62140878902278	15.083961839826157
YOR218C	1.023571804329803	2.819772087304779	9.756324870647802
YOR219C	59.54964789567575	59.882222231769695	13.58708754592825
YOR220W	74.35499464352681	81.49456980712372	26.80173052423557
YOR221C	114.370953997024	129.44926348493703	46.47146600053973
YOR222W	99.18464545150444	99.83064563363818	20.32226137962373
YOR223W	105.40313325920968	105.08284233099572	20.257302190461736
YOR224C	466.1442118287053	461.8720055411285	89.87095862742214
YOR225W	1.7397984718272967	5.236128912799078	18.979735556655644
YOR226C	380.104409138475	454.2755558005617	251.14931570212946
YOR227W	97.76911384323904	108.1891380462615	44.56012459634799
YOR228C	14.624155857070964	15.740041875319095	4.868531437620117
YOR229W	96.15203004853151	97.45955012620634	15.06376296438196
YOR230W	108.49510769392369	112.30615844468811	32.38960954871773
YOR231C-A	0	1.0002612436763192	4.821894384259742
YOR231W	141.96210180125843	142.11750029906256	24.77098527851146
YOR232W	178.30757546266133	183.4445797190014	30.3419737619086
YOR233W	85.50757048043174	88.74773430656722	21.684595068479787
YOR234C	342.3458466519176	333.642555946904	84.76293204487145
YOR235W	95.8540404052523	104.47872175717521	57.32325321117375
YOR236W	101.25843800904651	109.70824185800979	34.96368595516199
YOR237W	7.887819497609207	11.123316825608681	12.806725442933516
YOR238W	25.52518563536229	25.48591792549703	4.754443720499352
YOR239W	246.36654199280463	247.5354619905717	28.27884472912012
YOR241W	136.23213556287567	138.53375840386198	21.46671026673487
YOR242C	2.78507318841441	3.0098663797417773	1.0103075216406847
YOR243C	98.8543382723545	99.64265451495272	18.640893098777536
YOR244W	136.0627653728165	139.59683868203336	23.605472050950464
YOR245C	46.513007792667935	47.233715307804154	8.297866217111928
YOR246C	166.56221558454465	162.74977580551746	24.03740254342887
YOR247W	514.753084241268	517.4067846513393	128.1378359082946
YOR248W	0.178723777732722	0.27210868595066334	0.3031000278022915
YOR249C	21.515097710531496	21.5629135988073	4.0140088373147815
YOR250C	44.33662248465517	46.10001956789713	9.573244752373203
YOR251C	37.66041805367227	36.424687647623884	7.566324117222902
YOR252W	221.93372239205368	229.6091832059739	58.058459550920546
YOR253W	103.21746836509084	107.7506984207126	17.8940202142693
YOR254C	232.8421142004753	234.21768674055616	30.110317585606616
YOR255W	0.1850192208175747	0.2184603954697417	0.20294994702737876
YOR256C	44.69837983091826	45.995511455750496	8.511070383860867
YOR257W	511.8998812904997	538.8757737804442	130.25446072395997
YOR258W	23.58865641825973	23.65905206841395	3.636195711558127
YOR259C	390.609966433455	403.0600224930736	137.14354952568067
YOR260W	201.567965657688	200.84025799691616	32.07566702094884
YOR261C	107.03138867778232	106.23183417265395	18.914397791326547
YOR262W	86.10196535583113	85.63682826582954	15.526996060174323
YOR263C	0.249012412840763	5.426674796410813	28.559658654357754
YOR264W	115.46196485549946	119.40409795806677	22.202274300440745
YOR265W	301.205767121199	311.7145576000893	91.12345378655077
YOR266W	16.92722455799267	16.976677271519087	3.0922770813751055
YOR267C	443.2615742480387	447.5171840628597	123.2043158903612
YOR268C	4.174978620194417	4.5376945961577695	2.1306644735774554
YOR269W	50.42320075433903	51.15085322591243	11.624533512696816
YOR270C	88.22003698489736	87.89167079869675	15.095661516735554
YOR271C	113.63787036673966	114.09951266092921	28.63632037458767
YOR272W	183.98904693698933	179.37715815690797	43.08985758732185
YOR273C	137.93151638489132	166.0008280626453	92.97187912241647
YOR274W	89.32920652300423	91.56354848882033	15.507813496411352
YOR275C	57.36952614232026	58.07056726778419	9.73830343642529
YOR276W	283.09132400876166	281.7258035843345	59.75230923569121
YOR277C	2.01152848057269	8.138769503028687	34.31811403763223
YOR278W	22.120693496887768	22.660140850950405	3.3029482722387096
YOR279C	47.4506134656368	47.71207193988852	8.433113536991472
YOR280C	74.58348862422893	73.47653355467573	15.622092308449611
YOR281C	199.3718093227727	203.57313872164787	28.79734717652334
YOR282W	0.9161180436062448	12.25049225013773	62.79456552821179
YOR283W	98.90816435889644	104.96588145449243	26.404987632583627
YOR284W	62.3484459961872	62.35136658795198	11.923841063933036
YOR285W	212.34605078546036	222.25192790688826	70.94380984951327
YOR286W	253.645721190241	254.6096758026789	52.52108942725483
YOR287C	123.786138721432	121.12868350014845	47.55954654032431
YOR288C	63.3979191438871	73.47019057103809	36.649104844403176
YOR289W	103.81992202220005	120.22351317959166	55.409358234627604
YOR290C	241.26653265475667	241.47215165740565	49.1295530466724
YOR291W	32.7672390384793	34.10692648937493	8.29749351059202
YOR292C	21.33104643951527	21.969386361024995	4.586395812605746
YOR293C-A	1.7098555041262269	2.1015216808420414	1.5553210315914208
YOR293W	1250.3798688182933	1213.1232856363988	362.42296619022636
YOR294W	235.6251638399968	229.71864865894437	61.368275197437065
YOR295W	78.68348878956323	78.1289506504363	14.867855720223202
YOR296W	24.1659844016112	24.696788697219173	4.62743044914401
YOR297C	126.00456632918367	125.63583145598393	23.88662194306132
YOR298C-A	3058.645666405567	3295.6356049840965	1249.6826343326452
YOR298W	2.47023690203187	2.6851431714764953	1.1081144416744484
YOR299W	75.55228180194347	76.15941938961441	14.497552502501003
YOR300W	1.5798146501977923	1.6408254637169364	0.7801443301332365
YOR301W	221.09994849452468	215.6595395678608	46.23225025762813
YOR302W	1425.65495909594	1603.6780605395156	909.5216887628784
YOR303W	240.34110781647004	277.8254339483731	141.4224444910084
YOR304C-A	74.06952838638092	81.1957624418202	29.231900769321694
YOR304W	99.22205181971988	99.45723928903168	14.692458066202056
YOR305W	80.11445088960868	86.64617796679994	24.572731172211267
YOR306C	33.55497852881363	34.31951899126918	16.527991607104276
YOR307C	67.67629450934534	67.79425687180805	13.460895826503517
YOR308C	126.637100210596	128.2668940571025	25.94731587020413
YOR309C	2.0161862911723234	2.2023047459852587	1.079922605462607
YOR310C	80.59011946694376	84.7500912733538	22.775840200111197
YOR311C	114.86929061073468	115.19474609504883	17.46972413452802
YOR312C	578.4729666053363	568.9231240020632	131.1934735586917
YOR313C	6.348333043543987	6.927271888836383	4.261162239618076
YOR314W	0.0216391872948226	0.2551087459430434	0.7988997502610047
YOR314W-A	3.295070777161337	3.6119227121131448	2.1049365512592173
YOR315W	184.59279800801636	182.72383190722098	52.96318621322628
YOR316C	352.656469153115	365.73223623583993	155.7809206103046
YOR316C-A	7.877103369881063	8.759798852513226	4.117411921948007
YOR317W	168.05458479368465	173.1200537174051	42.97816078759052
YOR318C	17.14070655520513	17.160937902742642	4.415106761532722
YOR319W	61.546477320687	60.8331153815746	10.1326901768436
YOR320C	40.16063913766027	40.890336403092604	5.427364758573147
YOR321W	35.70470193031387	38.878270982589704	12.109044482296898
YOR322C	87.70121774117574	89.56216877729294	19.80218620816323
YOR323C	98.88888864951578	101.32649913236027	15.353867214529188
YOR324C	46.872436773011	46.921890439822036	11.692100075793181
YOR325W	0.4184597763931667	2.8470859685429017	13.600580969795745
YOR326W	109.264073834395	109.26460631360237	14.066486194793713
YOR327C	255.12903020923832	260.67873700319143	77.70604122909448
YOR328W	14.197939446157434	14.679115315166621	4.245553843666441
YOR329C	262.81283914069303	269.7554239638206	66.47430454242894
YOR329W-A	0.1798235466354243	2.8633117258891625	14.85681286505349
YOR330C	60.929436499117806	62.31392565262041	11.961301883791213
YOR331C	0.4326209864574237	6.513042068598562	33.6600979727011
YOR332W	257.18624425081	262.5125576989771	53.64853220614289
YOR333C	0.5638815053587369	2.2987974867607868	9.338905771541661
YOR334W	33.6440465257476	33.27542248432398	6.554696109718249
YOR335C	67.16428643085557	69.78840730560123	12.922880945214892
YOR335W-A	0	6.947773548875724	36.26645547119985
YOR336W	22.077788076135636	23.545024279671523	5.7699261086909335
YOR337W	59.09114995243567	62.19948963382567	22.08215085983506
YOR338W	9.153631899069904	10.462157890578544	6.058200742274307
YOR339C	2.04499846786123	2.1575124162291273	0.893972528472189
YOR340C	221.383798736828	228.4461241620872	70.49811096986959
YOR341W	70.28256173010237	74.69266436751339	21.26981882350204
YOR342C	246.32071094399032	245.18228032265284	73.76182054269675
YOR343C	16.104109057546466	19.93628388513231	21.440461955882707
YOR344C	325.6797763204097	349.51183833367423	108.59428894285796
YOR345C	0.2512720109720847	2.0645396150749713	9.994571128504116
YOR346W	34.73581303120563	36.525615679781026	6.991288777514494
YOR347C	61.78337557599527	67.29191932811753	23.912949637487692
YOR348C	2.9094707298672167	4.245732560367187	8.008399973155266
YOR349W	10.484698274224392	10.443465647279016	2.7639216640459248
YOR350C	22.7277471010183	22.814895120542896	4.717771864831006
YOR351C	0.1050918898052	0.2044514520561782	0.5568505846745226
YOR352W	41.65287006242951	42.6603053185776	8.94185031664278
YOR353C	61.194303242315264	61.78807683845008	12.082234217032312
YOR354C	41.85218532872516	42.52063241687602	8.478071717229653
YOR355W	107.626801607835	108.64259122670246	30.91765996612212
YOR356W	51.02103051295797	51.01602484019168	19.559378182214633
YOR357C	81.608790356075	84.60409553280105	19.99385873268863
YOR358W	97.70415354015584	96.8862192609136	13.737773048600292
YOR359W	197.00765297732667	204.48889547032846	69.53227660956631
YOR360C	64.43989916824253	66.1043975625141	18.03390305190166
YOR361C	174.878428505957	177.95470019595834	24.18976090572842
YOR362C	517.5656401173867	534.9918719532276	121.78202348675939
YOR363C	30.446354891879963	31.73490889016574	8.690768467817247
YOR364W	19.413376905322437	20.604552483695404	5.435132355019647
YOR365C	1.2783447916274964	1.468208670836884	1.072595540474984
YOR366W	2.112957797477917	2.3381400500868788	1.1138936697953334
YOR367W	60.25398321826416	61.417566960733474	10.538988881104896
YOR368W	24.2709181804612	24.692642618882513	5.163907337339526
YOR369C	475.308042887232	505.842855475442	229.69431475567436
YOR370C	156.954072855922	154.53614975434928	32.671183951930416
YOR371C	76.40303228329488	75.730281220597	17.610234385363967
YOR372C	333.157868774216	341.82651008246694	92.60004167250644
YOR373W	111.34238128676002	117.5839631630208	28.66194927420669
YOR374W	173.42379279930228	188.04499646965053	101.46847543242018
YOR375C	236.43422635924605	264.71439544190224	133.18190321077074
YOR376W	0.4179326942827983	0.4800812428408365	0.39810447743030114
YOR376W-A	123.57557258205964	128.708551813955	37.72002670819509
YOR377W	25.60423083861093	26.524460834598678	7.484324356287247
YOR378W	1.259324323948379	1.8944340723346027	2.8180213690370555
YOR379C	29.85503167506573	30.330794641439823	11.17424300734883
YOR380W	29.800809732974084	30.055050007782473	5.089524275210542
YOR381W	27.85107709980113	30.16245297480692	19.616021301367056
YOR381W-A	8.991117250643585	10.141548529699081	5.993507789203544
YOR382W	2298.90259827809	2266.124346839287	1779.8118303788085
YOR383C	3012.2356821021367	3645.561238213955	3454.896134967265
YOR384W	111.99240910449188	105.38508358195695	66.68353247849656
YOR385W	55.697667369174034	56.51851486899379	9.430124524329745
YOR386W	44.419707803027535	48.144326580194225	15.949940138849572
YOR387C	0.606988516034431	0.9329070611243201	1.1720040264138882
YOR388C	0.1398255272051653	0.1593982590519162	0.13114229295720894
YOR389W	14.583648080842067	14.970334487313735	4.811885155630805
YOR390W	3.7956968899854098	3.7762538863272748	1.144445657630446
YOR391C	0.1920371269492573	0.2621746735280552	0.22805796258859298
YOR392W	0	0.06953630778646663	0.1441949844639932
YOR393W	0	0	0
YOR394C-A	8.251062727947719	8.257706690920847	3.912663902698864
YOR394W	0	0	0
YOR396C-A	0	0	0
YOR396W	0	0.0002289900176299236	0.0013879442482982779
YPL001W	31.55254186430648	31.76671447322045	7.719377418939744
YPL002C	53.45651873635783	55.089705691937944	8.159730127351681
YPL003W	24.206109627347868	24.21565264834092	5.585035534200542
YPL004C	347.10032100737527	369.81509959095456	117.33107111626406
YPL005W	20.8569512854786	21.113508777302123	3.9367950035743133
YPL006W	14.155370700133034	15.06023061810708	3.8366481734565485
YPL007C	23.71481049025427	24.108030785252787	4.692779186210613
YPL008W	41.20776141835059	41.8841877888763	9.700689049727508
YPL009C	133.01639578340067	139.20475498978595	22.511441454653614
YPL010W	69.14929138222003	68.1713128981405	17.67267186076147
YPL011C	183.0502050103814	181.19396473773003	30.85974710296085
YPL012W	70.29093170701444	71.89859619509986	20.77333727181029
YPL013C	796.7701397881501	796.9037030243335	148.65690345024612
YPL014W	346.0859959736897	389.3382688164519	253.67673330565478
YPL015C	155.60455452009634	170.30801428305716	55.40324996800103
YPL016W	78.93065112307566	77.51443520685807	20.645434359604312
YPL017C	4.607558306948533	6.995042772577129	7.862375412604014
YPL018W	98.62373701913138	98.81061240416966	32.74071668835601
YPL019C	204.50826396184837	197.67575153536492	54.3366256941481
YPL020C	32.32325517152693	32.85545301314599	7.73547863586078
YPL021W	0	0.025147404259955215	0.060961593214064386
YPL022W	59.16501342367724	58.394336760857115	10.311843245201596
YPL023C	83.32389063878344	84.16385795330731	11.746128891747723
YPL024W	48.824663982345065	49.44075172662145	9.597633613936456
YPL025C	9.463214149878224	10.054197527055907	3.3602339140029693
YPL026C	142.29913922770535	146.50205723986184	43.99086979080744
YPL027W	0.597299872497833	0.6885742145894161	0.70724642299905
YPL028W	137.699743587793	143.33956195993315	39.7147960114899
YPL029W	30.561758203648765	32.33949922840903	7.076452699771577
YPL030W	66.18994103612569	66.5261390346574	13.176593753160493
YPL031C	155.32110802974134	160.25311301674702	23.58795186723005
YPL032C	406.2795765182306	418.62909321972825	80.80121678646891
YPL033C	0.3039373168780013	0.4682761424077446	0.5636730983617386
YPL034W	27.83429597293903	27.740934014533888	4.86517188165669
YPL035C	0.1414686653548483	1.7169821791290654	8.531255623287029
YPL036W	4.907162389616273	5.026768687646261	1.5070847804071574
YPL037C	783.7654135607613	785.0169735760517	196.0917448158487
YPL038W	187.12895330529304	184.60260404710888	34.34908830134744
YPL038W-A	0.2564119559556623	0.40251335624567847	0.44767623282780006
YPL039W	74.95662303023124	76.47984545412248	13.598368183342744
YPL040C	27.74062665243993	27.69360912638066	5.178829302939921
YPL041C	14.524548430925933	14.382477728941728	2.4347051246566638
YPL042C	70.55537751109149	71.19515933619122	17.20401502097564
YPL043W	381.2125491689064	369.86142562038117	85.96792561523318
YPL044C	0.8677277768507426	20.710186397419665	110.32591617484161
YPL045W	52.875867281217104	51.652564650034606	7.704576405497994
YPL046C	133.55269378742466	136.82246436941983	32.55159118066441
YPL047W	228.266228314675	229.68931447232185	42.91905054425331
YPL048W	216.40399912026731	216.60269861909447	41.7239687111538
YPL049C	460.89902935177497	470.30571297384313	110.69799423928846
YPL050C	185.03196415194896	185.0195160361481	18.478511809119848
YPL051W	66.7591651500786	67.3124656813311	10.088418651383893
YPL052W	38.56519376902987	38.70018545452657	7.035978385693949
YPL053C	112.69367008708066	110.89702597129045	19.36838246749255
YPL054W	13.754738401528927	15.141481704503631	9.707069984931456
YPL055C	439.533688244634	434.42595667105866	73.53805251953891
YPL056C	139.98610582851566	141.69560179462715	37.49931139350532
YPL057C	100.43490089638672	104.31322259639613	36.264040861712694
YPL058C	11.467301190985763	20.25469143730371	21.457267540658652
YPL059W	118.142072493892	122.53744512666215	27.632803011850076
YPL060W	18.0271496815751	18.300158524478334	3.278083297675838
YPL061W	1929.0771517782532	1903.3373654668765	444.93807093975744
YPL062W	11.287515983625733	12.638279108776446	8.321542982850461
YPL063W	306.453084712074	306.7629218970182	25.516198429246572
YPL064C	101.07152849561392	102.0974290612662	15.527473922897428
YPL065W	91.23553652937112	91.26490374437155	12.670469692062184
YPL066W	194.007824879376	194.86271871691838	51.85429393387225
YPL067C	28.647574757109865	27.904479688615353	5.388443420175602
YPL068C	161.12892633991933	166.21721201981944	43.811401304068596
YPL069C	97.81016046497366	97.64451743710461	18.92119267372727
YPL070W	58.46276696947583	59.08652660519986	12.855663951777643
YPL071C	134.84251560316133	139.06126561829157	24.06257563992435
YPL072W	38.487304466781126	39.18198336760578	9.672456314308153
YPL073C	0.123749211242157	1.4193594580178022	7.119078118801506
YPL074W	92.2997852557989	94.59656909452559	19.303658295267383
YPL075W	107.05147120793768	110.02389475585171	28.976827623341904
YPL076W	30.415115690724665	30.5842756001859	6.56304431709036
YPL077C	59.92505770652507	59.56169185322432	9.065207839858227
YPL078C	169.23842702609167	175.8124430464382	43.88689917719141
YPL079W	238.03355248290435	230.20956334465893	68.04858572934864
YPL080C	0.865224364443018	9.614223623686355	48.71402548590372
YPL081W	489.946830889203	491.0123795634404	140.8215869311913
YPL082C	66.90212275247899	69.1211132518185	17.944408636545788
YPL083C	29.7857125416116	30.587119365689084	5.030374767290948
YPL084W	95.66984559343626	95.34770739940059	16.21303830413615
YPL085W	173.43733416721298	178.3833477518783	34.585131303965234
YPL086C	39.1740159092563	39.07266053229728	10.598601037255573
YPL087W	17.6172749970032	19.967711927443514	7.312976798610301
YPL088W	18.51472237246637	19.643463503561524	4.5252808908996025
YPL089C	308.6194278286144	317.1426450604114	79.97390545640299
YPL090C	156.01854275796902	153.14096984918598	43.2980079322998
YPL091W	85.28161278234734	100.7598591779429	43.0677101185944
YPL092W	17.1245426952047	25.777885567180142	29.794584904843024
YPL093W	117.8963219596228	123.43083929732988	35.20090990845128
YPL094C	425.2836918898674	443.910274586029	86.06952061760136
YPL095C	56.862614244058	69.05519455057586	38.725626691927445
YPL096C-A	60.02603508077262	61.155453296378084	12.613896385776176
YPL096W	130.910048216606	133.26008535609233	27.63073659012602
YPL097W	43.9433046576893	43.69325265822018	7.1237024444014105
YPL098C	123.88596135674466	124.72770289635834	23.405298602041476
YPL099C	57.3717947212827	56.504488544196214	7.1856233555844025
YPL100W	38.1873964199318	37.096402366343376	7.3757920422456325
YPL101W	151.88615041471567	151.2024428476871	17.507941550282556
YPL102C	0.7183714696470668	6.6976651030517225	33.453937620052386
YPL103C	31.70434492102024	31.72460028511786	4.46621713477206
YPL104W	28.1768359664821	28.10621511992095	4.549289476249334
YPL105C	194.408848467154	190.43002918560111	40.7131408005577
YPL106C	197.60593703806367	206.30489571619628	50.8094072767183
YPL107W	131.93487950517033	132.4702699976665	17.965478639900756
YPL108W	94.51604643251544	94.26103996477302	19.867709089575772
YPL109C	23.701742759638503	24.595855938866343	6.422884140997618
YPL110C	27.6143471852266	28.333284630934575	5.209273065432305
YPL111W	125.8674980333197	133.75980199947765	44.10968340349325
YPL112C	57.63324032928077	57.43188871551354	9.925783681707752
YPL113C	9.429201722862556	9.856803785661418	3.683684294653042
YPL114W	36.178852886155234	37.13778172233299	7.753987138297143
YPL115C	77.17470228366197	74.85255575101435	18.31814474887662
YPL116W	81.26426082877555	81.84149342965678	15.824974221956888
YPL117C	343.7468534422844	343.58074063452005	51.794562991479985
YPL118W	123.100492567872	125.08371045515523	19.54190141631753
YPL119C	35.313790830129534	37.36201397527407	12.026048474835777
YPL119C-A	47.82907025671377	50.84332687042353	21.65488525485642
YPL120W	43.5289648726388	44.0621914146342	8.598384954073891
YPL121C	0.265184645131025	0.36436435214972673	0.3888642672555477
YPL122C	37.995250336510736	37.58783613388796	4.633466822134139
YPL123C	24.364177779472133	26.542718198116443	9.689427984281938
YPL124W	59.64103876801094	57.65892546167886	11.398475160239165
YPL125W	46.8116964858085	46.906621031743285	8.087221885515858
YPL126W	109.23144814581993	117.22824876387533	34.535354995329186
YPL127C	267.5215013333444	269.5267063315876	59.14236844572553
YPL128C	179.90035343963768	178.23332509217408	28.38142535894855
YPL129W	207.06526293972505	206.56397534366602	25.70681687327642
YPL130W	0.150522535340712	0.1702139063126236	0.14256753344705164
YPL131W	1593.660722740237	1568.009578292679	329.94299272228903
YPL132W	66.41525859763563	65.85060372772514	9.821988196610592
YPL133C	57.25767314454193	57.77358272315626	10.725488941645299
YPL134C	17.39629160217037	18.973698839825882	12.172407726273457
YPL135C-A	1.3532714462618267	23.9559136305028	124.81699047920844
YPL135W	749.7602765907196	775.4803523448875	211.15633808106995
YPL136W	0.9755997399590848	4.214875122439519	17.249352697309174
YPL137C	78.92474142918047	80.8056076389246	22.754927451850747
YPL138C	127.62306679392002	126.82413746572236	15.437664930620505
YPL139C	61.11702999973837	60.95987754065893	9.466085223225678
YPL140C	20.050110258615568	20.147733666455785	3.7325989229272687
YPL141C	173.0428001480593	177.10279871750615	45.50976292090273
YPL142C	1.153889950567664	14.85570332282352	75.68998709407607
YPL143W	1144.5778709919443	1165.4074833274076	340.79331483279617
YPL144W	68.45132812242849	68.16202773076414	11.892660882752168
YPL145C	168.62293026543966	171.01911540486074	33.16631955588879
YPL146C	88.04554353376349	89.30491637187906	26.642255145938655
YPL147W	5.136087527179407	5.389380073500555	1.6690714019138333
YPL148C	16.1202832394571	16.712635411474096	4.018354176598575
YPL149W	18.867792608132465	18.98983683540551	3.9540643324524862
YPL150W	41.2101070348967	40.62729234785765	7.110574334968917
YPL151C	74.17491804432166	74.74574888350006	12.398554836052151
YPL152W	27.928103155090863	27.996520144854337	6.073601150281809
YPL152W-A	28.729661568119297	29.334435305144886	12.07114058938255
YPL153C	63.97394318958204	64.17920436766406	15.883619032301842
YPL154C	259.385636229248	282.9752179792476	115.00312701004133
YPL155C	66.35208034081207	65.5677521151084	16.014653466757125
YPL156C	72.7799421745148	86.6855640845474	56.10140030736067
YPL157W	116.324352633056	114.32563115306844	18.308564747312406
YPL158C	150.7865152857673	156.6549569060358	50.3333281073316
YPL159C	181.02862779873263	182.3020595857307	34.80597365426469
YPL160W	134.05039042146998	139.8545421592346	35.377407546065534
YPL161C	41.1113810637003	41.46088397920588	9.225197170057882
YPL162C	30.814696387338767	31.120105318630273	6.665565206998824
YPL163C	1075.2882423892313	1084.223874606125	223.68333166893822
YPL164C	15.3233873908888	15.079995160772999	4.192642772081742
YPL165C	0.5125213819156507	0.8891449398493008	1.9128422126993498
YPL166W	26.4761749835443	26.687924981678066	8.902205424481387
YPL167C	13.1457576925935	13.46525803633448	3.605140371705494
YPL168W	27.291261925554466	27.312685927212044	5.3491715349905915
YPL169C	201.291783918558	199.94677937641532	31.294507875863307
YPL170W	522.987318525595	542.5861888549988	164.25864701664213
YPL171C	66.85097015701643	113.28248062624198	120.3478583960614
YPL172C	48.60461828740227	48.814224743495	9.550287417473385
YPL173W	131.85987862714202	133.4435058611094	14.173060639474281
YPL174C	48.090928399903866	47.706043576020065	9.74791441359697
YPL175W	27.689596956066733	28.545490806901938	6.847526100878984
YPL176C	77.45643300476564	78.0211759450664	10.178039734111357
YPL177C	114.08786429037144	121.98526887875663	34.608959523347956
YPL178W	105.48757965361231	107.29207161081607	19.299336029699038
YPL179W	176.53500579826098	174.76668569287958	42.827038466099474
YPL180W	71.24086827221184	71.37938764670757	13.834507659134111
YPL181W	219.590918834209	224.4399295243298	32.255523289763225
YPL182C	0.4135131783558057	6.8721442983234695	35.609506008135774
YPL183C	36.5534209484611	37.296038046665906	11.368506758571339
YPL183W-A	85.97839921329883	87.56324529842935	23.361940040093707
YPL184C	55.9447044346403	56.302623011520446	12.114533674539267
YPL185W	2.6653314102661336	3.4179681807965223	4.246438589938849
YPL186C	20.212545364680867	24.642762710487194	16.637707521842113
YPL187W	8918.409177354144	9351.05000642359	2356.1699297251535
YPL188W	54.68090064763283	58.197820050793574	15.549509239087048
YPL189C-A	92.12255450452756	112.53272276188139	72.10139020453374
YPL189W	3.0017152762095303	3.1718093585715095	0.9547320500653292
YPL190C	639.9825115359157	698.0013949653514	168.99183534386182
YPL191C	20.14064491135233	21.063956240392837	4.311994955795467
YPL192C	4.54155293888333	4.742015706607714	1.6847195624058167
YPL193W	59.445825220680895	60.555631419913745	13.123127660065709
YPL194W	63.86383606893446	64.23357068278885	10.261596922560603
YPL195W	80.9589542115143	81.49866696124569	9.60536617588809
YPL196W	81.50231931161794	82.06246154909796	11.339677605843832
YPL197C	0.718703431145523	5.143358324191106	24.684486360862067
YPL198W	266.31277364605467	260.10783892163306	67.98769853
YPL199C	91.0142791558723	93.53097854106089	13.046636521844789
YPL200W	0.1346296523463853	0.3115233729111405	1.0623622513280986
YPL201C	1.5128210820802348	1.7448080055704838	2.885027259746571
YPL202C	130.782550254077	126.69859354526895	28.875542764071934
YPL203W	120.128642248488	127.06489406668622	39.013747787468894
YPL204W	584.146202031831	589.4314193760482	98.14457888546363
YPL205C	1.3567060927103984	17.34074021457384	88.83211015738644
YPL206C	94.1639903000834	92.79790840570641	14.629621392399283
YPL207W	93.5294234822279	97.97190013143799	27.99164301390544
YPL208W	18.93311198153073	19.234149345827028	4.41523631902555
YPL209C	35.31715953315314	35.80949710420377	7.060116661147013
YPL210C	186.66978772027863	186.61391495083762	19.66088086790251
YPL211W	52.54127629237773	54.95552713226718	14.19269516399518
YPL212C	160.76998800948732	161.63526852594262	33.11581282804768
YPL213W	89.90617471827635	90.66460043888551	13.695837829101949
YPL214C	37.613262907609936	40.5168326725756	18.275937818198617
YPL215W	73.27532028130976	74.17112804321803	15.191599177493789
YPL216W	8.238414588386137	8.11740996355446	1.394353873631865
YPL217C	138.93577261786598	141.20210186925695	39.463989270070776
YPL218W	105.32349625650124	103.1995415037948	23.15828266205654
YPL219W	38.18647442086726	39.49948491287511	11.468270177812613
YPL220W	125.64330102596688	126.68145931503915	46.34320087858044
YPL221W	59.688924536077536	60.074757808904145	14.85863025147437
YPL222C-A	9.309335219623096	11.162387488282297	5.927888691540269
YPL222W	23.26654381190537	24.712032304344294	9.393876776619107
YPL223C	4.18699839602981	5.091518185813766	3.2624563227996424
YPL224C	49.16975812628684	53.29528380678885	21.216719228568387
YPL225W	479.435514319777	500.177175272448	112.48996816665996
YPL226W	147.10085362910266	150.72179901564482	34.644785438724945
YPL227C	76.0648813610566	76.71991976894505	13.238607114771815
YPL228W	72.63897738524757	71.40223769095329	15.006123449526427
YPL229W	164.91615808073266	164.36603628910152	38.98739492612169
YPL230W	48.02778516597024	67.14423348743361	55.26680781688318
YPL231W	227.66752499301265	225.19441449170944	50.737895684129725
YPL232W	328.75464186879645	331.33735193774265	60.50202203276889
YPL233W	92.3626987487326	91.55167615040442	13.900423209117761
YPL234C	161.47942837934298	169.61388592527177	49.130279677759695
YPL235W	188.2414712998957	188.92170282625503	21.45465439993185
YPL236C	33.280581098104435	32.91483349331618	7.524626890598371
YPL237W	421.8486485700807	426.27471660556665	96.88072145107546
YPL238C	2.30704583333936	24.605482785360337	123.65861999541254
YPL239W	498.89205691598136	509.0350027692403	112.37015557534475
YPL240C	338.00935580114134	412.5733777656708	220.31358664501516
YPL241C	31.12773754835783	31.277250941097535	5.784395780345002
YPL242C	44.96321418707687	44.10278010906826	9.843498783671766
YPL243W	110.18342625333833	110.57927640238789	12.972186114642048
YPL244C	160.56006452917933	163.8676433914929	43.02955094127349
YPL245W	17.087798370623563	17.094964742631714	4.105851728454722
YPL246C	102.41681356905194	99.69331789823508	16.896885117453184
YPL247C	89.72325081220151	99.3070152393886	38.07973851474479
YPL248C	7.636055093771024	8.70526126256522	5.415234551617691
YPL249C	91.25367431307856	91.30312611438025	14.535667243529463
YPL249C-A	2109.1036485361533	2310.662865339555	875.278514160493
YPL250C	976.4104627034682	1072.5678688879743	428.6844486046579
YPL250W-A	4.11486171549916	48.947866731434324	252.4379679092664
YPL251W	0.8894438053037748	23.045844174214146	123.21725188298876
YPL252C	535.1039215979221	538.175285810804	121.99181532607399
YPL253C	63.1235186949277	62.39902106863619	13.308572852580017
YPL254W	53.9514374804567	53.23705693384358	13.49490627768167
YPL255W	113.428298718978	116.67235516637977	27.73090614850935
YPL256C	207.69383266326463	205.6696929928375	72.33204957092782
YPL257W	21.58726988780583	22.72201640728074	7.202133621347328
YPL258C	8.03025545155441	8.576571935402841	2.9605879587472974
YPL259C	88.35963899417777	89.10414688207513	18.42499222306361
YPL260W	127.28564361752	124.2156288566185	22.150782916647824
YPL261C	0.4613451057581867	12.584941494062411	67.31513777460535
YPL262W	83.42162057939183	88.30610549230977	21.99095259939381
YPL263C	99.92742674409055	99.29612972421083	18.57337029871998
YPL264C	7.542642934213556	8.818536153119817	3.901649477984835
YPL265W	178.79738232393933	183.8705493937156	66.08184430676229
YPL266W	95.6580483573886	95.2426190779118	21.62460026228999
YPL267W	133.60964209274968	131.91287340479593	29.287650158717284
YPL268W	90.39680971177512	89.52626384088423	21.675813863461364
YPL269W	31.269344993665268	32.142093429785355	8.831876530282585
YPL270W	50.780074137447095	50.26421720355133	6.215275839816147
YPL271W	1059.9463223341102	1056.9490549140778	318.37969168049165
YPL272C	5.601607750523686	13.088328680482089	26.252004385498672
YPL273W	206.37786187806168	231.50534379180277	74.44567565893082
YPL274W	80.075922834661	83.1061590467664	26.85779186405362
YPL277C	15.542490312638533	17.36665958470001	6.750897344558263
YPL278C	12.2784751647151	12.69896909715102	5.306194456856018
YPL279C	9.193961028136144	8.948325075043916	2.6019844385830506
YPL280W	0.1651920893242566	0.20913153464479026	0.18457875210725005
YPL281C	0	0.0006202081586599496	0.004944748443511741
YPL282C	0	0	0
YPL283C	0	0.00021602246222250394	0.001412279115359127
YPL283W-A	0	0	0
YPL283W-B	0	0	0
YPR001W	6.7799080768376605	7.100505386660153	1.697552114316803
YPR002C-A	1.00722827747812	1.2125470177287068	1.0587026125707828
YPR002W	23.5860388404592	24.514511365181725	8.910835039238666
YPR003C	39.3772511897823	40.32547449809351	8.79472798385073
YPR004C	126.62193011200968	122.04050872046494	23.216166854776485
YPR005C	28.19036686439709	31.001054698570467	9.405849687587821
YPR006C	7.681980640981426	8.100587570689353	1.9157143442327331
YPR007C	1.5672932682631495	1.6728291993072792	0.6665824164470597
YPR008W	114.505569819428	113.49749795981568	28.616683560856373
YPR009W	70.2993861013227	69.72324321713968	14.573222634503164
YPR010C	119.655487868918	126.15229664048162	35.13443949229636
YPR010C-A	118.62440449691752	129.60335987565642	65.79984264132285
YPR011C	31.214876362395064	32.0178892737057	6.673548921675366
YPR012W	2.316311880278447	5.220812320696737	15.644260729734903
YPR013C	77.79328196104757	79.08062007939131	18.790777829830976
YPR014C	0	0.3227332106624047	1.448214905739762
YPR015C	17.05551860746063	18.24434570208259	19.920345271150513
YPR016C	80.16517233545096	86.87477181140713	31.71900469903354
YPR016W-A	0.2304295657612576	3.9055503443658983	20.45375866875637
YPR017C	173.34703423409167	177.243956136569	32.08816306888683
YPR018W	139.53297393558765	149.06552684503478	39.22353797367076
YPR019W	74.82507772219662	74.28511953111904	11.836213865642405
YPR020W	57.93279957033557	60.097037743767494	23.91361941635175
YPR021C	22.924135883933697	23.97718592545509	5.7298972517626305
YPR022C	97.54938683988551	97.38203431502204	24.431501976543732
YPR023C	123.973831370743	123.4257843522302	19.838440857116186
YPR024W	129.70427795265633	130.32278745044573	29.643921043458537
YPR025C	125.312498628195	126.31924206558745	17.25787649816482
YPR026W	20.558144469638563	21.786693865829402	7.730252589255715
YPR027C	0.7033399496370291	0.9255635837423998	1.139111963225062
YPR028W	160.68428859515967	170.53364909652828	39.62434615926476
YPR029C	93.84555661098524	94.47928888184195	14.18863223638655
YPR030W	7.263855787323436	7.861290329096942	7.506039696981608
YPR031W	30.10006518514493	30.006825330897787	5.814554180994077
YPR032W	73.25901662107266	73.57819020603803	14.324150467209945
YPR033C	90.16669564137804	91.60563323512078	15.816546709640466
YPR034W	153.34026096704198	157.159047542848	25.6076182117157
YPR035W	630.736682756449	685.2517293761704	213.05776313258062
YPR036W	209.72847101481167	217.2025273757875	42.662909974070516
YPR036W-A	11897.7386087809	12310.350505241673	3473.2979978968724
YPR037C	164.19094930189968	168.26589605135138	34.98906205479467
YPR038W	0.7162970888472713	1.5644132155835215	4.634285743702437
YPR039W	0	0.05153715718646343	0.10645239622818585
YPR040W	102.43003256215891	99.74658185895504	14.864259427914112
YPR041W	416.1701939651363	419.04493009494666	97.93700332474737
YPR042C	58.08319275795196	57.71917008769576	16.549140549867996
YPR043W	1566.183096489223	1566.561627244743	484.3731643811542
YPR044C	1.079861164185127	20.55011738218326	108.27778160182184
YPR045C	176.84000994330998	180.50041176069436	28.734850219006706
YPR046W	105.67655711399466	107.93608909308973	21.55249697636705
YPR047W	53.5001232480098	54.508086207739204	10.684534525377055
YPR048W	86.0670521220755	91.72586867265716	26.682370872910408
YPR049C	24.088290326732	23.923761578196395	4.394756510531859
YPR050C	1.7967856285620234	10.216621884633911	46.410153158748585
YPR051W	266.93032763592834	268.49867540724864	68.18107732072349
YPR052C	29.605143968829896	31.383879870808382	9.272567847765403
YPR053C	62.73337046721221	68.40823797503833	24.24843530424678
YPR054W	0.6824823620313197	1.2825753271466849	3.1706929772251344
YPR055W	42.9190923879004	43.415633534175605	9.742297328846536
YPR056W	78.7413180836474	79.10006861385834	10.628595848933946
YPR057W	62.41342960938533	63.43856512180908	14.080633173735807
YPR058W	29.524596946513768	30.959751187050735	7.8099102937970875
YPR059C	1.13949020012156	1.3794754367977247	1.3694913720233475
YPR060C	117.46670571811168	118.18240946984353	18.786812297495146
YPR061C	19.2219442962227	19.48969960179916	3.929051151206744
YPR062W	654.9090598778511	665.8658412570296	165.42987801020996
YPR063C	299.53985332310634	315.77786645314666	66.86397257121364
YPR064W	0.4699293134036064	0.7825667791792114	1.545114756373358
YPR065W	1276.5921003531969	1394.1698426477592	587.2348951537998
YPR066W	20.247070479758367	20.80415971800453	3.499184257636908
YPR067W	190.1599073032093	202.52536252549203	52.61859051491381
YPR068C	25.624256806994765	26.05929698313092	5.2342355329201204
YPR069C	62.47659582952997	61.744300037734064	15.132624946537216
YPR070W	72.72850056878792	71.78997348448925	15.165543447014864
YPR071W	56.55910233669507	58.3941451939856	11.432374208825333
YPR072W	148.003576894308	149.16062402920707	17.47941555203153
YPR073C	128.82293408279835	131.57409798076037	20.292220978918927
YPR074C	270.0333796454693	279.5591276020468	54.63279350446079
YPR074W-A	0.4112490611988866	0.5028760227377388	0.5748931981953247
YPR075C	201.74920886781837	202.59943389159537	33.53152701591616
YPR076W	1.3412839601779447	3.627454358994114	11.999163501309301
YPR077C	0	0.018986961416816255	0.0523159077050165
YPR078C	0.306834716100092	0.3581455566653917	0.23174991959776828
YPR079W	93.61109149819596	96.81705511244598	23.75762244974774
YPR080W	244.40187156426032	244.58204195114104	62.34723251827886
YPR081C	40.09906548935481	41.96641986708482	7.326699488399074
YPR082C	89.71730218439103	90.57210441320328	13.626895249608069
YPR083W	32.588925215078234	33.92904418643441	7.7218911624092845
YPR084W	75.95034411568831	74.48330602137867	12.96962814251945
YPR085C	27.755875368965	28.590012418438896	6.13857369004137
YPR086W	208.30561662597304	215.3060242343469	37.20149264580667
YPR087W	1.1581789003916338	2.9545558051318292	9.895863989216995
YPR088C	113.10732666793	115.41502069963721	15.310823791488414
YPR089W	91.03113391	92.39714335166204	15.359026713767205
YPR091C	58.41771676380773	58.91455786482602	10.018152328792535
YPR092W	0.619345290985342	5.938443989621344	29.28775594449886
YPR093C	108.39421920035166	109.23661287010732	21.05986881464434
YPR094W	104.12163498476376	106.61765963372478	28.966680778327493
YPR095C	54.307288370812806	53.75661726018875	11.017227230924513
YPR096C	104.94351297012795	108.79977551656059	32.12773372262169
YPR097W	52.01799809984741	52.77486330867645	9.568623054075777
YPR098C	45.99172951286673	48.10046018014152	13.72229921691572
YPR099C	12.129137679259124	38.99890280336186	148.0584511472518
YPR100W	499.6475804373847	515.0027737719637	128.07112948342487
YPR101W	349.26798694829864	353.77991886155644	64.12708503568186
YPR102C	250.42927691310368	251.42787502782554	62.20500395746619
YPR103W	299.22100950821635	297.0552171992519	35.3331216819886
YPR104C	102.1907291035352	105.81448737897848	29.711302976426232
YPR105C	43.470724962343496	43.931594600536116	7.124525578281511
YPR106W	38.41780966656009	39.33108540956788	8.605136764456928
YPR107C	80.17332760118607	78.82536445542242	12.785806582328537
YPR108W	245.8438728169313	244.0921060237724	38.046396722092425
YPR108W-A	0	0.01748836334711932	0.08382729668641321
YPR109W	43.79303541966987	43.5147456082281	7.607771321926514
YPR110C	143.15295668174133	143.0298125543688	26.533373516571803
YPR111W	67.1926390533756	67.85338015473931	13.104916488237059
YPR112C	143.43428881188967	144.46288837056693	43.710050837893746
YPR113W	128.54487456539968	127.08926078243967	19.924830367300448
YPR114W	212.0338669245617	211.1772757893223	30.589323682472344
YPR115W	101.780937854417	110.23882543557902	31.91303867311932
YPR116W	21.41313845683557	23.029831408391228	7.21954411097198
YPR117W	20.21054536756473	21.45346462058209	6.831247452819476
YPR118W	52.10487082569756	52.97502782517016	8.843172610250754
YPR119W	175.59242384964932	183.26624185269816	60.15795705328822
YPR120C	58.88832063024523	60.116178445852704	14.671602192072589
YPR121W	11.9085745919039	12.361097272090493	3.5935666171083223
YPR122W	52.442218579989465	55.01973888841223	16.75938937
YPR123C	2.1080886765025237	2.735503469288728	2.8282738033407826
YPR124W	19.421736460759	20.016146930700312	8.001624614248689
YPR125W	123.748036244128	124.40300953896121	20.50030417646865
YPR126C	1.0561949380218425	9.986169577288893	49.61360264094252
YPR127W	31.0232327835853	32.33037187245779	7.225854563639267
YPR128C	19.655627764198467	20.242339481844784	4.434161923710966
YPR129W	403.6301401260933	396.98369984361693	59.948236681345996
YPR130C	5.262125703084863	10.85250841964759	31.72823262265956
YPR131C	71.06485092864084	71.4148400187833	11.595468689394608
YPR132W	273.5509206081886	278.3784963717893	86.68588757537734
YPR133C	225.43333802710904	221.52159463796121	25.795181370408855
YPR133W-A	3865.4351883862696	4059.2803870133416	1289.0848332912685
YPR134W	47.82386677364017	47.55948627478075	6.710171419622216
YPR135W	42.32466841232507	42.888382441167366	5.86705845815241
YPR136C	0.4168587680528999	14.304511318887638	77.40884224941726
YPR137W	208.049125154762	201.44142624849027	47.744354199674945
YPR138C	66.1441021299065	73.41602925487186	31.356848411794452
YPR139C	137.56611258378868	137.0710046361909	17.909957111612282
YPR140W	51.272249357560405	52.70325060741542	11.10603731725217
YPR141C	54.9307476402513	56.68636823830228	13.71037026496382
YPR142C	0.55727420650007	21.77556376426526	118.29606158113596
YPR143W	459.4561553477431	452.6824074306254	105.3083396773212
YPR144C	98.7729713557452	101.63876776880906	30.92207996398571
YPR145C-A	29.903581892393163	60.883813597244455	108.67455620485666
YPR145W	570.6999894616687	675.2410675079674	319.08488257223473
YPR146C	21.440855151490297	21.595758913718903	8.708194402454541
YPR147C	44.69748545561921	45.4063747566488	7.935519674554927
YPR148C	142.538014344063	148.37848882704566	32.23833013571963
YPR149W	361.2611303951103	382.7006180692999	127.7699260989988
YPR150W	6.606036954102667	6.7386633658583905	2.28052842254155
YPR151C	13.20694065078503	13.694228547634896	5.077107828914268
YPR152C	72.21628505708104	72.92749825082234	14.93984208199382
YPR153W	16.5316568280743	16.808874671841345	4.90520473463107
YPR154W	485.90497572293134	503.1448664524595	102.20256674086886
YPR155C	40.28828357297983	41.84623174990851	8.479656563057603
YPR156C	65.94484082689706	68.96361949147295	22.977773682959565
YPR157W	14.273709246020667	17.52124967106552	10.42154252787006
YPR158W	266.481858552192	299.1864842988948	107.40997414935322
YPR159C-A	5.14608801261167	6.196841489627747	4.083427954996457
YPR159W	153.595938487184	154.8926348101617	26.706500227235008
YPR160C-A	2.8514293211007864	3.1261708091305116	1.7568110343836603
YPR160W	10.650999076744414	20.03185601735344	25.86558569117337
YPR160W-A	0	0	0
YPR161C	123.49262373895031	125.08654517162913	13.737349521954604
YPR162C	55.85852461200873	55.874105850381845	9.630233643179297
YPR163C	228.9198627410157	222.75341447049232	34.61901473654509
YPR164W	47.92811181762527	46.986487030159964	10.119117394173553
YPR165W	253.52900975730867	260.5877601827508	45.284660502366926
YPR166C	41.3604880750464	41.369497672248066	10.529991119046919
YPR167C	45.75054042922447	50.5758194027165	27.711021162507418
YPR168W	34.250343272039835	34.80049779179108	10.886493350864132
YPR169W	143.66968939981234	143.93880412476443	25.55317170455693
YPR169W-A	0	0	0
YPR170C	3.729832156326953	7.282968817297161	19.235257466345455
YPR170W-A	0	0	0
YPR170W-B	1.9459463008516933	2.1827827179771777	1.296381470554043
YPR171W	100.12018442058586	100.12473543367082	22.96009824675635
YPR172W	89.69111933125943	94.3826339044453	22.37300249973562
YPR173C	272.097497815344	276.8584888493014	34.17741360516832
YPR174C	105.0755283749723	101.95049327464622	18.2959789719839
YPR175W	63.4673721572375	65.04705991378592	14.167110528727424
YPR176C	44.69662038424077	43.72178950526849	6.342283171784606
YPR177C	0.1709035412147573	3.587302174073645	18.92884441385725
YPR178W	62.4654549981233	62.60090351545258	8.319451789481617
YPR179C	80.94327679273187	83.0069909792005	12.784178771962395
YPR180W	43.55696967175286	43.340685345298596	4.931396979436643
YPR181C	268.8005549106037	274.0932527069697	47.048718558277464
YPR182W	768.1524410544613	847.4528886099803	340.5666219094949
YPR183W	511.195489784977	531.6935190853748	118.55797291408562
YPR184W	28.4483089196459	37.905946797542434	28.807401907161715
YPR185W	103.26425746495607	104.38619713749642	20.88487365944235
YPR186C	74.71918570092943	73.40246486621707	13.404198117772886
YPR187W	440.3976109460677	443.5370838319185	116.4672478411326
YPR188C	124.40800114733932	129.20092454341076	31.81842233899938
YPR189W	55.26732753538951	54.590195048031674	8.41538588893153
YPR190C	74.8675483722954	76.93977951503958	20.03837021187068
YPR191W	115.35700111189078	130.4809085916048	57.97112613596338
YPR192W	3.075471470254963	6.572427788523627	14.060627187367501
YPR193C	23.509795429869	23.627124348735798	5.292300661679237
YPR194C	1.0623648607723493	6.157932775551603	10.937121747873892
YPR195C	21.393472504435167	27.10252038722559	19.73642902542397
YPR196W	8.973252599980754	9.051348925806318	1.8938559249039961
YPR197C	1.7583131283617035	3.7417382436240954	10.934548394657533
YPR198W	36.1697622016248	36.608789298405725	6.896427772817752
YPR199C	74.21957319587456	76.85641960282872	18.648942534649287
YPR200C	22.148358728129505	24.01930091365615	10.89425683999341
YPR201W	3.644879919913077	4.261909588917862	2.1763497975343045
YPR202W	6.61585976089317	6.871829224217424	1.9674901813091712
YPR203W	0	0.10818328635528983	0.1826709450193686
YPR204C-A	0	0.014578833439984852	0.0598398675921676
YPR204W	1.4614433296973532	1.4691877869940004	0.621875619184976
