gene_id,split,in_grid,has_sites,y_a_true,v8_headA_all_ens,v8_headA_all_seed42,v8_headA_all_seed123,v8_headA_all_seed456,v8_headA_all_seed789,v8_headA_all_seed2024,v10_abl_no_cis_ens,v10_abl_no_cis_seed42,v10_abl_no_cis_seed123,v10_abl_no_layout_ens,v10_abl_no_layout_seed42,v10_abl_no_layout_seed123,v10_abl_no_knockout_ens,v10_abl_no_knockout_seed42,v10_abl_no_knockout_seed123,v10_lambda_a03_ens,v10_lambda_a03_seed42,v10_lambda_a03_seed123
YOL001W,test,True,True,-0.24482521414756775,0.03224919140338898,0.032422780990600586,0.2664673924446106,0.07064393162727356,-0.11205822229385376,-0.0962299257516861,-0.11586803756654263,-0.016764681786298752,-0.2149713933467865,0.1560976356267929,-0.07010626792907715,0.38230153918266296,-0.27592433989048004,-0.27114465832710266,-0.2807040214538574,0.016553137451410294,-0.02934177964925766,0.06244805455207825
YOL002C,test,True,True,0.04409168288111687,-0.35241867899894713,-0.29774588346481323,-0.5857180953025818,-0.38993072509765625,0.15764620900154114,-0.6463449001312256,0.24150428175926208,0.264494389295578,0.21851417422294617,-0.5532262772321701,-0.8268867135047913,-0.27956584095954895,-0.486131876707077,-0.20067983865737915,-0.7715839147567749,-0.014544929377734661,-0.029244979843497276,0.0001551210880279541
YOL003C,test,True,True,-0.007768542971462011,0.11577459052205086,0.2655446231365204,0.18934617936611176,0.04171087592840195,0.07146219909191132,0.010809075087308884,0.3845503330230713,0.4447384178638458,0.32436224818229675,-0.07232005894184113,-0.03188586235046387,-0.11275425553321838,0.18524540588259697,0.0837312862277031,0.28675952553749084,0.23647228628396988,0.16350071132183075,0.309443861246109
YOL004W,test,True,True,0.8545726537704468,0.38412667736411094,0.4720737934112549,0.7518181204795837,0.30995315313339233,0.3363252282142639,0.05046309158205986,0.34516240656375885,0.44017937779426575,0.25014543533325195,0.44247910380363464,0.4183795154094696,0.4665786921977997,0.590958759188652,0.4625142514705658,0.7194032669067383,0.3794563114643097,0.30902960896492004,0.44988301396369934
YOL005C,test,True,True,1.2221399545669556,0.3249484360218048,0.3413505256175995,0.6333797574043274,0.3748406171798706,0.10397301614284515,0.1711982637643814,0.49892963469028473,0.5142828822135925,0.48357638716697693,0.7857820093631744,0.9424788951873779,0.629085123538971,0.6056988537311554,0.45140331983566284,0.759994387626648,0.7296647727489471,0.6820724606513977,0.7772570848464966
YOL006C,test,True,True,0.9821895956993103,1.0986578822135926,1.142524003982544,0.6187652945518494,1.6651289463043213,1.1560158729553223,0.9108552932739258,0.9893405735492706,1.2824962139129639,0.6961849331855774,0.5302890688180923,0.31726887822151184,0.7433092594146729,1.3014047145843506,1.4583849906921387,1.1444244384765625,1.5558348298072815,1.3623992204666138,1.7492704391479492
YOL007C,test,True,True,0.7977595925331116,0.43931291103363035,0.20690977573394775,0.30691319704055786,0.8305788636207581,0.32139289379119873,0.5307698249816895,0.9830065965652466,1.414717197418213,0.5512959957122803,0.40520669519901276,0.399204283952713,0.4112091064453125,0.15542449615895748,0.32733529806137085,-0.016486305743455887,0.642634779214859,0.6574127078056335,0.6278568506240845
YOL008W,test,False,True,-0.20285435020923615,0.06891896948218346,-0.15677839517593384,0.22015053033828735,0.18472696840763092,0.056069083511829376,0.04042666032910347,0.22265689074993134,0.1635633111000061,0.28175047039985657,-0.38794346153736115,-0.5592321157455444,-0.21665480732917786,0.004367917776107788,-0.33599328994750977,0.34472912549972534,-0.008266828954219818,-0.1895887702703476,0.17305511236190796
YOL009C,test,False,True,0.19305314123630524,0.3093604803085327,0.14750707149505615,0.03621205687522888,0.7634400129318237,0.3611867427825928,0.23845651745796204,0.18882311880588531,0.1397719383239746,0.23787429928779602,-0.14763586409389973,-0.29487738013267517,-0.00039434805512428284,0.09659858047962189,-0.29147085547447205,0.4846680164337158,0.028467267751693726,-0.10742413997650146,0.16435867547988892
YOL010W,test,True,True,0.468755841255188,0.46756134033203123,0.6910433173179626,0.3458283543586731,0.6112203001976013,0.25154703855514526,0.4381676912307739,0.51466403901577,0.5853819251060486,0.44394615292549133,-0.2336525321006775,-0.5906333327293396,0.12332826852798462,0.730186939239502,0.5106306076049805,0.9497432708740234,0.636362835764885,0.4186738431453705,0.8540518283843994
YOL011W,test,True,True,-0.10579942166805267,1.0068836212158203,0.35604071617126465,1.1048321723937988,1.544247031211853,1.2481001615524292,0.7811980247497559,1.0446620881557465,0.8502570986747742,1.2390670776367188,0.3388305604457855,0.1334736943244934,0.5441874265670776,0.6134616136550903,0.7755467891693115,0.45137643814086914,1.3771787881851196,1.3448697328567505,1.4094878435134888
YOL012C,test,True,True,0.5497588515281677,0.5201754182577133,0.4910680651664734,0.9613224864006042,0.32661959528923035,-0.04344724118709564,0.8653141856193542,0.6675106585025787,0.49768757820129395,0.8373337388038635,0.1688753217458725,0.18657195568084717,0.15117868781089783,0.4612221270799637,0.5457198619842529,0.37672439217567444,0.5877537131309509,0.3840155601501465,0.7914918661117554
YOL013C,test,True,True,0.2915593087673187,0.05221648886799812,-0.1959683895111084,0.23473161458969116,0.15801328420639038,0.043769508600234985,0.020536426454782486,0.3708299994468689,0.4256591796875,0.3160008192062378,0.1548009216785431,0.02366572618484497,0.2859361171722412,0.03771886229515076,-0.2808225750923157,0.3562602996826172,0.09135904908180237,0.12454168498516083,0.05817641317844391
YOL013W-A,test,False,True,-1.8897221088409424,-1.9391522049903869,-2.309239625930786,-2.0520496368408203,-2.634255886077881,-2.095142126083374,-0.6050737500190735,-0.7628856152296066,-0.10069605708122253,-1.4250751733779907,-0.04721449129283428,-0.03865475952625275,-0.05577422305941582,-1.8290144801139832,-2.4146347045898438,-1.2433942556381226,-2.368946671485901,-2.6013810634613037,-2.136512279510498
YOL013W-B,test,False,False,-2.088510751724243,-1.694238829612732,-2.053703546524048,-1.7361571788787842,-1.9859570264816284,-1.8096686601638794,-0.8857077360153198,-1.1415010690689087,-1.0670831203460693,-1.215919017791748,-0.37219755351543427,-0.19669893383979797,-0.5476961731910706,-1.6697264909744263,-2.1241259574890137,-1.2153270244598389,-1.195525884628296,-1.4178189039230347,-0.9732328653335571
YOL014W,test,True,True,-0.08441035449504852,-0.204405215382576,-0.6840094327926636,-0.6709690690040588,0.5543860793113708,-0.452077180147171,0.23064352571964264,0.1908421665430069,-0.10171520709991455,0.48339954018592834,0.010303720831871033,-0.29143962264060974,0.3120470643043518,-0.27636903524398804,-1.1107333898544312,0.5579953193664551,-0.05738517642021179,-0.14100369811058044,0.02623334527015686
YOL015W,test,True,True,-1.1411479711532593,0.26501080989837644,0.1187383159995079,0.8308212161064148,0.28379562497138977,-0.08659297972917557,0.17829187214374542,0.0396818146109581,0.044534798711538315,0.034828830510377884,0.1823597550392151,0.07058972120285034,0.29412978887557983,0.4911583513021469,0.27548375725746155,0.7068329453468323,0.38934651762247086,0.13018091022968292,0.6485121250152588
YOL016C,test,True,True,0.41732484102249146,0.8680801630020142,0.9784068465232849,0.8226892352104187,1.361793875694275,0.3612666130065918,0.8162442445755005,0.7477699518203735,0.6623424291610718,0.8331974744796753,0.3566201291978359,0.10736726969480515,0.6058729887008667,1.0987367630004883,1.0150156021118164,1.1824579238891602,0.8598795235157013,0.7910634875297546,0.928695559501648
YOL017W,test,True,True,-0.20577266812324524,0.602134644985199,0.6828608512878418,0.8289700150489807,0.4857889413833618,0.396709680557251,0.6163437366485596,0.4055270701646805,0.4846028685569763,0.32645127177238464,0.5086305886507034,0.3969227969646454,0.6203383803367615,0.6591187715530396,0.7824646234512329,0.5357729196548462,0.9896290004253387,0.8638747334480286,1.115383267402649
YOL018C,test,False,True,0.5840561389923096,0.5689051270484924,0.6299938559532166,0.8016625046730042,0.1948941946029663,0.9046985507011414,0.3132765293121338,0.5224063545465469,0.5896127223968506,0.4551999866962433,0.1790746971964836,0.29081419110298157,0.06733520328998566,1.0308544337749481,1.3427820205688477,0.7189268469810486,0.8871547877788544,0.9576945900917053,0.8166149854660034
YOL019W,test,True,True,0.9133861660957336,0.5392535135149956,0.8649225831031799,0.8996369242668152,-0.0402928963303566,0.4184783101081848,0.5535226464271545,1.1050444543361664,0.9548320174217224,1.2552568912506104,-0.09064346924424171,-0.05987488478422165,-0.12141205370426178,0.2098584584891796,0.0801500603556633,0.3395668566226959,1.0182732492685318,0.4531349241733551,1.5834115743637085
YOL019W-A,test,False,True,-2.088510751724243,0.21706609278917313,0.38311266899108887,0.23373320698738098,0.22670625150203705,0.048071958124637604,0.19370637834072113,0.4024475961923599,0.4356631636619568,0.36923202872276306,-0.02372770942747593,0.02497101202607155,-0.07242643088102341,0.21337805688381195,0.16560667753219604,0.26114943623542786,0.04833783581852913,0.07736938446760178,0.019306287169456482
YOL020W,test,True,True,0.4595666825771332,0.55004623234272,0.8617162704467773,0.07321937382221222,0.2609958052635193,0.8891763687133789,0.6651233434677124,0.6334205716848373,0.42936971783638,0.8374714255332947,-0.005187049508094788,-0.3247262239456177,0.3143521249294281,0.5424308180809021,0.6649479866027832,0.419913649559021,1.0619570016860962,1.0961593389511108,1.0277546644210815
YOL021C,test,True,True,0.5032573342323303,0.9987626433372497,0.6667421460151672,1.1553821563720703,1.587360143661499,0.930591881275177,0.6537368893623352,0.5059669613838196,0.346760094165802,0.6651738286018372,0.24059320986270905,0.19260525703430176,0.28858116269111633,0.9605494737625122,0.7113711833953857,1.2097277641296387,1.0315622687339783,1.2592335939407349,0.8038909435272217
YOL022C,test,True,False,0.6085663437843323,-1.93014554977417,-1.7101143598556519,-2.091444969177246,-1.9822742938995361,-1.824954628944397,-2.0419394969940186,-1.1415010690689087,-1.0670831203460693,-1.215919017791748,-0.06399700418114662,0.05121902376413345,-0.1792130321264267,-2.097463011741638,-2.1818714141845703,-2.013054609298706,-1.461210936307907,-0.9841539263725281,-1.9382679462432861
YOL023W,test,True,True,-0.2084423005580902,0.8429116010665894,0.9791771769523621,1.0499510765075684,0.7974170446395874,0.44263380765914917,0.9453788995742798,0.8150257468223572,1.060889720916748,0.5691617727279663,0.6886966526508331,0.8597312569618225,0.5176620483398438,0.5905574560165405,0.5711969137191772,0.6099179983139038,1.1602212190628052,1.2523512840270996,1.0680911540985107
YOL024W,test,False,False,-1.7144646644592285,-0.8984581232070923,-0.3434625267982483,-1.6597161293029785,-0.5561851859092712,-1.0210034847259521,-0.9119232892990112,-1.1415010690689087,-1.0670831203460693,-1.215919017791748,0.25037529319524765,0.379329115152359,0.12142147123813629,-0.9007305949926376,-0.13777753710746765,-1.6636836528778076,-1.7453675270080566,-1.636147141456604,-1.8545879125595093
YOL025W,test,True,True,-0.2484516054391861,0.5504199236631393,0.5995370745658875,-0.0016401559114456177,0.6022505760192871,0.6713523268699646,0.8805997967720032,0.6652589440345764,0.6665292382240295,0.6639886498451233,0.015215814113616943,-0.4575790464878082,0.4880106747150421,0.44819337129592896,0.44179487228393555,0.45459187030792236,0.7716688066720963,1.2041704654693604,0.33916714787483215
YOL026C,test,True,True,1.1321818828582764,0.3656593675725162,0.7899195551872253,0.680228054523468,-0.002864005509763956,0.277000367641449,0.08401286602020264,0.4404132217168808,0.7216393351554871,0.15918710827827454,0.3395794928073883,0.19210383296012878,0.4870551526546478,0.14030544832348824,0.09576404839754105,0.18484684824943542,0.6837368309497833,0.7891533970832825,0.5783202648162842
YOL027C,test,True,True,0.9581441879272461,0.822343909740448,0.6407350301742554,0.7783544659614563,1.0045363903045654,1.027295708656311,0.6607979536056519,0.7424673140048981,0.8356067538261414,0.6493278741836548,0.2697761356830597,0.2803952395915985,0.2591570317745209,0.9321539998054504,0.8321764469146729,1.032131552696228,0.8335041105747223,0.7633271813392639,0.9036810398101807
YOL028C,test,True,True,1.009493112564087,0.2128658711910248,0.20877328515052795,0.15515141189098358,0.1946670413017273,0.24993948638439178,0.2557981312274933,-0.06926216371357441,-0.13120296597480774,-0.00732136145234108,1.0584332048892975,0.9260899424552917,1.1907764673233032,0.1457882598042488,-0.0809333473443985,0.3725098669528961,0.23366690054535866,0.06947780400514603,0.3978559970855713
YOL029C,test,True,False,0.1278906613588333,-1.0359585762023926,0.5493173003196716,-1.5649032592773438,-0.9600738883018494,-1.6122175455093384,-1.591915488243103,-1.1415010690689087,-1.0670831203460693,-1.215919017791748,-0.19758612662553787,-0.21128162741661072,-0.18389062583446503,-0.28914809226989746,0.7983474731445312,-1.3766436576843262,-0.958478569984436,-0.2002471685409546,-1.7167099714279175
YOL030W,test,True,True,0.6964038014411926,0.3858545392751694,0.35697421431541443,0.3281528949737549,0.5953529477119446,0.1698138564825058,0.4789787828922272,0.6674344539642334,0.8105778694152832,0.5242910385131836,0.6832742094993591,0.7931807041168213,0.573367714881897,0.407918244600296,0.5783807039260864,0.23745578527450562,0.42618320137262344,0.08769567310810089,0.764670729637146
YOL031C,test,True,True,0.4280807673931122,0.7432885646820069,0.6105923056602478,0.6942368149757385,0.8212187886238098,0.8050804734230042,0.7853144407272339,0.8964663743972778,1.0224549770355225,0.7704777717590332,0.4530574232339859,0.33567240834236145,0.5704424381256104,0.9369683861732483,0.8796021938323975,0.9943345785140991,0.9868438243865967,1.071830153465271,0.9018574953079224
YOL032W,test,True,True,0.21024712920188904,0.8628667116165161,0.5185734033584595,1.2217686176300049,1.077904462814331,0.9152296781539917,0.5808573961257935,0.77274489402771,0.9012631773948669,0.644226610660553,0.4310319423675537,0.6333226561546326,0.22874122858047485,0.8159294426441193,0.8097761273384094,0.8220827579498291,0.6744861304759979,0.16552108526229858,1.1834511756896973
YOL033W,test,True,False,-0.537468671798706,-0.6172960489988327,-0.845981776714325,-0.5736902356147766,-0.9921346306800842,-0.7701886296272278,0.09551502764225006,-1.1415010690689087,-1.0670831203460693,-1.215919017791748,0.070968858897686,-0.12665067613124847,0.2685883939266205,-0.17874633520841599,-0.04222904145717621,-0.31526362895965576,-1.0546119809150696,-1.1129502058029175,-0.9962737560272217
YOL034W,test,True,True,0.2096780389547348,0.6704851567745209,0.7182872891426086,0.41890767216682434,1.4138495922088623,0.3310685157775879,0.4703127145767212,0.6474794149398804,0.6486658453941345,0.6462929844856262,0.2294783741235733,0.12611126899719238,0.3328454792499542,0.6139849424362183,0.7990919947624207,0.42887789011001587,0.5605605393648148,0.714643657207489,0.4064774215221405
YOL035C,test,False,False,-1.7548974752426147,-1.1755055904388427,-0.7044396996498108,-0.9835683703422546,-1.6677815914154053,-1.185703158378601,-1.336035132408142,-1.1415010690689087,-1.0670831203460693,-1.215919017791748,-0.054040796123445034,-0.026782510802149773,-0.0812990814447403,-1.0506892055273056,-0.4685700833797455,-1.6328083276748657,-1.0489739179611206,-1.3682647943496704,-0.7296830415725708
YOL036W,test,True,True,0.5993341207504272,0.5017306447029114,0.32518160343170166,0.881611168384552,0.5939728617668152,0.32623136043548584,0.3816562294960022,0.45733870565891266,0.6010863184928894,0.3135910928249359,0.33453890681266785,0.19148549437522888,0.4775923192501068,0.7899217903614044,0.5489361882209778,1.030907392501831,0.4624425917863846,0.3154168426990509,0.6094683408737183
YOL037C,test,False,False,-2.003502607345581,-1.1812833905220033,-1.226981520652771,-1.1728599071502686,-1.317321538925171,-0.648994505405426,-1.5402594804763794,-1.1415010690689087,-1.0670831203460693,-1.215919017791748,0.3024658262729645,0.39172637462615967,0.2132052779197693,-0.7855011522769928,-0.7476067543029785,-0.8233955502510071,-0.9801601767539978,-1.3536443710327148,-0.6066759824752808
YOL038C-A,test,True,True,1.2752268314361572,0.674513864517212,0.7588114142417908,0.44311994314193726,0.9945659041404724,0.7554988265037537,0.42057323455810547,0.6848790645599365,0.7893819808959961,0.580376148223877,0.494034007191658,0.6209906935691833,0.3670773208141327,0.7856056690216064,0.8265475034713745,0.7446638345718384,0.5373674482107162,0.6092827916145325,0.4654521048069
YOL038W,test,True,True,1.3939096927642822,0.8534613132476807,1.0285900831222534,0.8791513442993164,0.9174933433532715,0.8572885394096375,0.5847832560539246,0.6722615659236908,0.7076101899147034,0.6369129419326782,0.34179556369781494,0.4727628529071808,0.2108282744884491,0.8710153102874756,0.9638220071792603,0.7782086133956909,0.7512355148792267,0.9632958769798279,0.5391751527786255
YOL039W,test,True,True,0.5832198262214661,1.5930015087127685,1.6752656698226929,1.4198148250579834,1.7132289409637451,1.6814931631088257,1.4752049446105957,1.6009861826896667,1.5867037773132324,1.615268588066101,0.07781389728188515,0.044733740389347076,0.11089405417442322,1.2788528800010681,1.272049069404602,1.2856566905975342,1.5737023949623108,1.6212559938430786,1.526148796081543
YOL040C,test,True,True,2.036766290664673,1.1270029991865158,1.5218638181686401,1.321291208267212,1.6822869777679443,0.2129678577184677,0.8966051340103149,1.4572618007659912,1.428141474723816,1.4863821268081665,0.20898647978901863,-0.11832388490438461,0.5362968444824219,1.0913825631141663,1.0053627490997314,1.177402377128601,0.5012010931968689,0.3316112756729126,0.6707909107208252
YOL041C,test,True,True,0.8016772866249084,1.2018025636672973,1.4424374103546143,1.0064539909362793,1.5661479234695435,0.9563634395599365,1.0376100540161133,0.6026704013347626,0.7982938289642334,0.40704697370529175,0.8640771210193634,0.799590528011322,0.9285637140274048,1.0725889801979065,1.1000741720199585,1.0451037883758545,1.1492214798927307,0.8164713382720947,1.4819716215133667
YOL042W,test,False,False,-0.4801081418991089,-0.9381232917308807,-0.4506590664386749,-1.3367118835449219,-1.1179893016815186,-0.988323986530304,-0.7969322204589844,-1.1415010690689087,-1.0670831203460693,-1.215919017791748,-0.38262329809367657,-0.02178337797522545,-0.7434632182121277,-0.7108147442340851,-0.627332329750061,-0.7942971587181091,-0.9792215824127197,-1.1451284885406494,-0.81331467628479
YOL043C,test,True,False,-0.10829702764749527,-1.2055146098136902,-1.7281461954116821,-1.5653245449066162,-0.7146322131156921,-0.8561409711837769,-1.1633291244506836,-1.1415010690689087,-1.0670831203460693,-1.215919017791748,-0.04480377584695816,-0.09391556680202484,0.0043080151081085205,-1.6740828156471252,-1.8347398042678833,-1.5134258270263672,-1.503658652305603,-1.9203709363937378,-1.0869463682174683
YOL044W,test,False,True,-0.2900741696357727,0.011525878310203552,0.3914147615432739,-0.5790814757347107,-0.08428414165973663,0.20171692967414856,0.1278633177280426,0.21991229057312012,0.6131916642189026,-0.17336708307266235,0.3994219899177551,0.584564745426178,0.21427923440933228,-0.023828521370887756,0.13735654950141907,-0.18501359224319458,0.23312632739543915,0.2629866302013397,0.20326602458953857
YOL045W,test,True,True,0.2655080258846283,0.0007805764675140381,0.24624493718147278,-0.48351722955703735,-0.1982976347208023,0.14603157341480255,0.2934412360191345,-0.09885009191930294,-0.05309566482901573,-0.14460451900959015,-0.2692944407463074,0.5123564004898071,-1.0509452819824219,0.2642359286546707,0.32295528054237366,0.20551657676696777,0.26743146777153015,0.2704908847808838,0.2643720507621765
YOL046C,test,False,False,-1.9908815622329712,-0.9543511026538909,-1.5198496580123901,-1.2076060771942139,-0.005109038669615984,-0.3057553470134735,-1.7334353923797607,-1.1415010690689087,-1.0670831203460693,-1.215919017791748,0.29155875742435455,0.6559130549430847,-0.07279554009437561,-1.2323335409164429,-1.724141240119934,-0.7405258417129517,-1.4612753987312317,-1.8341037034988403,-1.088447093963623
YOL047C,test,True,True,-1.4915549755096436,-0.13682897835969926,-1.0733625888824463,0.13046817481517792,-0.10875735431909561,0.25762850046157837,0.10987837612628937,0.08370258659124374,0.0970911830663681,0.07031399011611938,-0.15814241766929626,0.38198322057724,-0.6982680559158325,-0.14443150162696838,-0.41953763365745544,0.13067463040351868,-0.3340558558702469,-0.4332137703895569,-0.2348979413509369
YOL048C,test,True,True,-0.14757080376148224,-0.5807172656059265,-0.4059566557407379,-0.7073946595191956,-0.8731241822242737,-0.4146740734577179,-0.5024367570877075,-0.602805107831955,-0.6009787917137146,-0.6046314239501953,-0.08397610485553741,-0.5754610896110535,0.40750887989997864,-0.3218225687742233,-0.5120503306388855,-0.13159480690956116,-0.8910389691591263,-1.398380160331726,-0.3836977779865265
YOL049W,test,True,True,0.6527405977249146,0.42131197452545166,0.2441006302833557,0.32013407349586487,0.7462428212165833,0.13010236620903015,0.6659799814224243,0.6419159471988678,0.6841902732849121,0.5996416211128235,0.010156765580177307,-0.16038712859153748,0.1807006597518921,0.7158090621232986,0.40701475739479065,1.0246033668518066,0.610629066824913,0.4485909640789032,0.7726671695709229
YOL050C,test,False,False,-1.639182448387146,-0.9715682283043862,0.03357236832380295,-0.8961157202720642,-0.650550365447998,-1.3954330682754517,-1.9493143558502197,-1.1415010690689087,-1.0670831203460693,-1.215919017791748,-0.35826680809259415,-0.6426447033882141,-0.07388891279697418,-0.9929069727659225,-0.35774680972099304,-1.628067135810852,-0.9965986013412476,-1.4173649549484253,-0.5758322477340698
YOL051W,test,False,True,1.0828896760940552,1.1256664514541626,1.2142693996429443,0.7296712398529053,1.4756371974945068,1.3826355934143066,0.8261188268661499,0.7170652151107788,0.7882736921310425,0.6458567380905151,0.9066724479198456,1.1887224912643433,0.6246224045753479,0.9917315244674683,0.877356767654419,1.1061062812805176,0.8808857500553131,0.8763862252235413,0.885385274887085
YOL052C,test,True,True,0.7879452109336853,0.5040062844753266,0.6108784079551697,0.3152092695236206,0.6487787961959839,0.2788572609424591,0.6663076877593994,0.48901183903217316,0.540757417678833,0.4372662603855133,0.4498196393251419,0.5117564797401428,0.387882798910141,0.27371255680918694,-0.002983011305332184,0.550408124923706,0.6790614724159241,0.4112757444381714,0.9468472003936768
YOL052C-A,test,False,True,-0.3754267692565918,0.288432252779603,1.118385910987854,-0.04488450288772583,0.8806158900260925,-0.01057433895766735,-0.5013816952705383,-0.13625466264784336,-0.2729298174381256,0.00042049214243888855,-0.7326284646987915,-0.8843818306922913,-0.5808750987052917,0.2587970569729805,0.35579487681388855,0.16179923713207245,0.5472259148955345,0.24774734675884247,0.8467044830322266
YOL053W,test,True,True,0.44812366366386414,-0.09760666415095329,0.11079064756631851,-0.4034486711025238,-0.39126449823379517,0.15312466025352478,0.04276454076170921,-0.6797475218772888,-0.4172287583351135,-0.9422662854194641,0.02848770096898079,-0.050882600247859955,0.10785800218582153,-0.2581053078174591,-0.1556280553340912,-0.360582560300827,-0.8243903666734695,-1.191124439239502,-0.45765629410743713
YOL054W,test,True,True,0.5431395173072815,0.04029588839039207,-0.12349922209978104,-0.5828763842582703,0.005178819876164198,0.8439314961433411,0.05874473229050636,0.21769286692142487,0.34332752227783203,0.0920582115650177,-0.04508291929960251,0.07058228552341461,-0.16074812412261963,-0.3949405699968338,-0.2601897418498993,-0.5296913981437683,0.0461268313229084,0.19562144577503204,-0.10336778312921524
YOL055C,test,False,False,-0.720003604888916,-0.9842040702700615,-0.12258132547140121,-0.9354041218757629,-1.2742300033569336,-0.6636378169059753,-1.9251670837402344,-1.1415010690689087,-1.0670831203460693,-1.215919017791748,0.42425522208213806,0.42506250739097595,0.42344793677330017,-0.6430270075798035,-0.5373910069465637,-0.7486630082130432,-0.5597168952226639,-0.9536280632019043,-0.16580572724342346
YOL056W,test,True,True,0.3795434534549713,0.04275764375925064,-0.2549050748348236,-0.173167422413826,0.2141706496477127,0.06547228246927261,0.3622177839279175,0.20132043212652206,0.24128113687038422,0.1613597273826599,0.3287042900919914,0.541330099105835,0.11607848107814789,0.1577758975327015,0.007580257952213287,0.3079715371131897,-0.3955554664134979,-0.4776613414287567,-0.31344959139823914
YOL057W,test,False,True,0.21219883859157562,0.2828224807977676,0.3124239444732666,0.4628472924232483,0.2347596287727356,0.23368386924266815,0.17039766907691956,0.3810952603816986,0.45138752460479736,0.31080299615859985,0.28389306366443634,0.31831902265548706,0.24946710467338562,0.25855929031968117,-0.06709866970777512,0.5842172503471375,0.1091020256280899,0.07482820749282837,0.14337584376335144
YOL058W,test,False,True,0.9782732129096985,0.6263767182826996,0.7202398180961609,0.6756665110588074,0.9730437397956848,0.2601684033870697,0.5027651190757751,0.3593052700161934,0.6031655669212341,0.11544497311115265,0.4534311443567276,0.5684728026390076,0.33838948607444763,0.20551235973834991,0.006325483322143555,0.4046992361545563,0.9875428080558777,0.925708532333374,1.0493770837783813
YOL059W,test,True,True,1.514225721359253,0.8784725904464722,0.8311766386032104,1.0797252655029297,0.8520745635032654,0.5749173760414124,1.054469108581543,1.2623047232627869,1.5120713710784912,1.0125380754470825,0.5820320248603821,0.7345984578132629,0.4294655919075012,0.7338969111442566,0.5274965763092041,0.9402972459793091,1.2015668749809265,1.2446595430374146,1.1584742069244385
YOL060C,test,True,True,1.1175615787506104,0.6946304082870484,0.8818886876106262,0.6650113463401794,1.066770315170288,0.4573880434036255,0.40209364891052246,0.6583212614059448,0.5527329444885254,0.7639095783233643,0.3960488736629486,0.3116823136806488,0.4804154336452484,0.4912436008453369,0.6397548317909241,0.34273236989974976,0.8388213813304901,0.9849775433540344,0.6926652193069458
YOL061W,test,True,True,0.3633718192577362,0.36244846880435944,0.3545028269290924,0.31310784816741943,0.6424453854560852,0.37568649649620056,0.12649978697299957,0.77115198969841,0.6798914074897766,0.8624125719070435,0.2743493150919676,0.4967217743396759,0.05197685584425926,0.27825213968753815,0.2681526243686676,0.2883516550064087,0.18349848687648773,0.3382158577442169,0.028781116008758545
YOL062C,test,True,True,0.5367338061332703,0.022441530227661134,0.3444164991378784,-0.5838828086853027,0.08436852693557739,0.13252268731594086,0.13478274643421173,0.7048264741897583,0.7069053649902344,0.7027475833892822,0.05794837512075901,-0.04468850418925285,0.16058525443077087,-0.003499165177345276,0.2646264433860779,-0.27162477374076843,-0.015540461987257004,0.062011636793613434,-0.09309256076812744
YOL063C,test,True,False,-0.3278621435165405,-0.33408341407775877,-0.2977835536003113,-0.5280616879463196,0.0650586187839508,-0.33082935214042664,-0.5788010954856873,-1.1415010690689087,-1.0670831203460693,-1.215919017791748,0.536429226398468,0.6454716324806213,0.4273868203163147,0.057043805718421936,0.26951178908348083,-0.15542417764663696,-0.4731629192829132,-0.5128759145736694,-0.433449923992157
YOL064C,test,True,True,0.11875472962856293,0.13864155746996404,-0.06300972402095795,0.06836380064487457,0.46793103218078613,-0.019137082621455193,0.23905976116657257,0.4431651681661606,0.4472336173057556,0.43909671902656555,0.2963990569114685,-0.34794628620147705,0.9407444000244141,0.23014946281909943,0.15314021706581116,0.3071587085723877,0.3256829008460045,0.09950344264507294,0.551862359046936
YOL065C,test,False,True,0.22553029656410217,-0.6368703961372375,0.24986517429351807,-0.49949946999549866,-0.3661511242389679,-1.0962058305740356,-1.4723607301712036,-0.8324102461338043,-0.5786271691322327,-1.086193323135376,0.2700960040092468,0.34094393253326416,0.1992480754852295,-0.013758644461631775,0.44829243421554565,-0.4758097231388092,-0.38028115034103394,-0.4954782724380493,-0.26508402824401855
YOL066C,test,False,False,0.16731883585453033,-0.11298057436943054,0.47325146198272705,-0.6624665260314941,0.05509791150689125,-0.4734593629837036,0.04267364367842674,-1.1415010690689087,-1.0670831203460693,-1.215919017791748,1.1107158660888672,1.6697956323623657,0.5516360998153687,-0.12603985890746117,0.006425239145755768,-0.2585049569606781,-0.3309600055217743,-0.4100319445133209,-0.25188806653022766
YOL067C,test,True,True,0.8396010398864746,0.7299551844596863,0.6081750988960266,0.7848506569862366,0.614630401134491,1.1418513059616089,0.5002684593200684,0.1865769624710083,0.2798885107040405,0.09326541423797607,0.6570631414651871,0.41123107075691223,0.9028952121734619,0.49439628422260284,0.3262602984905243,0.6625322699546814,0.47136057913303375,0.5195633769035339,0.42315778136253357
YOL068C,test,True,True,0.8427512645721436,0.5424816310405731,0.6335083246231079,0.7885950803756714,0.411868155002594,0.45422813296318054,0.42420846223831177,0.45365914702415466,0.4080277383327484,0.4992905557155609,0.13869313523173332,0.0662946030497551,0.21109166741371155,0.33108367025852203,0.4324595630168915,0.2297077775001526,0.725915402173996,0.7706288695335388,0.6812019348144531
YOL069W,test,True,True,0.05310692638158798,-0.11005095839500427,0.027782339602708817,-0.26990944147109985,-0.1502857655286789,-0.15079140663146973,-0.007050517946481705,0.4066164046525955,0.4387279152870178,0.3745048940181732,-0.5680787488818169,-1.070254921913147,-0.06590257585048676,-0.0656530074775219,0.06063283234834671,-0.1919388473033905,0.04331498593091965,-0.04222099483013153,0.12885096669197083
YOL070C,test,True,True,0.7664246559143066,0.01647586524486542,0.4294808506965637,-0.18437039852142334,-0.10447011888027191,0.0648440569639206,-0.12310506403446198,0.2769974172115326,0.364725798368454,0.1892690360546112,0.04041038826107979,0.16729962825775146,-0.08647885173559189,0.0581254530698061,0.07964809238910675,0.03660281375050545,0.09678007662296295,0.21020354330539703,-0.01664339005947113
YOL071W,test,True,True,0.9490100145339966,0.190115737169981,0.027641817927360535,0.16869030892848969,0.451879620552063,0.3517415225505829,-0.04937458410859108,0.16957242786884308,0.23934416472911835,0.09980069100856781,0.9895676672458649,0.8562704920768738,1.122864842414856,0.35687772929668427,0.304200142621994,0.4095553159713745,0.06757130101323128,0.12191228568553925,0.01323031634092331
YOL072W,test,False,True,0.022829845547676086,-0.36602530926465987,-0.3746919333934784,-0.11754858493804932,-0.06285139173269272,-0.1810881793498993,-1.0939464569091797,0.022082077339291573,0.07617565989494324,-0.03201150521636009,-0.5392040219157934,-1.0992648601531982,0.020856816321611404,-0.5192514955997467,-0.5682632327079773,-0.4702397584915161,-0.6475597694516182,-1.4045222997665405,0.10940276086330414
YOL073C,test,False,True,0.20806501805782318,-0.3269163444638252,-0.11244768649339676,-0.26997023820877075,-0.3546832799911499,-0.18006280064582825,-0.7174177169799805,-0.3313433900475502,-0.14514972269535065,-0.5175370573997498,-0.013872712850570679,0.3333107531070709,-0.3610561788082123,-0.23880810290575027,-0.5586812496185303,0.08106504380702972,-0.3864034488797188,-0.6739583611488342,-0.09884853661060333
YOL075C,test,True,True,-0.7440013289451599,0.3634466230869293,0.4442720115184784,0.11405931413173676,0.4873671531677246,0.560437798500061,0.2110968381166458,0.38713981211185455,0.29598116874694824,0.47829845547676086,-0.04807877540588379,0.44531911611557007,-0.5414766669273376,0.3134189434349537,0.08276323229074478,0.5440746545791626,0.2602151408791542,0.24248333275318146,0.27794694900512695
YOL076W,test,True,True,0.453590452671051,0.7414499878883362,0.7454046607017517,0.4763767123222351,1.0021250247955322,0.7358558177947998,0.7474877238273621,0.6623301804065704,0.7614871859550476,0.5631731748580933,0.7083897292613983,0.8714393973350525,0.5453400611877441,0.970009446144104,0.8438029289245605,1.0962159633636475,0.7812034785747528,0.6396387219429016,0.922768235206604
YOL077C,test,True,True,1.0322009325027466,0.7720295310020446,0.3980677127838135,0.7977916598320007,0.8677564263343811,1.1383297443389893,0.6582021117210388,0.8815333545207977,0.9383566975593567,0.8247100114822388,0.24147142469882965,0.20296645164489746,0.27997639775276184,1.2233290672302246,1.1374377012252808,1.3092204332351685,1.1112126111984253,0.9429322481155396,1.279492974281311
YOL077W-A,test,True,True,1.6023564338684082,0.20622497498989106,-0.047604694962501526,0.42531681060791016,0.4935985505580902,-0.10532981157302856,0.265144020318985,0.6143867075443268,0.5564707517623901,0.6723026633262634,-0.7844867408275604,-1.162589430809021,-0.40638405084609985,-0.02048041671514511,-0.2342558205127716,0.19329498708248138,0.13576052337884903,-0.20380927622318268,0.47533032298088074
YOL078W,test,False,True,-0.04896540194749832,0.0811934757977724,0.11421509832143784,-0.2762352526187897,0.38966619968414307,-0.0019246172159910202,0.18024595081806183,0.45013129711151123,0.41833510994911194,0.4819274842739105,0.2804664447903633,0.4346580505371094,0.12627483904361725,-0.02230946347117424,0.07786796241998672,-0.1224868893623352,0.32104646414518356,0.6315457224845886,0.010547205805778503
YOL079W,test,False,False,-1.9724780321121216,-1.5038185119628906,-1.5266293287277222,-1.3809876441955566,-1.264991283416748,-1.806860089302063,-1.5396242141723633,-1.1415010690689087,-1.0670831203460693,-1.215919017791748,-0.9911064207553864,-1.1561732292175293,-0.8260396122932434,-1.7344530820846558,-1.9261806011199951,-1.5427255630493164,-1.653454303741455,-1.7239757776260376,-1.5829328298568726
YOL080C,test,True,True,0.5001569986343384,0.4202666372060776,0.6093271374702454,0.7077623009681702,0.6095187664031982,0.050954535603523254,0.12377044558525085,0.3347921818494797,0.40904712677001953,0.2605372369289398,0.6019552052021027,0.38365328311920166,0.8202571272850037,0.6153169870376587,0.558600127696991,0.6720338463783264,0.2926652133464813,0.2662005126476288,0.31912991404533386
YOL081W,test,True,True,0.3649650514125824,0.7288987576961518,0.9394254684448242,0.968851625919342,0.7444174885749817,0.5335614681243896,0.45823773741722107,0.5956615060567856,0.45290645956993103,0.7384165525436401,0.28200283646583557,0.4221787452697754,0.14182692766189575,0.4061407893896103,0.25638553500175476,0.5558960437774658,1.0737653374671936,1.2200173139572144,0.9275133609771729
YOL082W,test,True,True,0.072688989341259,1.029748010635376,1.0376209020614624,0.9729217886924744,1.3123528957366943,0.6382094025611877,1.187635064125061,0.8758898377418518,1.0851751565933228,0.6666045188903809,1.027856171131134,1.2431459426879883,0.8125663995742798,1.101246416568756,1.0353368520736694,1.1671559810638428,1.1935954093933105,1.2104294300079346,1.1767613887786865
YOL083C-A,test,False,False,-1.921277642250061,-1.9953001022338868,-1.8794666528701782,-2.084479570388794,-2.118425130844116,-1.785208821296692,-2.1089203357696533,-1.1415010690689087,-1.0670831203460693,-1.215919017791748,-1.7333891987800598,-1.4834133386611938,-1.9833650588989258,-2.091302990913391,-2.0924506187438965,-2.0901553630828857,-2.047619044780731,-2.1434831619262695,-1.9517549276351929
YOL083W,test,True,True,-0.5649816989898682,0.15159696638584136,0.13724002242088318,0.07785187661647797,-0.12588158249855042,0.9196646809577942,-0.25089016556739807,0.040205271914601326,0.141695037484169,-0.061284493654966354,1.0921552777290344,1.04215407371521,1.1421564817428589,0.048579832538962364,0.0901574119925499,0.007002253085374832,0.5300126224756241,0.577933132648468,0.48209211230278015
YOL084W,test,True,True,-1.1951961517333984,-0.5176835894584656,-1.3331421613693237,-0.6225326061248779,-0.5328913331031799,0.1289224773645401,-0.2287743240594864,-0.050454795360565186,-0.4414721429347992,0.3405625522136688,-1.6492005586624146,-1.7664895057678223,-1.5319116115570068,-0.02270633727312088,-0.14558672904968262,0.10017405450344086,-0.8938904851675034,-1.700024962425232,-0.08775600790977478
YOL085C,test,False,False,-1.6389124393463135,-0.9946574389934539,-0.48184695839881897,-0.8999108672142029,-1.6455645561218262,-1.1814631223678589,-0.764501690864563,-1.1415010690689087,-1.0670831203460693,-1.215919017791748,0.5366207957267761,0.6682968139648438,0.4049447774887085,-0.9558179378509521,-0.5868916511535645,-1.3247442245483398,-1.0943978130817413,-0.9927200675010681,-1.1960755586624146
YOL085W-A,test,False,False,-0.10626305639743805,-1.724696946144104,-1.753127098083496,-2.1349284648895264,-1.9750823974609375,-1.663991928100586,-1.0963548421859741,-1.1415010690689087,-1.0670831203460693,-1.215919017791748,-2.133416533470154,-2.2521891593933105,-2.014643907546997,-2.050921142101288,-1.8928941488265991,-2.2089481353759766,-1.8689600229263306,-1.9281169176101685,-1.8098031282424927
YOL086C,test,True,True,1.7672889232635498,1.5905786752700806,1.1899772882461548,2.2810866832733154,1.9143754243850708,0.9532581567764282,1.6141958236694336,1.8345240950584412,2.249958038330078,1.4190901517868042,1.1027081906795502,0.7574804425239563,1.447935938835144,1.515147089958191,1.2800220251083374,1.7502721548080444,1.6048146486282349,1.596053957939148,1.6135753393173218
YOL086W-A,test,True,True,0.238462895154953,0.605661278963089,0.6752498745918274,0.46006083488464355,1.0541551113128662,0.5666624903678894,0.2721780836582184,0.46420086920261383,0.5231197476387024,0.40528199076652527,0.14465896785259247,0.3854866921901703,-0.09616875648498535,0.3830904960632324,0.5161111354827881,0.25006985664367676,0.653814435005188,0.6303969621658325,0.6772319078445435
YOL087C,test,True,True,0.16124381124973297,0.37664394825696945,0.0949927493929863,0.25130608677864075,0.648819625377655,0.3279983401298523,0.5601029396057129,0.3632121980190277,0.3561733663082123,0.37025102972984314,0.12885603681206703,0.10425911098718643,0.15345296263694763,0.01801571249961853,0.1438606083393097,-0.10782918334007263,0.01059681922197342,0.22540201246738434,-0.2042083740234375
YOL088C,test,True,True,0.5536664724349976,0.002916570007801056,0.2536177635192871,-0.1203354224562645,0.27443403005599976,-0.4692404270172119,0.07610690593719482,0.42860154807567596,0.3666244149208069,0.49057868123054504,-0.24407847970724106,-0.35412564873695374,-0.13403131067752838,0.05948241241276264,0.16258946061134338,-0.0436246357858181,-0.01894015073776245,0.14539681375026703,-0.18327711522579193
YOL089C,test,True,True,-0.4351838529109955,0.1204386904835701,0.43887022137641907,-0.028814367949962616,-0.07645997405052185,0.1248304694890976,0.1437671035528183,0.4670541137456894,0.547507107257843,0.38660112023353577,0.02891082689166069,0.13862735033035278,-0.0808056965470314,0.15650399401783943,0.07899478822946548,0.23401319980621338,0.04125956445932388,0.0998842865228653,-0.01736515760421753
YOL090W,test,True,True,-0.023070096969604492,0.24577807486057282,0.6165482997894287,-0.03288717567920685,0.5383594632148743,-0.1843477487564087,0.29121753573417664,0.2428789958357811,0.16867022216320038,0.3170877695083618,0.10325512290000916,0.005191445350646973,0.20131880044937134,0.2844563014805317,0.02631542831659317,0.5425971746444702,0.5238264054059982,0.4540291726589203,0.5936236381530762
YOL091W,test,True,True,-1.334310531616211,-1.292068874835968,-0.8149900436401367,-2.0306482315063477,-1.7308459281921387,-1.2162684202194214,-0.6675917506217957,0.49801240861415863,0.38354912400245667,0.6124756932258606,-0.10992015898227692,-0.594407320022583,0.3745670020580292,-1.5522042512893677,-1.6547613143920898,-1.4496471881866455,-0.9508694186806679,-1.769696831703186,-0.13204200565814972
YOL092W,test,True,True,0.590799868106842,-0.40927196443080904,-0.10105301439762115,-0.3031803369522095,-1.0660400390625,-0.26975053548812866,-0.3063358962535858,0.40724997967481613,0.17873941361904144,0.6357605457305908,-0.5368347018957138,-0.6853414177894592,-0.3883279860019684,-0.5317503809928894,-0.44339466094970703,-0.6201061010360718,-0.05616799648851156,-0.005457935854792595,-0.10687805712223053
YOL093W,test,True,True,1.131037950515747,0.3929705865681171,0.628588080406189,0.3358873128890991,0.41404202580451965,0.5922432541847229,-0.005907740443944931,0.43133828043937683,0.39402273297309875,0.4686538279056549,0.06668191403150558,0.2557404637336731,-0.12237663567066193,0.48455798625946045,0.5171242952346802,0.4519916772842407,0.4130559414625168,0.5144387483596802,0.3116731345653534
YOL094C,test,True,True,0.17896708846092224,0.2520061582326889,0.440437912940979,0.21692264080047607,0.397025465965271,0.13055886328220367,0.07508590817451477,0.39342935383319855,0.40154552459716797,0.3853131830692291,0.18308231979608536,0.5653426051139832,-0.19917796552181244,0.09795913845300674,-0.1174747496843338,0.3133930265903473,0.19143326580524445,0.2637373208999634,0.11912921071052551
YOL095C,test,True,True,-0.5643731951713562,0.4603094458580017,0.5096598267555237,0.6387653350830078,0.3432263433933258,0.06239226460456848,0.7475034594535828,0.28033027797937393,0.23584119975566864,0.3248193562030792,0.43767254054546356,0.7665221095085144,0.10882297158241272,0.6125461757183075,0.37977707386016846,0.8453152775764465,0.6224482953548431,0.5179222226142883,0.726974368095398
YOL096C,test,True,True,-0.035769615322351456,0.20332661718130113,0.061141081154346466,0.2776584029197693,0.20951880514621735,0.2482362985610962,0.2200784981250763,0.1897326484322548,0.11985771358013153,0.25960758328437805,0.1104167066514492,0.04998617619276047,0.17084723711013794,-0.0610293373465538,-0.23223978281021118,0.11018110811710358,0.03596533089876175,-0.2494218498468399,0.3213525116443634
YOL097C,test,True,True,0.5292906761169434,0.44487487971782685,0.55128014087677,0.06819579005241394,0.7304913997650146,0.6286786198616028,0.24572844803333282,0.4668199270963669,0.49057871103286743,0.44306114315986633,0.4265119135379791,0.5608988404273987,0.29212498664855957,0.5010969638824463,0.5674402713775635,0.4347536563873291,0.2238229140639305,0.1981094628572464,0.24953636527061462
YOL097W-A,test,True,True,-0.6476660966873169,0.044825109839439395,0.15528368949890137,-0.33518168330192566,0.18722771108150482,0.12176743894815445,0.09502839297056198,0.20867489278316498,0.3070988059043884,0.11025097966194153,-1.1615086495876312,-0.7247589230537415,-1.598258376121521,0.007454250007867813,-0.06302670389413834,0.07793520390987396,0.14513035118579865,0.22903423011302948,0.06122647225856781
YOL098C,test,True,True,0.43100425601005554,0.19928817600011825,0.326407253742218,-0.09923586994409561,0.39791834354400635,0.21696622669696808,0.15438492596149445,0.3337811082601547,0.3780962824821472,0.28946593403816223,0.5509435087442398,0.32094576954841614,0.7809412479400635,0.0960092581808567,-0.1053042933344841,0.2973228096961975,0.12198291812092066,-0.018444208428263664,0.262410044670105
YOL099C,test,False,False,-1.2408440113067627,-1.098103293776512,-0.6665067076683044,-2.054694652557373,-0.2419094294309616,-0.9962436556816101,-1.5311620235443115,-1.1415010690689087,-1.0670831203460693,-1.215919017791748,-0.22986842691898346,-0.2974221706390381,-0.16231468319892883,-1.3409701585769653,-0.9922689199447632,-1.6896713972091675,-1.5191121101379395,-1.2056442499160767,-1.8325799703598022
YOL100W,test,True,True,0.20761582255363464,0.388348388671875,0.23417216539382935,0.9234700798988342,0.12733915448188782,0.47422608733177185,0.18253445625305176,0.5978715717792511,0.6545019149780273,0.5412412285804749,0.7480715960264206,0.3332711160182953,1.162872076034546,0.8422337174415588,0.8715670108795166,0.8129004240036011,0.14295291155576706,0.12313248217105865,0.16277334094047546
YOL101C,test,True,True,-0.558953583240509,0.12959447354078293,0.023473136126995087,0.6260144114494324,-0.3771328628063202,-0.28064608573913574,0.6562637686729431,0.43291181325912476,0.4971314072608948,0.36869221925735474,-1.4139006733894348,-1.3621939420700073,-1.4656074047088623,-0.15682533755898476,-0.04661373049020767,-0.26703694462776184,-0.13453995436429977,-0.06675104796886444,-0.2023288607597351
YOL102C,test,True,True,0.056922201067209244,-1.3974054098129272,-1.4719972610473633,-1.069965124130249,-2.331861734390259,-1.33014976978302,-0.7830531597137451,-0.42453815042972565,-0.13234415650367737,-0.7167321443557739,0.13608701527118683,-0.1542125940322876,0.42638662457466125,-1.5223364233970642,-1.8293848037719727,-1.2152880430221558,-1.2503288388252258,-1.0516986846923828,-1.4489589929580688
YOL103W,test,False,True,0.4307391345500946,0.2606300085783005,0.3996889591217041,0.061012640595436096,0.1875089406967163,0.1377260386943817,0.5172134637832642,0.36848340928554535,0.37814825773239136,0.35881856083869934,0.4041335415095091,0.7989346981048584,0.009332384914159775,0.4027419239282608,0.4655575156211853,0.3399263322353363,0.37050415575504303,0.33350449800491333,0.40750381350517273
YOL104C,test,True,True,-0.41706183552742004,-0.015630428865551948,0.09257648140192032,0.04771099239587784,0.020619681105017662,-0.6164380311965942,0.3773787319660187,-0.0973004549741745,-0.5301389694213867,0.3355380594730377,0.2637181580066681,0.1640441119670868,0.3633922040462494,0.10746853053569794,0.22343650460243225,-0.008499443531036377,0.31437139958143234,0.6478649973869324,-0.019122198224067688
YOL105C,test,True,True,0.12120858579874039,-0.004901432618498802,0.027725432068109512,-0.3442767560482025,0.33780232071876526,-0.030547408387064934,-0.015210751444101334,0.0967787578701973,0.268512099981308,-0.07495458424091339,0.2050827518105507,0.2757536470890045,0.13441185653209686,-0.052612513303756714,-0.34014201164245605,0.23491698503494263,-0.030636876821517944,-0.6118802428245544,0.5506064891815186
YOL106W,test,False,False,-1.1656928062438965,-0.9167397253215313,-0.546256959438324,-1.5362372398376465,-0.04201525077223778,-1.020279884338379,-1.4389092922210693,-1.1415010690689087,-1.0670831203460693,-1.215919017791748,-0.4651908203959465,-1.0574339628219604,0.12705232203006744,-1.007042109966278,-0.7754013538360596,-1.2386828660964966,-1.2046195268630981,-1.6818431615829468,-0.7273958921432495
YOL107W,test,True,True,0.282907634973526,0.22781358510255814,0.21533194184303284,0.32393401861190796,0.40958085656166077,0.06979726999998093,0.12042383849620819,0.6583136469125748,0.9026267528533936,0.414000540971756,-0.0949983038008213,0.05486927181482315,-0.24486587941646576,0.5140532404184341,0.23148325085639954,0.7966232299804688,0.2972574755549431,0.2446967512369156,0.3498181998729706
YOL108C,test,True,True,1.1410753726959229,0.3872693568468094,0.6591174006462097,0.7820623517036438,0.33627012372016907,0.23589155077934265,-0.0769946426153183,0.5595126301050186,0.8021131753921509,0.31691208481788635,0.4648972302675247,0.1283290684223175,0.8014653921127319,0.8405985534191132,0.6911049485206604,0.9900921583175659,0.44495023787021637,0.6632050275802612,0.2266954481601715
YOL109W,test,True,True,1.9677560329437256,1.2175761461257935,0.626491904258728,2.2784128189086914,1.4486373662948608,1.1086169481277466,0.6257216930389404,1.285100519657135,1.1369976997375488,1.4332033395767212,1.265105426311493,1.2846351861953735,1.2455756664276123,1.6341099739074707,1.3893173933029175,1.878902554512024,1.386331707239151,0.8387429118156433,1.9339205026626587
YOL110W,test,True,True,-0.4174368977546692,-1.0177600622177123,-1.351443886756897,-1.6246140003204346,-1.1708228588104248,-0.5412461757659912,-0.40067338943481445,-0.858111560344696,-0.6603960990905762,-1.055827021598816,-1.0619586408138275,-0.7569311261177063,-1.3669861555099487,-1.389263927936554,-1.353415608406067,-1.425112247467041,-0.8135940730571747,-0.518719494342804,-1.1084686517715454
YOL111C,test,True,True,1.005720853805542,0.015696239471435548,0.25815945863723755,-0.02175694704055786,0.4241420030593872,-0.8802116513252258,0.29814833402633667,0.4725000858306885,0.2696327567100525,0.6753674149513245,0.6782313734292984,0.9829183220863342,0.3735444247722626,0.1616378128528595,0.21251150965690613,0.11076411604881287,0.3813919425010681,0.17248928546905518,0.590294599533081
YOL112W,test,False,True,0.6000497341156006,0.17965442687273026,0.2750476002693176,-0.08526382595300674,0.5924118757247925,-0.1237669587135315,0.2398434430360794,0.22230248153209686,0.17508909106254578,0.26951587200164795,-0.6335835754871368,-0.756564199924469,-0.5106029510498047,0.04903649725019932,0.11166838556528091,-0.013595391064882278,0.07839850336313248,0.22747527062892914,-0.07067826390266418
YOL113W,test,True,True,-0.06296833604574203,0.6843269467353821,0.43417227268218994,0.7335402965545654,0.7213776707649231,0.8758244514465332,0.6567200422286987,0.49763457477092743,0.6628732681274414,0.33239588141441345,0.038209304213523865,-0.43771788477897644,0.5141364932060242,0.8878188133239746,0.9591747522354126,0.8164628744125366,0.7710814476013184,0.6235189437866211,0.9186439514160156
YOL114C,test,True,True,-0.050535909831523895,0.3611200779676437,0.5270559191703796,0.24144792556762695,0.24245165288448334,0.3164411187171936,0.47820377349853516,0.44365890324115753,0.5173929333686829,0.3699248731136322,0.027119219303131104,-0.34976819157600403,0.40400663018226624,0.19242967665195465,0.20608529448509216,0.17877405881881714,0.4487222284078598,0.5183762907981873,0.37906816601753235
YOL115W,test,False,True,0.2065124213695526,0.04211926013231278,0.2812865078449249,-0.5018390417098999,0.28893861174583435,0.05871184915304184,0.08349837362766266,0.1148313656449318,0.15239985287189484,0.07726287841796875,0.6927241161465645,1.2368000745773315,0.14864815771579742,0.2988609094172716,0.616921603679657,-0.019199784845113754,0.2662588283419609,0.24624775350093842,0.2862699031829834
YOL116W,test,True,True,0.22301200032234192,0.6103318214416504,0.749542772769928,0.47902005910873413,0.43195903301239014,0.881149172782898,0.5099880695343018,0.9250592887401581,0.83230060338974,1.0178179740905762,-0.4048793166875839,-0.5924234986305237,-0.21733513474464417,0.3288857638835907,0.2898477613925934,0.367923766374588,0.7176713049411774,0.5768305659294128,0.8585120439529419
YOL117W,test,True,False,-0.18227045238018036,-1.02578204870224,-0.3212047815322876,-1.5611202716827393,-0.6725712418556213,-1.3142389059066772,-1.2597750425338745,-1.1415010690689087,-1.0670831203460693,-1.215919017791748,-0.07200178503990173,0.1280411183834076,-0.27204468846321106,-0.8756909668445587,-0.8502268195152283,-0.9011551141738892,-1.2939635515213013,-1.2902623414993286,-1.297664761543274
YOL118C,test,False,False,-1.2064766883850098,-1.4504390239715577,-1.2342897653579712,-1.5870552062988281,-1.2757110595703125,-1.1134413480758667,-2.0416977405548096,-1.1415010690689087,-1.0670831203460693,-1.215919017791748,-0.7676029205322266,-0.7700290083885193,-0.7651768326759338,-1.5746538043022156,-1.3584011793136597,-1.7909064292907715,-1.3792873620986938,-1.2770599126815796,-1.481514811515808
YOL119C,test,False,True,0.3526555895805359,0.1708032302558422,0.3804657459259033,0.016778752207756042,0.22503094375133514,0.2625110149383545,-0.030770305544137955,0.4002915322780609,0.6311125755310059,0.16947048902511597,-0.32192910462617874,-0.6037188172340393,-0.040139392018318176,0.048277830705046654,0.07754208892583847,0.019013572484254837,0.6111976951360703,0.44667860865592957,0.7757167816162109
YOL120C,test,True,True,1.0188838243484497,1.2446440935134888,0.9632593989372253,1.570570468902588,2.0291669368743896,0.6212647557258606,1.0389589071273804,1.3725926280021667,1.5015275478363037,1.2436577081680298,0.1483634114265442,-0.18986907601356506,0.48659589886665344,0.8362241387367249,0.5291142463684082,1.1433340311050415,1.2152764201164246,0.9104952812194824,1.5200575590133667
YOL121C,test,True,True,1.0812923908233643,1.7804071187973023,1.466088891029358,1.4182097911834717,2.5624725818634033,1.811554193496704,1.6437101364135742,1.5978094339370728,1.8496692180633545,1.345949649810791,0.30621178448200226,0.30555859208106995,0.30686497688293457,1.0051290690898895,1.2385408878326416,0.7717172503471375,1.9282333254814148,2.1741600036621094,1.6823066473007202
YOL122C,test,True,True,-0.36050093173980713,0.21373357959091663,0.4285483956336975,0.07413835823535919,0.40968388319015503,0.03061194159090519,0.12568531930446625,0.2793913781642914,0.3541651964187622,0.20461755990982056,0.46883080154657364,0.7309781312942505,0.2066834717988968,-0.07697742246091366,-0.21296632289886475,0.05901147797703743,0.12425291538238525,-0.10464787483215332,0.35315370559692383
YOL123W,test,True,True,0.3019360303878784,1.0780433535575866,0.6248887181282043,1.441244125366211,1.7849791049957275,0.7434918880462646,0.7956129312515259,0.6443317532539368,0.6301668286323547,0.6584966778755188,0.8595719635486603,0.7239484190940857,0.9951955080032349,0.9073887467384338,0.8520158529281616,0.962761640548706,1.2284027934074402,1.1565066576004028,1.3002989292144775
YOL124C,test,True,True,0.171620175242424,0.578958946466446,0.5731697082519531,0.6359999775886536,0.8047663569450378,0.23049727082252502,0.6503614187240601,1.0809102952480316,0.9689083695411682,1.192912220954895,0.17006561905145645,0.36451131105422974,-0.024380072951316833,0.54032763838768,0.5975980758666992,0.4830572009086609,0.8217256367206573,0.946290910243988,0.6971603631973267
YOL125W,test,True,True,0.2575626075267792,0.5858688056468964,0.871048629283905,0.8769755959510803,0.28090623021125793,0.3107093572616577,0.5897042155265808,0.7574781179428101,0.6044285893440247,0.9105276465415955,0.6667269170284271,0.5792602896690369,0.7541935443878174,0.49145016074180603,0.5226561427116394,0.46024417877197266,0.9348423480987549,1.0002694129943848,0.869415283203125
YOL126C,test,True,True,0.6434570550918579,0.22277868390083314,0.936700165271759,0.3994285762310028,-1.2891907691955566,0.6048547029495239,0.4621007442474365,0.754772275686264,0.8860941529273987,0.6234503984451294,-0.9452837705612183,-0.8026789426803589,-1.0878885984420776,0.6943599060177803,1.2450400590896606,0.14367975294589996,0.7808311283588409,0.7920615077018738,0.7696007490158081
YOL127W,test,True,True,0.7519931793212891,1.7243530750274658,1.6931949853897095,2.133415699005127,1.7024898529052734,1.602887749671936,1.4897770881652832,1.8048424124717712,1.8500053882598877,1.7596794366836548,0.666474238038063,0.9642216563224792,0.36872681975364685,1.78187894821167,1.90542471408844,1.6583331823349,1.8956578373908997,2.1867833137512207,1.6045323610305786
YOL128C,test,True,True,-0.8039452433586121,-0.7321935772895813,-0.44358110427856445,-1.1791534423828125,-0.735255777835846,-0.70614093542099,-0.5968366265296936,0.2891934663057327,0.2880345582962036,0.29035237431526184,-0.3753146827220917,-0.1781863570213318,-0.5724430084228516,-0.4773774743080139,-0.4230223298072815,-0.5317326188087463,-1.0402039289474487,-1.1050690412521362,-0.9753388166427612
YOL129W,test,True,True,0.5533187389373779,-0.2371128663420677,-0.4114208519458771,-1.1410558223724365,-0.07344567030668259,0.33920517563819885,0.10115283727645874,0.2541564702987671,0.38578566908836365,0.12252727150917053,-0.3124677836894989,-0.8823273777961731,0.2573918104171753,-0.4310912787914276,-0.12743330001831055,-0.7347492575645447,-0.17684466391801834,-0.20576120913028717,-0.1479281187057495
YOL130W,test,True,True,0.32245463132858276,0.5608124345541,0.6079407930374146,0.43914371728897095,1.2345454692840576,0.19945962727069855,0.3229725658893585,0.0637624841183424,0.1437654346227646,-0.016240466386079788,0.6773670017719269,0.8368586897850037,0.5178753137588501,1.0307576060295105,1.0476189851760864,1.0138962268829346,0.41203243285417557,0.1448918730020523,0.6791729927062988
YOL131W,test,True,True,-1.7993923425674438,-1.135472011566162,-0.5588452219963074,-1.4102036952972412,-1.3153756856918335,-0.7729591727256775,-1.619976282119751,-1.6158501505851746,-1.4565303325653076,-1.7751699686050415,0.7382870465517044,0.49053266644477844,0.9860414266586304,-0.39211247861385345,-0.45360228419303894,-0.33062267303466797,-1.0617679953575134,-1.5226703882217407,-0.6008656024932861
YOL132W,test,True,True,-1.6386202573776245,-0.8241283178329468,-1.0068055391311646,-0.6857489943504333,-0.7534894347190857,-0.6915664672851562,-0.983031153678894,0.053556082770228386,0.07282489538192749,0.03428727015852928,0.29461637884378433,0.44865354895591736,0.1405792087316513,-1.2309105396270752,-1.2065104246139526,-1.2553106546401978,-1.1255736276507378,-2.0439743995666504,-0.20717285573482513
YOL133W,test,True,True,0.7743965983390808,0.15434230268001556,0.49271947145462036,-0.16165927052497864,-0.1641227751970291,0.31824982166290283,0.2865242660045624,0.7128272950649261,0.8302011489868164,0.5954534411430359,-0.6045893132686615,-1.1007481813430786,-0.10843044519424438,0.11418414302170277,0.18194550275802612,0.04642278328537941,0.3649904280900955,0.3777315020561218,0.3522493541240692
YOL134C,test,False,False,-1.9733052253723145,-1.480746579170227,-0.8842164278030396,-2.0069806575775146,-1.2577054500579834,-1.5512661933898926,-1.703564167022705,-1.1415010690689087,-1.0670831203460693,-1.215919017791748,-0.9988262951374054,-0.15730422735214233,-1.8403483629226685,-1.3107880353927612,-0.8038928508758545,-1.817683219909668,-1.7458364367485046,-1.5443018674850464,-1.947371006011963
YOL135C,test,True,True,0.9841502904891968,0.5086916744709015,0.5579699873924255,0.18331530690193176,0.6474128365516663,0.7106268405914307,0.4441334009170532,0.6859226524829865,0.8153497576713562,0.5564955472946167,0.5842761695384979,0.9961673617362976,0.17238497734069824,0.6829685270786285,0.4710926413536072,0.8948444128036499,0.7207405269145966,0.654425323009491,0.7870557308197021
YOL136C,test,True,True,0.5333938598632812,0.1328724890947342,-0.13314346969127655,0.2956579327583313,0.3952568769454956,-0.21591895818710327,0.3225100636482239,0.32994624227285385,0.5071941018104553,0.15269838273525238,0.43612147867679596,0.5262900590896606,0.3459528982639313,0.4819315969944,0.8401374220848083,0.1237257719039917,0.8008762896060944,0.7709836363792419,0.8307689428329468
YOL137W,test,False,True,0.0038281718734651804,0.10016708076000214,-0.14754575490951538,0.10664619505405426,0.2374853491783142,0.4528197944164276,-0.14857017993927002,0.5046456903219223,0.5259618759155273,0.48332950472831726,0.1626978162676096,0.3208513855934143,0.004544246941804886,-0.08591233193874359,-0.516151487827301,0.34432682394981384,0.12323637306690216,0.15088339149951935,0.09558935463428497
YOL138C,test,False,True,0.02254900150001049,-0.1023200336843729,-0.3715941905975342,-0.03936513513326645,-0.121453195810318,0.030479485169053078,-0.009667132049798965,0.23578649014234543,0.34852010011672974,0.12305288016796112,0.0667402446269989,-0.14933693408966064,0.28281742334365845,-0.0624198317527771,-0.29882577061653137,0.17398610711097717,0.08306218683719635,-0.28886616230010986,0.45499053597450256
YOL139C,test,True,True,0.9096654057502747,0.6681635320186615,0.39847829937934875,0.5368347764015198,0.8225915431976318,0.678703248500824,0.9042097926139832,0.4924183040857315,0.5576508641242981,0.4271857440471649,1.0171050131320953,1.3125983476638794,0.7216116786003113,0.6213907301425934,0.5808281898498535,0.6619532704353333,0.3702298104763031,0.18345659971237183,0.5570030212402344
YOL140W,test,True,True,-0.2943861782550812,0.5448713421821594,0.866309404373169,0.6398929357528687,0.4206654727458954,0.4249873757362366,0.37250152230262756,0.32986898720264435,0.5547444224357605,0.1049935519695282,0.5299731940031052,0.46850481629371643,0.5914415717124939,0.6463488638401031,0.5424631237983704,0.7502346038818359,0.4398714751005173,0.5793817639350891,0.30036118626594543
YOL141W,test,True,False,-0.31953343749046326,-0.2121792256832123,-0.2599277198314667,-0.2955746054649353,-0.6286895871162415,-0.42267489433288574,0.5459706783294678,-1.1415010690689087,-1.0670831203460693,-1.215919017791748,0.3491131067276001,0.45906636118888855,0.23915985226631165,-0.2942368760704994,-0.390529602766037,-0.19794414937496185,-0.3262162283062935,-0.45973774790763855,-0.19269470870494843
YOL142W,test,True,True,0.7581906318664551,0.6238363265991211,0.3990787863731384,0.8987736701965332,0.451604962348938,0.8183900713920593,0.5513341426849365,0.5730199813842773,0.5994868278503418,0.5465531349182129,0.1390761248767376,0.30196914076805115,-0.023816891014575958,0.2095779925584793,0.1346912980079651,0.28446468710899353,0.37590785324573517,0.5468331575393677,0.20498254895210266
YOL143C,test,True,True,0.723778247833252,0.4945158720016479,0.3889544606208801,0.9790430665016174,0.3201160430908203,0.4087069034576416,0.3757588863372803,0.688703864812851,0.77427077293396,0.6031369566917419,0.29277846217155457,0.14749866724014282,0.4380582571029663,0.7826619148254395,0.8036870956420898,0.7616367340087891,0.43123140931129456,0.1744949221611023,0.6879678964614868
YOL144W,test,True,True,0.5005812048912048,0.5296951055526733,0.28263574838638306,0.7826066613197327,1.232379674911499,0.17203909158706665,0.1788143515586853,0.43292172253131866,0.5563188195228577,0.30952462553977966,0.5558131784200668,0.7437829375267029,0.3678434193134308,0.47217170894145966,0.2480451762676239,0.6962982416152954,0.5838129073381424,0.7696827054023743,0.3979431092739105
YOL145C,test,True,True,0.7146801948547363,0.49618380665779116,0.6017967462539673,0.37363702058792114,0.7182577848434448,0.585642397403717,0.2015850841999054,0.6593493521213531,0.64848393201828,0.6702147722244263,-0.0007542967796325684,-0.7626702785491943,0.7611616849899292,0.4943716675043106,0.5977932810783386,0.3909500539302826,0.5690296143293381,0.6571093201637268,0.48094990849494934
YOL146W,test,True,True,0.13550066947937012,-0.25073560178279874,-0.02708195149898529,-0.7403159737586975,-0.3366628885269165,0.17617201805114746,-0.325789213180542,0.1969783455133438,0.32033610343933105,0.07362058758735657,0.18556402623653412,0.5058204531669617,-0.13469240069389343,-0.5957333594560623,-0.3355565369129181,-0.8559101819992065,0.23595009744167328,0.2527647018432617,0.21913549304008484
YOL147C,test,True,True,-0.11487776041030884,-0.10655681379139423,-0.0016770847141742706,-0.32451286911964417,-0.06380584090948105,-0.026509178802371025,-0.11627909541130066,0.4295329600572586,0.6317364573478699,0.22732946276664734,0.04100780189037323,0.1858806610107422,-0.10386505722999573,-0.556706503033638,-0.645597517490387,-0.46781548857688904,0.09175226371735334,0.025392970070242882,0.1581115573644638
YOL148C,test,True,True,0.7129207849502563,0.6729329764842987,0.8169949650764465,0.3728301525115967,1.0426247119903564,0.6457338333129883,0.4864812195301056,0.555880218744278,0.6092234253883362,0.5025370121002197,0.2785108108073473,0.5596450567245483,-0.0026234351098537445,0.5639590919017792,0.5371071696281433,0.590811014175415,0.5925842076539993,0.7581265568733215,0.4270418584346771
YOL149W,test,True,True,0.7164118885993958,0.25324346870183945,0.12464333325624466,0.020181670784950256,0.7376132607460022,0.2491435706615448,0.13463550806045532,-0.05384556204080582,0.16319610178470612,-0.27088722586631775,1.2283636331558228,1.223380446434021,1.2333468198776245,0.27435606718063354,0.42239099740982056,0.12632113695144653,0.14391207322478294,0.2261517196893692,0.061672426760196686
YOL150C,test,False,False,-1.3738634586334229,-1.5513925313949586,-1.7104212045669556,-1.627708911895752,-1.0179563760757446,-1.6072102785110474,-1.793665885925293,-1.1415010690689087,-1.0670831203460693,-1.215919017791748,0.03226928412914276,-0.18273639678955078,0.2472749650478363,-1.5629422068595886,-1.4008995294570923,-1.724984884262085,-1.6196185946464539,-1.3047045469284058,-1.934532642364502
YOL151W,test,False,True,1.5475022792816162,-0.42712262123823164,0.007739625871181488,-0.32812178134918213,-0.5896377563476562,-0.17093978822231293,-1.0546534061431885,-0.01961270160973072,-0.08690011501312256,0.04767471179366112,-0.055473536252975464,-0.040232397615909576,-0.07071467489004135,-0.6311679482460022,-0.9811229109764099,-0.2812129855155945,-0.08882617950439453,-0.47292420268058777,0.2952718436717987
YOL152W,test,True,True,-1.6790744066238403,0.3365895688533783,0.36737650632858276,0.3083523213863373,0.6624763607978821,0.4238356351852417,-0.07909297943115234,0.6525115966796875,0.5289984345436096,0.7760247588157654,0.33765047788619995,0.25489869713783264,0.42040225863456726,0.20183364674448967,0.0431537851691246,0.36051350831985474,0.4067704603075981,0.2318631261587143,0.5816777944564819
YOL154W,test,True,True,1.318295955657959,0.0635480523109436,0.32090798020362854,0.1817561388015747,0.8499986529350281,-0.35248956084251404,-0.6824329495429993,-0.32903742976486683,-0.6972877383232117,0.03921287879347801,0.13065775856375694,-0.11122993379831314,0.372545450925827,0.03299751877784729,0.22698083519935608,-0.1609857976436615,-0.04951104521751404,-0.6728697419166565,0.5738476514816284
YOL155C,test,True,True,0.0250971931964159,-1.1921635150909424,-1.7396700382232666,-0.9293999075889587,-0.691862165927887,-1.334617257118225,-1.2652682065963745,-0.221058651804924,0.014002054929733276,-0.4561193585395813,-1.4328148365020752,-2.268087148666382,-0.5975425243377686,-1.4874452352523804,-1.8125056028366089,-1.1623848676681519,-1.323766052722931,-1.8896698951721191,-0.7578622102737427
YOL155W-A,test,False,True,-2.088510751724243,-0.56542714163661,-1.0085903406143188,-1.5475971698760986,0.019094903022050858,-0.0783035159111023,-0.21173958480358124,-0.5367793794721365,-0.004424404352903366,-1.0691343545913696,-1.317480742931366,-1.9411003589630127,-0.6938611268997192,-0.6700090318918228,-0.2730228006839752,-1.0669952630996704,-0.6718768030405045,-0.9002863764762878,-0.44346722960472107
YOL156W,test,True,False,-1.88042151927948,-2.083328890800476,-2.0682623386383057,-2.13742995262146,-2.1296780109405518,-1.9812043905258179,-2.100069761276245,-1.1415010690689087,-1.0670831203460693,-1.215919017791748,-2.116581916809082,-2.1075820922851562,-2.125581741333008,-2.166481614112854,-2.1603240966796875,-2.1726391315460205,-2.061854600906372,-2.224682331085205,-1.899026870727539
YOL157C,test,True,False,-1.308638334274292,-1.414062762260437,-1.9099241495132446,-1.303182601928711,-0.8265811204910278,-1.5894211530685425,-1.4412047863006592,-1.1415010690689087,-1.0670831203460693,-1.215919017791748,-0.7911044545471668,-1.517040491104126,-0.06516841799020767,-1.6064953804016113,-1.8517528772354126,-1.36123788356781,-1.7526843547821045,-2.1632285118103027,-1.3421401977539062
YOL158C,test,False,True,0.783129096031189,1.1971296310424804,1.2957457304000854,1.0938811302185059,1.455783724784851,1.2878731489181519,0.8523644208908081,0.8008586764335632,0.9766708016395569,0.6250465512275696,0.42572788894176483,0.4194498658180237,0.432005912065506,0.6220438331365585,0.4415377080440521,0.8025499582290649,1.1907342374324799,0.8180394768714905,1.5634289979934692
YOL159C,test,True,True,-0.4939460754394531,-0.35899978280067446,-0.13955846428871155,-0.535006046295166,-0.2891250252723694,-0.35371023416519165,-0.4775991439819336,0.021273087710142136,0.038710612803697586,0.003835562616586685,0.5398202389478683,0.6261264085769653,0.45351406931877136,0.15464909747242928,0.09438035637140274,0.2149178385734558,-0.4553721398115158,-0.5547643303871155,-0.35597994923591614
YOL159C-A,test,False,True,-0.340106338262558,0.44274013936519624,0.19021624326705933,0.40816396474838257,0.9597411751747131,0.4374433159828186,0.2181359976530075,0.6080010235309601,0.47419917583465576,0.7418028712272644,-0.6887897998094559,-0.42014601826667786,-0.9574335813522339,0.06665179878473282,0.06366808712482452,0.06963551044464111,0.5926497206091881,0.21166221797466278,0.9736372232437134
YOL160W,test,False,False,-1.6012815237045288,-1.79640736579895,-2.0588433742523193,-1.8510255813598633,-1.7500712871551514,-1.896857738494873,-1.425238847732544,-1.1415010690689087,-1.0670831203460693,-1.215919017791748,-0.03791479766368866,-0.5225183963775635,0.44668880105018616,-1.6585569381713867,-2.154672384262085,-1.1624414920806885,-1.795482873916626,-1.9327532052993774,-1.6582125425338745
YOL161C,test,True,True,-2.018502712249756,-2.0704094886779787,-2.143141031265259,-1.8166098594665527,-2.1995174884796143,-1.9705841541290283,-2.2221949100494385,-1.7951945662498474,-1.6316691637039185,-1.9587199687957764,-1.9197332262992859,-2.066608190536499,-1.7728582620620728,-1.9876949191093445,-1.7398513555526733,-2.2355384826660156,-1.819158673286438,-1.8947149515151978,-1.7436023950576782
YOL162W,test,True,False,-1.5635168552398682,-1.7895602703094482,-1.4243930578231812,-2.1048879623413086,-1.999974012374878,-1.845945954322815,-1.5726003646850586,-1.1415010690689087,-1.0670831203460693,-1.215919017791748,-1.3058334290981293,-1.861735463142395,-0.7499313950538635,-1.8010253310203552,-1.7061702013015747,-1.8958804607391357,-1.3530064225196838,-1.5910135507583618,-1.1149992942810059
YOL163W,test,True,False,-1.531921625137329,-1.4781905174255372,-1.6328634023666382,-1.5927574634552002,-1.8384250402450562,-1.1136761903762817,-1.2132304906845093,-1.1415010690689087,-1.0670831203460693,-1.215919017791748,-0.546707458794117,-1.219213843345642,0.12579892575740814,-1.232312023639679,-1.6089799404144287,-0.8556441068649292,-0.9742101281881332,-1.5665711164474487,-0.38184913992881775
YOL164W,test,True,True,-0.3658665120601654,0.1270963244140148,0.5289991497993469,-0.21199166774749756,0.15273110568523407,0.17186054587364197,-0.006117511540651321,0.03298088163137436,-0.15404294431209564,0.22000470757484436,0.2800074964761734,0.3569585084915161,0.2030564844608307,-0.13295527920126915,-0.08623992651700974,-0.17967063188552856,0.15088028460741043,0.09970377385616302,0.20205679535865784
YOL164W-A,test,True,False,-1.6838750839233398,-1.0227322697639465,-1.1116756200790405,-1.3746397495269775,-0.7699314951896667,-0.2418367862701416,-1.6155776977539062,-1.1415010690689087,-1.0670831203460693,-1.215919017791748,0.5525302141904831,0.2678557336330414,0.8372046947479248,-0.9312500357627869,-0.8293442726135254,-1.0331557989120483,-1.4274154901504517,-1.767208218574524,-1.0876227617263794
YOL165C,test,True,False,-1.6897159814834595,-1.3183531701564788,-0.4799138009548187,-1.709017038345337,-1.234675407409668,-1.6184874773025513,-1.5496721267700195,-1.1415010690689087,-1.0670831203460693,-1.215919017791748,0.1546537671238184,0.252413272857666,0.05689426138997078,-1.6521500945091248,-1.3988820314407349,-1.9054181575775146,-1.7778464555740356,-1.778377652168274,-1.7773152589797974
YOL166C,test,False,False,-2.088510751724243,-1.859724187850952,-1.9390698671340942,-2.066859722137451,-1.752063274383545,-1.8138747215270996,-1.7267533540725708,-1.1415010690689087,-1.0670831203460693,-1.215919017791748,-0.8133706152439117,-0.8057052493095398,-0.8210359811782837,-2.007149398326874,-2.026406764984131,-1.9878920316696167,-1.9416608214378357,-1.9386966228485107,-1.9446250200271606
YOL166W-A,test,False,False,-2.088510751724243,-2.152916669845581,-2.1274497509002686,-2.142904281616211,-2.2954299449920654,-2.0691123008728027,-2.1296870708465576,-1.1415010690689087,-1.0670831203460693,-1.215919017791748,-2.1474961042404175,-2.2192223072052,-2.0757699012756348,-2.2404104471206665,-2.294924259185791,-2.185896635055542,-2.163712501525879,-2.341569185256958,-1.9858558177947998
YOR001W,test,True,True,0.3681214451789856,0.2849706619977951,0.595267117023468,0.2576974928379059,0.12295947968959808,0.06005176901817322,0.3888774514198303,0.2812509834766388,0.3672366440296173,0.19526532292366028,0.6675723493099213,0.8281099200248718,0.5070347785949707,0.4994523376226425,0.4821225702762604,0.5167821049690247,0.5418145507574081,0.6121657490730286,0.4714633524417877
YOR002W,test,True,True,-0.008495241403579712,0.17548295110464096,-0.07179654389619827,0.3271060883998871,0.06882606446743011,0.060490503907203674,0.4927886426448822,0.6159592866897583,0.6617394089698792,0.5701791644096375,0.06636925414204597,-0.09655275195837021,0.22929126024246216,0.4708233028650284,0.4859531819820404,0.45569342374801636,0.32651979476213455,0.24519504606723785,0.40784454345703125
YOR003W,test,True,True,-0.48937851190567017,-0.9253661751747131,-0.9205211997032166,-0.6028687357902527,-1.1255184412002563,-0.8846932053565979,-1.0932292938232422,-0.8450297564268112,-0.4889177978038788,-1.2011417150497437,0.5822843760251999,0.9324100613594055,0.23215869069099426,-0.6863369047641754,-0.8670735955238342,-0.5056002140045166,-0.9019815325737,-1.4876960515975952,-0.3162670135498047
YOR004W,test,False,True,0.5218609571456909,0.560029873251915,0.6526766419410706,0.1688050776720047,1.0422462224960327,0.8206982016563416,0.11572322249412537,0.5967054665088654,0.5251568555831909,0.6682540774345398,0.7494738548994064,0.4373515546321869,1.061596155166626,0.39922015368938446,0.253855437040329,0.5445848703384399,0.48814667016267776,0.1594325453042984,0.8168607950210571
YOR005C,test,True,True,-0.5990946888923645,-0.6187075059860945,-1.0574549436569214,-0.23426800966262817,-0.6281325817108154,-0.02072264812886715,-1.1529593467712402,-0.09393266215920448,-0.057457663118839264,-0.1304076611995697,0.5131525844335556,0.35648366808891296,0.6698215007781982,-0.6792677938938141,-0.6612495183944702,-0.697286069393158,-0.5225381106138229,-0.8967357277870178,-0.14834049344062805
YOR006C,test,True,True,0.7537696957588196,0.5427644610404968,0.7251996397972107,0.509124219417572,0.5314766764640808,0.521292507648468,0.4267292618751526,0.415819376707077,0.3713083565235138,0.46033039689064026,-0.157968670129776,-0.11922265589237213,-0.19671468436717987,0.3783456087112427,0.16637921333312988,0.5903120040893555,0.6038299649953842,0.3826846778392792,0.8249752521514893
YOR007C,test,True,True,0.8228327035903931,0.3914246022701263,0.34227830171585083,0.36556127667427063,0.5509000420570374,0.34465616941452026,0.35372722148895264,0.8979556560516357,1.1842955350875854,0.611615777015686,0.5077666491270065,0.6072016358375549,0.40833166241645813,0.8441421389579773,0.8139797449111938,0.8743045330047607,0.6966754794120789,0.6177071332931519,0.7756438255310059
YOR008C,test,False,True,1.0317186117172241,0.694195294380188,0.388860821723938,0.5615631937980652,1.3530054092407227,0.5954306721687317,0.5721163749694824,0.5429474115371704,0.5366033911705017,0.5492914319038391,0.582065686583519,0.7274876832962036,0.43664368987083435,0.29587397165596485,0.5773618817329407,0.014386061578989029,0.7339629232883453,0.5901650786399841,0.8777607679367065
YOR008C-A,test,True,True,-1.513265609741211,0.34840444624423983,0.48199933767318726,0.2986980378627777,0.20760993659496307,0.25630033016204834,0.49741458892822266,0.33615556359291077,0.3358633518218994,0.3364477753639221,0.06216287612915039,-0.35732606053352356,0.48165181279182434,0.7417420446872711,1.221858024597168,0.26162606477737427,0.11698910593986511,0.21555431187152863,0.0184239000082016
YOR008W-B,test,False,False,0.08439410477876663,-0.5122534304857254,-0.0853169709444046,-1.0784680843353271,-0.29391616582870483,-0.8091652393341064,-0.294400691986084,-1.1415010690689087,-1.0670831203460693,-1.215919017791748,1.2031456232070923,1.7277852296829224,0.6785060167312622,-0.6295831352472305,-0.2643411457538605,-0.9948251247406006,-1.0387032330036163,-0.9219362139701843,-1.1554702520370483
YOR009W,test,True,True,-0.49863219261169434,0.3377438772469759,0.11717184633016586,0.7007623314857483,0.26096683740615845,-0.001869169995188713,0.6116875410079956,0.3674754425883293,-0.025922074913978577,0.7608729600906372,0.5425065755844116,0.8617309331893921,0.22328221797943115,0.7550603449344635,0.6199759244918823,0.8901447653770447,-0.008988521993160248,-0.24453993141651154,0.22656288743019104
YOR010C,test,True,True,-0.7593582272529602,0.26130871176719667,0.4522947371006012,0.4136616587638855,-0.41912931203842163,0.4524938464164734,0.4072226285934448,-0.09897589683532715,-0.4413973391056061,0.24344554543495178,0.6025484502315521,0.6873229146003723,0.5177739858627319,0.02992234006524086,0.12377841025590897,-0.06393373012542725,0.45719587802886963,0.6451340317726135,0.26925772428512573
YOR011W,test,True,True,-0.6681786179542542,-0.8752297341823578,-1.521436333656311,-0.6928244233131409,-1.2812185287475586,-0.5012913346290588,-0.3793780505657196,0.01005207747220993,-0.10815958678722382,0.12826374173164368,-0.5818344354629517,-0.19881540536880493,-0.9648534655570984,-1.0502198040485382,-1.6430310010910034,-0.457408607006073,-0.5116294920444489,-0.13419467210769653,-0.8890643119812012
YOR011W-A,test,False,False,-1.8604087829589844,-1.6632282495498658,-1.6850053071975708,-1.817004919052124,-1.4588251113891602,-1.434617519378662,-1.9206883907318115,-1.1415010690689087,-1.0670831203460693,-1.215919017791748,-1.3327231705188751,-1.9998403787612915,-0.6656059622764587,-1.913057804107666,-1.8809782266616821,-1.94513738155365,-1.923067033290863,-1.92826509475708,-1.917868971824646
YOR012W,test,False,True,-0.8811018466949463,0.11971638202667237,0.4113984704017639,0.10183124244213104,-0.05670604854822159,-0.03616296499967575,0.1782212108373642,0.3280752897262573,0.1790882647037506,0.47706231474876404,-0.08472193777561188,-0.3502649962902069,0.18082112073898315,-0.27685597352683544,-0.5976763963699341,0.0439644493162632,0.12051998637616634,-0.03309367969632149,0.2741336524486542
YOR013W,test,False,False,-0.10583700239658356,-1.2509255290031434,-1.1622083187103271,-1.3252568244934082,-1.494606375694275,-1.395095705986023,-0.8774604201316833,-1.1415010690689087,-1.0670831203460693,-1.215919017791748,-0.12847724556922913,-0.21567705273628235,-0.0412774384021759,-1.672145664691925,-1.8900665044784546,-1.4542248249053955,-1.8151139616966248,-1.776271939277649,-1.8539559841156006
YOR014W,test,True,True,0.49551987648010254,0.5476003766059876,0.19934219121932983,0.8294178247451782,0.37175852060317993,0.7586886882781982,0.5787946581840515,0.45631377398967743,0.36962494254112244,0.5430026054382324,-0.5556006282567978,-0.6462794542312622,-0.4649218022823334,0.4027504213154316,0.12352082878351212,0.6819800138473511,0.4017227375879884,0.010211007669568062,0.7932344675064087
YOR015W,test,False,False,-0.29439690709114075,-1.4457334280014038,-0.8788386583328247,-1.3311705589294434,-1.552228569984436,-1.825606346130371,-1.6408230066299438,-1.1415010690689087,-1.0670831203460693,-1.215919017791748,-0.5279478877782822,-0.30541959404945374,-0.7504761815071106,-0.7774626016616821,-0.8762840032577515,-0.6786412000656128,-0.9661438092589378,-1.7207292318344116,-0.21155838668346405
YOR016C,test,True,True,0.21966533362865448,0.25047857910394666,0.3540426790714264,0.09901751577854156,0.5144292712211609,0.045317746698856354,0.23958568274974823,0.39517198503017426,0.3556061089038849,0.4347378611564636,0.4237231910228729,0.46884146332740784,0.378604918718338,0.0239186342805624,0.02952415496110916,0.01831311360001564,0.31548377871513367,0.2896227538585663,0.34134480357170105
YOR017W,test,False,True,0.07060132920742035,0.42981310188770294,0.1575111448764801,0.46112197637557983,0.6265835165977478,0.6703459024429321,0.23350296914577484,0.3687305897474289,0.3898972272872925,0.3475639522075653,0.052148833870887756,-0.13251563906669617,0.23681330680847168,0.047896455973386765,-0.09387067705392838,0.1896635890007019,0.4173491299152374,0.5242981314659119,0.310400128364563
YOR018W,test,True,True,0.2523050010204315,0.7690636992454529,0.8734495639801025,0.8065230846405029,0.8046643733978271,0.7100909948348999,0.6505904793739319,0.7529169321060181,0.8104154467582703,0.6954184174537659,0.2241794317960739,0.21055656671524048,0.23780229687690735,0.8465782403945923,0.6918896436691284,1.0012668371200562,0.818667083978653,0.8722988963127136,0.7650352716445923
YOR019W,test,True,True,-0.5826165676116943,-0.038975201547145844,-1.0888510942459106,0.15298041701316833,0.3442646861076355,0.06731174141168594,0.32941824197769165,-0.0420810729265213,-0.2714196741580963,0.1872575283050537,-0.4735819697380066,-0.6774958968162537,-0.2696680426597595,-0.5357005298137665,-0.9854470491409302,-0.08595401048660278,0.060896553099155426,-0.2225015014410019,0.34429460763931274
YOR020C,test,True,True,1.945880651473999,0.5226318523287773,0.00912206619977951,0.716769278049469,0.4673919975757599,0.5699166059494019,0.8499593138694763,0.9302142262458801,1.1238058805465698,0.7366225719451904,0.4511728286743164,0.6884288191795349,0.2139168381690979,0.49713170528411865,0.5033142566680908,0.4909491539001465,0.9044715166091919,1.2763582468032837,0.5325847864151001
YOR020W-A,test,True,True,1.0221846103668213,0.6691166281700134,0.810768187046051,0.648779034614563,0.7147846817970276,0.6569164395332336,0.5143347978591919,0.6253715753555298,0.618022620677948,0.6327205300331116,0.5261676162481308,0.742423951625824,0.3099112808704376,0.6036588102579117,0.8912441730499268,0.3160734474658966,0.8229770958423615,0.8364034295082092,0.8095507621765137
YOR021C,test,True,True,0.6611610651016235,1.016658902168274,0.8459184169769287,1.2915575504302979,0.9415993690490723,1.2984731197357178,0.705746054649353,1.1071690917015076,1.0652077198028564,1.1491304636001587,0.4798791706562042,0.5663645267486572,0.3933938145637512,1.036784052848816,0.9042779207229614,1.1692901849746704,0.9592329263687134,1.188607931137085,0.7298579216003418
YOR022C,test,True,True,-0.19036230444908142,0.359951151907444,0.1204412654042244,0.12077850103378296,0.8317393660545349,0.3510151505470276,0.37578147649765015,0.21818360686302185,0.2947567403316498,0.14161047339439392,-0.5554544776678085,-0.9107959866523743,-0.2001129686832428,0.25680841878056526,0.07657221704721451,0.437044620513916,0.23008542507886887,0.08472667634487152,0.3754441738128662
YOR023C,test,True,True,1.1107444763183594,0.6580607891082764,0.7572707533836365,0.6046196222305298,0.48686742782592773,0.7641999125480652,0.6773462295532227,0.6110980063676834,0.7424106001853943,0.47978541254997253,0.14604590833187103,-0.021327674388885498,0.31341949105262756,0.8086229860782623,0.8588945269584656,0.7583514451980591,0.8706060945987701,0.7311835885047913,1.010028600692749
YOR024W,test,False,False,-1.937984585762024,-1.4264795303344726,-1.7223936319351196,-1.4921643733978271,-0.855647087097168,-1.4073821306228638,-1.6548104286193848,-1.1415010690689087,-1.0670831203460693,-1.215919017791748,-0.004297196865081787,-0.3369409143924713,0.32834652066230774,-1.328451782464981,-1.932137370109558,-0.724766194820404,-1.5387945771217346,-2.226111888885498,-0.8514772653579712
YOR025W,test,True,True,0.8940514922142029,1.04820773601532,1.0262519121170044,1.003648281097412,0.9238995909690857,1.4484344720840454,0.8388044238090515,0.891385942697525,0.9875796437263489,0.7951922416687012,0.48450055718421936,0.5226979851722717,0.446303129196167,1.2910504341125488,1.2747722864151,1.3073285818099976,0.8743052184581757,0.9128676056861877,0.8357428312301636
YOR026W,test,True,True,0.27251681685447693,0.28518258333206176,0.33071088790893555,0.16729587316513062,0.3909270763397217,0.40329211950302124,0.13368695974349976,0.3587522804737091,0.29253721237182617,0.42496734857559204,0.09808684885501862,-0.13797152042388916,0.3341452181339264,0.17482858151197433,0.5084066987037659,-0.1587495356798172,0.40337803959846497,0.2799847722053528,0.5267713069915771
YOR027W,test,True,True,1.1868678331375122,1.1678375720977783,1.2828112840652466,1.1832945346832275,1.6350457668304443,1.1504987478256226,0.5875375270843506,1.0754165947437286,1.1998918056488037,0.9509413838386536,0.11081544309854507,0.08423836529254913,0.13739252090454102,1.1939306855201721,1.233871579170227,1.1539897918701172,0.9567427635192871,1.3866536617279053,0.526831865310669
YOR028C,test,False,True,0.29483336210250854,0.09450260996818542,-0.5209652781486511,0.7217469811439514,-0.06492206454277039,-0.07674801349639893,0.41340142488479614,0.02861379086971283,-0.4369681477546692,0.49419572949409485,-0.35740748420357704,-0.07890165597200394,-0.6359133124351501,0.3794534057378769,0.3103952705860138,0.44851154088974,-0.1982307732105255,-0.9888960719108582,0.5924345254898071
YOR029W,test,False,False,-1.7764222621917725,-1.8522236824035645,-1.805965781211853,-2.1116299629211426,-1.7059526443481445,-1.8020635843276978,-1.8355064392089844,-1.1415010690689087,-1.0670831203460693,-1.215919017791748,-1.3459607362747192,-1.3751775026321411,-1.3167439699172974,-1.8802786469459534,-1.7404299974441528,-2.020127296447754,-1.8839021921157837,-1.855832815170288,-1.9119715690612793
YOR030W,test,True,True,0.38942405581474304,-0.0033949464559555054,-0.20328670740127563,0.5181121230125427,0.21015961468219757,-0.1658620834350586,-0.3760976791381836,0.3255358934402466,0.41724202036857605,0.23382976651191711,-0.2757696658372879,-0.16775327920913696,-0.38378605246543884,-0.001976173371076584,-0.10650106519460678,0.10254871845245361,0.09486554563045502,-0.08596628904342651,0.27569738030433655
YOR032C,test,True,True,-0.8580121397972107,-0.12171953767538071,-0.8052287697792053,0.053521715104579926,0.14082221686840057,0.3298407793045044,-0.3275536298751831,0.42182231694459915,0.1370069533586502,0.7066376805305481,-0.43427349999547005,0.0528431162238121,-0.9213901162147522,-0.09506882727146149,-0.4465648829936981,0.25642722845077515,-0.06335943937301636,-0.7330200672149658,0.6063011884689331
YOR032W-A,test,True,True,-0.7169725298881531,-0.8142647504806518,-0.25716525316238403,-0.6673226952552795,-1.0183823108673096,-1.4006997346878052,-0.727753758430481,-0.4185531362891197,-1.0331183671951294,0.19601209461688995,-1.141777515411377,-1.3930732011795044,-0.8904818296432495,-0.12088271975517273,-0.4428034722805023,0.20103803277015686,-0.05831674486398697,0.22971029579639435,-0.3463437855243683
YOR033C,test,False,True,-0.03738164156675339,0.4266960546374321,0.7041575908660889,0.032805733382701874,0.7414114475250244,0.3838995397090912,0.27120596170425415,0.2722995728254318,0.10072892904281616,0.4438702166080475,0.014113768935203552,-0.235996276140213,0.2642238140106201,0.25315380096435547,0.2949618995189667,0.21134570240974426,0.5508053749799728,0.6749813556671143,0.4266293942928314
YOR034C,test,True,True,-0.05620009824633598,0.031744801253080365,-0.0552038848400116,0.3359948992729187,-0.0551719106733799,-0.33694547414779663,0.27005037665367126,0.3208760917186737,0.3151314854621887,0.3266206979751587,0.564144641160965,0.3108622431755066,0.8174270391464233,0.2081662230193615,-0.05952218919992447,0.47585463523864746,0.08315973356366158,-0.04562675207853317,0.21194621920585632
YOR034C-A,test,True,True,-0.6704772114753723,-0.03733131289482117,0.36508268117904663,0.020313739776611328,-0.19095385074615479,-0.2348107099533081,-0.1462884247303009,0.28322216123342514,0.22731690108776093,0.33912742137908936,0.18717624247074127,-0.17004844546318054,0.5444009304046631,0.36061476171016693,0.06784054636955261,0.6533889770507812,0.23936878889799118,0.09611992537975311,0.38261765241622925
YOR035C,test,True,True,0.19707684218883514,0.5406862735748291,0.4943828582763672,0.21501591801643372,1.0109083652496338,0.5346468091011047,0.4484774172306061,0.3829488605260849,0.3392314910888672,0.4266662299633026,-0.06835311464965343,-0.09439423680305481,-0.04231199249625206,0.591977059841156,0.8137566447257996,0.37019747495651245,0.6851079612970352,0.8856260776519775,0.4845898449420929
YOR036W,test,True,True,1.1536537408828735,0.5030230194330215,0.6483167409896851,0.1677907109260559,0.24779929220676422,0.8417994379997253,0.6094089150428772,0.4218374416232109,0.2293170541524887,0.6143578290939331,0.37754853069782257,0.22542324662208557,0.5296738147735596,0.4503641352057457,0.9811272621154785,-0.08039899170398712,0.5416155755519867,0.8218427896499634,0.26138836145401
YOR037W,test,False,False,0.5081114768981934,-0.8203719317913055,-0.00897112488746643,-0.7753903269767761,-1.4520373344421387,-0.5199499130249023,-1.3455109596252441,-1.1415010690689087,-1.0670831203460693,-1.215919017791748,0.09496922977268696,-0.017750855535268784,0.2076893150806427,-0.6784973740577698,-0.6306225061416626,-0.726372241973877,-0.9609795808792114,-1.2343765497207642,-0.6875826120376587
YOR038C,test,True,True,0.007950300350785255,0.2730429440736771,0.34662288427352905,0.46561408042907715,0.08661672472953796,-0.04554934799671173,0.5119103789329529,0.4701714962720871,0.5065181851387024,0.4338248074054718,-0.04385223984718323,-0.42308661341667175,0.3353821337223053,0.7179718911647797,0.8113929629325867,0.6245508193969727,0.22296618297696114,0.0822119191288948,0.36372044682502747
YOR039W,test,True,True,0.5834050178527832,0.603918194770813,0.48549729585647583,0.847636342048645,0.8271542191505432,0.2532031536102295,0.6060999631881714,0.48215433955192566,0.5242394208908081,0.4400692582130432,0.2026163563132286,-0.08992402255535126,0.49515673518180847,0.6835761964321136,0.6151388883590698,0.7520135045051575,0.48720186203718185,0.11892019212245941,0.8554835319519043
YOR040W,test,True,True,-0.30747681856155396,0.3897703766822815,0.16010859608650208,0.14766690135002136,0.5062865018844604,0.5202144980430603,0.6145753860473633,0.5346218049526215,0.40796035528182983,0.6612832546234131,0.4137943834066391,0.027697592973709106,0.7998911738395691,0.1580611914396286,-0.06537184119224548,0.3814942240715027,0.2454330325126648,-0.21053743362426758,0.7014034986495972
YOR041C,test,False,False,-1.6476045846939087,-1.6813771963119506,-1.435732364654541,-2.0847649574279785,-2.025395154953003,-1.0635216236114502,-1.7974718809127808,-1.1415010690689087,-1.0670831203460693,-1.215919017791748,-0.8708116263151169,-0.3547303378582001,-1.3868929147720337,-1.9478135704994202,-1.9088855981826782,-1.986741542816162,-1.921338438987732,-1.9146672487258911,-1.9280096292495728
YOR042W,test,True,True,1.0395891666412354,1.1540541529655457,0.9502971768379211,1.6057136058807373,1.113917589187622,1.2319562435150146,0.8683861494064331,0.7471936047077179,0.8013147711753845,0.6930724382400513,0.3874710500240326,0.3567032516002655,0.4182388484477997,1.0885595381259918,0.7478585839271545,1.429260492324829,1.0194801092147827,1.1688553094863892,0.8701049089431763
YOR043W,test,True,True,0.6656965017318726,0.6992819398641587,0.7410293817520142,0.9891226887702942,1.5492298603057861,-0.08600552380084991,0.3030332922935486,0.27528347074985504,0.42078739404678345,0.12977954745292664,0.5000305324792862,0.5696865916252136,0.43037447333335876,0.5634056627750397,0.5620752573013306,0.5647360682487488,0.8272464573383331,0.7884959578514099,0.8659969568252563
YOR044W,test,True,True,0.5530966520309448,0.11744444072246552,-0.12101779878139496,0.23197627067565918,0.41549524664878845,-0.3603106737136841,0.421079158782959,0.4820006787776947,0.4127483367919922,0.5512530207633972,0.1620381847023964,0.13744637370109558,0.1866299957036972,-0.19013938307762146,-0.29456618428230286,-0.08571258187294006,0.1682754121720791,0.0533558651804924,0.28319495916366577
YOR045W,test,True,True,0.7505142092704773,0.5358675062656403,0.6645953059196472,0.5309221744537354,0.5756863951683044,0.3760303556919098,0.5321033000946045,0.5951572060585022,0.6811289191246033,0.5091854929924011,-0.5099150016903877,-0.8912392258644104,-0.12859077751636505,0.5171556323766708,0.27011987566947937,0.7641913890838623,0.4485691338777542,0.3378891050815582,0.5592491626739502
YOR046C,test,True,True,0.5954180955886841,0.3623075902462006,0.30731916427612305,0.10779173672199249,0.9216615557670593,0.19714336097240448,0.27762213349342346,0.44826242327690125,0.46585482358932495,0.43067002296447754,0.18641351163387299,0.2856873869895935,0.08713963627815247,0.22875428199768066,0.3356510102748871,0.12185755372047424,0.45730583369731903,0.3946532905101776,0.5199583768844604
YOR047C,test,True,True,0.9434884190559387,0.558806249499321,0.8182941675186157,0.5341364145278931,0.5004440546035767,0.1935783475637436,0.7475782632827759,0.42991721630096436,0.2868193984031677,0.573015034198761,0.15067430958151817,0.03646724671125412,0.2648813724517822,0.7117013037204742,0.8932917714118958,0.5301108360290527,0.42059483379125595,0.1761355847120285,0.6650540828704834
YOR048C,test,True,True,0.47574082016944885,0.6013595759868622,0.34383252263069153,0.5689957737922668,0.7768640518188477,0.7361467480659485,0.5809587836265564,0.617318406701088,0.7477168440818787,0.48691996932029724,0.22004345059394836,0.20801123976707458,0.23207566142082214,0.5389359295368195,0.33168691396713257,0.7461849451065063,0.4160853326320648,0.389575332403183,0.44259533286094666
YOR049C,test,True,True,-0.8978104591369629,-1.024146044254303,-0.16307467222213745,-1.4672532081604004,-1.4929758310317993,-0.7040789127349854,-1.2933475971221924,-0.06990821659564972,-0.06861729919910431,-0.07119913399219513,0.07103493809700012,0.2379535734653473,-0.09588369727134705,-0.645094633102417,-0.21937167644500732,-1.0708175897598267,-0.48682548105716705,-1.264681100845337,0.2910301387310028
YOR050C,test,False,False,-1.8719758987426758,-1.61291446685791,-1.1543766260147095,-2.0771865844726562,-1.7610440254211426,-1.541763424873352,-1.5302016735076904,-1.1415010690689087,-1.0670831203460693,-1.215919017791748,-1.1035200357437134,-0.924100399017334,-1.2829396724700928,-1.9072481393814087,-1.823540210723877,-1.9909560680389404,-1.9905550479888916,-2.0621657371520996,-1.9189443588256836
YOR051C,test,True,True,0.5248363018035889,0.5204648852348328,0.298011839389801,0.7111352682113647,0.6199898719787598,0.20710110664367676,0.7660863399505615,0.46181222796440125,0.5267863273620605,0.39683812856674194,0.27191969752311707,0.2995102107524872,0.24432918429374695,0.3121050149202347,-0.18366596102714539,0.8078759908676147,0.4937948137521744,0.6566511988639832,0.3309384286403656
YOR052C,test,True,True,1.5110454559326172,0.1923529863357544,0.04893578588962555,-0.06623785197734833,0.3048018217086792,0.30737513303756714,0.3668900430202484,0.25472784973680973,0.04407225921750069,0.4653834402561188,0.2761748135089874,0.1813550591468811,0.37099456787109375,0.0227687805891037,-0.20478224754333496,0.25031980872154236,0.01263829693198204,-0.09635359793901443,0.12163019180297852
YOR053W,test,False,False,-1.1308698654174805,-1.9059075832366943,-1.9558395147323608,-1.8925755023956299,-2.1418416500091553,-1.8369332551956177,-1.702347993850708,-1.1415010690689087,-1.0670831203460693,-1.215919017791748,-0.35593832843005657,-0.7126407027244568,0.0007640458643436432,-2.049428343772888,-2.138254404067993,-1.9606022834777832,-1.6658149361610413,-2.107361316680908,-1.2242685556411743
YOR054C,test,True,True,0.7491916418075562,0.14036891758441924,0.1418238878250122,-0.09773851931095123,0.016564443707466125,0.19540221989154816,0.445792555809021,-0.22751159965991974,-0.3394513726234436,-0.11557182669639587,-0.07469810545444489,-0.33985045552253723,0.19045424461364746,0.043407393619418144,0.04154438525438309,0.0452704019844532,-0.06402707099914551,-0.4663238227367401,0.3382696807384491
YOR055W,test,False,False,-1.9711805582046509,-1.696869683265686,-1.8127520084381104,-1.9842944145202637,-1.9404865503311157,-0.8963762521743774,-1.850439190864563,-1.1415010690689087,-1.0670831203460693,-1.215919017791748,-0.8294457048177719,-1.9287019968032837,0.26981058716773987,-1.8115809559822083,-1.949506163597107,-1.6736557483673096,-1.994922935962677,-2.1795144081115723,-1.8103314638137817
YOR056C,test,True,True,0.5734176635742188,0.9949559688568115,0.8172426819801331,0.5948188304901123,1.77494215965271,0.8739121556282043,0.913864016532898,0.7859673798084259,0.7458619475364685,0.8260728120803833,0.327461913228035,0.29018351435661316,0.3647403120994568,0.5310906767845154,0.17559093236923218,0.8865904211997986,1.0084539651870728,0.7448540925979614,1.272053837776184
YOR057W,test,True,True,0.16408951580524445,0.4098229706287384,0.26448750495910645,0.1388055980205536,0.8935908675193787,0.18101489543914795,0.5712159872055054,0.546765610575676,0.6035875678062439,0.48994365334510803,-0.5249431524425745,-1.0722578763961792,0.022371571511030197,0.10389641299843788,-0.08366202563047409,0.29145485162734985,0.0804164931178093,-0.1254761666059494,0.286309152841568
YOR058C,test,True,True,0.21075570583343506,0.8110186338424683,0.6588077545166016,1.4278175830841064,0.8524512648582458,0.8399342894554138,0.27608227729797363,0.6932064294815063,0.6540997624397278,0.7323130965232849,0.43841379322111607,0.8532889485359192,0.023538637906312943,0.6843707859516144,0.5276117920875549,0.8411297798156738,0.8217251896858215,0.7183248996734619,0.9251254796981812
YOR059C,test,True,True,0.4120582640171051,0.4372623130679131,0.6220686435699463,-0.07726418226957321,0.6769565343856812,0.8067486882209778,0.15780188143253326,0.5353105664253235,0.5657682418823242,0.5048528909683228,0.09256354533135891,0.21154576539993286,-0.026418674737215042,0.40947528183460236,0.2507769763469696,0.5681735873222351,0.12957973778247833,0.18553955852985382,0.07361991703510284
YOR060C,test,True,True,0.4530009627342224,0.45878403782844546,0.21778559684753418,0.22439584136009216,0.7868607640266418,0.6843587756156921,0.38051921129226685,0.47055022418498993,0.507507860660553,0.4335925877094269,0.22031893953680992,0.11789479106664658,0.32274308800697327,0.06178906187415123,-0.06535152345895767,0.18892964720726013,0.346358984708786,0.2008516490459442,0.4918663203716278
YOR061W,test,False,True,0.7287587523460388,0.30968067049980164,0.22533714771270752,0.20925748348236084,0.47171851992607117,0.25385987758636475,0.3882303237915039,0.38100598752498627,0.2846740484237671,0.47733792662620544,0.2493743896484375,0.18607231974601746,0.31267645955085754,0.0839834213256836,-0.21346229314804077,0.38142913579940796,0.04653875529766083,-0.2590106129646301,0.3520881235599518
YOR062C,test,False,True,0.2243659496307373,0.03008546605706215,-0.3082755208015442,0.23347297310829163,-0.10362881422042847,0.3701281249523163,-0.04126943275332451,-0.3228027056902647,-0.009104039520025253,-0.6365013718605042,-0.08639368414878845,-0.391836553812027,0.21904918551445007,0.09060443937778473,-0.36174795031547546,0.5429568290710449,0.15624863654375076,-0.036158934235572815,0.34865620732307434
YOR063W,test,True,True,1.6335773468017578,1.055708658695221,1.0152806043624878,1.0550310611724854,1.2627458572387695,0.6838752627372742,1.261610507965088,1.2697860896587372,1.5881047248840332,0.9514674544334412,1.4318026304244995,1.5093973875045776,1.3542078733444214,1.062468409538269,1.2811063528060913,0.8438304662704468,0.8548987507820129,0.8000469207763672,0.9097505807876587
YOR064C,test,True,True,0.5526285767555237,0.5204954206943512,-0.3348991572856903,0.7199698090553284,0.7404794096946716,0.6597985029220581,0.8171285390853882,0.4200295954942703,0.5112950801849365,0.3287641108036041,0.2748745158314705,0.3517148792743683,0.1980341523885727,0.7214784622192383,0.8464576005935669,0.5964993238449097,0.3907489627599716,0.6504004597663879,0.1310974657535553
YOR065W,test,False,True,0.28425106406211853,0.6112299978733062,0.42576590180397034,0.8598734736442566,0.46992993354797363,0.5201720595359802,0.7804086208343506,0.4357656091451645,0.5035244822502136,0.36800673604011536,0.24644868075847626,0.18443799018859863,0.3084593713283539,0.4888669550418854,0.38171160221099854,0.5960223078727722,0.4346839040517807,0.5824936032295227,0.2868742048740387
YOR066W,test,True,True,0.8478933572769165,-0.39877772256731986,-0.9074382185935974,-0.28412461280822754,-0.5823368430137634,-0.2389039397239685,0.018915001302957535,0.42035646736621857,0.4742688536643982,0.36644408106803894,-0.7118572741746902,-1.1089813709259033,-0.3147331774234772,-0.07882346212863922,-0.43571579456329346,0.278068870306015,-0.24258891493082047,-0.2263532131910324,-0.2588246166706085
YOR067C,test,True,True,-0.164680615067482,-0.15092507898807525,-0.06086861342191696,-0.4756145179271698,-0.02098913863301277,-0.16844552755355835,-0.0287075974047184,0.48616060614585876,0.5235398411750793,0.4487813711166382,-1.2570728659629822,-1.2215019464492798,-1.2926437854766846,-0.5947025120258331,-0.8593700528144836,-0.3300349712371826,0.1027686595916748,0.04904855787754059,0.15648876130580902
YOR068C,test,False,False,-1.953100562095642,-1.7131800055503845,-1.8605306148529053,-1.8046343326568604,-0.9769471287727356,-1.8104921579360962,-2.113295793533325,-1.1415010690689087,-1.0670831203460693,-1.215919017791748,-1.2159850001335144,-1.7947701215744019,-0.637199878692627,-1.9669254422187805,-2.035550117492676,-1.8983007669448853,-1.9605582356452942,-2.149416923522949,-1.7716995477676392
YOR069W,test,False,True,0.42961135506629944,-0.021348954737186433,0.2012823224067688,-0.4975164532661438,0.14725621044635773,-0.09319091588258743,0.13542406260967255,0.39259327948093414,0.4011596143245697,0.3840269446372986,-0.2370445691049099,-0.4122157096862793,-0.0618734285235405,-0.1121651865541935,-0.08949769288301468,-0.13483268022537231,-0.18073857203125954,-0.10846025496721268,-0.2530168890953064
YOR070C,test,True,True,0.4148169755935669,0.2356771409511566,0.6540342569351196,-0.24900716543197632,0.6175025105476379,0.22902627289295197,-0.07317017018795013,0.34967100620269775,0.45350369811058044,0.24583831429481506,0.20973732136189938,0.38866162300109863,0.03081301972270012,0.37150541692972183,0.6518627405166626,0.09114809334278107,0.24302229285240173,0.1539524495601654,0.33209213614463806
YOR071C,test,True,True,-0.28861621022224426,0.15329317450523378,-0.2456475794315338,-0.026102066040039062,0.40469732880592346,0.4836229085922241,0.14989528059959412,0.574641153216362,0.46033772826194763,0.6889445781707764,-1.0042997151613235,-1.5404127836227417,-0.4681866466999054,-0.3826049268245697,-0.4855649173259735,-0.2796449363231659,0.4490416720509529,0.18671561777591705,0.7113677263259888
YOR072W,test,False,False,-1.644194483757019,-1.311688780784607,-1.226302146911621,-1.2476398944854736,-1.5262705087661743,-1.3222090005874634,-1.2360223531723022,-1.1415010690689087,-1.0670831203460693,-1.215919017791748,-0.6409006267786026,-0.9050822854042053,-0.3767189681529999,-1.2438231706619263,-1.8394660949707031,-0.6481802463531494,-1.6645697951316833,-2.182560682296753,-1.1465789079666138
YOR072W-A,test,False,False,-0.9698861241340637,-1.5197223663330077,-1.644837737083435,-1.4855496883392334,-1.58554208278656,-1.4235516786575317,-1.4591306447982788,-1.1415010690689087,-1.0670831203460693,-1.215919017791748,-0.7932935804128647,-1.3786574602127075,-0.20792970061302185,-1.5178863406181335,-1.9958468675613403,-1.0399258136749268,-1.2608132809400558,-2.1510448455810547,-0.370581716299057
YOR072W-B,test,False,True,-2.088510751724243,0.18403262943029403,0.5472034811973572,-0.6726454496383667,0.06305252760648727,0.48979878425598145,0.492753803730011,-0.4122033715248108,0.3252401351928711,-1.1496468782424927,0.48932167887687683,0.4420240521430969,0.5366193056106567,0.10090773738920689,0.16300922632217407,0.0388062484562397,0.3813096135854721,0.49840351939201355,0.26421570777893066
YOR073W,test,True,True,0.37694674730300903,1.104728877544403,0.7481635808944702,1.573406457901001,1.3011164665222168,0.9057841300964355,0.9951737523078918,0.8229593187570572,1.2546393871307373,0.3912792503833771,0.7850907742977142,0.6650676131248474,0.905113935470581,1.220663845539093,0.9255222082138062,1.5158054828643799,0.9316964149475098,0.8788446187973022,0.9845482110977173
YOR073W-A,test,False,False,-1.9901304244995117,-1.9559252738952637,-2.054300546646118,-2.1019744873046875,-1.7273311614990234,-1.796342372894287,-2.099677801132202,-1.1415010690689087,-1.0670831203460693,-1.215919017791748,-1.6519138813018799,-1.1701991558074951,-2.1336286067962646,-2.065227687358856,-2.1333789825439453,-1.997076392173767,-2.0282626152038574,-2.102668523788452,-1.9538567066192627
YOR074C,test,True,True,0.5601571798324585,0.1456819534301758,0.3126521408557892,-0.23976540565490723,0.5668037533760071,-0.2984263598918915,0.38714563846588135,0.36547036468982697,0.30733707547187805,0.4236036539077759,0.18964752554893494,0.2244342565536499,0.15486079454421997,0.10820633545517921,0.05422482639551163,0.1621878445148468,0.1536550484597683,0.0393829271197319,0.2679271697998047
YOR075W,test,True,True,0.32821419835090637,0.428568072617054,0.3951297402381897,0.6090165376663208,1.013407588005066,-0.06596990674734116,0.19125640392303467,0.5397379100322723,0.4693310856819153,0.6101447343826294,-0.32029955089092255,-1.030035138130188,0.3894360363483429,0.3053686171770096,0.20486301183700562,0.40587422251701355,0.3895691931247711,0.32913246750831604,0.4500059187412262
YOR076C,test,True,True,-0.16473250091075897,0.9528530359268188,0.9120582342147827,0.9732310175895691,1.1623700857162476,1.0944637060165405,0.6221421360969543,0.7922918498516083,0.8969349265098572,0.6876487731933594,0.934594601392746,0.8891766667366028,0.9800125360488892,1.009940505027771,1.0736585855484009,0.9462224245071411,0.7539541721343994,0.5769445896148682,0.9309637546539307
YOR077W,test,True,True,0.4889550507068634,0.6108695268630981,0.6504551768302917,0.6797336935997009,0.5650327801704407,0.6862313747406006,0.4728946089744568,0.5522361844778061,0.6504386067390442,0.454033762216568,0.035448942333459854,0.12062374502420425,-0.049725860357284546,0.6500329673290253,0.8325332403182983,0.4675326943397522,0.5032458156347275,0.5091874003410339,0.497304230928421
YOR078W,test,True,True,1.2853407859802246,1.0099144458770752,0.5210198760032654,1.0876147747039795,0.9370246529579163,1.5135782957077026,0.9903346300125122,0.8928124606609344,1.2277333736419678,0.5578915476799011,0.4030681401491165,0.7064254879951477,0.09971079230308533,0.5917393863201141,0.5237998962402344,0.6596788763999939,1.055136889219284,0.9856470227241516,1.1246267557144165
YOR079C,test,True,True,-0.4390423595905304,-0.5394235372543335,-0.3461494445800781,-0.5860205292701721,-0.7406999468803406,-0.5937668681144714,-0.4304808974266052,-0.29022451117634773,-0.009687043726444244,-0.5707619786262512,-1.6236442923545837,-1.3920248746871948,-1.8552637100219727,-0.9326443076133728,-1.0884352922439575,-0.7768533229827881,-0.25670388247817755,-0.026479003950953484,-0.4869287610054016
YOR080W,test,True,True,0.11050976812839508,-0.15502566061913967,0.34003880620002747,-0.032184209674596786,-0.5658548474311829,0.022714076563715935,-0.5398421287536621,-0.7403497844934464,-0.3938073217868805,-1.0868922472000122,0.3611480165272951,-0.012931015342473984,0.7352270483970642,-0.1297460924834013,-0.23666563630104065,-0.022826548665761948,0.4372180849313736,0.17952314019203186,0.6949130296707153
YOR081C,test,True,True,0.8139799237251282,0.39075587391853334,0.3295319378376007,0.8788667917251587,0.14979171752929688,0.2519737184047699,0.34361520409584045,0.5403489321470261,0.6707342267036438,0.4099636375904083,0.49638648331165314,0.15062537789344788,0.8421475887298584,0.5350456982851028,0.3694373667240143,0.7006540298461914,0.4044577479362488,0.3751213848590851,0.4337941110134125
YOR082C,test,False,False,-1.6654356718063354,-1.6394053936004638,-1.9167782068252563,-1.8521649837493896,-2.2470128536224365,-0.648551344871521,-1.5325195789337158,-1.1415010690689087,-1.0670831203460693,-1.215919017791748,-0.8265025615692139,-1.7404567003250122,0.08745157718658447,-1.5893681049346924,-1.6707220077514648,-1.50801420211792,-1.6235344409942627,-1.9616670608520508,-1.2854018211364746
YOR083W,test,True,True,0.7548487186431885,0.9046485543251037,1.164223074913025,1.3596882820129395,0.9469746947288513,0.5060927271842957,0.5462639927864075,0.5342482477426529,0.6155698299407959,0.4529266655445099,1.1190590858459473,1.204257607460022,1.0338605642318726,1.1140023171901703,1.3396141529083252,0.8883904814720154,0.5122711062431335,0.8014156818389893,0.22312653064727783
YOR084W,test,True,True,0.41449663043022156,0.1409398853778839,0.39799827337265015,-0.045388877391815186,-0.24830563366413116,0.3969157934188843,0.20347987115383148,-0.5402269810438156,-0.26195964217185974,-0.8184943199157715,1.0873627960681915,0.9548240303993225,1.2199015617370605,-0.011847054585814476,-0.06594860553741455,0.0422544963657856,0.25438278168439865,0.22190435230731964,0.28686121106147766
YOR085W,test,True,True,0.7835781574249268,0.5202906012535096,0.4183815121650696,0.8893523812294006,0.33909502625465393,0.5121203660964966,0.4425037205219269,0.36597755551338196,0.39729058742523193,0.334664523601532,-0.24244803935289383,-0.6692955493927002,0.18439947068691254,0.5594750642776489,0.18544673919677734,0.9335033893585205,0.31937146186828613,0.45362377166748047,0.1851191520690918
YOR086C,test,True,True,0.4389263391494751,0.3722363620996475,0.16872790455818176,0.9019037485122681,0.37885886430740356,0.085841104388237,0.3258501887321472,0.43983833491802216,0.4055878520011902,0.4740888178348541,0.6409346163272858,0.7811923027038574,0.5006769299507141,0.3836529180407524,-0.06607569754123688,0.8333815336227417,0.4969228655099869,0.21748200058937073,0.776363730430603
YOR087W,test,True,True,-0.2997955083847046,0.33311747908592226,0.04691073298454285,0.7025222778320312,0.2668028473854065,0.16947486996650696,0.47987666726112366,0.45781172811985016,0.6176126599311829,0.29801079630851746,0.5756053328514099,0.8954793810844421,0.2557312846183777,0.4200392812490463,0.2298402488231659,0.6102383136749268,0.33266228437423706,0.2542805075645447,0.41104406118392944
YOR089C,test,True,True,1.653550148010254,0.5288487672805786,0.5654825568199158,0.5979641675949097,0.4424625039100647,0.6015916466712952,0.43674296140670776,0.6536470949649811,0.5861958265304565,0.7210983633995056,0.10920513048768044,0.04594691842794418,0.1724633425474167,0.7361506074666977,1.1577482223510742,0.31455299258232117,0.5354315489530563,0.39119085669517517,0.6796722412109375
YOR090C,test,True,True,0.5295312404632568,0.4746137261390686,0.3650032877922058,0.3641374707221985,0.4976852536201477,0.689487874507904,0.45675474405288696,0.4192853420972824,0.5095161199569702,0.3290545642375946,0.5776423662900925,0.3728526532649994,0.7824320793151855,0.464899480342865,0.17066848278045654,0.7591304779052734,0.554528683423996,0.5858975052833557,0.5231598615646362
YOR091W,test,True,True,1.5231034755706787,1.044234573841095,1.382462739944458,1.0754680633544922,1.172876000404358,1.0042006969451904,0.5861653685569763,0.6115932762622833,0.6390641331672668,0.5841224193572998,1.6276837587356567,1.898618221282959,1.3567492961883545,1.3851573467254639,1.1435410976409912,1.6267735958099365,0.9635775685310364,0.8191647529602051,1.1079903841018677
YOR092W,test,True,True,-0.09655704349279404,0.3916738718748093,-0.09321410953998566,0.364807665348053,0.6513315439224243,0.7438889145851135,0.29155534505844116,0.6826593726873398,0.3695688545703888,0.9957498908042908,0.08785846829414368,-0.38392847776412964,0.559645414352417,0.47676505148410797,0.32436612248420715,0.6291639804840088,0.2945673242211342,0.16556806862354279,0.4235665798187256
YOR093C,test,True,True,-0.4002058804035187,0.18755053281784057,-0.22841084003448486,0.41645747423171997,0.2654484510421753,0.28411513566970825,0.20014244318008423,0.5409092456102371,0.5944458842277527,0.48737260699272156,-0.3201811611652374,-0.7846562266349792,0.1442939043045044,0.15522556006908417,-0.12621363997459412,0.43666476011276245,0.2459547221660614,0.3153208792209625,0.17658856511116028
YOR094W,test,True,True,0.16721244156360626,0.4064365938305855,0.05052638798952103,0.37513118982315063,0.6251948475837708,0.7267478704452515,0.2545826733112335,0.5064352601766586,0.5448924899101257,0.46797803044319153,-0.5747204571962357,-0.6539191603660583,-0.49552175402641296,0.3346095085144043,0.3325062096118927,0.3367128074169159,0.36672213673591614,0.45581290125846863,0.27763137221336365
YOR095C,test,True,True,0.16661952435970306,0.36964822858572005,0.10617325454950333,0.16357825696468353,0.8246554732322693,0.11772921681404114,0.636104941368103,0.5707643032073975,0.7052988409996033,0.43622976541519165,-0.24242209643125534,-0.11823572218418121,-0.36660847067832947,0.6389327943325043,0.5775099396705627,0.7003556489944458,0.23332443088293076,0.29880836606025696,0.16784049570560455
YOR096W,test,True,True,1.0557042360305786,1.8353241443634034,1.5611540079116821,2.002225875854492,2.4385321140289307,1.5354973077774048,1.6392114162445068,1.7320428490638733,1.7880524396896362,1.6760332584381104,0.03792446851730347,-0.23991098999977112,0.31575992703437805,1.3601795434951782,1.1165242195129395,1.603834867477417,1.4401848912239075,1.1095706224441528,1.770799160003662
YOR097C,test,True,True,1.0892449617385864,0.45175900757312776,0.31112194061279297,0.7067694664001465,0.7446445226669312,0.3279005289077759,0.16835857927799225,0.49648116528987885,0.4976995587348938,0.4952627718448639,0.8457041680812836,0.6524010300636292,1.039007306098938,0.6980973929166794,0.31700989603996277,1.079184889793396,0.4240112155675888,0.3431878983974457,0.5048345327377319
YOR098C,test,True,True,0.7106032967567444,0.5142574846744538,0.16482719779014587,0.6604740023612976,0.5325028300285339,0.5671083331108093,0.6463750600814819,0.8336938619613647,0.7761891484260559,0.8911985754966736,0.151189386844635,0.3885484039783478,-0.08616963028907776,0.47036929428577423,0.23945286870002747,0.701285719871521,0.3822367638349533,0.5472515225410461,0.21722200512886047
YOR099W,test,True,True,-0.006140573415905237,0.14633939862251283,-0.29018905758857727,0.3156640827655792,0.34123456478118896,-0.11618298292160034,0.4811703860759735,0.5919533967971802,0.6162559390068054,0.5676508545875549,0.13567160069942474,-0.185885488986969,0.4572286903858185,-0.5123060941696167,-0.9061565399169922,-0.11845564842224121,0.37088340520858765,0.21610593795776367,0.5256608724594116
YOR100C,test,True,True,-1.0925302505493164,0.25656877756118773,0.2394651174545288,0.4930693507194519,0.36306139826774597,-0.28956833481788635,0.4768163561820984,0.10981743782758713,0.39138907194137573,-0.17175419628620148,0.38720960915088654,0.19173863530158997,0.5826805830001831,0.44983550906181335,0.6643303632736206,0.2353406548500061,-0.1223611980676651,0.2733776271343231,-0.5181000232696533
YOR101W,test,True,True,0.5146077275276184,0.6858751177787781,0.8571855425834656,0.574974775314331,0.6198965907096863,0.6143791079521179,0.7629395723342896,0.6433780789375305,0.8835538625717163,0.4032022953033447,0.7627854645252228,0.872920572757721,0.6526503562927246,0.8785856664180756,1.3910325765609741,0.366138756275177,1.0878901481628418,1.2983471155166626,0.877433180809021
YOR102W,test,False,False,-0.8526800870895386,-1.8161710023880004,-1.999269962310791,-1.9967188835144043,-1.6764510869979858,-1.8216323852539062,-1.586782693862915,-1.1415010690689087,-1.0670831203460693,-1.215919017791748,-0.6021867245435715,-0.7744365930557251,-0.42993685603141785,-1.9413540959358215,-1.7071789503097534,-2.1755292415618896,-2.0406054258346558,-2.3054585456848145,-1.775752305984497
YOR103C,test,True,True,0.46237659454345703,0.10666796453297138,0.184446781873703,0.055108442902565,0.2109885960817337,-0.0209286417812109,0.1037246435880661,0.44954918324947357,0.45306283235549927,0.4460355341434479,-0.3010704517364502,-0.2949242889881134,-0.307216614484787,0.2149299830198288,0.2965119481086731,0.1333480179309845,0.12985409051179886,0.2553175389766693,0.004390642046928406
YOR104W,test,True,True,0.38727596402168274,0.31429276168346404,0.3586922585964203,0.08383092284202576,0.677594006061554,0.2673712372779846,0.18397538363933563,0.6655072867870331,0.6204078793525696,0.7106066942214966,0.12307369709014893,0.12660861015319824,0.11953878402709961,0.09940341114997864,0.3693605959415436,-0.1705537736415863,0.3646625876426697,0.5246471762657166,0.2046779990196228
YOR105W,test,False,False,-1.4484816789627075,-1.2589444994926453,-0.973791778087616,-1.6745872497558594,-0.8985577821731567,-1.2973843812942505,-1.4504013061523438,-1.1415010690689087,-1.0670831203460693,-1.215919017791748,-0.36516930162906647,-0.9790402054786682,0.24870160222053528,-1.1047782897949219,-1.0226655006408691,-1.1868910789489746,-1.4413408637046814,-1.8165000677108765,-1.0661816596984863
YOR106W,test,True,True,0.5283232927322388,0.12248584479093552,0.3556045889854431,-0.2220703661441803,0.33645331859588623,-0.08625554293394089,0.22869722545146942,0.29994045197963715,0.28833985328674316,0.31154105067253113,0.6825217604637146,0.5445131659507751,0.820530354976654,0.23755165189504623,0.2996651530265808,0.17543815076351166,0.37835749983787537,0.2860257923603058,0.47068920731544495
YOR107W,test,True,True,0.3690584599971771,0.5902505774050951,1.001470923423767,0.8186234831809998,0.4344424605369568,-0.007481386885046959,0.7041974067687988,0.643692135810852,0.5810777544975281,0.706306517124176,0.38683101534843445,0.19554680585861206,0.5781152248382568,0.48232389986515045,0.518963098526001,0.4456847012042999,0.9569522142410278,1.0403231382369995,0.8735812902450562
YOR108C-A,test,False,False,-1.1997793912887573,-1.5844759941101074,-1.4195069074630737,-1.611772060394287,-1.772275447845459,-1.4332951307296753,-1.685530424118042,-1.1415010690689087,-1.0670831203460693,-1.215919017791748,-0.9951402395963669,-0.20825037360191345,-1.7820301055908203,-1.6365068554878235,-1.7615917921066284,-1.5114219188690186,-1.3872699737548828,-1.764058232307434,-1.0104817152023315
YOR108W,test,True,True,0.24464185535907745,0.8335472106933594,0.6955224871635437,0.9154654145240784,1.1304380893707275,0.592456579208374,0.8338534832000732,0.7543439269065857,0.7371912598609924,0.771496593952179,0.5243485569953918,0.20737802982330322,0.8413190841674805,0.9241827726364136,0.8121085166931152,1.036257028579712,0.6905578672885895,0.6497569680213928,0.7313587665557861
YOR109W,test,True,True,0.35647302865982056,0.012907975167036057,0.002769187092781067,-0.3753895163536072,0.24835261702537537,0.1448453962802887,0.04396219179034233,0.27646614611148834,0.2500622570514679,0.3028700351715088,-0.5180380195379257,-0.9046031832695007,-0.1314728558063507,0.13213087990880013,-0.017906539142131805,0.28216829895973206,0.026387065649032593,-0.2855832874774933,0.33835741877555847
YOR110W,test,False,True,0.3599231541156769,0.619026267528534,0.7408862709999084,0.6446607708930969,0.9220558404922485,0.4947126507759094,0.29281580448150635,0.5319584906101227,0.47295379638671875,0.5909631848335266,0.33476898074150085,0.47799232602119446,0.19154563546180725,0.8181630969047546,1.0811607837677002,0.5551654100418091,0.7314834296703339,0.5101786255836487,0.952788233757019
YOR111W,test,False,False,-0.2557254433631897,-0.24601390212774277,0.37121880054473877,-0.8436214327812195,0.5421133637428284,0.11857534199953079,-1.4183555841445923,-1.1415010690689087,-1.0670831203460693,-1.215919017791748,0.6565974652767181,0.7537160515785217,0.5594788789749146,-0.07770919799804688,0.5959476232528687,-0.7513660192489624,-0.27139586582779884,-0.6149128079414368,0.07212107628583908
YOR112W,test,False,True,0.4982483685016632,0.085036239027977,0.04360576719045639,-0.2274438440799713,0.29120975732803345,0.24359232187271118,0.07421719282865524,0.26836635172367096,0.3089262843132019,0.22780641913414001,-0.46769312769174576,-0.9484245181083679,0.013038262724876404,0.11584968492388725,-0.02700231224298477,0.2587016820907593,0.03945957496762276,-0.03345980495214462,0.11237895488739014
YOR113W,test,True,True,0.8828917741775513,0.41210461854934693,0.2968212962150574,0.35829371213912964,0.5874500274658203,0.27437496185302734,0.5435830950737,-0.0803728848695755,-0.34411752223968506,0.18337175250053406,0.9841724634170532,1.268856406211853,0.6994885206222534,0.6550379693508148,0.6120133399963379,0.6980625987052917,0.508176364004612,0.1241341382265091,0.8922185897827148
YOR114W,test,True,True,-0.12146312743425369,0.3778693102300167,0.2760476768016815,0.7172877192497253,0.5114654302597046,0.3385070562362671,0.046038668602705,0.2715704198926687,0.5316783785820007,0.011462461203336716,-0.07105930894613266,-0.24883010983467102,0.1067114919424057,0.3272815942764282,0.24426200985908508,0.41030117869377136,0.6576546430587769,0.5618747472763062,0.7534345388412476
YOR115C,test,True,True,0.6279783844947815,0.472186753153801,0.41347140073776245,0.2965996265411377,1.067675232887268,0.17734192311763763,0.405845582485199,0.5701678395271301,0.6148655414581299,0.5254701375961304,0.21679163165390491,0.3844763934612274,0.04910686984658241,0.6751960217952728,0.8464093208312988,0.5039827227592468,0.5142839550971985,0.31766510009765625,0.7109028100967407
YOR116C,test,True,True,0.061203960329294205,0.2208131454885006,0.36647889018058777,0.03803552687168121,0.4482121467590332,0.29083752632141113,-0.03949836269021034,0.1968721803277731,0.3535178601741791,0.04022650048136711,0.3220860827714205,0.6712141036987305,-0.02704193815588951,0.6033666133880615,0.8184661865234375,0.38826704025268555,0.499368354678154,0.442692369222641,0.556044340133667
YOR117W,test,True,True,0.5736323595046997,0.5493923187255859,0.8469026684761047,0.6065372824668884,0.3551667332649231,0.5285768508911133,0.40977805852890015,0.5133843272924423,0.5347064733505249,0.49206218123435974,0.725383073091507,0.8150646090507507,0.6357015371322632,0.6785020530223846,0.6144825220108032,0.7425215840339661,0.40150246024131775,0.423033207654953,0.3799717128276825
YOR118W,test,False,False,0.27110329270362854,-0.7109132602810859,-0.9146924614906311,-0.08100906759500504,-0.6299697756767273,-1.5098851919174194,-0.419009804725647,-1.1415010690689087,-1.0670831203460693,-1.215919017791748,0.8013719916343689,1.0209904909133911,0.5817534923553467,-0.6058346759527922,-1.267977237701416,0.05630788579583168,-0.7566775530576706,-1.7760499715805054,0.2626948654651642
YOR119C,test,True,True,0.39160534739494324,-0.28403722047805785,-0.46879154443740845,0.29647156596183777,-0.22225138545036316,-0.6051693558692932,-0.42044538259506226,0.11178281717002392,0.048151012510061264,0.17541462182998657,-0.06642015278339386,-0.5771525502204895,0.4443122446537018,-0.7153173834085464,-1.0109566450119019,-0.41967812180519104,-0.18317252397537231,-0.5682872533798218,0.20194220542907715
YOR120W,test,True,True,-0.5526840686798096,0.22578358203172683,0.6631959080696106,0.456559956073761,0.7362410426139832,0.0590878501534462,-0.7861668467521667,-0.701450988650322,-1.143179178237915,-0.2597227990627289,0.8727518916130066,0.8206504583358765,0.9248533248901367,-0.16362223774194717,-0.5202634334564209,0.19301895797252655,-0.010851830244064331,-0.7329767346382141,0.7112730741500854
YOR121C,test,False,False,-0.06004365533590317,-1.091938078403473,-0.7490469813346863,-1.8649370670318604,-1.1776049137115479,-0.8932573795318604,-0.7748440504074097,-1.1415010690689087,-1.0670831203460693,-1.215919017791748,0.1141221895813942,0.2720828950405121,-0.043838515877723694,-1.344675600528717,-1.5336828231811523,-1.1556683778762817,-0.7757564783096313,-0.9708311557769775,-0.5806818008422852
YOR122C,test,True,True,1.2744004726409912,1.0321205854415894,0.9318233728408813,0.6510226726531982,1.4717367887496948,1.048597812652588,1.0574222803115845,0.862318217754364,0.9281526207923889,0.7964838147163391,-0.20600881054997444,-0.4230065643787384,0.01098894327878952,1.0042370557785034,0.6938323974609375,1.3146417140960693,1.127516120672226,0.9750111699104309,1.280021071434021
YOR123C,test,True,True,1.3648680448532104,0.6579144626855851,0.7888374328613281,0.7762154340744019,1.2281639575958252,0.25194084644317627,0.24441464245319366,0.5389484465122223,0.5358952879905701,0.5420016050338745,0.4289703220129013,0.6492471098899841,0.20869353413581848,0.9552041590213776,1.0929185152053833,0.8174898028373718,0.6828924417495728,0.5311704874038696,0.8346143960952759
YOR124C,test,True,True,0.2247747927904129,0.47447295784950255,0.7298057079315186,0.24472230672836304,0.6783067584037781,0.4092385172843933,0.31029149889945984,0.612928181886673,0.6049095988273621,0.6209467649459839,0.2608238756656647,0.22213533520698547,0.29951241612434387,0.555046558380127,0.34114158153533936,0.7689515352249146,0.46873682737350464,0.5563234686851501,0.38115018606185913
YOR125C,test,True,True,0.4985921382904053,0.09253731966018677,0.42690879106521606,0.010068684816360474,0.14321859180927277,0.10610002279281616,-0.22360949218273163,0.052890872582793236,0.10772265493869781,-0.0019409097731113434,0.21732523292303085,0.31190744042396545,0.12274302542209625,0.46994107961654663,0.5972418189048767,0.34264034032821655,-0.31289227306842804,-0.30098286271095276,-0.3248016834259033
YOR126C,test,False,True,-0.4528633952140808,0.2628393150866032,0.24730557203292847,-0.0648113414645195,0.4145757555961609,0.6919142603874207,0.025212328881025314,0.43836264312267303,0.5929872393608093,0.28373804688453674,-0.6799571663141251,-0.8823825120925903,-0.4775318205356598,-0.0884164534509182,-0.04932505637407303,-0.12750785052776337,0.39405184984207153,0.5110207200050354,0.27708297967910767
YOR127W,test,True,True,0.11227739602327347,0.27339368015527726,0.3368283212184906,0.2438913881778717,0.12472178786993027,0.4588943123817444,0.2026325911283493,0.28235819935798645,0.4797512888908386,0.08496510982513428,-0.05224736034870148,-0.17812854051589966,0.0736338198184967,0.16797254234552383,0.2500765919685364,0.08586849272251129,0.5061393529176712,0.525945246219635,0.4863334596157074
YOR128C,test,False,False,-2.074021100997925,-1.1010323762893677,-1.4723351001739502,-1.8417999744415283,-0.6042313575744629,-1.1796709299087524,-0.40712451934814453,-1.1415010690689087,-1.0670831203460693,-1.215919017791748,0.12611787766218185,0.24307364225387573,0.009162113070487976,-1.842038631439209,-1.8477733135223389,-1.836303949356079,-1.4439735412597656,-1.0861307382583618,-1.8018163442611694
YOR129C,test,True,True,-0.42416897416114807,0.03198761083185673,0.025889955461025238,-0.3789673447608948,0.31019672751426697,0.01084391213953495,0.19197480380535126,0.13278792053461075,0.16482709348201752,0.10074874758720398,0.22400633618235588,0.08664750307798386,0.3613651692867279,-0.12536563351750374,-0.054880283772945404,-0.19585098326206207,-0.28502101451158524,-0.5973989367485046,0.027356907725334167
YOR130C,test,True,True,0.13427959382534027,0.677253121137619,0.8943815231323242,0.3516481816768646,0.7370849251747131,0.7671988606452942,0.6359521150588989,0.7566708028316498,0.7889590859413147,0.7243825197219849,0.36454471945762634,0.35807934403419495,0.37101009488105774,0.30500854551792145,-0.1831969916820526,0.7932140827178955,0.789965957403183,0.7977595925331116,0.7821723222732544
YOR131C,test,True,True,1.0964527130126953,0.5443592607975006,0.44198498129844666,0.6180018782615662,0.5694834589958191,0.5691956877708435,0.5231302976608276,0.6524297893047333,0.6516624093055725,0.653197169303894,-1.1796393990516663,-0.7451133728027344,-1.6141654253005981,0.6537157595157623,0.5517170429229736,0.755714476108551,0.5479054562747478,-0.06665454059839249,1.1624654531478882
YOR132W,test,False,True,0.30487504601478577,0.5749610066413879,0.5325149297714233,0.9372527003288269,0.68093341588974,0.35780298709869385,0.3663010001182556,0.4886748492717743,0.6011070609092712,0.37624263763427734,0.2577446270734072,0.0026306845247745514,0.5128585696220398,0.6673926115036011,0.6049748659133911,0.729810357093811,0.8710699379444122,0.5811101794242859,1.1610296964645386
YOR133W,test,True,True,-0.012241794727742672,0.8349972486495971,1.00247323513031,0.5128764510154724,1.1822751760482788,0.8854061365127563,0.5919552445411682,0.6262686997652054,0.7895205616950989,0.4630168378353119,0.5759557038545609,0.7723915576934814,0.37951985001564026,1.23104590177536,0.9875686168670654,1.4745231866836548,0.7974400818347931,0.5788504481315613,1.016029715538025
YOR134W,test,True,True,-1.6006001234054565,-1.620081400871277,-1.7465428113937378,-1.6713471412658691,-1.8995071649551392,-1.7320321798324585,-1.0509777069091797,-1.1650956273078918,-1.3032193183898926,-1.0269719362258911,-0.9415100887417793,-1.7761682271957397,-0.10685195028781891,-1.3651410341262817,-1.6104587316513062,-1.1198233366012573,-1.4553765654563904,-2.005707025527954,-0.9050461053848267
YOR135C,test,False,False,-1.7486299276351929,-1.2777846336364747,-1.0903968811035156,-1.461364984512329,-1.3730354309082031,-1.0644245147705078,-1.3997013568878174,-1.1415010690689087,-1.0670831203460693,-1.215919017791748,-0.8472769409418106,-1.414021372795105,-0.28053250908851624,-1.5666710138320923,-1.8128182888031006,-1.320523738861084,-1.2956793308258057,-1.798031210899353,-0.7933274507522583
YOR136W,test,True,True,1.333309531211853,0.34153109788894653,-0.2221059799194336,0.7986729741096497,0.5246915221214294,0.2050606906414032,0.40133628249168396,0.45704932510852814,0.5286005735397339,0.3854980766773224,0.5104053616523743,0.21362251043319702,0.8071882128715515,0.9324024319648743,0.659859299659729,1.2049455642700195,0.030441582202911377,0.31449881196022034,-0.2536156475543976
YOR137C,test,True,True,-0.24070416390895844,0.18211136423051358,0.07220175117254257,0.22465398907661438,0.4615309238433838,-0.023267606273293495,0.17543776333332062,-0.03898753970861435,-0.21470652520656586,0.13673144578933716,0.29410646483302116,0.12213509529829025,0.4660778343677521,-0.09413076937198639,-0.622814416885376,0.4345528781414032,0.2390476018190384,-0.30329903960227966,0.7813942432403564
YOR138C,test,False,True,0.4002404510974884,0.5906621396541596,0.32506775856018066,0.42415884137153625,0.3890426754951477,1.299181580543518,0.515859842300415,0.26943977922201157,0.22888700664043427,0.30999255180358887,1.21214097738266,1.3317509889602661,1.0925309658050537,0.38005635142326355,0.5415207147598267,0.21859198808670044,0.4261765033006668,0.3643137812614441,0.4880392253398895
YOR139C,test,False,False,-1.8851450681686401,-1.9477139711380005,-2.1842546463012695,-2.1569857597351074,-2.252370595932007,-1.4351903200149536,-1.709768533706665,-1.1415010690689087,-1.0670831203460693,-1.215919017791748,-1.820523202419281,-2.1615090370178223,-1.4795373678207397,-2.114241361618042,-2.2162275314331055,-2.0122551918029785,-2.087792754173279,-2.2457311153411865,-1.929854393005371
YOR140W,test,True,True,0.9737324118614197,-0.0248865719884634,0.06636995822191238,-0.3926841616630554,0.14627709984779358,-0.011051615700125694,0.06665585935115814,0.10832405090332031,-0.13243156671524048,0.3490796685218811,0.6149481534957886,0.7290273904800415,0.5008689165115356,-0.7350568026304245,-1.0006612539291382,-0.4694523513317108,-0.34605174511671066,-0.21781490743160248,-0.47428858280181885
YOR141C,test,True,True,0.7119331955909729,1.3478885054588319,1.0948787927627563,1.4541223049163818,1.843902826309204,1.4755489826202393,0.8709896206855774,0.7626692354679108,0.8767072558403015,0.64863121509552,1.573203206062317,1.605733036994934,1.5406733751296997,1.4543095827102661,1.4501723051071167,1.4584468603134155,1.2212986946105957,1.3259159326553345,1.116681456565857
YOR142W,test,True,True,0.5065084099769592,1.174767804145813,0.6998851895332336,1.2124526500701904,1.5270298719406128,1.6464334726333618,0.7880378365516663,0.6342789530754089,0.762733519077301,0.5058243870735168,0.7096326053142548,0.7621412873268127,0.6571239233016968,0.9925575852394104,1.1882752180099487,0.7968399524688721,0.8252132833003998,0.6651883721351624,0.9852381944656372
YOR143C,test,True,True,-0.19949230551719666,0.18183395266532898,0.13550123572349548,0.2656548321247101,0.20335382223129272,0.12405374646186829,0.18060612678527832,0.4965221732854843,0.5372204780578613,0.4558238685131073,0.10028142482042313,0.37921828031539917,-0.17865543067455292,0.483861044049263,0.2932155430316925,0.6745065450668335,0.6786181628704071,0.7152138352394104,0.6420224905014038
YOR144C,test,True,True,-0.06219677999615669,0.20665264874696732,0.21662405133247375,-0.1765303611755371,0.7302952408790588,-0.0921361967921257,0.3550105094909668,0.4417526125907898,0.41298314929008484,0.47052207589149475,0.08919385075569153,-0.17930075526237488,0.35768845677375793,0.28267277777194977,0.47009578347206116,0.09524977207183838,0.019801645539700985,-0.009239913895726204,0.048843204975128174
YOR145C,test,True,True,1.5828311443328857,1.118207323551178,0.8780083060264587,1.1453661918640137,1.1409671306610107,1.3437961339950562,1.0828988552093506,0.9144996106624603,1.008727788925171,0.8202714323997498,0.16227712854743004,-0.0266573503613472,0.3512116074562073,0.9116999804973602,0.704194962978363,1.1192049980163574,0.8522239625453949,0.5184794068336487,1.1859685182571411
YOR146W,test,False,False,-1.482474684715271,-1.6283077239990233,-1.5195623636245728,-1.5066256523132324,-1.41300630569458,-1.7778178453445435,-1.9245264530181885,-1.1415010690689087,-1.0670831203460693,-1.215919017791748,-0.8249725699424744,-0.717639684677124,-0.9323054552078247,-1.4110960364341736,-1.4628156423568726,-1.3593764305114746,-1.2345691323280334,-1.564015507698059,-0.9051227569580078
YOR147W,test,True,True,0.15161751210689545,0.6640901207923889,0.358941912651062,0.5909833908081055,0.8488585352897644,0.7134912014007568,0.8081755638122559,0.7251526415348053,0.7187590003013611,0.7315462827682495,0.26090992987155914,0.198014497756958,0.3238053619861603,0.5773385465145111,0.6625840663909912,0.492093026638031,0.989202469587326,0.9457853436470032,1.032619595527649
YOR148C,test,True,True,0.3564147353172302,0.2944275185465813,0.3771071135997772,0.21880179643630981,0.4957147240638733,0.32326579093933105,0.05724816769361496,0.3698870688676834,0.4177401661872864,0.32203397154808044,0.09585869126021862,0.1887015998363495,0.0030157826840877533,0.5639777630567551,0.4894634187221527,0.6384921073913574,0.2945537492632866,0.03511987626552582,0.5539876222610474
YOR149C,test,True,False,-0.4182332754135132,-1.7030765771865846,-1.6987035274505615,-2.1405739784240723,-1.22298002243042,-1.786117672920227,-1.6670076847076416,-1.1415010690689087,-1.0670831203460693,-1.215919017791748,-0.33274322748184204,-0.33175334334373474,-0.33373311161994934,-2.1599267721176147,-2.1245484352111816,-2.195305109024048,-1.7232911586761475,-1.7725921869277954,-1.6739901304244995
YOR150W,test,True,True,0.23532862961292267,0.6766424655914307,0.9585209488868713,0.4513186812400818,0.8365052342414856,0.5752793550491333,0.5615881085395813,0.5711707472801208,0.5867727398872375,0.5555687546730042,0.0214671790599823,0.1818619966506958,-0.1389276385307312,0.7880026698112488,0.9311015605926514,0.6449037790298462,0.5269763022661209,0.6018679738044739,0.45208463072776794
YOR151C,test,False,True,0.4487549364566803,0.8110518455505371,0.650559663772583,0.8699947595596313,1.1085845232009888,0.7907243967056274,0.635395884513855,0.6773422360420227,0.701298177242279,0.6533862948417664,0.06700604595243931,0.07430455833673477,0.059707533568143845,0.47466157376766205,0.5254953503608704,0.42382779717445374,0.754638135433197,0.8804571628570557,0.6288191080093384
YOR152C,test,True,True,-0.6139469146728516,-0.16063592806458474,-0.2589157223701477,0.01351010799407959,-0.38908666372299194,-0.1552247703075409,-0.013462591916322708,-0.05355475842952728,-0.1961759477853775,0.08906643092632294,-0.12015103362500668,-0.25257840752601624,0.012276340276002884,-0.6188628822565079,-1.0556108951568604,-0.1821148693561554,-0.29051704704761505,-0.7598278522491455,0.1787937581539154
YOR153W,test,True,True,1.288724422454834,0.8625211477279663,0.8442098498344421,1.282141923904419,1.2722247838974,0.5096374154090881,0.4043917655944824,0.9192660748958588,0.8100600838661194,1.0284720659255981,0.5336508750915527,0.6454088687896729,0.4218928813934326,0.9165513515472412,0.7943329811096191,1.0387697219848633,0.891230970621109,0.28108054399490356,1.5013813972473145
YOR154W,test,True,True,-0.014324559830129147,0.3590729020535946,0.5761640667915344,0.08405625820159912,0.5936605930328369,0.503048837184906,0.03843475505709648,0.3090338855981827,0.32583028078079224,0.2922374904155731,0.24767819046974182,0.12656402587890625,0.3687923550605774,0.6377688646316528,0.7891495823860168,0.4863881468772888,0.24059926345944405,0.03223533183336258,0.4489631950855255
YOR155C,test,True,True,0.023335788398981094,0.030605773627758025,-0.13847088813781738,0.17521581053733826,-0.014440599828958511,0.1367916315793991,-0.006067086011171341,0.3029371649026871,0.37507960200309753,0.2307947278022766,0.3322623670101166,0.28695109486579895,0.3775736391544342,-0.02103816717863083,-0.14319616556167603,0.10111983120441437,-0.21768676489591599,-0.33785250782966614,-0.09752102196216583
YOR156C,test,False,False,0.24129025638103485,-1.488857126235962,-1.5267643928527832,-1.5918807983398438,-1.8802298307418823,-1.135724425315857,-1.3096861839294434,-1.1415010690689087,-1.0670831203460693,-1.215919017791748,-0.09522804990410805,-0.015869252383708954,-0.17458684742450714,-1.6197324395179749,-1.5692592859268188,-1.6702055931091309,-1.6661290526390076,-1.675400733947754,-1.6568573713302612
YOR157C,test,True,True,0.9851480722427368,0.8636022329330444,1.4863392114639282,0.7379190325737,0.5687431693077087,0.8818526268005371,0.6431571245193481,0.6893371045589447,0.7815791368484497,0.5970950722694397,0.017814666032791138,-0.6980710625648499,0.7337003946304321,1.1025736331939697,1.2572681903839111,0.9478790760040283,1.2144848108291626,1.2519127130508423,1.177056908607483
YOR158W,test,True,True,0.6825736165046692,0.7177728772163391,0.4739811420440674,0.884371817111969,0.7956438064575195,0.6351851224899292,0.7996824979782104,0.5418485552072525,0.5987208485603333,0.48497626185417175,0.4767420142889023,0.5085887312889099,0.44489529728889465,0.980837494134903,0.8163643479347229,1.145310640335083,0.8912373483181,0.9771535992622375,0.8053210973739624
YOR159C,test,True,True,1.3428022861480713,0.057591166347265244,-0.044706717133522034,-0.009738348424434662,-0.0397506020963192,0.44467127323150635,-0.06251977384090424,0.27673812210559845,0.29217636585235596,0.26129987835884094,0.2487555630505085,0.0021975114941596985,0.4953136146068573,-0.07939382456243038,-0.1912076473236084,0.032419998198747635,0.1056968942284584,0.15349321067333221,0.057900577783584595
YOR160W,test,False,True,-0.06848803907632828,0.042601007223129275,-0.11657468974590302,-0.4187316298484802,0.3114545941352844,0.34100329875946045,0.09585346281528473,0.3150169849395752,0.29060858488082886,0.33942538499832153,0.395376056432724,0.6161876320838928,0.17456448078155518,-0.19009801000356674,-0.19674760103225708,-0.1834484189748764,0.1069863773882389,0.05272183567285538,0.16125091910362244
YOR161C,test,True,True,-0.27265965938568115,0.7148134708404541,0.31824541091918945,0.851570188999176,1.0939717292785645,0.7119092345237732,0.5983707904815674,0.7078534960746765,0.6815645694732666,0.7341424226760864,-0.17716925591230392,-0.23806628584861755,-0.1162722259759903,0.5125881172716618,0.045984573662281036,0.9791916608810425,0.6442185044288635,0.5516655445098877,0.7367714643478394
YOR161C-C,test,True,True,-1.0494184494018555,-0.48336108922958376,0.13371777534484863,-1.0406756401062012,-0.6050670742988586,-0.583186686038971,-0.3215938210487366,-1.335219383239746,-1.449695110321045,-1.2207436561584473,0.21802356839179993,0.18014320731163025,0.2559039294719696,-0.3262115027755499,0.0005980916321277618,-0.6530210971832275,-0.9249558746814728,-0.7205798029899597,-1.1293319463729858
YOR161W-A,test,False,False,-0.5501477718353271,-0.5508232176303863,0.23812317848205566,-0.8497152328491211,-0.3377149999141693,-1.1202059984207153,-0.6846030354499817,-1.1415010690689087,-1.0670831203460693,-1.215919017791748,0.5698591321706772,0.7440207600593567,0.3956975042819977,-0.06283887103199959,0.09014781564474106,-0.21582555770874023,-0.5767297148704529,-0.7847743630409241,-0.3686850666999817
YOR161W-B,test,False,False,-1.3926458358764648,-0.6799383461475372,0.48620492219924927,-1.6732001304626465,-0.7111713886260986,-1.0730262994766235,-0.4284988343715668,-1.1415010690689087,-1.0670831203460693,-1.215919017791748,0.778653934597969,1.1164530515670776,0.4408548176288605,-0.49221115931868553,0.034571774303913116,-1.0189940929412842,-0.9285976737737656,-0.2742973268032074,-1.5828980207443237
YOR162C,test,True,True,-0.12197954952716827,0.659405666589737,0.5584083199501038,0.4285484254360199,1.09126877784729,0.5534065961837769,0.6653962135314941,0.3914678692817688,0.4283612072467804,0.3545745313167572,0.7952284812927246,0.8471605777740479,0.7432963848114014,0.5756815522909164,0.709256112575531,0.4421069920063019,0.6429613530635834,0.7385091185569763,0.5474135875701904
YOR163W,test,True,True,1.376470923423767,0.21664322316646575,0.7435647249221802,-0.009168803691864014,-0.14900194108486176,0.19125458598136902,0.30656754970550537,-0.5304202940315008,0.02282704785466194,-1.0836676359176636,0.4195268303155899,0.4035797715187073,0.43547388911247253,0.059152476489543915,0.2172732949256897,-0.09896834194660187,0.4361349791288376,0.4960297644138336,0.37624019384384155
YOR164C,test,True,True,0.5365166664123535,-0.5942100048065185,-1.0547841787338257,-0.3544965386390686,-0.9516953229904175,-0.31395214796066284,-0.29612183570861816,0.0025697872042655945,0.05848013237118721,-0.05334055796265602,-0.37488584220409393,-0.7424543499946594,-0.007317334413528442,-0.18037813156843185,-0.2878476679325104,-0.07290859520435333,-0.8373098522424698,-1.3609055280685425,-0.3137141764163971
YOR165W,test,True,True,0.20031854510307312,-0.5712704241275788,-1.356925368309021,-0.4150996804237366,-0.38095197081565857,-0.40919029712677,-0.2941848039627075,-0.1805533543229103,-0.1863665133714676,-0.17474019527435303,-0.506018802523613,-0.45191606879234314,-0.5601215362548828,-0.37589131481945515,-0.8088743686676025,0.057091739028692245,-1.1298617720603943,-1.879573941230774,-0.38014960289001465
YOR166C,test,True,False,0.05415264889597893,-0.9522585391998291,-1.8751755952835083,-0.7671094536781311,-1.2021510601043701,-0.19114768505096436,-0.7257089018821716,-1.1415010690689087,-1.0670831203460693,-1.215919017791748,0.29692933335900307,-0.041600219905376434,0.6354588866233826,-1.494827926158905,-2.052332639694214,-0.9373232126235962,-0.8865072280168533,-1.972861886024475,0.19984742999076843
YOR167C,test,True,True,1.6558284759521484,0.9410650134086609,0.6871078610420227,1.0698835849761963,1.1177434921264648,1.1694241762161255,0.6611659526824951,1.1829984188079834,1.2074862718582153,1.1585105657577515,-0.07325039058923721,-0.3024263381958008,0.15592555701732635,0.7325984537601471,0.5048062205314636,0.9603906869888306,0.9729619324207306,0.9505090117454529,0.9954148530960083
YOR168W,test,True,True,0.39540112018585205,0.5638766646385193,0.5003407597541809,0.6348341703414917,0.3145264983177185,0.4466647505760193,0.923017144203186,0.7647152841091156,0.8553979992866516,0.6740325689315796,0.3152724951505661,0.1290723979473114,0.5014725923538208,0.6842445880174637,0.42173144221305847,0.9467577338218689,0.6030568927526474,0.3053548038005829,0.9007589817047119
YOR169C,test,False,False,-2.088510751724243,-1.1506910085678101,-0.9942150712013245,-1.3278026580810547,-1.321260690689087,-0.8630059361457825,-1.2471706867218018,-1.1415010690689087,-1.0670831203460693,-1.215919017791748,-1.027826614677906,-2.1672778129577637,0.1116245836019516,-0.9559768438339233,-1.2056180238723755,-0.7063356637954712,-1.5997729897499084,-1.71144437789917,-1.488101601600647
YOR170W,test,False,False,-2.088510751724243,-0.5852799117565155,0.206096351146698,-1.050661563873291,-0.4909825325012207,-1.2403490543365479,-0.35050275921821594,-1.1415010690689087,-1.0670831203460693,-1.215919017791748,-0.04269234836101532,-0.3373642861843109,0.2519795894622803,-0.05536752566695213,0.08240325003862381,-0.19313830137252808,-0.6271085441112518,-0.594598114490509,-0.6596189737319946
YOR171C,test,True,True,0.0536273792386055,0.01425010859966278,-0.03305228799581528,0.021044306457042694,-0.6198204755783081,0.5246188640594482,0.17846013605594635,0.40849369764328003,0.4042385220527649,0.41274887323379517,-0.6070786118507385,-0.3056684732437134,-0.9084887504577637,0.17792841792106628,0.21511799097061157,0.140738844871521,0.262528620660305,0.36181530356407166,0.1632419377565384
YOR172W,test,True,True,0.1617860347032547,0.5373529553413391,0.5749978423118591,0.616133451461792,0.49508732557296753,0.4207238554954529,0.579822301864624,0.6126774549484253,0.5663221478462219,0.6590327620506287,1.0199189484119415,0.9263438582420349,1.1134940385818481,1.0140759944915771,0.823401689529419,1.2047502994537354,0.6315535455942154,0.41173818707466125,0.8513689041137695
YOR173W,test,True,True,-0.4400421380996704,-0.10133614540100097,-0.23761695623397827,-0.2849734127521515,0.3375012278556824,0.1416929066181183,-0.4632844924926758,0.1530762929469347,0.27353525161743164,0.03261733427643776,0.22261889278888702,0.3741243779659271,0.07111340761184692,0.217595674097538,0.3369365632534027,0.09825478494167328,0.2838657721877098,0.056886836886405945,0.5108447074890137
YOR174W,test,True,True,0.2922251522541046,0.3912885576486588,0.5135137438774109,0.2625633776187897,0.5250844359397888,0.40957170724868774,0.24570952355861664,0.13090522587299347,-0.28870609402656555,0.5505165457725525,0.44075438380241394,0.49340692162513733,0.38810184597969055,0.11420011892914772,-0.07369070500135422,0.30209094285964966,0.1668630987405777,-0.061720043420791626,0.395446240901947
YOR175C,test,True,True,0.0356922410428524,0.08094870299100876,-0.22202345728874207,0.14141219854354858,0.042989037930965424,0.3019241988658905,0.14044153690338135,0.09086294285953045,0.23988644778728485,-0.05816056206822395,0.5051667243242264,0.5219866633415222,0.48834678530693054,0.03132369741797447,-0.0672716423869133,0.12991903722286224,-0.19758648797869682,-0.2805598974227905,-0.11461307853460312
YOR176W,test,True,True,0.24164769053459167,0.9552876353263855,0.8823907971382141,0.5875096917152405,1.809096097946167,0.8406104445457458,0.6568311452865601,0.6850025951862335,0.8436691164970398,0.5263360738754272,0.6812475621700287,0.7574788331985474,0.60501629114151,1.216014325618744,1.0906707048416138,1.341357946395874,1.0998850464820862,1.2813286781311035,0.9184414148330688
YOR177C,test,True,True,-0.9938476085662842,-0.16039431728422643,-0.5829808115959167,-0.10811344534158707,0.20425139367580414,-0.011775145307183266,-0.30335357785224915,0.23715437203645706,0.2781231999397278,0.19618554413318634,0.39109231531620026,0.17493298649787903,0.6072516441345215,0.23846837505698204,-0.08057034760713577,0.5575070977210999,-0.1876630038022995,-0.4381997585296631,0.06287375092506409
YOR178C,test,False,True,-0.8678272366523743,0.4794013284146786,0.5443820357322693,0.4834005832672119,0.7479404211044312,0.5846025943756104,0.03668100759387016,0.16971393674612045,0.23766611516475677,0.10176175832748413,0.3349294736981392,-0.040252551436424255,0.7101114988327026,0.05678209476172924,0.10192861407995224,0.01163557544350624,0.24937063455581665,0.34965014457702637,0.14909112453460693
YOR179C,test,True,True,0.34558239579200745,-0.12632540985941887,-0.37200042605400085,-0.13112714886665344,0.033659372478723526,-0.07693588733673096,-0.08522295951843262,-0.11231425404548645,-0.2931904196739197,0.06856191158294678,0.1930544078350067,-0.032120466232299805,0.41822928190231323,-0.4866761267185211,-0.5321059226989746,-0.4412463307380676,-0.44878503680229187,-0.31913453340530396,-0.5784355401992798
YOR180C,test,False,True,-0.41206997632980347,-0.3415337711572647,-0.5132591128349304,-0.602443516254425,-0.3650166988372803,0.14985571801662445,-0.37680524587631226,0.011098615825176239,-0.06646426022052765,0.08866149187088013,-0.12253917753696442,-0.16853079199790955,-0.07654756307601929,-1.1163640022277832,-1.1511051654815674,-1.081622838973999,-0.6049131751060486,-1.1067734956741333,-0.10305285453796387
YOR181W,test,True,True,1.2519861459732056,0.5195851802825928,0.2926290035247803,0.6176832318305969,0.8980168700218201,0.5115491151809692,0.27804768085479736,0.5894424766302109,0.752925455570221,0.4259594976902008,0.2604341208934784,-0.01319420337677002,0.5340624451637268,0.8840963840484619,0.46380579471588135,1.3043869733810425,0.6874888241291046,0.38171929121017456,0.9932583570480347
YOR182C,test,True,True,2.300558567047119,0.6216422140598297,0.6594297885894775,1.25376296043396,-0.1549115777015686,0.3091948926448822,1.0407350063323975,0.8907646834850311,0.8430517911911011,0.9384775757789612,0.17960703000426292,0.10746326297521591,0.25175079703330994,0.26290879026055336,-0.02634172886610031,0.552159309387207,0.9858953356742859,0.5051259994506836,1.4666646718978882
YOR183W,test,True,True,-1.8943618535995483,0.11079598888754845,-0.1169637069106102,0.1444222331047058,0.014816008508205414,0.46783220767974854,0.04387320205569267,0.868977427482605,0.6567997932434082,1.0811550617218018,0.13883088529109955,0.07463619112968445,0.20302557945251465,0.6956107318401337,0.9077509641647339,0.48347049951553345,0.23078732565045357,-0.07703699916601181,0.538611650466919
YOR184W,test,True,True,0.7194252014160156,0.5085973650217056,0.7490639090538025,0.42697641253471375,0.5775096416473389,0.24106048047542572,0.5483763813972473,0.5194989144802094,0.5883874297142029,0.4506103992462158,0.10544135980308056,0.017715420573949814,0.1931672990322113,0.2308691069483757,0.38961145281791687,0.07212676107883453,0.7367232143878937,0.8184303641319275,0.6550160646438599
YOR185C,test,True,True,-0.28142961859703064,-0.004547972232103348,0.01729196310043335,-0.21499024331569672,-0.009303972125053406,0.1944500058889389,-0.01018761470913887,0.4038955420255661,0.3385379910469055,0.4692530930042267,-0.7516207695007324,-0.5320338010787964,-0.9712077379226685,-0.018450254574418068,0.01775970309972763,-0.054660212248563766,-0.40210963785648346,-1.134595274925232,0.330375999212265
YOR186C-A,test,False,False,-0.768973171710968,-1.4875629901885987,-0.9994333386421204,-2.000225782394409,-0.8999351859092712,-1.6728357076644897,-1.8653849363327026,-1.1415010690689087,-1.0670831203460693,-1.215919017791748,-0.09088250994682312,0.15059161186218262,-0.33235663175582886,-1.4736774861812592,-0.9595088362693787,-1.9878461360931396,-1.6872580647468567,-1.744928240776062,-1.6295878887176514
YOR186W,test,True,True,-1.300346851348877,-0.652158135175705,-0.21924564242362976,-0.7227365374565125,-0.8941531777381897,-0.5109007358551025,-0.9137545824050903,-0.06462594866752625,-0.6976009011268616,0.5683490037918091,-0.8210992813110352,-1.2816081047058105,-0.36059045791625977,-0.9394786357879639,-1.6978408098220825,-0.18111646175384521,-0.8877816423773766,-1.8594342470169067,0.08387096226215363
YOR187W,test,True,True,0.5949122905731201,0.9142092108726502,1.0279861688613892,0.6860283017158508,1.3136849403381348,0.8274804353713989,0.715866208076477,0.7316596508026123,0.9353552460670471,0.5279640555381775,0.747881144285202,0.9713594317436218,0.5244028568267822,0.7796856462955475,0.8379864692687988,0.7213848233222961,0.8237210810184479,0.8419260382652283,0.8055161237716675
YOR188W,test,True,True,0.6147450804710388,0.43379545360803606,0.22364789247512817,0.07483036071062088,0.8197447657585144,0.6364361643791199,0.4143180847167969,0.32534295320510864,0.434318870306015,0.21636703610420227,-0.2479715794324875,-0.6037591695785522,0.10781601071357727,0.31959567964076996,0.2664594054222107,0.3727319538593292,0.3050079010426998,0.08784466236829758,0.522171139717102
YOR189W,test,True,True,1.0798698663711548,1.0436628699302672,1.0295294523239136,1.0809478759765625,1.5804426670074463,0.8357418775558472,0.6916524767875671,0.706317275762558,0.7420570254325867,0.6705775260925293,0.8234822750091553,0.968873918056488,0.6780906319618225,0.7899311035871506,0.4959993064403534,1.0838629007339478,0.936590164899826,0.7743616700172424,1.0988186597824097
YOR190W,test,True,True,-1.7818242311477661,-1.7889702081680299,-1.7620769739151,-1.486513614654541,-2.5054900646209717,-1.7790040969848633,-1.4117662906646729,-0.7953870743513107,-1.0949405431747437,-0.4958336055278778,-0.5479816608130932,-0.08032353967428207,-1.0156397819519043,-1.6787918210029602,-1.5024776458740234,-1.855105996131897,-1.9385378956794739,-2.7130348682403564,-1.1640409231185913
YOR191W,test,False,True,0.4730678200721741,0.3824938118457794,0.49842578172683716,0.2603999376296997,0.5810622572898865,0.29075637459754944,0.2818247079849243,0.36730481684207916,0.40106797218322754,0.3335416615009308,0.5321785658597946,0.6761279702186584,0.3882291615009308,0.5720343589782715,0.38456636667251587,0.7595023512840271,-0.009599730372428894,-0.19991229474544525,0.18071283400058746
YOR192C,test,True,False,-1.5759413242340088,-1.5583401918411255,-1.3166658878326416,-1.5058033466339111,-1.3321967124938965,-1.70099675655365,-1.9360382556915283,-1.1415010690689087,-1.0670831203460693,-1.215919017791748,-0.09887855872511864,0.10788837820291519,-0.30564549565315247,-1.3975054025650024,-0.9295340776443481,-1.8654767274856567,-1.2887370586395264,-1.3050638437271118,-1.272410273551941
YOR192C-C,test,True,True,-0.5671737790107727,0.07373155057430267,0.24351218342781067,-0.20204077661037445,0.28582024574279785,-0.0737181007862091,0.1150842010974884,0.2778659611940384,0.2974799871444702,0.25825193524360657,-0.0899958461523056,0.2671761214733124,-0.4471678137779236,0.0006518922746181488,0.1018964871764183,-0.100592702627182,0.2115861400961876,0.20924638211727142,0.21392589807510376
YOR193W,test,True,True,-0.21367870271205902,0.46185624673962594,0.825782835483551,0.2725016176700592,0.5635765194892883,0.5969874262809753,0.05043283477425575,0.7804272770881653,0.8954047560691833,0.6654497981071472,0.4668504297733307,0.391635537147522,0.5420653223991394,0.5309789106249809,0.9049779176712036,0.15697990357875824,0.4356236904859543,0.5303741693496704,0.34087321162223816
YOR194C,test,True,True,1.7300771474838257,0.4094171315431595,0.5422728061676025,0.2010379284620285,0.27251529693603516,0.5731914639472961,0.4580681622028351,0.5671016424894333,0.6527611613273621,0.4814421236515045,-0.298577144742012,-0.7764747142791748,0.17932042479515076,0.44402724504470825,0.3643835186958313,0.5236709713935852,0.5426797121763229,0.46528610587120056,0.6200733184814453
YOR195W,test,True,True,0.5233747959136963,0.2590760547667742,0.3941609263420105,-0.004555508494377136,0.5085378289222717,0.0014764908701181412,0.39576053619384766,0.4106796234846115,0.4951900839805603,0.3261691629886627,-0.13438349217176437,-0.17334678769111633,-0.09542019665241241,0.21667926013469696,0.16676369309425354,0.2665948271751404,0.31060754507780075,0.1892029494047165,0.432012140750885
YOR196C,test,True,True,0.652671217918396,0.4172956943511963,0.3387712836265564,0.23124027252197266,0.5670720338821411,0.5074136257171631,0.4419812560081482,0.5976748168468475,0.6048109531402588,0.5905386805534363,0.17755773663520813,0.28388115763664246,0.0712343156337738,0.5876482427120209,0.8859558701515198,0.289340615272522,0.46914851665496826,0.5176335573196411,0.4206634759902954
YOR197W,test,True,True,1.0706485509872437,0.32369638681411744,0.050199300050735474,0.16811296343803406,0.33769625425338745,0.7358378767967224,0.32663553953170776,0.5961377322673798,0.6565161347389221,0.5357593297958374,-0.8612821698188782,-0.6104037761688232,-1.112160563468933,0.6022055447101593,0.7220971584320068,0.48231393098831177,0.3445732109248638,0.07651009410619736,0.6126363277435303
YOR198C,test,True,True,1.4761608839035034,0.9046766281127929,0.33471745252609253,0.8914869427680969,1.454512596130371,0.9758805632591248,0.8667855858802795,0.6683320701122284,0.7399422526359558,0.596721887588501,0.7619318068027496,0.6444236636161804,0.8794399499893188,0.857209175825119,0.5495371222496033,1.1648812294006348,0.8785690665245056,0.6113790273666382,1.145759105682373
YOR199W,test,False,False,-1.6078988313674927,-1.1041203081607818,-0.8224934935569763,-1.6300938129425049,-1.2535622119903564,-0.27477654814720154,-1.5396754741668701,-1.1415010690689087,-1.0670831203460693,-1.215919017791748,0.398772656917572,0.5940659642219543,0.2034793496131897,-0.8908227682113647,-0.6703113317489624,-1.111334204673767,-1.1784632205963135,-1.5186173915863037,-0.8383090496063232
YOR200W,test,False,False,-1.7908148765563965,-0.9541352391242981,-0.909826934337616,-1.265838384628296,-0.7726684212684631,-0.47371822595596313,-1.3486242294311523,-1.1415010690689087,-1.0670831203460693,-1.215919017791748,-0.1730232685804367,0.24105527997016907,-0.5871018171310425,-0.646276444196701,-0.7857271432876587,-0.5068257451057434,-1.3786601424217224,-1.801837682723999,-0.9554826021194458
YOR201C,test,False,True,0.7618051171302795,0.286048498749733,0.6567258238792419,0.14162224531173706,0.19566361606121063,0.18546950817108154,0.2507613003253937,0.2375992015004158,0.11731003224849701,0.3578883707523346,1.0502644777297974,1.1125808954238892,0.9879480600357056,0.544770210981369,0.8802146911621094,0.20932573080062866,0.28869009017944336,0.3561520278453827,0.22122815251350403
YOR202W,test,False,True,-2.088510751724243,0.3543562591075897,0.4033491015434265,0.27089035511016846,0.33283019065856934,0.191568523645401,0.5731431245803833,0.5984049439430237,0.5663310885429382,0.6304787993431091,-0.7112092077732086,-0.46408265829086304,-0.9583357572555542,0.19497694075107574,0.17224940657615662,0.21770447492599487,0.1352585256099701,0.046818941831588745,0.22369810938835144
YOR203W,test,False,False,-2.008643865585327,-1.140041360259056,-1.5904494524002075,-1.514688491821289,-0.13708101212978363,-0.8840916752815247,-1.5738961696624756,-1.1415010690689087,-1.0670831203460693,-1.215919017791748,-0.9380968939512968,-1.9106988906860352,0.034505102783441544,-1.7533140182495117,-1.7429412603378296,-1.7636867761611938,-1.2512435168027878,-2.017504930496216,-0.48498210310935974
YOR204W,test,True,True,0.9208992123603821,0.5738622844219208,0.3621458411216736,0.4361574947834015,0.9207574725151062,0.6721206903457642,0.47812992334365845,0.7295967638492584,0.7302449941635132,0.7289485335350037,-0.026740729808807373,-0.9603049755096436,0.9068235158920288,0.515009194612503,0.5998340845108032,0.4301843047142029,0.3846445232629776,0.5242322087287903,0.24505683779716492
YOR205C,test,False,True,0.3527604937553406,0.43568542301654817,0.6019074320793152,0.5057371854782104,0.5701879858970642,0.04384435713291168,0.45675015449523926,0.5488037914037704,0.620063841342926,0.47754374146461487,1.0225411653518677,1.0050040483474731,1.0400782823562622,0.6256303489208221,0.6786080002784729,0.5726526975631714,0.7148650586605072,0.7319408059120178,0.6977893114089966
YOR206W,test,True,True,0.7503148913383484,0.8329989910125732,0.6018638610839844,0.9618924260139465,1.215319037437439,0.5824998021125793,0.803419828414917,0.7115489691495895,0.9450016021728516,0.4780963361263275,0.44238777458667755,0.5526654124259949,0.33211013674736023,1.0958545804023743,1.2344908714294434,0.9572182893753052,0.9186675846576691,0.8772990107536316,0.9600361585617065
YOR207C,test,True,True,0.031344734132289886,0.547432404756546,0.33510759472846985,0.47743260860443115,0.5960436463356018,0.715543806552887,0.6130343675613403,0.5866164565086365,0.6527119874954224,0.5205209255218506,-0.304111048579216,0.04009780287742615,-0.6483199000358582,0.5517789572477341,0.3587159812450409,0.7448419332504272,0.6074371337890625,0.44014716148376465,0.7747271060943604
YOR208W,test,True,True,0.0956692174077034,0.6347457945346833,0.6654382944107056,0.4373207986354828,1.1472370624542236,0.2884870767593384,0.6352457404136658,0.6941424608230591,0.7811174988746643,0.6071674227714539,0.4655257761478424,0.4450124204158783,0.4860391318798065,0.5756525695323944,0.6444047689437866,0.5069003701210022,0.5210661441087723,0.6794677376747131,0.3626645505428314
YOR209C,test,True,True,0.7295104265213013,0.24560942202806474,-0.8168173432350159,0.05608420819044113,0.8517773151397705,0.8995698094367981,0.23743312060832977,0.3221937045454979,0.11566267907619476,0.528724730014801,0.7805883139371872,0.43056294322013855,1.1306136846542358,-0.21106605231761932,-0.6505096554756165,0.2283775508403778,0.6268025636672974,0.5531713962554932,0.7004337310791016
YOR210W,test,True,True,1.2969460487365723,-0.09963764483109117,-0.08779866248369217,0.3112408518791199,-0.004737390670925379,0.000182444229722023,-0.7170754671096802,-0.4553199391812086,-0.9594054818153381,0.048765603452920914,0.39690566062927246,0.4890287220478058,0.30478259921073914,-0.2633154094219208,-0.8682708740234375,0.34164005517959595,0.06178097426891327,-0.2549677789211273,0.37852972745895386
YOR211C,test,True,True,0.11708605289459229,0.7057787477970123,1.191880226135254,1.1145384311676025,0.6504840850830078,0.6406165361404419,-0.0686255395412445,0.6397655606269836,0.8842993974685669,0.3952317237854004,1.0598775744438171,1.513421893119812,0.6063332557678223,0.7223598957061768,0.8093135952949524,0.6354061961174011,0.3606203645467758,0.4433142840862274,0.2779264450073242
YOR212W,test,True,True,1.0962655544281006,0.7994931697845459,0.9503385424613953,1.099008560180664,0.4924265146255493,0.6578605771064758,0.797831654548645,0.8393458127975464,1.1045563220977783,0.5741353034973145,0.3198564052581787,0.48503854870796204,0.15467426180839539,1.093435674905777,1.3064368963241577,0.8804344534873962,0.7054339945316315,0.7048224806785583,0.7060455083847046
YOR213C,test,True,True,0.3923557996749878,0.13913018256425858,-0.0046086981892585754,0.2854648530483246,-0.14517346024513245,0.3574049472808838,0.20256327092647552,0.21671855449676514,0.27338600158691406,0.1600511074066162,0.45459185540676117,0.774448812007904,0.1347348988056183,0.3241465575993061,-0.10977640002965927,0.7580695152282715,0.39092644304037094,0.10903088748455048,0.6728219985961914
YOR214C,test,True,True,-1.9548792839050293,0.11468733549118042,0.38958659768104553,-0.3095921277999878,0.12960782647132874,0.18148598074913025,0.18234840035438538,-0.3479146584868431,0.22207613289356232,-0.9179054498672485,0.7988297939300537,1.0885368585586548,0.5091227293014526,0.07369883358478546,0.0840638279914856,0.06333383917808533,-0.163252305239439,-0.0703851506114006,-0.2561194598674774
YOR215C,test,True,True,1.1175402402877808,0.61112260222435,0.7244197130203247,0.1664160192012787,0.856911301612854,1.0124841928482056,0.2953817844390869,0.6910770833492279,0.6757215857505798,0.706432580947876,0.7553403377532959,0.9201686978340149,0.5905119776725769,0.875981867313385,1.0280606746673584,0.7239030599594116,0.770269051194191,0.4001498520374298,1.1403882503509521
YOR216C,test,True,False,0.9781265258789062,-0.13456017076969146,0.1677943766117096,-0.5355609059333801,0.5289642214775085,-0.7078326344490051,-0.12616591155529022,-1.1415010690689087,-1.0670831203460693,-1.215919017791748,1.166796326637268,1.1134788990020752,1.220113754272461,-0.20677603594958782,-0.4071774184703827,-0.0063746534287929535,-0.35678794234991074,-0.8993173241615295,0.18574143946170807
YOR217W,test,False,False,0.4998258054256439,-1.175907176733017,-1.165487289428711,-1.1795766353607178,-0.3460793197154999,-1.6737412214279175,-1.5146514177322388,-1.1415010690689087,-1.0670831203460693,-1.215919017791748,0.2966335341334343,0.5172980427742004,0.07596902549266815,-1.2171851694583893,-1.6237984895706177,-0.8105718493461609,-1.657472014427185,-1.7722647190093994,-1.5426793098449707
YOR218C,test,False,False,-1.6981772184371948,-1.86959867477417,-1.9731265306472778,-1.3821122646331787,-1.971624732017517,-1.9216187000274658,-2.09951114654541,-1.1415010690689087,-1.0670831203460693,-1.215919017791748,-0.5514378622174263,-0.9395713210105896,-0.163304403424263,-1.6756671667099,-2.0074236392974854,-1.3439106941223145,-2.091060698032379,-2.2479500770568848,-1.9341713190078735
YOR219C,test,True,True,0.18386973440647125,0.5441440463066101,0.4625477194786072,0.45680153369903564,0.9510253071784973,0.45173317193984985,0.39861249923706055,0.8993508815765381,0.919039785861969,0.8796619772911072,0.20031961612403393,0.45416706800460815,-0.0535278357565403,0.48652026057243347,0.6498146653175354,0.32322585582733154,0.6815831512212753,0.3775695264339447,0.985596776008606
YOR220W,test,True,True,0.3050053119659424,0.4269255712628365,0.11090854555368423,0.4385454058647156,0.4416401982307434,0.6816381216049194,0.46189558506011963,0.7557892203330994,0.9357365965843201,0.5758418440818787,-0.8843556046485901,-1.8757864236831665,0.10707521438598633,0.3868678957223892,0.34495076537132263,0.4287850260734558,0.35083290189504623,0.19736938178539276,0.5042964220046997
YOR221C,test,True,True,0.5408799648284912,0.1441977322101593,0.49844640493392944,0.16043490171432495,-0.1519443243741989,0.37691736221313477,-0.16286568343639374,0.4944111779332161,0.8107872605323792,0.17803509533405304,0.601165309548378,0.35999640822410583,0.8423342108726501,0.6279112696647644,0.9213426113128662,0.3344799280166626,0.516129657626152,0.5448241829872131,0.48743513226509094
YOR222W,test,True,True,0.46272197365760803,-0.04870816171169281,0.4817458391189575,-0.5174976587295532,-0.2016371637582779,0.20376963913440704,-0.2099214643239975,0.5047468841075897,0.7566745281219482,0.2528192400932312,0.6207101792097092,0.8123128414154053,0.42910751700401306,0.14163737185299397,0.30468401312828064,-0.02140926942229271,-0.20750119537115097,-0.37929823994636536,-0.035704150795936584
YOR223W,test,True,True,0.49607014656066895,0.3160680215805769,0.20725879073143005,0.4276001453399658,0.6015403866767883,-0.017980793491005898,0.3619215786457062,0.5013840645551682,0.6393117904663086,0.3634563386440277,0.9812581986188889,1.468819499015808,0.4936968982219696,0.3724364936351776,0.2632806897163391,0.4815922975540161,0.29447442293167114,0.11221364140510559,0.4767352044582367
YOR224C,test,True,True,1.3153210878372192,0.4276463627815247,0.4289070963859558,0.554270327091217,0.6243603229522705,0.277627170085907,0.25306689739227295,0.5278505682945251,0.5351025462150574,0.5205985903739929,-0.035307690501213074,-0.39937275648117065,0.3287573754787445,0.48152129352092743,0.3910702168941498,0.5719723701477051,0.6297940462827682,0.4768246114253998,0.7827634811401367
YOR225W,test,False,False,-1.530373215675354,-1.805232334136963,-1.8552933931350708,-1.913513422012329,-1.7502694129943848,-1.919053554534912,-1.5880318880081177,-1.1415010690689087,-1.0670831203460693,-1.215919017791748,-0.9635660648345947,-0.5227729082107544,-1.404359221458435,-1.830737054347992,-1.8845738172531128,-1.776900291442871,-2.046618640422821,-2.179290771484375,-1.913946509361267
YOR226C,test,False,True,1.2025928497314453,0.8359902560710907,0.7882166504859924,1.1590213775634766,1.1313825845718384,0.3419815003871918,0.7593491673469543,0.6938424110412598,0.8245853781700134,0.5630994439125061,0.5997578203678131,0.6878131031990051,0.5117025375366211,0.7845417708158493,0.29501256346702576,1.2740709781646729,0.88833287358284,0.8300147652626038,0.9466509819030762
YOR227W,test,True,True,0.45484182238578796,0.27941802702844143,0.45082342624664307,-0.3728249669075012,0.5185113549232483,-0.01627814956009388,0.8168584704399109,0.604731947183609,0.8348178267478943,0.37464606761932373,0.2584175765514374,0.6440547704696655,-0.12721961736679077,0.45585988461971283,0.47667959332466125,0.4350401759147644,0.7031489312648773,0.8360784649848938,0.5702193975448608
YOR228C,test,True,True,-0.5662940740585327,-0.4872730500996113,-0.04623662307858467,-0.032298579812049866,-1.0786728858947754,-0.4491093158721924,-0.8300478458404541,0.2472214289009571,0.015274889767169952,0.47916796803474426,0.5252641290426254,0.7969146370887756,0.2536136209964752,0.133316308259964,0.19954907894134521,0.06708353757858276,-0.19737825449556112,-0.02884356491267681,-0.36591294407844543
YOR229W,test,True,True,0.4457002282142639,-0.08954317048192025,-0.4696529507637024,0.013863980770111084,-0.12984715402126312,0.13813233375549316,-0.00021206215023994446,0.10105790197849274,-0.15023687481880188,0.35235267877578735,0.6206169575452805,0.7863782644271851,0.45485565066337585,0.22879129648208618,0.0327877402305603,0.42479485273361206,-0.17618462443351746,-0.31091466546058655,-0.041454583406448364
YOR230W,test,True,True,0.5119328498840332,0.38579079061746596,0.3781372904777527,0.7426137328147888,0.22707559168338776,-0.05935961753129959,0.6404869556427002,0.5809113383293152,0.3123701214790344,0.849452555179596,0.24607161432504654,0.3620162010192871,0.13012702763080597,0.6161007881164551,0.5311300158500671,0.701071560382843,0.5981402024626732,0.2123843878507614,0.983896017074585
YOR231C-A,test,False,False,-2.088510751724243,-1.331762707233429,-1.0985711812973022,-1.506143569946289,-1.6495091915130615,-0.7861997485160828,-1.6183898448944092,-1.1415010690689087,-1.0670831203460693,-1.215919017791748,0.1415377091616392,0.24029695987701416,0.04277845844626427,-1.5149942636489868,-1.4319040775299072,-1.5980844497680664,-1.518615961074829,-1.952324390411377,-1.0849075317382812
YOR231W,test,True,True,0.6596235036849976,0.07809558510780334,-0.2869755029678345,-0.2357872724533081,0.792859673500061,-0.29236191511154175,0.41274294257164,0.554618775844574,0.4475870728492737,0.6616504788398743,-1.143100917339325,-1.2522341012954712,-1.0339677333831787,0.3324553407728672,0.09931839257478714,0.5655922889709473,-0.005740363150835037,-0.0861600711941719,0.07467934489250183
YOR232W,test,True,True,0.7850654721260071,0.45945843011140824,0.10818711668252945,0.49344509840011597,0.7406360507011414,0.33563780784606934,0.6193860769271851,0.4412037283182144,0.4784366488456726,0.4039708077907562,0.5299527198076248,0.5920956134796143,0.4678098261356354,0.4524717889726162,0.1123509332537651,0.7925926446914673,0.23172905296087265,0.227111354470253,0.2363467514514923
YOR233W,test,True,True,0.3814377784729004,0.4558865427970886,0.15497809648513794,0.38258838653564453,0.6436037421226501,0.4535382390022278,0.6447242498397827,0.4094785451889038,0.3534579575061798,0.4654991328716278,0.5394931584596634,0.39548638463020325,0.6834999322891235,0.5740989446640015,0.34035301208496094,0.807844877243042,0.3078701049089432,0.29362669587135315,0.3221135139465332
YOR234C,test,True,True,1.1448149681091309,1.3411908388137816,1.4101192951202393,1.2785866260528564,1.6378140449523926,1.1805170774459839,1.1989171504974365,1.5609205961227417,1.7246707677841187,1.3971704244613647,-0.019765036180615425,-0.06736680120229721,0.02783672884106636,1.16558837890625,1.2593151330947876,1.0718616247177124,1.1887269616127014,1.0758014917373657,1.301652431488037
YOR235W,test,False,False,0.4439990818500519,-1.4626227855682372,-1.6971858739852905,-1.6165072917938232,-1.9906648397445679,-0.8973197937011719,-1.111436128616333,-1.1415010690689087,-1.0670831203460693,-1.215919017791748,-1.7804180979728699,-2.093010663986206,-1.4678255319595337,-1.5471581816673279,-2.0683608055114746,-1.0259555578231812,-1.436042845249176,-1.992994785308838,-0.8790909051895142
YOR236W,test,True,True,0.4740678668022156,0.7945380806922913,0.7702152132987976,0.48716509342193604,1.086329460144043,0.4984259605407715,1.1305546760559082,1.0450539290904999,0.8242122530937195,1.2658956050872803,0.08789941295981407,0.007065586745738983,0.16873323917388916,0.4062867984175682,0.6442561149597168,0.16831748187541962,1.0763676762580872,1.2260267734527588,0.9267085790634155
YOR237W,test,True,True,-0.878696620464325,0.1886550232768059,-0.09977427870035172,0.2616477906703949,0.12817010283470154,0.3231346011161804,0.33009690046310425,-0.69344761967659,-0.8919398784637451,-0.4949553608894348,0.2730243541300297,0.008262403309345245,0.5377863049507141,0.23693041503429413,0.13072925806045532,0.34313157200813293,0.30955692380666733,0.1194838434457779,0.49963000416755676
YOR238W,test,False,False,-0.27319592237472534,-1.1000482805073262,-0.7608000040054321,-1.7120227813720703,-0.04235756769776344,-1.3120673894882202,-1.6729936599731445,-1.1415010690689087,-1.0670831203460693,-1.215919017791748,-0.6477943807840347,-1.1783045530319214,-0.11728420853614807,-1.439242422580719,-1.208377480506897,-1.670107364654541,-1.7559301257133484,-1.6094573736190796,-1.9024028778076172
YOR239W,test,True,True,0.9632516503334045,0.39176625609397886,0.3975515067577362,0.28162041306495667,0.45336681604385376,0.5006749033927917,0.32561764121055603,0.3291403502225876,0.28512611985206604,0.37315458059310913,0.23066700994968414,0.02039337158203125,0.44094064831733704,0.4529043138027191,0.3900719881057739,0.5157366394996643,0.47180385142564774,0.10594286024570465,0.8376648426055908
YOR241W,test,True,True,0.636971116065979,0.325871878862381,0.5099247694015503,0.1695527732372284,0.5195348858833313,0.1350521743297577,0.29529479146003723,0.47012320160865784,0.41945964097976685,0.5207867622375488,-0.15740757808089256,-0.3083774447441101,-0.006437711417675018,0.3467891961336136,0.20275357365608215,0.490824818611145,0.5153047814965248,0.21953411400318146,0.8110754489898682
YOR242C,test,True,False,-1.3514050245285034,-1.0207638263702392,-0.48074132204055786,-1.691476583480835,-0.6104541420936584,-1.2346811294555664,-1.0864659547805786,-1.1415010690689087,-1.0670831203460693,-1.215919017791748,0.355370432138443,0.41455110907554626,0.2961897552013397,-0.8384397476911545,-0.3370872437953949,-1.339792251586914,-0.6605940498411655,-1.2261133193969727,-0.09507478028535843
YOR243C,test,True,True,0.4608931839466095,0.4514461815357208,0.5573477149009705,0.2928982973098755,0.6325656175613403,0.22083386778831482,0.553585410118103,0.5918256789445877,0.7346306443214417,0.44902071356773376,0.5551187507808208,0.11099960654973984,0.9992378950119019,0.32189974188804626,0.5229448080062866,0.12085467576980591,0.6591827273368835,0.7577610015869141,0.560604453086853
YOR244W,test,False,True,0.6362872123718262,0.6679290950298309,0.9929884076118469,0.5864673256874084,0.7363789677619934,0.5588365793228149,0.46497419476509094,0.7265059351921082,0.8004180192947388,0.6525938510894775,0.39696681313216686,0.8114644885063171,-0.017530862241983414,0.5861020982265472,0.7274916768074036,0.4447125196456909,0.7219026535749435,0.9625884890556335,0.48121681809425354
YOR245C,test,True,True,0.049602266401052475,0.11128039360046386,-0.3102189302444458,0.46380430459976196,0.2923767566680908,-0.42169827222824097,0.5321381092071533,0.6026335209608078,0.7059323191642761,0.4993347227573395,-0.6794835347682238,-1.3997281789779663,0.040761109441518784,0.14446993544697762,-0.007113538682460785,0.296053409576416,0.2850337438285351,0.04203864187002182,0.5280288457870483
YOR246C,test,True,True,0.7475485801696777,0.6486391425132751,0.2995716333389282,0.3882710933685303,1.1749706268310547,0.6038041710853577,0.7765781879425049,0.6159203350543976,0.726226270198822,0.5056143999099731,0.12325416319072247,0.2844482362270355,-0.03793990984559059,0.8313983678817749,0.8888633847236633,0.7739333510398865,0.6188872754573822,0.628656804561615,0.6091177463531494
YOR247W,test,True,True,1.3701390027999878,0.24221867620944976,-0.46332642436027527,0.31161564588546753,0.1858835071325302,0.6837072372436523,0.493213415145874,0.8391075730323792,0.7196251749992371,0.9585899710655212,-0.055456727743148804,-0.21048173308372498,0.09956827759742737,0.607293963432312,0.37728428840637207,0.837303638458252,0.2469577044248581,-0.31309571862220764,0.8070111274719238
YOR248W,test,False,False,-1.9974528551101685,-1.7965357780456543,-2.094667673110962,-1.7007200717926025,-2.224212884902954,-1.590023159980774,-1.373055100440979,-1.1415010690689087,-1.0670831203460693,-1.215919017791748,-0.29226696491241455,-0.7206357717514038,0.1361018419265747,-1.7229356169700623,-1.9944502115249634,-1.4514210224151611,-1.890209972858429,-1.8867028951644897,-1.8937170505523682
YOR249C,test,True,True,-0.3639638125896454,-0.1903226613998413,0.05375572293996811,-0.5399301052093506,0.16619382798671722,0.035122327506542206,-0.6667550802230835,-0.0340410191565752,-0.0732000470161438,0.005118008702993393,0.28700438886880875,0.3741553723812103,0.19985340535640717,-0.4885300397872925,-0.5199950337409973,-0.45706504583358765,-0.19050472602248192,-0.04700922220945358,-0.33400022983551025
YOR250C,test,False,False,0.02363683097064495,-1.1650226950645446,-0.30124491453170776,-1.733701467514038,-1.2494242191314697,-1.2563303709030151,-1.2844125032424927,-1.1415010690689087,-1.0670831203460693,-1.215919017791748,0.26522839069366455,-0.033222317695617676,0.5636790990829468,-0.5102143120020628,-0.055994000285863876,-0.9644346237182617,-0.12998905777931213,-0.15911813080310822,-0.10085998475551605
YOR251C,test,True,True,-0.06457830965518951,0.40685478672385217,0.5713891386985779,-0.014295760542154312,0.19849856197834015,0.9230346083641052,0.35564738512039185,0.35880813002586365,0.2870137095451355,0.4306025505065918,-0.08953136205673218,0.5709954500198364,-0.7500581741333008,0.4340878874063492,0.5236002802848816,0.3445754945278168,0.3357238844037056,0.2396775335073471,0.4317702353000641
YOR252W,test,True,True,0.9056612849235535,0.5265652149915695,0.5760072469711304,0.1486620157957077,0.7428576350212097,0.8129627108573914,0.35233646631240845,0.3495341092348099,0.3013799786567688,0.39768823981285095,0.7488652467727661,0.9182047247886658,0.5795257687568665,0.9544054865837097,1.0420414209365845,0.866769552230835,0.7751302123069763,0.6010783910751343,0.9491820335388184
YOR253W,test,True,True,0.4845764636993408,0.261163991689682,0.3392939567565918,-0.27224546670913696,0.6157036423683167,0.26441875100135803,0.3586490750312805,0.12067177891731262,-0.0692024827003479,0.31054604053497314,0.2134962622076273,0.3966329097747803,0.03035961464047432,0.4147666394710541,0.4563714861869812,0.37316179275512695,0.22611041460186243,0.010191472247242928,0.44202935695648193
YOR254C,test,True,True,0.9321158528327942,1.0821629524230958,0.9940087199211121,0.9355621933937073,1.231184959411621,1.4278059005737305,0.8222529888153076,0.507555291056633,0.7349185347557068,0.2801920473575592,0.6444959342479706,0.7593331933021545,0.5296586751937866,0.986048698425293,1.0706948041915894,0.9014025926589966,1.128879874944687,0.8075669407844543,1.4501928091049194
YOR255W,test,True,True,-1.9945030212402344,-0.09428435638546943,-0.5877191424369812,-0.53732830286026,0.015738721936941147,0.5088703036308289,0.12901663780212402,0.0929737463593483,-0.2339157909154892,0.4198632836341858,0.21996039897203445,0.43556657433509827,0.004354223608970642,0.10178988799452782,0.10390657931566238,0.09967319667339325,-0.21389487385749817,-0.21073392033576965,-0.21705582737922668
YOR256C,test,False,True,0.028038037940859795,0.23104997128248214,0.01878705620765686,0.03540807217359543,0.16704751551151276,0.7325724959373474,0.20143471658229828,0.36844371259212494,0.4144248068332672,0.32246261835098267,-0.013548826798796654,-0.048479318618774414,0.021381665021181107,0.3303327113389969,0.22711485624313354,0.43355056643486023,0.09611251205205917,-0.11342655122280121,0.30565157532691956
YOR257W,test,True,True,1.3670669794082642,0.5680842876434327,0.7140158414840698,0.45794492959976196,0.7633699774742126,0.5598282814025879,0.34526240825653076,0.5678440928459167,0.5908517241477966,0.5448364615440369,0.3105531930923462,0.2826540172100067,0.33845236897468567,0.7855729460716248,0.6726152300834656,0.8985306620597839,0.4500030502676964,0.20600514113903046,0.6940009593963623
YOR258W,test,True,True,-0.3151770234107971,0.31287716180086134,0.3911488652229309,0.05230022221803665,0.34669190645217896,0.2835896909236908,0.4906551241874695,0.40904536843299866,0.25563502311706543,0.5624557137489319,0.43567706644535065,0.5503262281417847,0.3210279047489166,0.3884826600551605,0.33783695101737976,0.4391283690929413,0.3002369627356529,0.11988313496112823,0.4805907905101776
YOR259C,test,False,True,1.2176514863967896,0.7087222695350647,1.0578835010528564,0.6240127086639404,0.9554259777069092,0.45795202255249023,0.4483371376991272,0.6548122763633728,0.7146657705307007,0.5949587821960449,0.6526188850402832,1.124910831451416,0.1803269386291504,1.0481553375720978,0.7656176686286926,1.330693006515503,0.5891380310058594,0.4496474266052246,0.7286286354064941
YOR260W,test,True,True,0.8526105284690857,0.5333951056003571,0.8017701506614685,0.5873850584030151,0.46686097979545593,0.618236243724823,0.1927230954170227,0.5988894402980804,0.6491041779518127,0.5486747026443481,-0.18718728609383106,-0.3551439046859741,-0.019230667501688004,0.5707584321498871,0.5775521397590637,0.5639647245407104,0.5988711267709732,0.41440287232398987,0.7833393812179565
YOR261C,test,True,True,0.5044801831245422,0.9820055961608887,1.1668294668197632,0.8888420462608337,1.3654465675354004,1.1598234176635742,0.3290864825248718,0.5395750850439072,0.6483055949211121,0.43084457516670227,1.2526793479919434,1.372588038444519,1.1327706575393677,1.2558655738830566,1.392472267150879,1.1192588806152344,0.6627011299133301,0.7866233587265015,0.5387789011001587
YOR262W,test,True,True,0.3852297365665436,0.08058384656906128,0.12882202863693237,0.2642010450363159,0.29086679220199585,-0.5359188914299011,0.2549482583999634,0.4997721463441849,0.5707988142967224,0.42874547839164734,-0.7249797452241182,-1.4186937808990479,-0.031265709549188614,0.4269399046897888,0.21803289651870728,0.6358469128608704,0.3322969898581505,0.16524435579776764,0.4993496239185333
YOR263C,test,False,False,-1.965377926826477,-1.5533098936080934,-1.9090120792388916,-1.663017749786377,-1.2238175868988037,-1.3741456270217896,-1.5965564250946045,-1.1415010690689087,-1.0670831203460693,-1.215919017791748,-0.3449670523405075,0.004842430353164673,-0.6947765350341797,-1.6730982661247253,-1.9986847639083862,-1.3475117683410645,-1.4540063738822937,-1.945454478263855,-0.9625582695007324
YOR264W,test,True,True,0.54609215259552,0.8931193470954895,1.064173698425293,1.3936817646026611,0.8679342865943909,0.6550313830375671,0.4847756028175354,0.519424632191658,0.8002514243125916,0.2385978400707245,0.6656935811042786,0.7768968939781189,0.5544902682304382,1.0117418467998505,1.0898336172103882,0.9336500763893127,0.6911653578281403,0.5723958611488342,0.8099348545074463
YOR265W,test,True,True,1.0741370916366577,0.22996629476547242,0.10574520379304886,0.33899882435798645,0.47515392303466797,0.06322114914655685,0.16671237349510193,0.3609127849340439,0.2758009433746338,0.446024626493454,0.42297130823135376,0.4927677810192108,0.3531748354434967,0.7572963237762451,0.6656346321105957,0.8489580154418945,0.41477079689502716,0.27317896485328674,0.5563626289367676
YOR266W,test,True,True,-0.49014922976493835,0.33824133425951003,0.023544766008853912,-0.017060846090316772,0.6429939866065979,0.7781688570976257,0.26355990767478943,0.5427903383970261,0.455692321062088,0.6298883557319641,0.4068775922060013,0.5267638564109802,0.28699132800102234,0.2127232402563095,0.17729869484901428,0.24814778566360474,0.23828162997961044,-0.18875975906848907,0.66532301902771
YOR267C,test,True,True,1.287508249282837,0.9659512042999268,0.585506021976471,1.7180261611938477,1.0232868194580078,0.7112733721733093,0.791663646697998,0.5737283825874329,0.38851767778396606,0.7589390873908997,0.8382140100002289,0.7970582842826843,0.8793697357177734,0.9375471770763397,0.610400378704071,1.2646939754486084,0.4786943644285202,-0.3700120747089386,1.327400803565979
YOR268C,test,True,True,-1.1782019138336182,-1.3577632904052734,-1.4494670629501343,-1.0078961849212646,-1.423593521118164,-1.798479437828064,-1.1093802452087402,-0.8670068681240082,-1.1461981534957886,-0.5878155827522278,-0.64259834587574,0.3261493146419525,-1.6113460063934326,-0.6515921205282211,-1.065672755241394,-0.23751148581504822,-0.9450973868370056,-1.6902629137039185,-0.19993185997009277
YOR269W,test,True,True,0.09339778125286102,-0.25369761884212494,-0.5330736041069031,-0.5713565945625305,-0.1309199184179306,-0.44167712330818176,0.40853914618492126,-0.8230114579200745,-0.9477922916412354,-0.6982306241989136,0.4094751477241516,0.7098188996315002,0.10913139581680298,-0.5272206366062164,-0.5493013858795166,-0.5051398873329163,-0.42109857499599457,-0.1702861487865448,-0.6719110012054443
YOR270C,test,True,True,0.39853474497795105,0.2893772438168526,-0.04962008446455002,0.06711012125015259,0.4229985475540161,0.26450565457344055,0.7418919801712036,0.6169861108064651,0.7361099123954773,0.497862309217453,0.5038408041000366,0.6483622193336487,0.35931938886642456,0.5652869939804077,0.6623209118843079,0.46825307607650757,0.49537278711795807,0.671768844127655,0.3189767301082611
YOR271C,test,True,True,0.5373499989509583,1.348646879196167,1.4160834550857544,1.8914902210235596,1.112874150276184,1.521443247795105,0.8013433218002319,0.8275889754295349,1.1256794929504395,0.5294984579086304,0.5618082731962204,0.8046399354934692,0.31897661089897156,1.2958783507347107,1.2288695573806763,1.3628871440887451,1.0902979373931885,1.458131194114685,0.7224646806716919
YOR272W,test,True,True,0.8023397922515869,0.7454498946666718,0.8074813485145569,1.0533742904663086,0.4249773323535919,0.3922790288925171,1.0491374731063843,1.096350371837616,1.3274059295654297,0.8652948141098022,-0.10762256756424904,-0.19943401217460632,-0.015811122953891754,0.8031893074512482,0.8996492624282837,0.7067293524742126,1.1934464573860168,1.3096625804901123,1.0772303342819214
YOR273C,test,False,True,0.6437864899635315,0.5071667015552521,-0.1703527569770813,0.8750042915344238,0.9325100779533386,0.26752200722694397,0.6311498880386353,0.8072675466537476,0.7529447674751282,0.8615903258323669,-0.21503523737192154,-0.3312080204486847,-0.09886245429515839,0.10700871050357819,0.046389058232307434,0.16762836277484894,0.6355681717395782,-0.03734320402145386,1.3084795475006104
YOR274W,test,True,True,0.40537670254707336,0.28168815970420835,0.44989824295043945,0.3993526101112366,0.396356463432312,-0.11116647720336914,0.273999959230423,0.854157954454422,0.6529822945594788,1.0553336143493652,0.544648602604866,0.7082836627960205,0.38101354241371155,0.1252419278025627,0.4752436578273773,-0.2247598022222519,0.24995463341474533,0.5867946743965149,-0.08688540756702423
YOR275C,test,False,True,0.1635631024837494,0.5264774978160858,0.39711445569992065,0.49647337198257446,0.4716351330280304,0.8341953754425049,0.4329691529273987,0.7034149914979935,0.9226837754249573,0.48414620757102966,-0.8454155474901199,-0.4168974459171295,-1.2739336490631104,0.6805857121944427,0.6095551252365112,0.7516162991523743,0.32375267148017883,0.275113970041275,0.37239137291908264
YOR276W,test,True,True,1.0399072170257568,0.9604500651359558,1.469786286354065,1.1069464683532715,0.9798340201377869,0.797208309173584,0.4484752416610718,0.7707307934761047,0.916574239730835,0.6248873472213745,0.6747484505176544,0.7218429446220398,0.627653956413269,1.3443645238876343,1.3870364427566528,1.3016926050186157,1.007090300321579,0.9525025486946106,1.0616780519485474
YOR277C,test,False,False,-1.4780068397521973,-1.9800402164459228,-1.7026115655899048,-2.167447090148926,-1.992006778717041,-1.9301637411117554,-2.1079719066619873,-1.1415010690689087,-1.0670831203460693,-1.215919017791748,-1.5585708618164062,-1.5309311151504517,-1.5862106084823608,-1.9597545266151428,-1.8978573083877563,-2.0216517448425293,-1.9964314103126526,-2.0131618976593018,-1.9797009229660034
YOR278W,test,True,True,-0.3492656350135803,-0.6800279498100281,-0.34431976079940796,-1.002016544342041,-0.5778511166572571,-0.48276740312576294,-0.9931849241256714,-0.38961261697113514,-0.022463444620370865,-0.7567617893218994,-0.2790215462446213,-0.4466148912906647,-0.11142820119857788,-0.6061455830931664,-0.9930001497268677,-0.21929101645946503,-0.15128643065690994,-0.4778381884098053,0.1752653270959854
YOR279C,test,True,True,0.060423776507377625,0.25271497666835785,0.0018928498029708862,-0.19514437019824982,0.8312254548072815,0.13063283264636993,0.49496811628341675,0.13017163425683975,0.1791408509016037,0.0812024176120758,0.576352134346962,0.6831993460655212,0.4695049226284027,0.37993480265140533,0.5565463304519653,0.20332327485084534,0.2534364089369774,0.3692850172519684,0.1375878006219864
YOR280C,test,True,True,0.30668193101882935,-0.737057301402092,-0.7774584293365479,-0.062728151679039,-0.8788586258888245,-1.0232234001159668,-0.9430178999900818,-0.9801572412252426,-1.5663753747940063,-0.3939391076564789,0.7466381080448627,0.10643050819635391,1.3868457078933716,-0.7468881756067276,-1.1679702997207642,-0.32580605149269104,-0.5320414304733276,-0.2234935760498047,-0.8405892848968506
YOR281C,test,False,True,0.8465739488601685,0.41868544220924375,0.32320261001586914,0.06325462460517883,0.821594774723053,0.5717273354530334,0.3136478662490845,0.5692334175109863,0.5807089805603027,0.5577578544616699,0.914285272359848,0.9911687970161438,0.8374017477035522,0.8165251612663269,0.8169795274734497,0.8160707950592041,0.44822846353054047,0.525113582611084,0.37134334444999695
YOR282W,test,False,False,-1.728392481803894,-2.100521516799927,-2.2208282947540283,-2.1668965816497803,-2.016007661819458,-2.003048896789551,-2.0958261489868164,-1.1415010690689087,-1.0670831203460693,-1.215919017791748,-1.7337775826454163,-1.3859525918960571,-2.0816025733947754,-2.1798566579818726,-2.276667594909668,-2.083045721054077,-2.022459626197815,-2.10483980178833,-1.9400794506072998
YOR283W,test,True,True,0.4611916244029999,-0.22193619832396508,-0.13452878594398499,-0.724114716053009,0.01413973793387413,0.08724751323461533,-0.3524247407913208,-0.08212324045598507,-0.22553646564483643,0.06128998473286629,-0.12457922101020813,-0.01235826313495636,-0.2368001788854599,0.08500038273632526,0.1565151810646057,0.013485584408044815,0.018386565148830414,-0.20300422608852386,0.2397773563861847
YOR284W,test,True,True,0.2088928371667862,0.2983478918671608,0.5342761278152466,-0.1134226992726326,0.7007860541343689,0.24129335582256317,0.12880662083625793,0.5138164907693863,0.6908717751502991,0.3367612063884735,-0.2630011886358261,-0.3450450897216797,-0.18095728754997253,0.34713263995945454,0.6643812656402588,0.029884014278650284,0.8492057025432587,0.854868471622467,0.8435429334640503
YOR285W,test,True,True,0.8813180327415466,0.15376521944999694,0.19230523705482483,-0.14203837513923645,-0.10295093059539795,0.6160556077957153,0.20545455813407898,0.6320352554321289,0.7044331431388855,0.5596373677253723,-1.9340806603431702,-1.9831806421279907,-1.8849806785583496,0.2995736673474312,0.48895201086997986,0.11019532382488251,0.423965722322464,0.3260132670402527,0.5219181776046753
YOR286W,test,True,True,0.9793121814727783,0.1331755094230175,0.18301516771316528,0.25881630182266235,-0.09061610698699951,0.25346940755844116,0.06119277700781822,0.06836538761854172,-0.13515006005764008,0.2718808352947235,-0.7804514542222023,-1.443395733833313,-0.11750717461109161,0.04840753972530365,-0.3871133625507355,0.4839284420013428,0.37223365902900696,0.30791547894477844,0.4365518391132355
YOR287C,test,True,True,0.5843226909637451,0.27961970791220664,0.4094427824020386,0.32555291056632996,0.6288097500801086,0.051363393664360046,-0.01707029715180397,0.23004545271396637,0.3158515393733978,0.1442393660545349,1.4195287823677063,1.7487332820892334,1.0903242826461792,0.4741998463869095,0.38661691546440125,0.5617827773094177,0.6225250959396362,0.5021260976791382,0.7429240942001343
YOR288C,test,True,True,0.21799182891845703,0.02368178516626358,-0.10766109079122543,-0.1697264164686203,0.15487278997898102,-0.1737726628780365,0.4146963059902191,0.43190397322177887,0.5844289660453796,0.2793789803981781,-0.05290082283318043,-0.01808777078986168,-0.08771387487649918,0.3455226290971041,0.7174986600875854,-0.026453401893377304,0.12320173531770706,0.13438816368579865,0.11201530694961548
YOR289W,test,True,True,0.4877684712409973,0.24632774107158184,-0.06910629570484161,0.1413843333721161,0.643255889415741,-0.0020600948482751846,0.518164873123169,0.5015158504247665,0.6095795035362244,0.3934521973133087,-0.3055382762104273,-0.5778242349624634,-0.03325231745839119,0.5535301268100739,0.656928300857544,0.45013195276260376,0.25610068440437317,0.42487600445747375,0.08732536435127258
YOR290C,test,True,True,0.9517151117324829,0.8469735860824585,1.0876251459121704,0.8534964919090271,0.6863622069358826,0.6850610971450806,0.9223229885101318,0.7362702488899231,0.8135005831718445,0.6590399146080017,0.32017964124679565,0.25853681564331055,0.38182246685028076,0.5109140276908875,0.5788804292678833,0.4429476261138916,1.007058560848236,1.2118395566940308,0.8022775650024414
YOR291W,test,True,True,-0.13951753079891205,0.9177960515022278,0.7769861221313477,0.8474165201187134,1.153820514678955,0.8739926218986511,0.9367644786834717,0.7199866473674774,0.9210395216941833,0.5189337730407715,0.5127339661121368,0.5237829685211182,0.5016849637031555,0.7047936022281647,0.6722372174263,0.7373499870300293,1.1662968397140503,1.4416276216506958,0.8909660577774048
YOR292C,test,True,True,-0.3685092628002167,1.138318943977356,0.9584588408470154,1.2282674312591553,1.4332537651062012,0.7980380654335022,1.2735766172409058,1.279547095298767,1.4452672004699707,1.1138269901275635,0.026973189786076546,0.034712351858615875,0.019234027713537216,1.1197581887245178,1.040464997291565,1.1990513801574707,1.1071096658706665,1.0626614093780518,1.1515579223632812
YOR293C-A,test,True,True,-1.5364587306976318,-1.2731273412704467,-0.7930324077606201,-1.3463561534881592,-2.137807846069336,-1.3632038831710815,-0.7252364158630371,0.10408239997923374,-0.05265248939394951,0.260817289352417,-0.4665939640253782,-0.915904700756073,-0.017283227294683456,-0.945038914680481,-2.0108022689819336,0.12072443962097168,-1.3533926606178284,-1.9843462705612183,-0.7224390506744385
YOR293W,test,True,True,1.8609874248504639,1.411236834526062,1.420280933380127,1.2300090789794922,1.9444639682769775,1.1840161085128784,1.277414083480835,1.2971199750900269,1.4287877082824707,1.165452241897583,0.3664510194212198,0.7333113551139832,-0.0004093162715435028,1.2586302757263184,1.3567692041397095,1.1604913473129272,1.2426960468292236,1.1198594570159912,1.365532636642456
YOR294W,test,True,True,0.9386675953865051,0.13371661901474,-0.16320225596427917,0.172463059425354,0.3933858871459961,0.35262978076934814,-0.08669337630271912,0.32961703836917877,0.3420165181159973,0.31721755862236023,0.3594059646129608,0.4381100833415985,0.2807018458843231,-0.027286306023597717,-0.28067442774772644,0.226101815700531,-0.38909783959388733,-0.6942440867424011,-0.08395159244537354
YOR295W,test,True,False,0.3359346389770508,-0.4106059581041336,-0.6591681241989136,-0.39903467893600464,-0.19633956253528595,-0.12792879343032837,-0.6705586314201355,-1.1415010690689087,-1.0670831203460693,-1.215919017791748,0.2630896270275116,0.3190426528453827,0.2071366012096405,-0.6286135017871857,-0.6307967305183411,-0.6264302730560303,-0.9865599870681763,-1.4646204710006714,-0.5084995031356812
YOR296W,test,True,True,-0.3023250997066498,0.2250768668949604,0.374715656042099,0.22571569681167603,-0.16924796998500824,0.6561402082443237,0.0380607433617115,0.24354783445596695,0.1691451221704483,0.3179505467414856,0.5667509585618973,0.7252247929573059,0.40827712416648865,0.3054772764444351,0.15746232867240906,0.4534922242164612,0.3194863647222519,0.2846638858318329,0.3543088436126709
YOR297C,test,True,True,0.5940810441970825,-1.2954640150070191,-1.55923330783844,-1.3099398612976074,-1.933163046836853,-1.1637529134750366,-0.5112309455871582,-0.09283129125833511,0.10755179822444916,-0.2932143807411194,-1.5238174796104431,-1.187351107597351,-1.8602838516235352,-1.3397600054740906,-1.3553966283798218,-1.3241233825683594,-1.0328231453895569,-0.5156868696212769,-1.549959421157837
YOR298C-A,test,True,True,2.3560879230499268,1.1757462620735168,1.2033274173736572,1.3348667621612549,1.2140201330184937,0.8425403237342834,1.283976674079895,0.9824986457824707,1.327077865600586,0.6379194259643555,0.792677253484726,0.7920544743537903,0.7933000326156616,1.0189269483089447,0.8725898861885071,1.1652640104293823,1.6002424359321594,1.6844803094863892,1.5160045623779297
YOR298W,test,True,True,-1.3994958400726318,-1.3737105131149292,-0.9314256310462952,-2.1631131172180176,-2.1998965740203857,-0.38938409090042114,-1.1847331523895264,-0.49945608526468277,-0.7606534957885742,-0.23825867474079132,-1.4549647569656372,-1.601479411125183,-1.3084501028060913,-1.1276415288448334,-0.7001922726631165,-1.5550907850265503,-1.9114428758621216,-2.409710645675659,-1.413175106048584
YOR299W,test,True,True,0.3137347996234894,0.5239652693271637,0.23850899934768677,0.6564022898674011,0.8683205842971802,0.20632943511009216,0.6502650380134583,0.2578538879752159,0.06298215687274933,0.4527256190776825,0.08792708814144135,0.17026159167289734,0.0055925846099853516,0.6165653169155121,0.7803906202316284,0.45274001359939575,0.5997883379459381,0.673429548740387,0.5261471271514893
YOR300W,test,False,False,-1.5636919736862183,-0.4347835585474968,-0.32682526111602783,-1.232649564743042,0.28482890129089355,-0.04849501699209213,-0.8507768511772156,-1.1415010690689087,-1.0670831203460693,-1.215919017791748,0.2620111405849457,0.4114559590816498,0.11256632208824158,-0.5024471916258335,0.08191405981779099,-1.086808443069458,-0.2794354259967804,-0.38275521993637085,-0.17611563205718994
YOR301W,test,True,True,0.9035862684249878,0.7237999081611634,0.7057048082351685,0.5576145052909851,0.9275255799293518,0.9153181314468384,0.5128365159034729,0.6727198958396912,0.7211772799491882,0.6242625117301941,0.930730938911438,1.339060664176941,0.5224012136459351,0.6349233388900757,0.7568628787994385,0.5129837989807129,0.9199422895908356,0.9646033644676208,0.8752812147140503
YOR302W,test,True,True,1.9335789680480957,-0.16978465914726257,-0.5432543754577637,-0.5468700528144836,0.100609689950943,0.7019967436790466,-0.5614053010940552,0.5170425847172737,0.19555546343326569,0.8385297060012817,-0.16314054653048515,-0.11583619564771652,-0.21044489741325378,-1.088173657655716,-1.65847909450531,-0.5178682208061218,-0.09265486896038055,-0.6394503712654114,0.45414063334465027
YOR303W,test,True,True,0.9495957493782043,-0.3705504983663559,-0.8744148015975952,-0.4320283532142639,0.16817434132099152,0.5365675091743469,-1.2510511875152588,0.5280340909957886,0.31969940662384033,0.7363687753677368,-0.9872875511646271,-0.5945972800254822,-1.379977822303772,-1.137216329574585,-1.217041254043579,-1.0573914051055908,-0.5782830864191055,-1.2250169515609741,0.06845077872276306
YOR304C-A,test,True,False,0.3029034733772278,-1.4609672665596007,-0.9900447726249695,-1.876542329788208,-1.5440711975097656,-1.5460981130599976,-1.3480799198150635,-1.1415010690689087,-1.0670831203460693,-1.215919017791748,-0.10652770102024078,-0.2770709991455078,0.06401559710502625,-1.278669834136963,-0.7954061031341553,-1.7619335651397705,-1.7221640348434448,-1.6387900114059448,-1.8055380582809448
YOR304W,test,True,True,0.4629287123680115,0.4155833929777145,0.6402882933616638,0.4695305824279785,0.19562219083309174,0.5416223406791687,0.23085355758666992,0.5845582783222198,0.5646218061447144,0.6044947504997253,-0.23066597431898117,-0.3278976082801819,-0.13343434035778046,0.5085185021162033,0.27796313166618347,0.7390738725662231,0.4879485219717026,0.3381217420101166,0.6377753019332886
YOR305W,test,True,False,0.3457910716533661,-0.505210442841053,0.03729339689016342,-0.9204148054122925,-0.5416887402534485,-0.3886244297027588,-0.7126176357269287,-1.1415010690689087,-1.0670831203460693,-1.215919017791748,-0.12590501457452774,-0.2509819269180298,-0.0008281022310256958,-0.7665037512779236,-0.6193097829818726,-0.9136977195739746,-1.2307754755020142,-1.6833910942077637,-0.7781598567962646
YOR306C,test,False,True,-0.1267472505569458,-0.03750590085983276,1.498702049255371,-1.087221622467041,-0.831474244594574,0.07282628118991852,0.15963803231716156,0.22099347971379757,0.4939344525337219,-0.051947493106126785,-0.20781555026769638,-0.25029194355010986,-0.1653391569852829,-0.18658898770809174,0.4989541471004486,-0.8721321225166321,-0.21031014621257782,0.34162870049476624,-0.7622489929199219
YOR307C,test,True,True,0.2536119222640991,-1.4916753888130188,-1.9047969579696655,-1.6047265529632568,-1.9209054708480835,-0.8831935524940491,-1.144754409790039,-1.2272325158119202,-0.7428635358810425,-1.7116014957427979,-0.1863400563597679,-0.26284530758857727,-0.10983480513095856,-1.1623642444610596,-1.3400095701217651,-0.984718918800354,-2.6327046155929565,-2.762709140777588,-2.502700090408325
YOR308C,test,False,True,0.5968322157859802,0.1251734733581543,0.3232993185520172,-0.10543590784072876,0.29247725009918213,-0.10641387104988098,0.22194057703018188,0.3611794710159302,0.32247990369796753,0.3998790383338928,0.6054290980100632,0.4848954379558563,0.72596275806427,0.6593641936779022,0.8115137815475464,0.5072146058082581,0.4131456986069679,0.13414640724658966,0.6921449899673462
YOR309C,test,False,False,-1.4771509170532227,-0.36921206712722776,-0.6451200842857361,-1.396977186203003,0.2370356023311615,0.2702620327472687,-0.3112607002258301,-1.1415010690689087,-1.0670831203460693,-1.215919017791748,0.49765197932720184,0.5659969449043274,0.4293070137500763,-0.7973423004150391,-1.0256288051605225,-0.5690557956695557,-0.09648242592811584,-0.6125834584236145,0.4196186065673828
YOR310C,test,True,True,0.34902897477149963,0.7558306932449341,0.928811252117157,0.4767347574234009,1.097349762916565,0.5433349013328552,0.7329227924346924,0.6783939450979233,0.8971037864685059,0.4596841037273407,0.4845470041036606,0.43482354283332825,0.5342704653739929,0.6611898243427277,0.7635380625724792,0.5588415861129761,1.0310081839561462,1.0850107669830322,0.9770056009292603
YOR311C,test,True,True,0.5432668328285217,0.27704607248306273,-0.20165234804153442,0.4944353699684143,0.4911862909793854,0.26276659965515137,0.3384944498538971,0.6140685379505157,0.647166907787323,0.5809701681137085,0.5717885792255402,0.6382288336753845,0.5053483247756958,0.7690000236034393,0.5719942450523376,0.966005802154541,0.10979161411523819,0.4681815803050995,-0.2485983520746231
YOR312C,test,True,True,1.4346482753753662,1.8030899524688722,1.459051251411438,2.141726493835449,2.138366460800171,2.203869342803955,1.0724362134933472,0.8403595089912415,0.7116363644599915,0.9690826535224915,1.1139932870864868,1.3063427209854126,0.921643853187561,1.0515964329242706,1.2289057970046997,0.8742870688438416,1.9338270425796509,1.5836687088012695,2.2839853763580322
YOR313C,test,True,True,-0.9840285181999207,-1.1194009765982629,-0.793345034122467,-1.7573843002319336,-2.1364779472351074,0.0743766501545906,-0.9841742515563965,-1.7324661612510681,-1.5762110948562622,-1.888721227645874,0.3374017924070358,0.2560529112815857,0.41875067353248596,-0.9463806301355362,-0.3003944456577301,-1.5923668146133423,-2.3229422569274902,-2.2566025257110596,-2.389281988143921
YOR314W,test,False,False,-2.076655387878418,-1.5945302963256835,-0.8859879970550537,-1.768385648727417,-2.180190324783325,-1.6016969680786133,-1.5363905429840088,-1.1415010690689087,-1.0670831203460693,-1.215919017791748,-0.8355728983879089,-0.5928119421005249,-1.078333854675293,-1.5090464353561401,-1.6213676929473877,-1.3967251777648926,-1.8908311128616333,-2.0978012084960938,-1.6838610172271729
YOR314W-A,test,False,False,-1.2814067602157593,-1.1831526637077332,-0.8148952126502991,-1.7554268836975098,-0.5853922367095947,-1.738707423210144,-1.0213415622711182,-1.1415010690689087,-1.0670831203460693,-1.215919017791748,-1.8661031126976013,-1.888382077217102,-1.8438241481781006,-0.8187084645032883,-0.23180517554283142,-1.4056117534637451,-1.0716526508331299,-1.0164414644241333,-1.1268638372421265
YOR315W,test,True,True,0.8041442036628723,0.09404116347432137,0.15707579255104065,0.4652310013771057,-0.2633516788482666,0.03328888490796089,0.07796181738376617,0.37962606549263,0.6433600187301636,0.11589211225509644,-0.8083841763436794,-1.5372960567474365,-0.07947229593992233,0.30422962456941605,-0.06871436536312103,0.6771736145019531,0.1967495009303093,0.2350607067346573,0.1584382951259613
YOR316C,test,False,True,1.161199927330017,-0.22498812675476074,0.8445677161216736,0.8662392497062683,-1.0295732021331787,-0.7918102741241455,-1.0143641233444214,0.18179525434970856,0.27253663539886475,0.09105387330055237,0.1680084690451622,0.17567205429077148,0.16034488379955292,0.17989148572087288,0.12044758349657059,0.23933538794517517,-0.5317202061414719,-1.4540576934814453,0.3906172811985016
YOR316C-A,test,False,True,-0.8793647289276123,-1.0938084304332734,-1.320076584815979,0.09756401181221008,-1.431143879890442,-1.3217309713363647,-1.493654727935791,-0.8174460977315903,-0.478949636220932,-1.1559425592422485,-0.19380184262990952,-0.19056519865989685,-0.19703848659992218,-0.6404300928115845,-1.4517543315887451,0.17089414596557617,-1.7315493822097778,-1.863690733909607,-1.5994080305099487
YOR317W,test,True,True,0.7524588704109192,1.2104925274848939,0.6860106587409973,1.4590158462524414,1.4984254837036133,1.2853128910064697,1.1236977577209473,1.0311773121356964,1.20405912399292,0.8582955002784729,0.5236252248287201,0.4495571255683899,0.5976933240890503,0.8808798491954803,1.1008176803588867,0.660942018032074,1.0850516557693481,0.7839049100875854,1.3861984014511108
YOR318C,test,False,False,-0.48359373211860657,-0.9139314770698548,-1.1444416046142578,-1.0367177724838257,-0.427798330783844,-0.3408769369125366,-1.6198227405548096,-1.1415010690689087,-1.0670831203460693,-1.215919017791748,-0.2780388295650482,0.2711395025253296,-0.827217161655426,-1.141117423772812,-1.3081773519515991,-0.9740574955940247,-1.138834897428751,-2.1623411178588867,-0.11532867699861526
YOR319W,test,True,True,0.20183753967285156,0.39745343327522276,0.25472748279571533,0.22768238186836243,0.619550883769989,0.24482083320617676,0.6404855847358704,0.7079670429229736,0.9058212041854858,0.5101128816604614,0.28984878212213516,0.4190797209739685,0.16061784327030182,0.3284207209944725,0.7397844195365906,-0.08294297754764557,1.0891525149345398,1.1591726541519165,1.019132375717163
YOR320C,test,True,True,-0.02987559139728546,0.16635579764842987,0.2933138310909271,0.1369655579328537,0.3224557042121887,-0.09981700778007507,0.17886090278625488,0.354980006814003,0.45860159397125244,0.25135841965675354,0.015602504834532738,0.08843805640935898,-0.0572330467402935,0.01921297423541546,0.0683884546160698,-0.029962506145238876,0.22763142362236977,0.07509154826402664,0.3801712989807129
YOR321W,test,True,True,-0.09332536160945892,0.23872295022010803,0.36017942428588867,0.04853537678718567,0.28139880299568176,0.2948339879512787,0.20866715908050537,0.5997691750526428,0.6282907128334045,0.5712476372718811,-0.25079381465911865,-0.40394434332847595,-0.09764328598976135,0.3357221484184265,0.4413909316062927,0.2300533652305603,0.04864789545536041,0.5265040993690491,-0.42920830845832825
YOR322C,test,True,True,0.3953051269054413,0.46047133207321167,0.47569477558135986,0.7165014147758484,0.4356006979942322,0.2789669632911682,0.3955928087234497,0.2284557968378067,0.2010500729084015,0.2558615207672119,0.61988365650177,0.8320034146308899,0.40776389837265015,0.4606234282255173,0.4242093861103058,0.49703747034072876,0.486527755856514,0.44113150238990784,0.5319240093231201
YOR323C,test,True,True,0.46108478307724,0.14774888306856154,0.10573475807905197,-0.04753516614437103,0.33725112676620483,0.24182423949241638,0.10146945714950562,0.355364128947258,0.4068552255630493,0.3038730323314667,-0.49941104650497437,-0.7794252038002014,-0.21939688920974731,0.01425483264029026,-0.020952776074409485,0.049462441354990005,0.5320360511541367,0.11984476447105408,0.9442273378372192
YOR324C,test,True,True,0.05377570167183876,0.5162327647209167,1.0151313543319702,0.30725255608558655,0.49709007143974304,0.2151162028312683,0.5465736389160156,0.3387329876422882,0.43341580033302307,0.24405017495155334,0.016873303800821304,-0.0642862394452095,0.09803284704685211,0.18380043469369411,0.4190514385700226,-0.051450569182634354,0.3361796662211418,0.21363963186740875,0.4587197005748749
YOR325W,test,False,False,-1.894927978515625,-1.3660385370254517,-1.7439519166946411,-1.109278917312622,-1.0134687423706055,-1.2594064474105835,-1.7040866613388062,-1.1415010690689087,-1.0670831203460693,-1.215919017791748,-0.27008117735385895,-0.34237775206565857,-0.19778460264205933,-1.090489685535431,-1.4713670015335083,-0.7096123695373535,-1.6777989864349365,-2.12843918800354,-1.227158784866333
YOR326W,test,True,True,0.5158082842826843,0.6541290283203125,0.5013795495033264,0.703161895275116,1.0699753761291504,0.43985259532928467,0.5562757253646851,0.46518564224243164,0.5229842066764832,0.4073870778083801,0.39840706065297127,0.0630735531449318,0.7337405681610107,0.51762730255723,-0.008367054164409637,1.0436216592788696,0.7621391117572784,0.5936505198478699,0.930627703666687
YOR327C,test,True,True,0.9825285077095032,0.5740184247493744,0.4128207564353943,0.9154061675071716,0.8510298132896423,0.11674293875694275,0.574092447757721,0.9058544635772705,1.0168153047561646,0.7948936223983765,0.7538963109254837,1.1890076398849487,0.3187849819660187,1.0532032251358032,1.284436583518982,0.8219698667526245,0.8091936111450195,1.0215340852737427,0.5968531370162964
YOR328W,test,True,False,-0.5816104412078857,-1.72150616645813,-1.77772057056427,-2.0405306816101074,-1.536578893661499,-1.5723432302474976,-1.6803574562072754,-1.1415010690689087,-1.0670831203460693,-1.215919017791748,-0.8148914352059364,-1.3964499235153198,-0.23333294689655304,-2.024985611438751,-1.9890919923782349,-2.0608792304992676,-2.044658839702606,-2.1340036392211914,-1.955314040184021
YOR329C,test,True,True,0.9988971948623657,0.4205228328704834,0.3362685441970825,0.3077333867549896,0.47607383131980896,0.8156319260597229,0.166906476020813,0.5434951484203339,0.5541565418243408,0.5328337550163269,-0.9736001193523407,-0.583928644657135,-1.3632715940475464,0.488146111369133,0.5293539762496948,0.44693824648857117,0.44273386895656586,0.3019838035106659,0.5834839344024658
YOR329W-A,test,False,False,-1.9969364404678345,-1.8223725080490112,-1.6307262182235718,-2.1026763916015625,-2.056734561920166,-1.199469804763794,-2.122255563735962,-1.1415010690689087,-1.0670831203460693,-1.215919017791748,-1.7903544902801514,-2.098851203918457,-1.4818577766418457,-1.782332956790924,-1.7476693391799927,-1.8169965744018555,-1.8753593564033508,-1.8174468278884888,-1.933271884918213
YOR330C,test,False,True,0.19634728133678436,0.9204524278640747,0.8041755557060242,1.0664870738983154,0.6877465844154358,1.286771535873413,0.7570813894271851,0.5977571755647659,0.696679413318634,0.4988349378108978,0.46498169004917145,0.5579466819763184,0.37201669812202454,1.2455410361289978,1.5219612121582031,0.9691208600997925,0.8173903226852417,0.8737796545028687,0.7610009908676147
YOR331C,test,False,False,-1.889426827430725,-2.0161561012268066,-1.8674982786178589,-2.0401558876037598,-2.1986613273620605,-1.9032193422317505,-2.0712456703186035,-1.1415010690689087,-1.0670831203460693,-1.215919017791748,-2.0950189232826233,-1.9213947057724,-2.2686431407928467,-2.0324981212615967,-2.0353665351867676,-2.029629707336426,-1.8685956001281738,-1.798805832862854,-1.9383853673934937
YOR332W,test,True,True,0.9869586229324341,1.1072009444236754,0.9743900895118713,1.1044330596923828,1.0359864234924316,1.556313395500183,0.8648817539215088,0.5916667878627777,0.6077771186828613,0.5755564570426941,1.254258930683136,1.1400483846664429,1.368469476699829,1.4839905500411987,1.447074294090271,1.5209068059921265,1.0553358495235443,0.8934996724128723,1.2171720266342163
YOR333C,test,False,False,-1.840880274772644,-1.3543713808059692,-0.5010710954666138,-1.9219539165496826,-1.0024495124816895,-1.4176287651062012,-1.9287536144256592,-1.1415010690689087,-1.0670831203460693,-1.215919017791748,-0.3218817859888077,0.15379318594932556,-0.7975567579269409,-1.4245710968971252,-1.0869795083999634,-1.762162685394287,-1.5394923090934753,-1.5583516359329224,-1.5206329822540283
YOR334W,test,True,True,-0.12532170116901398,-0.11037462204694748,-0.2104463279247284,-0.07640029489994049,-0.09575433284044266,-0.09743784368038177,-0.07183431088924408,-0.6672151386737823,-0.33836430311203003,-0.9960659742355347,0.2562839984893799,-0.19839942455291748,0.7109674215316772,0.014446467161178589,-0.24188145995140076,0.27077439427375793,-0.09421557188034058,-0.6098963022232056,0.4214651584625244
YOR335C,test,True,True,0.2494678795337677,1.019192397594452,0.8296972513198853,0.8555238842964172,1.37026047706604,0.9730639457702637,1.0674164295196533,0.7446287572383881,0.9474547505378723,0.5418027639389038,0.5741483867168427,0.18207663297653198,0.9662201404571533,0.6736279129981995,0.7824224233627319,0.564833402633667,1.195824533700943,0.9232324957847595,1.4684165716171265
YOR335W-A,test,False,False,-2.088510751724243,-1.6207116842269897,-1.71110999584198,-1.980189323425293,-1.2772116661071777,-1.7023366689682007,-1.4327107667922974,-1.1415010690689087,-1.0670831203460693,-1.215919017791748,-1.6267878413200378,-1.5879789590835571,-1.6655967235565186,-1.9868921637535095,-1.8384913206100464,-2.1352930068969727,-1.973280131816864,-2.0490670204162598,-1.8974932432174683
YOR336W,test,True,True,-0.35029423236846924,0.4997802317142487,0.742211639881134,0.3135678470134735,0.6723896861076355,0.28800177574157715,0.4827302098274231,0.6964845061302185,0.7487697005271912,0.6441993117332458,-0.42301096208393574,-0.058744464069604874,-0.7872774600982666,0.3893543630838394,0.6054564714431763,0.17325225472450256,0.6691564619541168,0.727000892162323,0.6113120317459106
YOR337W,test,True,True,0.17966046929359436,0.43507747948169706,0.6067885756492615,0.47602707147598267,0.4845772385597229,0.13505758345127106,0.4729369282722473,0.5875492095947266,0.6001697778701782,0.5749286413192749,0.2640465795993805,0.1934729516506195,0.3346202075481415,0.6784956157207489,0.5686278939247131,0.7883633375167847,0.46319133043289185,0.3094412088394165,0.6169414520263672
YOR338W,test,True,True,-0.804962158203125,0.03743607997894287,-0.06662899255752563,0.03508941829204559,0.3485337197780609,-0.32011762261390686,0.19030387699604034,0.09201464243233204,0.00392000749707222,0.18010927736759186,-0.4906291514635086,-0.5831892490386963,-0.3980690538883209,0.002423308789730072,0.029866810888051987,-0.025020193308591843,0.30569125711917877,0.5422181487083435,0.06916436553001404
YOR339C,test,True,False,-1.471886157989502,-1.449296760559082,-1.5304301977157593,-1.7609374523162842,-1.1898952722549438,-1.6951998472213745,-1.0700210332870483,-1.1415010690689087,-1.0670831203460693,-1.215919017791748,-0.11989318020641804,-0.2754633128643036,0.035676952451467514,-1.606626033782959,-1.4076670408248901,-1.8055850267410278,-1.4009881019592285,-1.6867948770523071,-1.11518132686615
YOR340C,test,True,True,0.9042935967445374,0.2031242150813341,0.6086453199386597,0.5894696116447449,-0.3808562159538269,-0.025265922769904137,0.22362828254699707,0.6281828880310059,0.5155236721038818,0.7408421039581299,0.1627345308661461,0.16895079612731934,0.15651826560497284,0.3318844959139824,0.5003620386123657,0.16340695321559906,0.9128140211105347,0.7472144365310669,1.0784136056900024
YOR341W,test,True,True,0.27423861622810364,0.6626454204320907,0.6376226544380188,0.1080852597951889,1.028631567955017,0.9020266532897949,0.6368609666824341,0.15997513383626938,0.5633223652839661,-0.2433720976114273,0.11987103521823883,0.16292428970336914,0.07681778073310852,0.3837119936943054,0.6272638440132141,0.14016014337539673,0.9982020854949951,1.2469780445098877,0.7494261264801025
YOR342C,test,True,True,0.9631490707397461,0.44677501618862153,0.5336448550224304,1.2329611778259277,-0.12653832137584686,0.13376697897911072,0.4600403904914856,0.47031087428331375,0.21831245720386505,0.7223092913627625,-0.10081048309803009,-0.5806570649147034,0.3790360987186432,0.5643818527460098,0.9569031596183777,0.17186054587364197,1.000473529100418,0.8862852454185486,1.1146618127822876
YOR343C,test,False,False,-0.5161774754524231,-1.8050452709197997,-2.1786601543426514,-1.5023274421691895,-1.5466300249099731,-1.777450680732727,-2.020158052444458,-1.1415010690689087,-1.0670831203460693,-1.215919017791748,-0.40033097565174103,-0.7062171101570129,-0.09444484114646912,-1.7550082206726074,-2.1014208793640137,-1.4085955619812012,-1.9443310499191284,-2.065666437149048,-1.822995662689209
YOR344C,test,True,True,1.1172605752944946,1.0790754437446595,1.417477011680603,1.1992590427398682,1.360094428062439,0.7945736050605774,0.6239731311798096,1.2322791814804077,1.4011528491973877,1.0634055137634277,0.5127880424261093,0.7744768261909485,0.25109925866127014,1.413145661354065,1.5721975564956665,1.2540937662124634,0.9009942710399628,1.5628886222839355,0.23909991979599
YOR345C,test,False,False,-1.9643770456314087,-1.5121057629585266,-0.7512628436088562,-1.8007009029388428,-1.9622248411178589,-1.1029465198516846,-1.9433937072753906,-1.1415010690689087,-1.0670831203460693,-1.215919017791748,-0.5719810724258423,-0.5926708579063416,-0.551291286945343,-1.1019348502159119,-0.5166786909103394,-1.6871910095214844,-1.5842944979667664,-1.9937092065811157,-1.174879789352417
YOR346W,test,True,True,-0.10813958197832108,-0.17093841433525087,0.1808966100215912,-0.8238231539726257,0.17616556584835052,-0.2075209617614746,-0.18041013181209564,-0.04685691557824612,0.0006281919777393341,-0.09434202313423157,-0.08206130564212799,0.48557248711586,-0.649695098400116,-0.08409261330962181,0.05689782649278641,-0.22508305311203003,0.023070871829986572,-0.14147129654884338,0.18761304020881653
YOR347C,test,True,True,0.2039310187101364,-0.7619445413351059,-1.5832489728927612,-0.47405627369880676,-1.1404672861099243,-0.42224693298339844,-0.18970324099063873,0.13121782802045345,0.2070823311805725,0.055353324860334396,0.2757325917482376,0.39649221301078796,0.15497297048568726,-0.29890771210193634,-0.1263897716999054,-0.4714256525039673,0.27909081522375345,0.028782593086361885,0.529399037361145
YOR348C,test,True,True,-1.3334977626800537,-1.2058791995048523,-1.5570807456970215,-0.7149602174758911,-0.8052955269813538,-1.8372052907943726,-1.1148542165756226,-0.9012554883956909,-0.1587831974029541,-1.6437277793884277,0.28268786892294884,0.08728363364934921,0.47809210419654846,-0.6514290571212769,-0.9912127256393433,-0.31164538860321045,-1.122896134853363,-1.475163221359253,-0.7706290483474731
YOR349W,test,True,True,-0.7367463111877441,0.7375539869070054,1.080423355102539,0.8222854137420654,0.8597827553749084,0.23933933675289154,0.6859390735626221,1.0843920707702637,1.087519884109497,1.0812642574310303,0.0074920691549777985,-0.05756668001413345,0.07255081832408905,1.0231708884239197,1.3844475746154785,0.6618942022323608,1.1331868767738342,1.1157878637313843,1.1505858898162842
YOR350C,test,False,True,-0.3349134922027588,0.18651438765227796,0.12210922688245773,-0.15174371004104614,0.44654613733291626,0.02799922041594982,0.48766106367111206,0.31279024481773376,0.25592532753944397,0.36965516209602356,0.3507964611053467,0.26210954785346985,0.4394833743572235,0.13378502614796162,0.22826501727104187,0.03930503502488136,0.38768911361694336,0.2685108184814453,0.5068674087524414
YOR351C,test,False,True,-2.033173084259033,-1.5438220024108886,-1.222115397453308,-1.8644037246704102,-1.6566617488861084,-1.4008787870407104,-1.5750503540039062,-0.46009661257267,0.0688256323337555,-0.9890188574790955,-0.7596813440322876,-0.8334149718284607,-0.6859477162361145,-1.2864639163017273,-1.5045403242111206,-1.068387508392334,-1.6184979677200317,-2.094575881958008,-1.1424200534820557
YOR352W,test,True,True,-0.010154617950320244,0.41824681758880616,0.5582318902015686,0.45678800344467163,0.39200660586357117,0.39054983854293823,0.29365774989128113,0.11139339208602905,-0.2426207959651947,0.4654075801372528,0.5700405985116959,0.6742872595787048,0.4657939374446869,0.7252498269081116,0.7119344472885132,0.73856520652771,0.5825853422284126,0.24087394773960114,0.9242967367172241
YOR353C,test,True,True,0.19871066510677338,0.326835960149765,0.23898786306381226,-0.11033540964126587,0.4817788302898407,0.6143704652786255,0.4093780517578125,0.6371958255767822,0.7041162848472595,0.5702753663063049,0.8395123481750488,0.6848077774047852,0.9942169189453125,0.814843088388443,0.8864448666572571,0.7432413101196289,0.2561929263174534,0.0929020419716835,0.41948381066322327
YOR354C,test,True,True,-0.007572892587631941,0.34144524931907655,0.5970302224159241,0.5042119026184082,-0.32836657762527466,0.5575505495071411,0.37680014967918396,0.5106338709592819,0.6706521511077881,0.35061559081077576,-0.13132162764668465,-0.08358513563871384,-0.17905811965465546,0.6116917133331299,0.615385890007019,0.6079975366592407,0.3972319960594177,0.4582313597202301,0.33623263239860535
YOR355W,test,True,True,0.5075238943099976,1.0184019684791565,0.4693068861961365,1.2268688678741455,1.8172613382339478,0.6085694432258606,0.9700033068656921,0.8016358911991119,0.5370098948478699,1.066261887550354,1.0599014163017273,1.3509339094161987,0.7688689231872559,0.9114578068256378,0.597912609577179,1.2250030040740967,1.1263517439365387,0.8120822310447693,1.440621256828308
YOR356W,test,False,True,0.09979861974716187,-0.8687865376472473,-0.6725000143051147,-0.9122955203056335,-0.6675664782524109,-1.5395478010177612,-0.5520228743553162,-0.006228107959032059,-0.0188601054251194,0.006403889507055283,-0.34098051488399506,-0.24280700087547302,-0.4391540288925171,-0.5302206724882126,-0.33121463656425476,-0.7292267084121704,-0.40726325660943985,-0.09486444294452667,-0.719662070274353
YOR357C,test,True,True,0.3559001386165619,0.4606775104999542,0.20875999331474304,0.5106473565101624,0.6060140132904053,0.5835331678390503,0.39443302154541016,0.6775572896003723,0.745259165763855,0.6098554134368896,0.27801916003227234,0.1737862527370453,0.3822520673274994,0.20171862840652466,0.24836745858192444,0.15506979823112488,0.6523959338665009,0.6805387139320374,0.6242531538009644
YOR358W,test,True,True,0.4544774889945984,0.4064765930175781,0.2979079484939575,0.4539925456047058,0.8799870610237122,0.281047523021698,0.11944788694381714,0.38639988750219345,0.6698755621910095,0.10292421281337738,0.7488341629505157,0.5997506380081177,0.8979176878929138,0.08468634076416492,0.1301136314868927,0.03925905004143715,0.07718903571367264,-0.1339184194803238,0.28829649090766907
YOR359W,test,True,True,0.8400012850761414,0.8902575135231018,1.352526307106018,0.8110671639442444,0.9607990384101868,0.6909937262535095,0.6359013319015503,0.902633398771286,0.9137069582939148,0.8915598392486572,0.7109654545783997,0.8092581033706665,0.6126728057861328,1.0537279546260834,1.2780086994171143,0.8294472098350525,0.8243507444858551,0.8436468243598938,0.8050546646118164
YOR360C,test,True,True,0.22688031196594238,0.3096544072031975,-0.09774986654520035,0.4209131598472595,0.3232298791408539,0.44891250133514404,0.4529663622379303,0.2850673124194145,0.22721658647060394,0.3429180383682251,0.03550573065876961,-0.08699508756399155,0.15800654888153076,0.4122443199157715,0.13803040981292725,0.6864582300186157,0.31982554495334625,0.25533896684646606,0.38431212306022644
YOR361C,test,True,True,0.7743723392486572,0.42119516134262086,0.6386317610740662,0.4961392879486084,0.303507000207901,0.41677385568618774,0.25092390179634094,0.5575361549854279,0.5971735119819641,0.5178987979888916,-0.8059766590595245,-1.0024394989013672,-0.6095138192176819,0.7845357358455658,0.8697714805603027,0.6992999911308289,0.6298536658287048,0.6520789861679077,0.607628345489502
YOR362C,test,True,True,1.3731505870819092,0.3938247412443161,0.08757225424051285,0.8408566117286682,0.5082619786262512,0.09420577436685562,0.4382270872592926,0.5563737452030182,0.5146443247795105,0.5981031656265259,-0.037029653787612915,-0.20217707753181458,0.12811776995658875,0.6617274582386017,0.42354488372802734,0.899910032749176,0.07896947115659714,0.1371397227048874,0.020799219608306885
YOR363C,test,False,True,-0.1789504736661911,-0.6723839163780212,-0.7787958383560181,-1.1747355461120605,-0.32227495312690735,-0.6391727924346924,-0.44694045186042786,-0.3648224323987961,-0.2764410376548767,-0.45320382714271545,-0.5011022239923477,-0.4330779016017914,-0.569126546382904,-0.7233953177928925,-0.6634601950645447,-0.7833304405212402,-0.8192558437585831,-1.144968867301941,-0.4935428202152252
YOR364W,test,False,False,-0.4182310104370117,-1.7731434941291808,-2.0730440616607666,-2.115507125854492,-0.8825841546058655,-1.8916443586349487,-1.9029377698898315,-1.1415010690689087,-1.0670831203460693,-1.215919017791748,-1.6014497876167297,-1.9014660120010376,-1.3014335632324219,-1.9097616076469421,-1.8139933347702026,-2.0055298805236816,-2.080717623233795,-2.227396249771118,-1.9340389966964722
YOR365C,test,True,True,-1.6325081586837769,-0.09441914111375808,-0.17747530341148376,-0.07167521119117737,0.1474859118461609,0.06572126597166061,-0.4361523687839508,0.09435463696718216,-0.16024421155452728,0.3489534854888916,-0.04011513851583004,-0.0710555911064148,-0.009174685925245285,0.07282598316669464,-0.1621171534061432,0.30776911973953247,0.03904801607131958,-0.15407654643058777,0.23217257857322693
YOR366W,test,False,False,-1.4596627950668335,-1.8457775592803956,-1.8017925024032593,-2.202977180480957,-2.050870895385742,-1.5906275510787964,-1.5826196670532227,-1.1415010690689087,-1.0670831203460693,-1.215919017791748,-1.4140326976776123,-1.0930792093276978,-1.7349861860275269,-2.199524164199829,-2.1370160579681396,-2.2620322704315186,-2.099924862384796,-2.2778708934783936,-1.9219788312911987
YOR367W,test,True,True,0.1902742236852646,0.28705921694636344,-0.19581574201583862,0.6114115118980408,0.4326680302619934,0.5531823039054871,0.03384998068213463,0.44432878494262695,0.43414929509162903,0.4545082747936249,0.6143535822629929,0.2638995349407196,0.9648076295852661,0.45128245651721954,0.14315077662467957,0.7594141364097595,0.3342007026076317,0.1444055289030075,0.5239958763122559
YOR368W,test,True,False,-0.30002084374427795,-1.1553652048110963,-0.774351179599762,-0.7728045582771301,-1.080668568611145,-1.2569552659988403,-1.8920464515686035,-1.1415010690689087,-1.0670831203460693,-1.215919017791748,0.4773292541503906,0.17365550994873047,0.7810029983520508,-0.6161344200372696,-1.0332744121551514,-0.19899442791938782,-0.1805957406759262,-0.8545806407928467,0.49338915944099426
YOR369C,test,True,True,1.3260791301727295,1.0116736710071563,0.46047133207321167,0.4383162558078766,1.7791507244110107,0.8897131085395813,1.4907169342041016,1.2281144261360168,1.3408730030059814,1.1153558492660522,0.4408736377954483,0.6172099709510803,0.2645373046398163,1.0611901879310608,1.08047354221344,1.0419068336486816,0.9318432807922363,0.7330523729324341,1.1306341886520386
YOR370C,test,True,True,0.7148481607437134,0.36658539772033694,0.4927510619163513,0.29965734481811523,0.6901847124099731,0.18372505903244019,0.1666088104248047,0.5412338674068451,0.5555111765861511,0.5269565582275391,-0.06459738314151764,-0.49946874380111694,0.37027397751808167,0.2853092700242996,0.3695199191570282,0.20109862089157104,0.293080136179924,0.36353108286857605,0.22262918949127197
YOR371C,test,True,True,0.31985509395599365,0.3189838230609894,0.32468193769454956,0.08084753155708313,0.4805993437767029,0.18128246068954468,0.5275078415870667,0.46824392676353455,0.39906710386276245,0.5374207496643066,0.3934861570596695,0.22761115431785583,0.5593611598014832,0.5022695064544678,0.5301535129547119,0.47438549995422363,0.2661017179489136,0.35743460059165955,0.1747688353061676
YOR372C,test,True,True,1.1297941207885742,0.8404476642608643,0.9954891800880432,0.4801657795906067,1.4242479801177979,0.6166475415229797,0.6856878399848938,0.6576490253210068,0.8383104801177979,0.4769875705242157,0.6139547824859619,0.6689711809158325,0.5589383840560913,1.0544380843639374,1.4486409425735474,0.6602352261543274,1.020881712436676,1.0087023973464966,1.0330610275268555
YOR373W,test,True,True,0.5261488556861877,0.7252960681915284,0.8453918099403381,0.7802785634994507,0.7357344627380371,0.5426554083824158,0.7224200963973999,0.6711490452289581,0.7998825907707214,0.5424154996871948,0.2662484794855118,0.4474494159221649,0.08504754304885864,0.8338914513587952,0.9737755060195923,0.694007396697998,0.6163798868656158,0.5757548213005066,0.6570049524307251
YOR374W,test,False,True,0.7697732448577881,-0.7882124781608582,-0.8091069459915161,-0.3287360668182373,-0.6007828712463379,-1.3399139642715454,-0.862522542476654,-0.01768273115158081,-0.34503960609436035,0.30967414379119873,0.300643727183342,0.2584547996520996,0.34283265471458435,-0.5775136649608612,-1.0349807739257812,-0.12004655599594116,-0.19632172584533691,-1.145553708076477,0.7529102563858032
YOR375C,test,False,True,0.9405577778816223,0.4875328779220581,0.6639401316642761,0.9184749126434326,-0.3178790211677551,0.5762706398963928,0.5968577265739441,0.8492332100868225,0.7973352074623108,0.9011312127113342,-0.07220587134361267,0.2533112168312073,-0.3977229595184326,0.6218947768211365,0.7448744773864746,0.49891507625579834,1.170490801334381,1.4848076105117798,0.8561739921569824
YOR376W,test,False,False,-1.8951338529586792,-1.6679199934005737,-1.8083083629608154,-1.8854780197143555,-1.5380395650863647,-1.8709626197814941,-1.2368113994598389,-1.1415010690689087,-1.0670831203460693,-1.215919017791748,0.1440273392945528,0.34089747071266174,-0.05284279212355614,-1.8107805848121643,-1.8210958242416382,-1.8004653453826904,-1.7273953557014465,-1.6858726739883423,-1.7689180374145508
YOR376W-A,test,True,True,0.5833874344825745,-0.03006821721792221,-0.033853285014629364,-0.1285376101732254,0.07664484530687332,0.03224659711122513,-0.09684163331985474,0.3972621113061905,0.4439787268638611,0.3505454957485199,0.24572908133268356,0.5894010066986084,-0.09794284403324127,0.03702694922685623,0.15768477320671082,-0.08363087475299835,0.23007919639348984,0.20961354672908783,0.25054484605789185
YOR377W,test,True,True,-0.27154815196990967,-0.2126948691904545,-0.0338694229722023,-0.4159645438194275,-0.22331549227237701,-0.338234007358551,-0.052090879529714584,-0.08754552900791168,0.07133293151855469,-0.24642398953437805,0.5048982352018356,0.3894817531108856,0.6203147172927856,0.045587897300720215,0.2256496250629425,-0.13447383046150208,-0.4429825395345688,-0.6714716553688049,-0.21449342370033264
YOR378W,test,False,True,-1.6371506452560425,-0.3132536768913269,-0.6960629820823669,0.4169403612613678,-0.10082748532295227,-0.4642810821533203,-0.7220371961593628,0.40147022902965546,0.5813475251197815,0.22159293293952942,-0.47991040349006653,-0.9102622866630554,-0.04955852031707764,-0.8317663818597794,-1.4014363288879395,-0.26209643483161926,-0.3916894346475601,-0.7872405648231506,0.0038616955280303955
YOR379C,test,False,False,-0.18946285545825958,-0.6130029410123825,0.3792787194252014,-1.1971354484558105,-1.5942878723144531,0.0866595059633255,-0.7395296096801758,-1.1415010690689087,-1.0670831203460693,-1.215919017791748,1.1347693800926208,1.5389271974563599,0.7306115627288818,-0.48969048634171486,-0.0807502344250679,-0.8986307382583618,-1.040109932422638,-1.035277247428894,-1.0449426174163818
YOR380W,test,True,True,-0.19043685495853424,-0.1253693036735058,0.5949060320854187,-0.9099449515342712,0.055539701133966446,-0.035023510456085205,-0.3323237895965576,0.20424120128154755,0.21501903235912323,0.19346337020397186,0.296063557267189,0.30124127864837646,0.2908858358860016,0.1941564753651619,0.2738005220890045,0.11451242864131927,-0.30050359293818474,-0.5298745632171631,-0.07113262265920639
YOR381W,test,False,True,-0.22664998471736908,-0.4164169803261757,0.0944456234574318,-0.1744873970746994,-0.6701812148094177,-0.5937991142272949,-0.7380627989768982,-0.9253605455160141,-0.47677740454673767,-1.3739436864852905,0.7128679752349854,0.7115176320075989,0.7142183184623718,-0.47525694966316223,-0.6739015579223633,-0.2766123414039612,-0.2647387124598026,-0.5100091695785522,-0.01946825534105301
YOR381W-A,test,True,False,-0.8138972520828247,-0.14827261939644815,-0.19101989269256592,-0.6092506051063538,0.5732199549674988,-0.49020105600357056,-0.024111498147249222,-1.1415010690689087,-1.0670831203460693,-1.215919017791748,-0.3234228193759918,-0.30082717537879944,-0.3460184633731842,-0.3893269747495651,-0.18984422087669373,-0.5888097286224365,-0.6390931755304337,-0.951390266418457,-0.3267960846424103
YOR382W,test,False,True,2.198023796081543,1.092122459411621,1.0182446241378784,1.128185510635376,1.752331256866455,1.160475254058838,0.4013756513595581,1.0515206456184387,0.9494936466217041,1.1535476446151733,0.5723792314529419,0.546596884727478,0.5981615781784058,1.3415597081184387,1.4371634721755981,1.2459559440612793,1.453319638967514,0.7654563784599304,2.1411828994750977
YOR383C,test,False,True,2.347623825073242,0.5848549753427505,0.4869667887687683,0.7067977786064148,0.5214269757270813,1.0069215297698975,0.20216180384159088,0.7632072865962982,0.8212222456932068,0.7051923274993896,1.1844832301139832,1.3982173204421997,0.9707491397857666,0.4401490092277527,0.12802714109420776,0.7522708773612976,0.5986159220337868,0.1764518767595291,1.0207799673080444
YOR384W,test,False,True,0.529343843460083,0.1744216613471508,0.05955883860588074,0.8655980229377747,0.22195713222026825,-0.23188364505767822,-0.04312204197049141,0.5501990765333176,0.6869171857833862,0.4134809672832489,-1.364485740661621,-1.4186128377914429,-1.3103586435317993,-0.32958532124757767,-0.8548250198364258,0.19565437734127045,0.004165470600128174,-0.7228782176971436,0.7312091588973999
YOR385W,test,True,True,0.14747002720832825,0.3054427593946457,0.037991032004356384,0.44679152965545654,0.5924823880195618,0.17496803402900696,0.2749808132648468,0.28439753502607346,-0.099361851811409,0.6681569218635559,0.7717793434858322,1.073801875114441,0.4697568118572235,0.23502642661333084,0.32229092717170715,0.14776192605495453,0.2096865028142929,0.06305679678916931,0.3563162088394165
YOR386W,test,True,True,0.024650761857628822,-0.058374134451150896,0.34076347947120667,-0.6273108124732971,-0.11247122287750244,0.1381138116121292,-0.030965927988290787,-0.24257249385118484,0.07006464898586273,-0.5552096366882324,0.8182064294815063,1.4031754732131958,0.2332373857498169,0.36836741864681244,0.6463888883590698,0.09034594893455505,-0.2547117695212364,-0.5162352919578552,0.006811752915382385
YOR387C,test,True,True,-1.8258227109909058,-1.0815855979919433,-0.5328599214553833,-0.7833518981933594,-1.0628588199615479,-1.5575376749038696,-1.4713196754455566,-1.2578432857990265,-0.9086098074913025,-1.6070767641067505,-0.49943459779024124,-0.8544299602508545,-0.144439235329628,-0.6245719790458679,-0.6280616521835327,-0.6210823059082031,-0.41156958043575287,-0.319556325674057,-0.5035828351974487
YOR388C,test,True,True,-2.016035795211792,0.5574822157621384,0.40772414207458496,1.2216787338256836,0.7355479598045349,0.2631862759590149,0.15927396714687347,0.9969740808010101,1.0158989429473877,0.9780492186546326,0.698874369263649,0.9507971405982971,0.44695159792900085,0.6618395149707794,0.7993904948234558,0.524288535118103,0.803053081035614,0.562861442565918,1.04324471950531
YOR389W,test,True,True,-0.5677316784858704,0.1271602399647236,-0.32401055097579956,0.5317468047142029,0.023614365607500076,0.17299777269363403,0.2314528077840805,0.29098351299762726,0.3052745461463928,0.2766924798488617,0.39253050088882446,0.21912038326263428,0.5659406185150146,0.16993223875761032,0.2268069088459015,0.11305756866931915,0.3199831694364548,0.5168952941894531,0.12307104468345642
YOR390W,test,True,True,-1.2203528881072998,0.19147419929504395,0.5598165392875671,-0.12397900223731995,0.24669907987117767,0.0784522294998169,0.19638215005397797,0.057982729747891426,0.15864239633083344,-0.04267693683505058,0.10390833020210266,0.37134647369384766,-0.16352981328964233,0.26090745627880096,0.2546272873878479,0.26718762516975403,0.3691045567393303,0.19288991391658783,0.5453191995620728
YOR391C,test,True,True,-1.991233229637146,-0.7538037043064832,-1.234962821006775,-0.4956679046154022,-1.3225562572479248,-0.009374221786856651,-0.7064573168754578,-0.1446904018521309,-0.13849981129169464,-0.15088099241256714,-0.9765883088111877,-1.3837634325027466,-0.5694131851196289,-0.6586629450321198,-0.7742179036140442,-0.5431079864501953,-0.5312260612845421,-0.2206912487745285,-0.8417608737945557
YOR392W,test,False,False,-2.088510751724243,-1.5995734572410583,-1.5056689977645874,-1.7864351272583008,-0.9941261410713196,-1.8090075254440308,-1.9026294946670532,-1.1415010690689087,-1.0670831203460693,-1.215919017791748,0.13275185227394104,0.015906810760498047,0.24959689378738403,-1.3690271973609924,-1.4938308000564575,-1.2442235946655273,-1.3331897258758545,-1.923814296722412,-0.7425651550292969
YOR393W,test,False,False,-2.088510751724243,-1.3680901288986207,-1.3664613962173462,-1.6157221794128418,-1.020047903060913,-1.563063383102417,-1.275155782699585,-1.1415010690689087,-1.0670831203460693,-1.215919017791748,-0.4534676820039749,-1.0226060152053833,0.11567065119743347,-1.5590352416038513,-1.8784242868423462,-1.2396461963653564,-1.5282707810401917,-1.8335524797439575,-1.2229890823364258
YOR394C-A,test,True,True,-0.8565143942832947,-0.4660093456506729,-0.33072900772094727,-0.48402830958366394,-0.9043127298355103,-0.5265007615089417,-0.08447591960430145,0.5207859426736832,0.5690974593162537,0.47247442603111267,-0.9132753498852253,-0.03652320057153702,-1.7900274991989136,0.08462004363536835,-0.18806234002113342,0.3573024272918701,-0.709794893860817,-1.7031928300857544,0.2836030423641205
YOR394W,test,False,True,-2.088510751724243,-1.1996352553367615,-1.3651092052459717,-0.4148951768875122,-2.089006185531616,-0.816533625125885,-1.3126320838928223,-1.2746581435203552,-1.5282341241836548,-1.0210821628570557,-0.14110790565609932,-0.08710045367479324,-0.1951153576374054,-1.0783974528312683,-1.2610175609588623,-0.8957773447036743,-0.6819354295730591,-1.2288737297058105,-0.13499712944030762
YOR396C-A,test,False,False,-2.088510751724243,-2.1354795694351196,-2.1242425441741943,-2.1785945892333984,-2.237236976623535,-1.9893826246261597,-2.1479411125183105,-1.1415010690689087,-1.0670831203460693,-1.215919017791748,-2.252508521080017,-2.2517261505126953,-2.253290891647339,-2.132690906524658,-2.079218864440918,-2.1861629486083984,-2.1282262206077576,-2.2847514152526855,-1.9717010259628296
YOR396W,test,False,True,-2.088510751724243,-1.779952311515808,-2.11002779006958,-1.737854242324829,-1.9170026779174805,-1.9857100248336792,-1.1491668224334717,-1.5522393584251404,-1.5004777908325195,-1.6040009260177612,-2.281937599182129,-2.4220163822174072,-2.1418588161468506,-1.8982224464416504,-2.0066559314727783,-1.7897889614105225,-1.5983881950378418,-1.5250670909881592,-1.6717092990875244
YPL001W,test,True,True,-0.1598052829504013,0.2522967219352722,0.31691813468933105,0.37560322880744934,0.07831376791000366,0.19476568698883057,0.29588279128074646,0.304009772837162,0.4186752438545227,0.18934430181980133,-0.10344171524047852,-0.4316854178905487,0.22480198740959167,-0.05262598395347595,-0.19723966717720032,0.09198769927024841,-0.011501453816890717,-0.16887499392032623,0.1458720862865448
YPL002C,test,True,True,0.125136137008667,0.27478518784046174,0.22634807229042053,-0.05203425884246826,0.6880523562431335,0.33014732599258423,0.1814124435186386,0.41078974306583405,0.5075017809867859,0.3140777051448822,0.6707814037799835,0.6903188824653625,0.6512439250946045,0.4317680448293686,0.4357900321483612,0.427746057510376,0.14171011745929718,0.251191645860672,0.03222858905792236
YPL003W,test,True,True,-0.30144283175468445,0.02475278377532959,-0.2518324553966522,0.822333812713623,0.19723837077617645,-0.5720081925392151,-0.07196761667728424,0.29008952528238297,0.22204147279262543,0.3581375777721405,0.7036874443292618,0.4501088559627533,0.9572660326957703,0.3410058915615082,0.1570143699645996,0.5249974131584167,0.33660800103098154,0.026922957971692085,0.646293044090271
YPL004C,test,True,True,1.152430772781372,0.12335600256919861,0.32958459854125977,0.7351762652397156,-0.7947613000869751,0.2240261286497116,0.12275432050228119,0.3336525782942772,-0.06682468950748444,0.7341298460960388,0.24830149486660957,-0.07614710181951523,0.5727500915527344,0.44636716321110725,0.09603110700845718,0.7967032194137573,0.16766417026519775,-0.5026795864105225,0.838007926940918
YPL005W,test,True,True,-0.38039258122444153,0.5927101612091065,0.5782743096351624,0.5301856398582458,0.6572879552841187,0.8711295127868652,0.32667338848114014,0.5449657142162323,0.4422839283943176,0.647647500038147,0.39628052711486816,0.20392513275146484,0.5886359214782715,0.4712151736021042,0.5565791726112366,0.3858511745929718,0.620318204164505,0.5387044548988342,0.7019319534301758
YPL006W,test,True,True,-0.5831637382507324,-0.11117231845855713,-0.5043566226959229,-0.04638995975255966,0.3128196597099304,0.07543345540761948,-0.393368124961853,0.26240743696689606,0.3561645746231079,0.1686502993106842,0.0997723750770092,0.035583220422267914,0.1639615297317505,-0.15016615204513073,-0.3620085120201111,0.061676207929849625,-0.207192063331604,-0.5825449824333191,0.16816085577011108
YPL007C,test,False,True,-0.31234312057495117,0.23552948832511902,0.24791079759597778,0.27666550874710083,0.41670194268226624,0.0550718754529953,0.18129731714725494,0.16716042906045914,0.16747413575649261,0.16684672236442566,0.5821986794471741,0.1664125919342041,0.997984766960144,0.05644941329956055,-0.1534578800201416,0.2663567066192627,0.24643060564994812,0.4290503263473511,0.06381088495254517
YPL008W,test,False,True,-0.015963923186063766,0.4016223043203354,0.4048917591571808,0.20187340676784515,0.6837542057037354,0.43410375714302063,0.283488392829895,0.42667868733406067,0.5725930333137512,0.2807643413543701,0.4938376694917679,0.41475769877433777,0.572917640209198,0.38843391835689545,0.2678457796573639,0.509022057056427,0.5857486426830292,0.4448322653770447,0.7266650199890137
YPL009C,test,False,True,0.6238402128219604,0.2102269310504198,0.14507168531417847,0.34113574028015137,0.28801658749580383,-0.0027157869189977646,0.27962642908096313,0.56531922519207,0.687131404876709,0.44350704550743103,0.06550890952348709,-0.14657677710056305,0.27759459614753723,0.2601036801934242,0.3490625321865082,0.17114482820034027,0.7293075025081635,0.5708957314491272,0.8877192735671997
YPL010W,test,True,True,0.2653638422489166,0.7920453131198884,0.33615604043006897,0.5749513506889343,1.1852996349334717,1.3063982725143433,0.5574212670326233,0.5408344566822052,0.6758573651313782,0.4058115482330322,-0.6183215379714966,-0.4875755310058594,-0.7490675449371338,0.5361179411411285,0.5026406049728394,0.5695952773094177,0.6954179108142853,0.5117544531822205,0.8790813684463501
YPL011C,test,True,True,0.7995221614837646,0.6393611788749695,0.8205527663230896,0.7139778137207031,0.6505936980247498,0.43726933002471924,0.5744122862815857,0.6270483434200287,0.7253715395927429,0.5287251472473145,0.48765306174755096,0.7182456851005554,0.2570604383945465,0.8746906816959381,0.5613451600074768,1.1880362033843994,0.7182401716709137,0.5948490500450134,0.841631293296814
YPL012W,test,True,True,0.2743036150932312,0.4788249433040619,0.33244776725769043,0.2195635735988617,0.8214197754859924,0.47485023736953735,0.5458433628082275,0.47457776963710785,0.4920022487640381,0.4571532905101776,0.9112154245376587,0.6358193159103394,1.186611533164978,0.30888496339321136,0.22055670619010925,0.3972132205963135,0.39310531690716743,-0.06298234313726425,0.8491929769515991
YPL013C,test,True,True,1.611689805984497,0.5541448354721069,0.6657389998435974,0.2952420711517334,0.7424599528312683,0.6381582617759705,0.4291248917579651,0.6363207101821899,0.6269285082817078,0.6457129120826721,0.1511344388127327,0.22196796536445618,0.08030091226100922,0.7491593360900879,0.6873155832290649,0.8110030889511108,0.37696681916713715,0.31060412526130676,0.44332951307296753
YPL014W,test,False,True,1.1508147716522217,1.0872703790664673,0.9073274731636047,1.0372748374938965,1.584311604499817,0.9341493248939514,0.9732886552810669,1.130449503660202,1.3732807636260986,0.8876182436943054,0.29541709274053574,0.009799167513847351,0.5810350179672241,1.1670462489128113,1.247092843055725,1.0869996547698975,1.0775065422058105,1.2502310276031494,0.9047820568084717
YPL015C,test,True,True,0.7100965976715088,1.0272329211235047,1.0466935634613037,1.2632620334625244,1.0132288932800293,0.913006603717804,0.8999735116958618,0.7950546443462372,0.9717637896537781,0.6183454990386963,0.3982499688863754,0.4482210874557495,0.34827885031700134,0.6260712444782257,0.7234737873077393,0.5286687016487122,1.307847023010254,1.3261131048202515,1.2895809412002563
YPL016W,test,True,True,0.3376496732234955,1.0172530889511109,1.6848043203353882,0.743663489818573,0.9603983163833618,0.6229707598686218,1.0744285583496094,0.4268895089626312,0.490813672542572,0.36296534538269043,0.5657200515270233,0.5812340378761292,0.5502060651779175,0.7756747603416443,1.003256916999817,0.5480926036834717,1.2894989848136902,1.2721103429794312,1.3068876266479492
YPL017C,test,True,True,-1.1337450742721558,1.1064490795135498,1.4786463975906372,0.5767969489097595,1.51250422000885,1.019353985786438,0.9449438452720642,0.3405296206474304,0.3475492596626282,0.33350998163223267,0.1901368461549282,0.09225504845380783,0.2880186438560486,0.6600832939147949,0.4474889039993286,0.8726776838302612,1.0962181687355042,0.7705467939376831,1.4218895435333252
YPL018W,test,True,True,0.4596128463745117,1.0037089586257935,0.9370672702789307,0.6507611274719238,1.5546956062316895,1.0533305406570435,0.8226902484893799,0.8058641254901886,0.9828792214393616,0.6288490295410156,1.4045936465263367,1.181410789489746,1.6277765035629272,0.7950233817100525,0.514126181602478,1.075920581817627,0.8396668136119843,0.859234631061554,0.8200989961624146
YPL019C,test,True,True,0.8605908155441284,0.756843912601471,0.7734325528144836,0.6118236184120178,0.9429018497467041,0.6796663403511047,0.7763952016830444,0.5888083279132843,0.8082775473594666,0.36933910846710205,0.3772609047591686,0.05501534789800644,0.6995064616203308,1.0043699145317078,0.8278287649154663,1.1809110641479492,1.0352745950222015,0.8760529160499573,1.1944962739944458
YPL020C,test,False,True,-0.14684700965881348,-0.0545333206653595,0.3718012273311615,-0.32734209299087524,-0.14884480834007263,0.23035255074501038,-0.3986334800720215,0.2780506331473589,0.05602717772126198,0.5000740885734558,0.2655322551727295,0.2942896783351898,0.23677483201026917,-0.40351855754852295,-0.13760125637054443,-0.6694358587265015,-0.41242128890007734,-0.017287855967879295,-0.8075547218322754
YPL021W,test,False,True,-2.088510751724243,0.01171993389725685,-0.24549096822738647,-0.09507033228874207,0.00943935289978981,0.23785166442394257,0.15186995267868042,-1.175841510295868,-1.1889210939407349,-1.162761926651001,0.865425318479538,0.6837177872657776,1.0471328496932983,0.2708098143339157,0.25409939885139465,0.28752022981643677,-0.2687990888953209,-0.13135094940662384,-0.40624722838401794
YPL022W,test,True,True,0.1803407520055771,0.08435447067022324,0.07606861740350723,-0.078346848487854,0.3677036762237549,-0.19075006246566772,0.2470969706773758,0.2899146154522896,0.21470795571804047,0.3651212751865387,-0.5967072173953056,-0.9847071766853333,-0.20870725810527802,-0.03590349294245243,-0.08575566858053207,0.013948682695627213,-0.12124128639698029,-0.7423242926597595,0.49984171986579895
YPL023C,test,False,True,0.36727964878082275,-0.012132388353347779,-0.2252642810344696,0.44321584701538086,-0.3615334928035736,0.416165292263031,-0.33324530720710754,0.1395922303199768,0.11390547454357147,0.16527898609638214,0.1620264146476984,0.37039241194725037,-0.04633958265185356,-0.6960772052407265,-1.458325982093811,0.0661715716123581,-0.42656227946281433,-1.2009190320968628,0.34779447317123413
YPL024W,test,True,True,0.0759100615978241,1.340872061252594,0.5629650950431824,1.7267887592315674,1.8238284587860107,1.2566688060760498,1.3341091871261597,1.191223531961441,0.8043014407157898,1.5781456232070923,0.9762226492166519,0.4721767008304596,1.4802685976028442,0.9270923882722855,0.29615238308906555,1.5580323934555054,0.8461330235004425,0.4118049740791321,1.280461072921753
YPL025C,test,False,False,-0.788330078125,-1.2058512717485428,-1.6424423456192017,-1.2093479633331299,-0.15849365293979645,-1.4893003702163696,-1.5296720266342163,-1.1415010690689087,-1.0670831203460693,-1.215919017791748,0.8760417103767395,0.770789623260498,0.981293797492981,-1.4863411486148834,-2.0211617946624756,-0.9515205025672913,-1.3983990550041199,-1.9704550504684448,-0.8263430595397949
YPL026C,test,True,True,0.6609274744987488,0.7004575669765473,0.18896275758743286,0.27501732110977173,1.3668022155761719,1.4187384843826294,0.25276705622673035,1.0272607505321503,1.3700284957885742,0.6844930052757263,0.23167575895786285,-0.16283181309700012,0.6261833310127258,0.8754413723945618,0.7169910669326782,1.0338916778564453,0.31702933460474014,-0.05725376307964325,0.6913124322891235
YPL027W,test,True,True,-1.8291715383529663,0.05530535280704498,0.36426931619644165,0.17547279596328735,-0.2242594212293625,0.33067604899406433,-0.36963197588920593,0.3574911579489708,0.09244810044765472,0.6225342154502869,0.41780269891023636,0.6716170310974121,0.1639883667230606,0.30897751450538635,0.17425239086151123,0.4437026381492615,0.5493091493844986,0.39580920338630676,0.7028090953826904
YPL028W,test,True,True,0.6428619027137756,1.314091181755066,0.9240788221359253,1.5243120193481445,2.0239923000335693,1.1279715299606323,0.9701012372970581,0.8652675449848175,0.8687868714332581,0.861748218536377,0.8619511425495148,0.7657594084739685,0.958142876625061,1.21963769197464,1.322818398475647,1.1164569854736328,1.5001919865608215,1.249489426612854,1.750894546508789
YPL029W,test,True,False,-0.17692193388938904,-0.6957808911800385,-0.3185555636882782,-0.9348928332328796,-0.8299353122711182,-0.5892518162727356,-0.8062689304351807,-1.1415010690689087,-1.0670831203460693,-1.215919017791748,0.18813744187355042,0.13095110654830933,0.2453237771987915,-0.8297603726387024,-0.3777809143066406,-1.2817398309707642,-1.1460389494895935,-1.2905622720718384,-1.0015156269073486
YPL030W,test,True,True,0.24149511754512787,0.7341824769973755,0.6141759753227234,0.9772244095802307,0.7834151983261108,0.9413394927978516,0.35475730895996094,0.6931238770484924,0.6595961451530457,0.7266516089439392,0.20558198541402817,0.3209342360496521,0.09022973477840424,0.5983069986104965,0.41732367873191833,0.7792903184890747,0.5997421443462372,0.5324388146400452,0.6670454740524292
YPL031C,test,True,True,0.7090933918952942,1.0108564972877503,0.7411245703697205,1.0195872783660889,1.3347628116607666,1.3562062978744507,0.6026015281677246,0.4763263612985611,0.6041764616966248,0.34847626090049744,0.1816750504076481,-0.050941430032253265,0.41429153084754944,0.9802573323249817,1.1717578172683716,0.7887568473815918,0.8808613717556,0.9915124773979187,0.7702102661132812
YPL032C,test,True,True,1.2393778562545776,0.5085502296686173,0.40448054671287537,0.18074874579906464,0.4098398685455322,0.8013123273849487,0.7463696599006653,0.7447393834590912,0.6951765418052673,0.794302225112915,-0.3315807841718197,0.01846904307603836,-0.6816306114196777,0.34632614254951477,0.2806871831417084,0.41196510195732117,0.5981184020638466,0.22881849110126495,0.9674183130264282
YPL033C,test,True,False,-1.9415462017059326,-1.30636727809906,-1.371059536933899,-1.816056251525879,-1.0715575218200684,-1.1688851118087769,-1.1042779684066772,-1.1415010690689087,-1.0670831203460693,-1.215919017791748,-0.4567626565694809,-1.0317026376724243,0.11817732453346252,-1.8600439429283142,-1.7873376607894897,-1.9327502250671387,-1.9135778546333313,-1.9996994733810425,-1.8274562358856201
YPL034W,test,True,True,-0.22697217762470245,0.23354028761386872,-0.061147794127464294,-0.09248122572898865,0.555285632610321,0.3441679775714874,0.42187684774398804,0.3045590966939926,0.3185863494873047,0.29053184390068054,0.2966921925544739,0.2657022774219513,0.32768210768699646,0.09310417249798775,0.06337407976388931,0.12283426523208618,0.24592295661568642,0.08884633332490921,0.4029995799064636
YPL035C,test,False,False,-2.015238046646118,-1.701259446144104,-1.509727954864502,-1.6347689628601074,-1.939037799835205,-1.8984260559082031,-1.5243364572525024,-1.1415010690689087,-1.0670831203460693,-1.215919017791748,-1.075618714094162,-1.735620141029358,-0.41561728715896606,-1.5857884883880615,-1.759708046913147,-1.411868929862976,-1.8309792280197144,-1.8055717945098877,-1.856386661529541
YPL036W,test,True,True,-1.1049212217330933,1.020903193950653,0.599000871181488,0.9850929379463196,1.2241930961608887,1.3805683851242065,0.9156606793403625,0.700472891330719,0.7969236969947815,0.6040220856666565,0.7718190550804138,0.7691319584846497,0.774506151676178,1.0860514640808105,1.152999758720398,1.0191031694412231,1.0422061383724213,0.8976377844810486,1.186774492263794
YPL037C,test,True,True,1.602588176727295,1.3430305242538452,1.1378031969070435,1.3879764080047607,1.480878233909607,1.67549467086792,1.033000111579895,0.9279933571815491,1.0917174816131592,0.764269232749939,0.6634644269943237,0.7530030608177185,0.573925793170929,1.640615999698639,1.735903263092041,1.5453287363052368,1.4439653754234314,1.2726248502731323,1.6153059005737305
YPL038W,test,True,False,0.8116603493690491,-0.3779722899198532,-0.005993559956550598,-0.9492955803871155,-0.48504745960235596,-0.7802409529685974,0.3307161033153534,-1.1415010690689087,-1.0670831203460693,-1.215919017791748,0.5210814923048019,0.7863386869430542,0.2558242976665497,-0.23150067031383514,-0.316091388463974,-0.1469099521636963,-0.42025649547576904,-1.5001193284988403,0.6596063375473022
YPL038W-A,test,False,False,-1.9621068239212036,-1.5094371557235717,-1.0493654012680054,-1.7071723937988281,-2.0798614025115967,-1.3795312643051147,-1.331255316734314,-1.1415010690689087,-1.0670831203460693,-1.215919017791748,-0.1637143287807703,-0.38598817586898804,0.058559518307447433,-1.209683120250702,-0.999267578125,-1.4200986623764038,-1.0264925509691238,-1.7239137887954712,-0.3290713131427765
YPL039W,test,True,True,0.3094090223312378,0.18976164236664772,0.22941654920578003,0.14347828924655914,0.4260004162788391,0.09102436155080795,0.058888595551252365,0.4272645562887192,0.4294712543487549,0.42505785822868347,-0.1093263253569603,-0.370501309633255,0.1518486589193344,-0.02770186960697174,-0.3802974820137024,0.3248937427997589,0.11001939326524734,-0.1619960218667984,0.3820348083972931
YPL040C,test,True,True,-0.2287740558385849,0.37143899202346803,0.3385137617588043,0.3650188744068146,0.2729395627975464,0.4308467507362366,0.44987601041793823,0.4765195995569229,0.5187188982963562,0.4343203008174896,0.5572078824043274,0.5660964250564575,0.5483193397521973,0.4779571443796158,0.22853603959083557,0.727378249168396,0.32768407464027405,0.30616679787635803,0.34920135140419006
YPL041C,test,True,True,-0.5698357820510864,-0.3387176811695099,-0.5991416573524475,-0.1786121428012848,-0.2835387885570526,-0.16730299592018127,-0.46499282121658325,-0.16263233125209808,-0.23699556291103363,-0.08826909959316254,0.8668409287929535,0.5260506272315979,1.207631230354309,0.42738625407218933,0.4350242018699646,0.41974830627441406,-0.7656530737876892,-0.635189414024353,-0.8961167335510254
YPL042C,test,True,True,0.27635398507118225,0.5565305888652802,0.7136424779891968,0.5853811502456665,0.42848190665245056,0.6320682168006897,0.4230791926383972,0.41469094157218933,0.49199819564819336,0.3373836874961853,0.28936779499053955,0.24843093752861023,0.33030465245246887,0.7022054195404053,0.6590094566345215,0.7454013824462891,0.4190457612276077,0.3113972246646881,0.5266942977905273
YPL043W,test,True,True,1.2042007446289062,0.465785014629364,0.6233648657798767,0.3101833760738373,0.7048532366752625,0.5423948168754578,0.14812877774238586,0.4513311982154846,0.40489134192466736,0.4977710545063019,0.26976674795150757,0.28128451108932495,0.2582489848136902,0.6537326574325562,0.32874298095703125,0.978722333908081,0.7259734719991684,0.48595699667930603,0.9659899473190308
YPL044C,test,False,False,-1.7425572872161865,-1.045216929912567,-1.078262448310852,-0.9009117484092712,-1.7806158065795898,-0.1989074945449829,-1.2673871517181396,-1.1415010690689087,-1.0670831203460693,-1.215919017791748,-0.8015785068273544,-1.1194599866867065,-0.4836970269680023,-0.8524974212050438,-1.5308232307434082,-0.17417161166667938,-1.264837384223938,-1.5312647819519043,-0.9984099864959717
YPL045W,test,False,False,0.11919976025819778,-1.3169096469879151,-0.9592751264572144,-1.6577472686767578,-1.4131180047988892,-1.1535931825637817,-1.4008146524429321,-1.1415010690689087,-1.0670831203460693,-1.215919017791748,0.14545682072639465,-0.13385674357414246,0.42477038502693176,-1.307272493839264,-1.3763505220413208,-1.238194465637207,-1.1294704675674438,-1.2005928754806519,-1.0583480596542358
YPL046C,test,True,False,0.6260518431663513,-0.6294129744172097,0.14488500356674194,-0.9493145942687988,-1.4257228374481201,0.09720694273710251,-1.0141193866729736,-1.1415010690689087,-1.0670831203460693,-1.215919017791748,0.7410209476947784,0.9600333571434021,0.5220085382461548,-0.16270391643047333,0.3162417709827423,-0.641649603843689,-0.32659894973039627,-0.43870288133621216,-0.21449501812458038
YPL047W,test,True,True,0.9211720824241638,0.2570874899625778,0.14888319373130798,0.260861873626709,0.17480884492397308,0.41768020391464233,0.2832033336162567,0.4889967292547226,0.5592272877693176,0.41876617074012756,-0.8774958699941635,-1.557431697845459,-0.19756004214286804,0.3706952780485153,0.32329678535461426,0.4180937707424164,0.2825947403907776,0.26200851798057556,0.3031809628009796
YPL048W,test,True,True,0.8917521238327026,1.0021263122558595,0.7882553935050964,1.2040555477142334,1.9747220277786255,0.513746976852417,0.5298516154289246,0.8925005197525024,1.113269329071045,0.67173171043396,0.5201966613531113,0.3210355341434479,0.7193577885627747,1.4045576453208923,1.0163339376449585,1.7927813529968262,1.2624391317367554,1.2849631309509277,1.239915132522583
YPL049C,test,True,True,1.3090680837631226,0.6336004137992859,0.6030723452568054,0.5995718836784363,1.1310211420059204,0.23572701215744019,0.5986096858978271,0.8565572500228882,0.9567323327064514,0.756382167339325,-0.7407191731035709,0.04119294136762619,-1.522631287574768,0.9334313869476318,1.3568439483642578,0.5100188255310059,0.7443577945232391,0.6814740300178528,0.8072415590286255
YPL050C,test,True,True,0.8054530024528503,0.8953639924526214,0.8856276869773865,1.2135908603668213,1.210648775100708,0.40296700596809387,0.7639856338500977,0.6994534730911255,0.7506908774375916,0.6482160687446594,1.0627259612083435,1.3136199712753296,0.8118319511413574,1.2456367015838623,1.4568877220153809,1.0343856811523438,0.9423722326755524,0.6895105242729187,1.195233941078186
YPL051W,test,False,False,0.24616682529449463,-0.8414845362305641,-0.1237189844250679,-1.902782678604126,-0.7516499757766724,-0.8080345988273621,-0.6212364435195923,-1.1415010690689087,-1.0670831203460693,-1.215919017791748,0.13398204743862152,0.54713374376297,-0.27916964888572693,-0.7397671192884445,-0.15734001994132996,-1.322194218635559,-0.7289334684610367,-0.31416693329811096,-1.1437000036239624
YPL052W,test,True,True,-0.05176763981580734,0.09498630650341511,-0.1563168168067932,0.2449270784854889,0.2038109451532364,0.012598210945725441,0.16991211473941803,0.7134514451026917,0.790110170841217,0.6367927193641663,0.19693820178508759,0.6356109976768494,-0.2417345941066742,0.49386586248874664,0.37672755122184753,0.6110041737556458,0.3850179612636566,0.44135600328445435,0.3286799192428589
YPL053C,test,False,True,0.532770037651062,0.7728342741727829,0.9141573309898376,0.4610288143157959,1.1266491413116455,1.1184568405151367,0.24387924373149872,0.5787692219018936,0.6595525145530701,0.49798592925071716,0.9453895837068558,1.400122046470642,0.49065712094306946,0.7342246174812317,0.5246764421463013,0.9437727928161621,0.5145861953496933,0.7468696236610413,0.28230276703834534
YPL054W,test,True,True,-0.597999632358551,-0.49929511547088623,-1.5730348825454712,-0.40268558263778687,0.681076169013977,-0.20106738805770874,-1.0007638931274414,-0.5420863479375839,-0.4724997580051422,-0.6116729378700256,-0.14290864765644073,-0.5511906147003174,0.2653733193874359,-0.5744735971093178,-1.0530248880386353,-0.0959223061800003,-0.7669317945837975,-1.5998293161392212,0.06596572697162628
YPL055C,test,True,True,1.2828418016433716,0.6980110287666321,0.6457763314247131,1.130678653717041,0.5050449967384338,0.8386338949203491,0.3699212670326233,0.3257897049188614,0.3805510401725769,0.2710283696651459,0.7645242214202881,0.8727126717567444,0.6563357710838318,0.47713491693139076,-0.07403283566236496,1.0283026695251465,0.9217225611209869,0.9083564877510071,0.9350886344909668
YPL056C,test,True,True,0.651915967464447,0.26409920752048494,-0.4356456995010376,0.6215158700942993,0.21534515917301178,0.4738779664039612,0.44540274143218994,-0.1434064283967018,0.18885080516338348,-0.4756636619567871,0.8495809435844421,1.0719184875488281,0.6272433996200562,0.025823034346103668,-0.03992147743701935,0.09156754612922668,-0.04037543386220932,-0.14246463775634766,0.061713770031929016
YPL057C,test,True,True,0.4695900082588196,0.697621202468872,0.599814236164093,0.5529834032058716,0.8224514126777649,0.7260294556617737,0.7868275046348572,0.5008454322814941,0.6905081868171692,0.3111826777458191,0.7442437559366226,1.2042113542556763,0.28427615761756897,0.6559237837791443,0.7938934564590454,0.5179541110992432,1.494225800037384,1.6131788492202759,1.3752727508544922
YPL058C,test,False,True,-0.6912851929664612,0.03423348218202591,0.40486782789230347,0.006854481995105743,0.19705350697040558,-0.11878232657909393,-0.3188260793685913,-0.04045271873474121,-0.14608387649059296,0.06517843902111053,0.4616628438234329,0.6231877207756042,0.3001379668712616,0.20902559533715248,0.014700539410114288,0.4033506512641907,0.21823130548000336,-0.0768984854221344,0.5133610963821411
YPL059W,test,True,True,0.5586915016174316,0.7510057210922241,1.0040704011917114,0.646797776222229,0.8806374073028564,0.7211464047431946,0.5023766160011292,0.6783877611160278,0.7635934352874756,0.5931820869445801,0.2149682119488716,-0.06652028858661652,0.49645671248435974,0.9017565548419952,0.9037563800811768,0.8997567296028137,0.7668721675872803,0.7775644063949585,0.756179928779602
YPL060W,test,False,True,-0.457174152135849,0.46900940537452696,0.37106871604919434,0.16760686039924622,0.9302573204040527,0.5370472073554993,0.33906692266464233,0.18720407038927078,0.16116739809513092,0.21324074268341064,0.45451217889785767,0.49198117852211,0.41704317927360535,0.4257560670375824,0.2818160653114319,0.5696960687637329,0.24460088461637497,0.2034521847963333,0.2857495844364166
YPL061W,test,True,True,2.1009438037872314,0.9505407035350799,0.7891141772270203,1.916102647781372,0.6994615793228149,0.9998533129692078,0.34817180037498474,1.0503107607364655,0.9027456641197205,1.1978758573532104,1.657608449459076,1.4935177564620972,1.8216991424560547,1.0804068446159363,0.7164880037307739,1.4443256855010986,0.7751682996749878,0.681740403175354,0.8685961961746216
YPL062W,test,False,False,-0.6993289589881897,-1.0648203551769257,-1.5511325597763062,-1.3324480056762695,-1.2987326383590698,-0.9528772234916687,-0.1889113485813141,-1.1415010690689087,-1.0670831203460693,-1.215919017791748,-1.0187868475914001,-1.034626841545105,-1.0029468536376953,-1.1966887414455414,-1.6061021089553833,-0.7872753739356995,-1.5382460951805115,-2.081851005554199,-0.9946411848068237
YPL063W,test,False,True,1.083669900894165,0.3171992778778076,0.3633045554161072,0.2489035427570343,0.2252369225025177,0.6297902464866638,0.11876112222671509,0.2601579949259758,0.2126544564962387,0.3076615333557129,0.29312513023614883,-0.04733900725841522,0.6335892677307129,0.509245902299881,0.5086489319801331,0.5098428726196289,0.31527788285166025,-0.018496138975024223,0.6490519046783447
YPL064C,test,False,True,0.4730547368526459,0.4909538239240646,0.4999949336051941,0.581495463848114,0.4423610270023346,0.7326834797859192,0.1982342153787613,0.3648703545331955,0.33647024631500244,0.39327046275138855,0.5390635281801224,0.7954856753349304,0.28264138102531433,0.7782405018806458,0.5131946802139282,1.0432863235473633,0.5430338829755783,0.4130030572414398,0.6730647087097168
YPL065W,test,False,False,0.4169420301914215,-0.7948671698570251,-0.2474530041217804,-0.9876441359519958,-0.947205662727356,-1.3978577852249146,-0.394175261259079,-1.1415010690689087,-1.0670831203460693,-1.215919017791748,0.2144971862435341,0.03520183265209198,0.3937925398349762,-0.4986293464899063,-0.3046934902667999,-0.6925652027130127,-0.5898233950138092,-0.569648802280426,-0.6099979877471924
YPL066W,test,True,True,0.8315473794937134,0.8289658784866333,0.7500703930854797,1.2768456935882568,1.1238110065460205,0.6627627015113831,0.33133959770202637,0.800499826669693,0.8928268551826477,0.7081727981567383,0.875394195318222,1.0118346214294434,0.7389537692070007,0.7973480522632599,0.8922914266586304,0.7024046778678894,1.0712487697601318,1.1160805225372314,1.0264170169830322
YPL067C,test,True,True,-0.21156913042068481,0.29742434024810793,0.13093218207359314,0.39008790254592896,0.16190090775489807,0.17921298742294312,0.6249877214431763,0.08400578796863556,0.4917808175086975,-0.3237692415714264,-0.049508631229400635,0.18429440259933472,-0.283311665058136,0.14627525210380554,0.1390742063522339,0.1534762978553772,0.04433372616767883,0.41048678755760193,-0.32181933522224426
YPL068C,test,True,True,0.7292947173118591,1.1171895384788513,1.5015478134155273,1.1996009349822998,1.5575971603393555,0.5570400357246399,0.7701617479324341,0.9604551792144775,1.2079452276229858,0.7129651308059692,0.7226363122463226,0.8135958909988403,0.6316767334938049,1.0047546029090881,1.0428398847579956,0.9666693210601807,1.4800792336463928,1.4961581230163574,1.4640003442764282
YPL069C,test,False,True,0.45507192611694336,-0.5336440056562424,-0.8005133271217346,-1.0870320796966553,-0.3216491937637329,-0.2525179386138916,-0.20650748908519745,0.33642832934856415,0.372056245803833,0.3008004128932953,-0.6454230099916458,-0.4307502806186676,-0.860095739364624,-0.37703854590654373,-0.6299628615379333,-0.12411423027515411,-0.21782074868679047,-0.5425403714179993,0.10689887404441833
YPL070W,test,False,True,0.17383910715579987,0.6317127704620361,0.5824989676475525,0.7183663249015808,0.5963024497032166,0.8820132613182068,0.379382848739624,0.2854648679494858,0.32593095302581787,0.2449987828731537,0.6835539489984512,0.9940671324729919,0.3730407655239105,0.5980180501937866,0.6242105960845947,0.5718255043029785,0.6615348160266876,0.5921481251716614,0.7309215068817139
YPL071C,test,True,True,0.6313350200653076,0.41851343810558317,0.3027416467666626,0.6312107443809509,0.665060818195343,0.13864584267139435,0.35490813851356506,0.3325657248497009,0.30591052770614624,0.3592209219932556,0.5599391460418701,0.5756877660751343,0.544190526008606,0.6937640607357025,0.8019639849662781,0.585564136505127,0.5629139989614487,0.0793590247631073,1.04646897315979
YPL072W,test,False,True,-0.05285888537764549,0.20401322096586227,0.39260298013687134,-0.07329051941633224,0.4311077296733856,0.09222686290740967,0.177419051527977,0.4746539741754532,0.548021137714386,0.4012868106365204,-0.8698418289422989,-0.2921837866306305,-1.4474998712539673,-0.16157865151762962,-0.04017835110425949,-0.28297895193099976,0.3879561200737953,0.22852714359760284,0.5473850965499878
YPL073C,test,False,False,-2.02390193939209,-1.9754911184310913,-1.933833122253418,-2.085003614425659,-2.154313564300537,-1.7460709810256958,-1.9582343101501465,-1.1415010690689087,-1.0670831203460693,-1.215919017791748,-1.3344221711158752,-1.874163269996643,-0.7946810722351074,-2.053809881210327,-1.941887617111206,-2.1657321453094482,-2.0581786036491394,-2.192440986633301,-1.923916220664978
YPL074W,test,False,True,0.4232950508594513,0.33918524980545045,0.4616847038269043,0.24348106980323792,0.3198511302471161,0.425935834646225,0.24497351050376892,0.37417832016944885,0.4195300042629242,0.3288266360759735,0.9951379895210266,1.0097037553787231,0.9805722236633301,0.2699199467897415,0.32283928990364075,0.21700060367584229,0.33578721433877945,0.5437481999397278,0.12782622873783112
YPL075W,test,True,True,0.5045831203460693,0.7604626774787903,1.2282320261001587,0.6024536490440369,0.6734265089035034,0.7458956837654114,0.5523055195808411,0.8823338150978088,1.3435630798339844,0.4211045503616333,0.05718948505818844,0.14939692616462708,-0.0350179560482502,0.5106726139783859,0.3450362980365753,0.6763089299201965,0.8891951367259026,1.620470643043518,0.15791963040828705
YPL076W,test,True,False,-0.17950087785720825,-1.304115116596222,-1.4354501962661743,-1.6456146240234375,-1.5357297658920288,-1.271762490272522,-0.632018506526947,-1.1415010690689087,-1.0670831203460693,-1.215919017791748,-0.11491598933935165,-0.15963643789291382,-0.07019554078578949,-1.206352412700653,-1.279265284538269,-1.133439540863037,-1.5197497606277466,-2.0274059772491455,-1.0120935440063477
YPL077C,test,False,False,0.18729253113269806,-1.5806591749191283,-1.845823884010315,-1.6606793403625488,-1.4123774766921997,-1.0824729204177856,-1.901942253112793,-1.1415010690689087,-1.0670831203460693,-1.215919017791748,-0.4532499797642231,-0.8601601719856262,-0.04633978754281998,-1.3869614601135254,-1.4548406600952148,-1.319082260131836,-1.7560718655586243,-2.037774085998535,-1.4743696451187134
YPL078C,test,True,True,0.7563232183456421,0.7457982420921325,0.9649257659912109,0.6754250526428223,0.8984017968177795,0.516019880771637,0.6742187142372131,0.5498799830675125,0.6296567320823669,0.4701032340526581,0.5466707795858383,0.6220601797103882,0.47128137946128845,0.753740519285202,0.6847505569458008,0.8227304816246033,1.0934588313102722,0.9427707195281982,1.2441469430923462
YPL079W,test,True,True,0.944275438785553,1.7939452886581422,1.5196069478988647,1.3020179271697998,2.7185399532318115,1.763010025024414,1.6665515899658203,1.3875944018363953,1.2598700523376465,1.515318751335144,0.39422134310007095,0.6662248373031616,0.12221784889698029,1.3517312407493591,1.5616484880447388,1.1418139934539795,1.9067625403404236,1.751794457435608,2.0617306232452393
YPL080C,test,False,False,-1.743299961090088,-2.0145102977752685,-1.8487461805343628,-2.1867990493774414,-1.9867570400238037,-1.9466935396194458,-2.103555679321289,-1.1415010690689087,-1.0670831203460693,-1.215919017791748,-0.7177817523479462,-0.16514188051223755,-1.2704216241836548,-1.8842415809631348,-1.8968298435211182,-1.8716533184051514,-2.018989086151123,-2.0874109268188477,-1.9505672454833984
YPL081W,test,True,True,1.3428423404693604,1.346502161026001,1.2194026708602905,1.3262145519256592,1.7348321676254272,1.0821774005889893,1.3698840141296387,1.2773229479789734,1.332385778427124,1.2222601175308228,-0.714921660721302,-1.253665804862976,-0.176177516579628,0.6860012710094452,0.7153910994529724,0.656611442565918,1.0223480463027954,0.7862708568572998,1.258425235748291
YPL082C,test,True,True,0.24733394384384155,0.4675363779067993,1.0948983430862427,-0.3122568726539612,0.7047930359840393,0.34235680103302,0.5078905820846558,0.3032953143119812,0.36810213327407837,0.23848849534988403,0.9311667084693909,0.7421400547027588,1.120193362236023,0.31916454434394836,0.5467232465744019,0.09160584211349487,0.28924939781427383,0.45172926783561707,0.1267695277929306
YPL083C,test,True,False,-0.19070835411548615,-0.997338080406189,-0.7176862359046936,-1.8701906204223633,-0.7728546857833862,-0.23246639966964722,-1.3934924602508545,-1.1415010690689087,-1.0670831203460693,-1.215919017791748,0.05059417895972729,0.12060592323541641,-0.019417565315961838,-1.1448893547058105,-0.7863682508468628,-1.5034104585647583,-1.7829548120498657,-1.7113158702850342,-1.8545937538146973
YPL084W,test,True,True,0.4429449141025543,0.7569517493247986,0.7094871401786804,0.7020689845085144,1.0689587593078613,0.7518004775047302,0.5524433851242065,0.7040912806987762,0.8448810577392578,0.5633015036582947,0.05865637958049774,-0.15379029512405396,0.27110305428504944,0.7386150658130646,0.5281761288642883,0.9490540027618408,0.6396303474903107,0.6747835278511047,0.6044771671295166
YPL085W,test,True,True,0.7698162198066711,0.19578995406627656,0.2595745325088501,0.05735240876674652,0.49631279706954956,0.8053253293037415,-0.6396152973175049,0.45621801912784576,0.21545490622520447,0.6969811320304871,-0.1356085166335106,-0.15497201681137085,-0.11624501645565033,0.17727139964699745,0.019993789494037628,0.3345490097999573,0.6746272146701813,0.50252765417099,0.8467267751693726
YPL086C,test,True,True,-0.04331120476126671,-0.051411804556846616,0.459224134683609,-0.502643346786499,-0.615756094455719,0.24582332372665405,0.15629296004772186,0.23368316888809204,0.3102955222129822,0.1570708155632019,0.9996547102928162,0.620208740234375,1.3791006803512573,0.7792322337627411,0.6274195909500122,0.93104487657547,0.3485143408179283,0.23901928961277008,0.45800939202308655
YPL087W,test,True,True,-0.46923360228538513,-0.1830723762512207,-0.1317095160484314,-0.6001861691474915,-0.33179646730422974,0.45424455404281616,-0.3059142827987671,0.35211632400751114,0.21903710067272186,0.4851955473423004,-0.1159205287694931,0.25483107566833496,-0.48667213320732117,-0.22645915113389492,-0.3910946547985077,-0.06182364746928215,-0.005103364586830139,-0.16441015899181366,0.15420342981815338
YPL088W,test,True,True,-0.4431624710559845,0.7459746956825256,0.5892193913459778,0.6787850856781006,0.8376757502555847,1.0279608964920044,0.5962323546409607,0.6833163499832153,0.7830661535263062,0.5835665464401245,0.5320347994565964,0.2760007679462433,0.7880688309669495,0.5811049342155457,0.8365558981895447,0.32565397024154663,0.8446334004402161,1.1274324655532837,0.5618343353271484
YPL089C,test,False,True,1.0875581502914429,0.6084048271179199,0.6435938477516174,0.494873583316803,0.7193508744239807,0.3526309132575989,0.8315749168395996,0.7035690993070602,0.9217206835746765,0.48541751503944397,0.491259329020977,0.8621609807014465,0.12035767734050751,0.6643214821815491,0.8416887521743774,0.4869542121887207,0.8835568726062775,0.8235272765159607,0.9435864686965942
YPL090C,test,True,True,0.7115585803985596,1.5903211116790772,1.4197793006896973,1.6868579387664795,2.1216230392456055,1.3086392879486084,1.4147059917449951,1.456047236919403,1.3767435550689697,1.5353509187698364,-0.9269585013389587,-1.129773497581482,-0.7241435050964355,1.4111687541007996,1.38601815700531,1.436319351196289,1.3154329061508179,1.0177677869796753,1.6130980253219604
YPL091W,test,True,True,0.3799894154071808,0.42176868915557864,0.35595405101776123,0.3917567729949951,0.47055304050445557,0.5323055982589722,0.358273983001709,0.3750167489051819,0.508918046951294,0.24111545085906982,0.8169533163309097,1.2604985237121582,0.37340810894966125,0.6758946776390076,0.8627596497535706,0.4890297055244446,0.8373757898807526,0.6148656010627747,1.0598859786987305
YPL092W,test,False,True,-0.48408737778663635,0.5725949823856353,0.5914037227630615,0.44742295145988464,0.8639839291572571,0.4143190383911133,0.5458452701568604,0.34746045619249344,0.15618808567523956,0.5387328267097473,-0.3021157532930374,-0.9149255156517029,0.31069400906562805,-0.11888077855110168,-0.7971080541610718,0.5593464970588684,0.318911150097847,0.303965300321579,0.333856999874115
YPL093W,test,True,True,0.5575481057167053,0.8393494486808777,0.5982330441474915,1.0471413135528564,0.7436557412147522,0.7116789221763611,1.0960382223129272,0.9505466520786285,1.0168476104736328,0.8842456936836243,0.3910997360944748,0.22344860434532166,0.5587508678436279,0.9698257446289062,0.956997275352478,0.9826542139053345,1.1877079904079437,0.8787301182746887,1.4966858625411987
YPL094C,test,True,True,1.2646327018737793,0.45621685683727264,0.5550660490989685,-0.0518081933259964,0.40872621536254883,0.47460103034973145,0.8944991827011108,0.9686389267444611,1.2181456089019775,0.7191322445869446,0.5805637538433075,0.3183760643005371,0.8427514433860779,0.4429253935813904,0.26899874210357666,0.6168520450592041,0.3652791529893875,0.3102356791496277,0.42032262682914734
YPL095C,test,False,True,0.1587328463792801,-0.28325607925653457,-0.11148542910814285,-0.009649038314819336,-0.6925296187400818,-0.9047896265983582,0.30217331647872925,-0.17184876650571823,-0.14375488460063934,-0.19994264841079712,-0.2985313907265663,-0.6602184772491455,0.06315569579601288,-0.49623483791947365,0.003093115985393524,-0.9955627918243408,-0.2726416550576687,-0.09981199353933334,-0.44547131657600403
YPL096C-A,test,True,True,0.18820959329605103,-0.026569169759750367,-0.01647075265645981,-0.3911752998828888,0.13278359174728394,-0.08978509157896042,0.23180170357227325,0.015448885038495064,-0.0484296940267086,0.07932746410369873,0.2974402103573084,0.6187538504600525,-0.023873429745435715,0.3339768499135971,0.5284415483474731,0.13951215147972107,0.12994420900940895,-0.027988962829113007,0.2878773808479309
YPL096W,test,False,True,0.6150674223899841,-0.29420256316661836,-0.3868213891983032,-0.1606382429599762,0.3103497624397278,-1.0444213151931763,-0.18948163092136383,0.07699020765721798,0.10719935595989227,0.046781059354543686,-0.17985733412206173,-0.3081405460834503,-0.05157412216067314,-0.27508202008903027,-0.5848706364631653,0.03470659628510475,0.2767914719879627,0.0021946802735328674,0.5513882637023926
YPL097W,test,True,True,0.018811628222465515,0.21578389406204224,0.08717754483222961,-0.12957647442817688,0.3477610945701599,0.47839730978012085,0.2951599955558777,0.2417934685945511,0.1672724485397339,0.3163144886493683,0.2966589480638504,0.2636639475822449,0.32965394854545593,0.28661616146564484,0.3979134261608124,0.1753188967704773,0.026817161589860916,-0.11959385126829147,0.1732281744480133
YPL098C,test,True,True,0.5847654938697815,0.2283587459474802,0.025228478014469147,-0.025248205289244652,0.296874463558197,0.41391652822494507,0.4310224652290344,0.30284304171800613,0.24779756367206573,0.35788851976394653,0.4888886362314224,0.436860591173172,0.5409166812896729,0.32194410264492035,0.332415908575058,0.3114722967147827,0.18340859562158585,0.22584281861782074,0.14097437262535095
YPL099C,test,True,True,0.1635846197605133,-0.07895646207034587,0.22975653409957886,-0.7327001690864563,-0.12821027636528015,0.027949640527367592,0.2084219604730606,-0.11669128574430943,0.00021470710635185242,-0.2335972785949707,-0.22207778878509998,-0.02158418670296669,-0.4225713908672333,-0.26446976885199547,0.06126732379198074,-0.5902068614959717,-0.5267218947410583,-0.8523023724555969,-0.20114141702651978
YPL100W,test,True,True,-0.05708086118102074,0.13305496498942376,-0.020874857902526855,0.09165652096271515,0.2407761663198471,0.393325537443161,-0.03960854187607765,0.39847443997859955,0.43806806206703186,0.35888081789016724,-0.11481516622006893,-0.2713303565979004,0.04170002415776253,0.09044256433844566,0.11562753468751907,0.06525759398937225,0.14774873107671738,0.09966309368610382,0.19583436846733093
YPL101W,test,True,True,0.6967892646789551,-0.2668298065662384,0.15766066312789917,-0.7026867270469666,-0.22227507829666138,-0.19548267126083374,-0.3713652193546295,0.3139210343360901,0.3119017481803894,0.31594032049179077,-0.11918267607688904,-0.3398478627204895,0.10148251056671143,-0.35135091841220856,-0.4309568703174591,-0.271744966506958,-0.04371555149555206,-0.28914880752563477,0.20171770453453064
YPL102C,test,False,False,-1.788711667060852,-1.80533287525177,-1.8022464513778687,-2.0819380283355713,-2.0610005855560303,-1.6488449573516846,-1.4326343536376953,-1.1415010690689087,-1.0670831203460693,-1.215919017791748,-0.12765012681484222,-0.5008656978607178,0.24556544423103333,-1.897632896900177,-1.725622296333313,-2.069643497467041,-1.7738814949989319,-1.6836867332458496,-1.8640762567520142
YPL103C,test,True,True,-0.15722887217998505,-0.5001363337039948,-0.48657476902008057,-0.7309146523475647,-1.4062330722808838,-0.3637688159942627,0.486809641122818,-0.6190781686455011,-1.1812583208084106,-0.05689801648259163,0.27234359085559845,0.35538551211357117,0.18930166959762573,-0.24164092168211937,0.032454319298267365,-0.5157361626625061,-0.07594836223870516,-0.016922229900956154,-0.13497449457645416
YPL104W,test,True,True,-0.2204323559999466,0.405879819393158,0.49752289056777954,0.4233749508857727,0.35408055782318115,0.46658557653427124,0.28783512115478516,0.33865804970264435,0.38270875811576843,0.29460734128952026,0.09145179390907288,0.0007601231336593628,0.1821434646844864,0.6680484414100647,0.5805647373199463,0.7555321455001831,0.2283509261906147,0.04091186076402664,0.41578999161720276
YPL105C,test,True,True,0.8326849937438965,0.29090189933776855,0.3142969608306885,0.5102725625038147,0.08989232778549194,0.4164929986000061,0.12355464696884155,0.3394216150045395,0.36774513125419617,0.3110980987548828,0.5847185999155045,0.34736934304237366,0.8220678567886353,0.465541809797287,0.5410891175270081,0.3899945020675659,0.30421553552150726,0.33405008912086487,0.27438098192214966
YPL106C,test,True,True,0.8416719436645508,1.2811862468719482,1.0064998865127563,1.6305773258209229,1.7045581340789795,1.0013117790222168,1.0629841089248657,0.9552157521247864,1.122178077697754,0.7882534265518188,0.5847360342741013,0.48049816489219666,0.6889739036560059,1.6285839676856995,1.8342002630233765,1.4229676723480225,1.5874016880989075,1.3316501379013062,1.8431532382965088
YPL107W,test,False,True,0.6193531155586243,0.28799366354942324,0.192842036485672,0.12860214710235596,0.25017961859703064,0.4462186098098755,0.422125905752182,0.524533599615097,0.5446460247039795,0.5044211745262146,0.1866619549691677,0.004705987870693207,0.3686179220676422,0.3656269758939743,0.4126579165458679,0.3185960352420807,0.3586634695529938,0.3188377320766449,0.39848920702934265
YPL108W,test,True,True,0.43629565834999084,-1.1554973661899566,-1.5093669891357422,-1.316957950592041,-0.3691498339176178,-1.173303484916687,-1.4087085723876953,-0.8513762354850769,-0.9189266562461853,-0.7838258147239685,-0.26157567650079727,-0.5348535776138306,0.011702224612236023,-1.1746742129325867,-1.7953130006790161,-0.5540354251861572,-0.9186427444219589,-1.6643539667129517,-0.1729315221309662
YPL109C,test,True,True,-0.31263601779937744,0.3724474314600229,0.37840065360069275,0.26410171389579773,0.7400199770927429,0.030700476840138435,0.4490143358707428,0.5399497151374817,0.5191201567649841,0.5607792735099792,-0.014577435329556465,0.02202361822128296,-0.05117848888039589,0.2591865658760071,0.3637574017047882,0.15461573004722595,0.39901237189769745,0.2789442241191864,0.5190805196762085
YPL110C,test,True,True,-0.2312125563621521,0.7496948122978211,0.6557655930519104,1.0215964317321777,0.6434374451637268,1.091070294380188,0.3366042971611023,0.23951052874326706,0.17763616144657135,0.30138489603996277,1.161736786365509,1.606293797492981,0.7171797752380371,0.6452149152755737,0.562953770160675,0.7274760603904724,0.8342049270868301,0.47169700264930725,1.196712851524353
YPL111W,test,True,True,0.593483030796051,0.8404686331748963,1.2210336923599243,1.1008336544036865,0.4939040243625641,0.9086886048316956,0.4778831899166107,0.6811901181936264,1.0079388618469238,0.354441374540329,0.6885437369346619,0.8315178751945496,0.5455695986747742,1.1018843352794647,1.3980761766433716,0.8056924939155579,1.2388724088668823,1.3497933149337769,1.1279515027999878
YPL112C,test,True,True,0.16605940461158752,-0.4817351490259171,-0.5692751407623291,-0.9893898963928223,-0.10375435650348663,-0.35399070382118225,-0.392265647649765,0.19386004656553268,0.49812960624694824,-0.11040951311588287,-0.6447478793561459,-0.04831569641828537,-1.2411800622940063,-0.49420109391212463,-0.5436875820159912,-0.44471460580825806,-0.40276218950748444,-1.0689865350723267,0.2634621560573578
YPL113C,test,True,True,-0.7901331186294556,-0.8615794271230698,-0.5971658825874329,-2.1790871620178223,-1.4876289367675781,0.17755436897277832,-0.22156952321529388,0.10017123818397522,0.3764282166957855,-0.17608574032783508,0.18711671605706215,-0.046899400651454926,0.4211328327655792,-1.2369502782821655,-1.115984559059143,-1.357915997505188,-1.1007689982652664,-1.8930336236953735,-0.3085043728351593
YPL114W,test,False,False,-0.08621756732463837,-1.7218944072723388,-1.862878441810608,-2.084395408630371,-1.712283730506897,-1.3451396226882935,-1.604774832725525,-1.1415010690689087,-1.0670831203460693,-1.215919017791748,-0.27795471996068954,-0.4642583429813385,-0.09165109694004059,-1.8521530628204346,-1.7823491096496582,-1.921957015991211,-2.0133729577064514,-2.133913278579712,-1.892832636833191
YPL115C,test,True,True,0.3253485858440399,0.27684883698821067,0.3387860059738159,-0.0019470639526844025,0.027635395526885986,0.7974730134010315,0.2222968339920044,0.11566082388162613,0.1575106382369995,0.07381100952625275,0.35652875900268555,0.7317116856575012,-0.018654167652130127,0.2151990309357643,0.0609259158372879,0.3694721460342407,0.17892684787511826,0.1545679122209549,0.20328578352928162
YPL116W,test,True,True,0.35358574986457825,0.6066514015197754,0.5039883852005005,0.4918819069862366,1.0619810819625854,0.3916308283805847,0.5837748050689697,0.4836606830358505,0.7016553282737732,0.26566603779792786,0.429596483707428,0.4007384479045868,0.45845451951026917,0.8408066034317017,1.054168701171875,0.6274445056915283,0.9003483355045319,0.9462892413139343,0.8544074296951294
YPL117C,test,True,True,1.147070050239563,0.5836090922355652,0.4611681401729584,0.6894354820251465,1.0169492959976196,0.21981379389762878,0.5306787490844727,0.596104308962822,0.7765191197395325,0.41568949818611145,0.439079686999321,0.45391514897346497,0.424244225025177,0.6759966611862183,0.31040072441101074,1.0415925979614258,0.9769272804260254,1.0172239542007446,0.9366306066513062
YPL118W,test,True,True,0.5812715291976929,0.7267729878425598,0.8960519433021545,0.8841318488121033,0.3811660408973694,1.0070269107818604,0.4654881954193115,0.535741537809372,0.569183886051178,0.5022991895675659,1.0631718039512634,1.1314679384231567,0.9948756694793701,0.614099383354187,0.7373745441436768,0.49082422256469727,0.7586858570575714,0.6665052771568298,0.850866436958313
YPL119C,test,True,True,-0.09925474971532822,0.4485513776540756,0.7415043711662292,0.6647671461105347,0.3901705741882324,0.6942598819732666,-0.24794508516788483,0.37509268522262573,0.3876815438270569,0.3625038266181946,0.5120957344770432,0.43097731471061707,0.5932141542434692,0.5068661868572235,0.3977683186531067,0.6159640550613403,0.7733632922172546,0.6955740451812744,0.8511525392532349
YPL119C-A,test,True,False,0.06473258137702942,-1.4912395238876344,-2.0085978507995605,-1.7616872787475586,-1.38614022731781,-1.2826334238052368,-1.0171388387680054,-1.1415010690689087,-1.0670831203460693,-1.215919017791748,-0.01629113405942917,-0.16469275951385498,0.13211049139499664,-1.768114686012268,-2.014887809753418,-1.5213415622711182,-1.6804043054580688,-1.9233167171478271,-1.4374918937683105
YPL120W,test,True,True,0.013682639226317406,0.41767117381095886,0.3868517577648163,0.6592563986778259,0.28158897161483765,0.2861071228981018,0.47455161809921265,0.2741630021482706,0.06053181365132332,0.4877941906452179,0.6930572390556335,0.8635828495025635,0.5225316286087036,0.6280343234539032,0.5064636468887329,0.7496050000190735,0.6030766069889069,0.6575906872749329,0.5485625267028809
YPL121C,test,True,True,-1.9582537412643433,-0.15315557196736335,0.13315922021865845,-0.006589151918888092,-0.631045937538147,-0.22254836559295654,-0.03875362500548363,-0.4533660560846329,-0.8020804524421692,-0.10465165972709656,0.1826811321079731,-0.07772629708051682,0.443088561296463,-0.12847745046019554,-0.017512060701847076,-0.239442840218544,0.27367718517780304,0.5770061016082764,-0.029651731252670288
YPL122C,test,True,True,-0.0598028264939785,0.24044502191245556,0.43271327018737793,0.18977540731430054,0.4116896390914917,0.01153109036386013,0.1565157026052475,0.39843636751174927,0.3756975531578064,0.42117518186569214,-0.08042553067207336,-0.6854156851768494,0.5245646238327026,0.39682190120220184,0.37212899327278137,0.4215148091316223,0.2961116060614586,0.1529182344675064,0.43930497765541077
YPL123C,test,True,True,-0.2979809641838074,-0.11338610202074051,0.08288677781820297,-0.5825081467628479,0.17169250547885895,0.18604691326618195,-0.4250485599040985,-0.01894783228635788,-0.18071605265140533,0.14282038807868958,0.14780518412590027,0.409026563167572,-0.11341619491577148,0.11288812384009361,0.10531962662935257,0.12045662105083466,-0.1298144906759262,-0.3417084217071533,0.0820794403553009
YPL124W,test,True,True,0.1847049444913864,0.3918198734521866,0.6645612716674805,-0.011927857995033264,0.6939064860343933,0.35415464639663696,0.25840482115745544,0.36555786430835724,0.3731946349143982,0.3579210937023163,0.16479806415736675,-0.060578469187021255,0.39017459750175476,0.19822904840111732,0.08968160301446915,0.3067764937877655,0.4557993710041046,0.20520085096359253,0.7063978910446167
YPL125W,test,True,True,0.05307263135910034,0.3541527181863785,0.2770431637763977,0.24213838577270508,0.6598338484764099,0.1685367375612259,0.4232114553451538,0.37297946214675903,0.42500579357147217,0.3209531307220459,-0.07827636413276196,-0.09477406740188599,-0.061778660863637924,0.7475098371505737,0.2795383930206299,1.2154812812805176,0.2808656767010689,0.1174449473619461,0.44428640604019165
YPL126W,test,True,True,0.5156444311141968,0.19739401787519456,0.049954600632190704,0.2926662862300873,0.16417846083641052,-0.21245186030864716,0.6926226019859314,0.6142478287220001,0.6366073489189148,0.5918883085250854,-0.20923538133502007,-0.0944085642695427,-0.32406219840049744,0.6742936372756958,0.9401759505271912,0.40841132402420044,0.12315976340323687,0.005133533850312233,0.2411859929561615
YPL127C,test,True,True,1.008694052696228,0.8379832029342651,0.9251356720924377,0.8188862204551697,1.1310851573944092,0.3782691955566406,0.9365397691726685,0.7474991679191589,0.8359288573265076,0.6590694785118103,0.5393032878637314,0.1973467767238617,0.8812597990036011,0.9460788071155548,1.2007381916046143,0.6914194226264954,0.9283550977706909,1.2333177328109741,0.6233924627304077
YPL128C,test,False,True,0.7899628281593323,-0.2631955511868,-0.6821585297584534,0.1777966022491455,-0.07590660452842712,-0.7785123586654663,0.04280313476920128,-0.06435482762753963,0.013779643923044205,-0.14248929917812347,0.046299226582050323,0.2742941081523895,-0.18169565498828888,-0.14460228569805622,-0.3041929304599762,0.014988359063863754,-0.36312292516231537,-0.7655096650123596,0.03926381468772888
YPL129W,test,True,True,0.8674384951591492,-0.11217649802565574,-0.5413016080856323,-0.5930987000465393,0.10160644352436066,0.4862603545188904,-0.014348980039358139,-0.034981563687324524,0.3610687851905823,-0.4310319125652313,0.700708195567131,0.9671145081520081,0.43430188298225403,-0.1726116519421339,-0.34805119037628174,0.0028278864920139313,-0.3505600094795227,-0.37880048155784607,-0.32231953740119934
YPL130W,test,True,False,-2.0108630657196045,-0.18305059969425203,0.01336883008480072,-0.5144197940826416,-0.5062383413314819,0.2683958113193512,-0.17635950446128845,-1.1415010690689087,-1.0670831203460693,-1.215919017791748,0.5145105570554733,0.6039854884147644,0.42503562569618225,-0.30390194803476334,-0.5114337801933289,-0.09637011587619781,-1.0367338061332703,-1.1335493326187134,-0.9399182796478271
YPL131W,test,True,True,1.9952294826507568,1.6225633859634399,1.6807671785354614,1.5799860954284668,1.8804984092712402,1.547406554222107,1.4241586923599243,1.38875013589859,1.4178438186645508,1.3596564531326294,1.1934090852737427,1.1403499841690063,1.246468186378479,1.5267919898033142,1.6516810655593872,1.4019029140472412,1.8337730765342712,2.073376178741455,1.5941699743270874
YPL132W,test,True,True,0.24334904551506042,0.18394614905118942,0.5904980301856995,-0.30066782236099243,0.332261860370636,0.10433349758386612,0.19330517947673798,0.3855004906654358,0.31729790568351746,0.4537030756473541,0.18259984254837036,0.6480124592781067,-0.28281277418136597,0.31683649122714996,0.2945971190929413,0.33907586336135864,0.16907861083745956,0.21593718230724335,0.12222003936767578
YPL133C,test,False,True,0.16250088810920715,0.12420797497034072,0.16438886523246765,0.03032294660806656,0.4625973701477051,-0.24689969420433044,0.2106303870677948,0.4422907531261444,0.36042529344558716,0.5241562128067017,-0.19890397787094116,-0.759332001209259,0.3615240454673767,0.4196995981037617,-0.10789390653371811,0.9472931027412415,0.12170083075761795,-0.03365863859653473,0.27706030011177063
YPL134C,test,True,True,-0.4758460819721222,0.07313884645700455,0.3232686519622803,-0.02663395181298256,-0.09492227435112,0.15884529054164886,0.005136515945196152,0.3905525654554367,0.5051036477088928,0.2760014832019806,0.6313198506832123,0.6037498116493225,0.658889889717102,0.3731513023376465,0.5266469717025757,0.21965563297271729,0.048881289549171925,0.027334416285157204,0.07042816281318665
YPL135C-A,test,False,False,-1.6145896911621094,-1.5991235256195069,-1.62509286403656,-1.6028037071228027,-1.861450433731079,-1.811739444732666,-1.0945311784744263,-1.1415010690689087,-1.0670831203460693,-1.215919017791748,-1.1913047432899475,-0.8344266414642334,-1.5481828451156616,-1.4003939628601074,-1.634609341621399,-1.166178584098816,-1.6699712872505188,-2.0078587532043457,-1.332083821296692
YPL135W,test,True,True,1.5780569314956665,1.0499001383781432,1.3011622428894043,0.9698335528373718,1.2694098949432373,0.8523117303848267,0.8567832708358765,0.6489342600107193,0.8073918223381042,0.49047669768333435,0.07896831259131432,0.021268002688884735,0.1366686224937439,0.941266804933548,0.9908813238143921,0.8916522860527039,1.1109868288040161,1.4558569192886353,0.766116738319397
YPL136W,test,False,False,-1.7114633321762085,-1.5278867721557616,-1.1568284034729004,-1.512092113494873,-1.5937645435333252,-1.3709840774536133,-2.0057647228240967,-1.1415010690689087,-1.0670831203460693,-1.215919017791748,-0.9822196960449219,-1.196005940437317,-0.7684334516525269,-1.5204837918281555,-1.4472869634628296,-1.5936806201934814,-1.583305299282074,-1.8659181594848633,-1.3006924390792847
YPL137C,test,True,True,0.3376087248325348,0.6525161504745484,0.7615483403205872,0.6409851312637329,0.6420432925224304,0.7143859267234802,0.503618061542511,0.5938518047332764,0.6771427989006042,0.5105608105659485,0.7055842280387878,0.6652718782424927,0.745896577835083,1.0928651094436646,0.7047719955444336,1.4809582233428955,1.0290718078613281,1.1100322008132935,0.9481114149093628
YPL138C,test,True,True,0.6010935306549072,0.4666323721408844,0.31963294744491577,0.21839311718940735,0.5420322418212891,0.8033533692359924,0.4497501850128174,0.4424283057451248,0.44151216745376587,0.44334444403648376,0.4455442726612091,0.4305588901042938,0.4605296552181244,0.6248474419116974,0.2736063599586487,0.9760885238647461,0.3298998698592186,0.09164266288280487,0.5681570768356323
YPL139C,test,False,True,0.19802220165729523,0.12352868393063546,0.19668561220169067,-0.30663272738456726,-0.009213265031576157,0.25865525007247925,0.47814854979515076,0.4785313755273819,0.4856204390525818,0.471442312002182,0.019887179136276245,-0.035600364208221436,0.07537472248077393,0.26913586258888245,0.6722962856292725,-0.13402456045150757,0.10178343206644058,0.17860019207000732,0.02496667206287384
YPL140C,test,True,True,-0.40122169256210327,-0.021969760954380035,0.21076929569244385,-0.5578953623771667,0.2658306658267975,0.0573057159781456,-0.08585911989212036,0.18352948874235153,0.17994709312915802,0.18711188435554504,0.045925840735435486,0.22262346744537354,-0.13077178597450256,0.110849404707551,0.25493842363357544,-0.033239614218473434,0.09096936602145433,-0.01575261913239956,0.19769135117530823
YPL141C,test,True,True,0.7685623168945312,0.9181167364120484,0.993600070476532,1.4851937294006348,0.8584168553352356,0.6934128403663635,0.5599601864814758,0.6576635837554932,0.7716221213340759,0.5437050461769104,0.4993554428219795,0.8742698431015015,0.12444104254245758,0.7690636217594147,0.8386165499687195,0.6995106935501099,0.8389754593372345,0.6549833416938782,1.0229675769805908
YPL142C,test,False,False,-1.6636155843734741,-1.253099513053894,-0.6778110265731812,-1.1043064594268799,-1.7537596225738525,-1.1172763109207153,-1.6123441457748413,-1.1415010690689087,-1.0670831203460693,-1.215919017791748,-0.24610868096351624,-0.4939664304256439,0.0017490684986114502,-0.9059634506702423,-1.167175531387329,-0.6447513699531555,-1.0448407679796219,-1.9224783182144165,-0.16720321774482727
YPL143W,test,True,True,1.8120685815811157,1.7439133644104003,1.3938084840774536,1.667494773864746,2.5528769493103027,1.4829047918319702,1.6224818229675293,1.4650661945343018,1.5498629808425903,1.3802694082260132,0.277467243373394,0.026701554656028748,0.5282329320907593,1.2417495846748352,1.3041280508041382,1.1793711185455322,1.719015121459961,1.6345340013504028,1.803496241569519
YPL144W,test,True,True,0.2598264217376709,0.6065516173839569,0.41028812527656555,0.722393810749054,0.8486564755439758,0.1950780749320984,0.8563416004180908,0.6573578417301178,0.5777307748794556,0.73698490858078,0.022829268127679825,-0.08429066091775894,0.1299491971731186,0.6195491850376129,0.4323893189430237,0.8067090511322021,0.5564149469137192,0.7009226679801941,0.41190722584724426
YPL145C,test,True,True,0.7543174624443054,0.6840454757213592,0.8108757138252258,0.9457055926322937,0.7339305877685547,0.3361683785915375,0.5935471057891846,0.2904367670416832,0.1310472935438156,0.4498262405395508,0.4906826354563236,0.011288471519947052,0.9700767993927002,0.589468389749527,0.40458953380584717,0.7743472456932068,0.899729996919632,0.6933553814888,1.1061046123504639
YPL146C,test,True,True,0.39745062589645386,0.908327054977417,0.854954183101654,0.6162269115447998,1.3127349615097046,0.6763489842414856,1.081370234489441,0.9301071465015411,1.1943150758743286,0.6658992171287537,0.06699146144092083,-0.048849496990442276,0.18283241987228394,0.695620208978653,0.8965784311294556,0.49466198682785034,1.1652504205703735,1.0471172332763672,1.2833836078643799
YPL147W,test,True,True,-1.0838658809661865,0.15677632316946982,0.2095334231853485,0.22646015882492065,0.22987236082553864,0.17285335063934326,-0.054837677627801895,-0.04572804272174835,-0.29196617007255554,0.20051008462905884,0.6174734830856323,0.8809020519256592,0.35404491424560547,0.2943327873945236,0.32878002524375916,0.2598855495452881,0.13540680706501007,-0.0193062424659729,0.29011985659599304
YPL148C,test,False,True,-0.5156540274620056,-0.3859304904937744,-0.25634661316871643,-0.16209924221038818,-0.31635457277297974,-0.14810338616371155,-1.0467486381530762,-0.3681087363511324,-0.6944835782051086,-0.04173389449715614,0.2532626688480377,0.2697456181049347,0.23677971959114075,-0.18352848291397095,-0.2743789255619049,-0.09267804026603699,-0.012875482439994812,-0.10724093019962311,0.08148996531963348
YPL149W,test,True,True,-0.4332329034805298,0.3446494102478027,0.41394299268722534,0.12589490413665771,0.4952997863292694,0.5942030549049377,0.09390631318092346,0.29176026582717896,0.27426064014434814,0.30925989151000977,0.21081475913524628,0.18173375725746155,0.239895761013031,0.11498071625828743,0.10942245274782181,0.12053897976875305,0.25215887278318405,0.1485263556241989,0.3557913899421692
YPL150W,test,True,True,-0.015933148562908173,0.39588015973567964,0.34926462173461914,0.2875487804412842,0.6047667860984802,0.5008612871170044,0.2369593232870102,0.4405001848936081,0.5124407410621643,0.3685596287250519,0.007019326090812683,-0.13484901189804077,0.14888766407966614,0.13819854147732258,0.2735265791416168,0.0028705038130283356,0.13812797889113426,0.03351815789937973,0.2427377998828888
YPL151C,test,True,True,0.3036803603172302,0.8721042275428772,1.0049434900283813,1.1197826862335205,0.6470293402671814,0.947404682636261,0.6413609385490417,0.5793787986040115,0.775544285774231,0.3832133114337921,0.9881169199943542,1.199367642402649,0.7768661975860596,1.2156553268432617,1.338243842124939,1.0930668115615845,0.7019800245761871,0.6408675312995911,0.7630925178527832
YPL152W,test,True,True,-0.22517350316047668,0.21988174691796303,-0.27299922704696655,0.3925288915634155,0.5744039416313171,0.3762521743774414,0.02922295406460762,0.40326549112796783,0.3971439301967621,0.4093870520591736,0.04658335819840431,-0.06292244046926498,0.1560891568660736,0.45657534897327423,0.4045303165912628,0.5086203813552856,0.24655482172966003,0.4306733310222626,0.062436312437057495
YPL152W-A,test,True,True,-0.2100379914045334,-0.41897297501564024,-0.8649568557739258,-0.12138022482395172,-0.5710586905479431,-0.44151273369789124,-0.09595637023448944,-0.23676184564828873,-0.13990096747875214,-0.3336227238178253,0.3680285420268774,0.7101051211357117,0.025951962918043137,0.09276663884520531,0.0061669424176216125,0.179366335272789,-0.9885717928409576,-0.5998672842979431,-1.3772763013839722
YPL153C,test,True,True,0.2229231595993042,-0.03074857294559479,-0.37679746747016907,0.5092670321464539,-0.11155802011489868,-0.3207099735736847,0.14605556428432465,0.11485456675291061,0.1491205245256424,0.08058860898017883,1.0112899243831635,0.8537483811378479,1.168831467628479,0.5111729353666306,0.8448385000228882,0.17750737071037292,-0.29579567164182663,0.1326242834329605,-0.7242156267166138
YPL154C,test,True,True,0.9916560053825378,0.46248579621315,0.6745054125785828,-0.1512015163898468,0.885031521320343,0.17891079187393188,0.7251827716827393,0.3747410923242569,0.1497291624546051,0.5997530221939087,-0.06677253544330597,-0.25322097539901733,0.1196759045124054,0.5447680205106735,0.389016717672348,0.700519323348999,0.8258131742477417,1.0545557737350464,0.597070574760437
YPL155C,test,True,True,0.2428298443555832,0.4351119637489319,0.7080451846122742,0.22677794098854065,0.6571578979492188,0.21694883704185486,0.366629958152771,0.5807097107172012,0.6932814717292786,0.4681379497051239,0.09256462752819061,0.2681264579296112,-0.08299720287322998,0.5169447064399719,0.6195765733718872,0.41431283950805664,0.23727017641067505,0.5128691792488098,-0.03832882642745972
YPL156C,test,False,True,0.2933078110218048,0.751690250635147,0.9873325228691101,0.20944002270698547,0.8229963183403015,1.2753249406814575,0.46335744857788086,0.992007702589035,0.9790671467781067,1.0049482583999634,0.826350212097168,0.7476510405540466,0.9050493836402893,1.0018953084945679,1.5122493505477905,0.4915412664413452,1.1067141890525818,1.439054250717163,0.7743741273880005
YPL157W,test,True,True,0.5501776337623596,0.6644678354263306,0.728085458278656,0.472539484500885,0.6207824945449829,0.9420673847198486,0.5588643550872803,0.5441782623529434,0.7702140808105469,0.31814244389533997,-0.20680119097232819,0.3579294979572296,-0.771531879901886,0.4570181667804718,0.688507616519928,0.22552871704101562,0.4274958670139313,0.36607447266578674,0.4889172613620758
YPL158C,test,True,True,0.6927918791770935,0.951427698135376,1.2039241790771484,1.3157339096069336,1.1976089477539062,0.49638432264328003,0.5434871315956116,0.7329483926296234,0.9195324182510376,0.5463643670082092,0.3764897957444191,0.6328915953636169,0.12008799612522125,1.1283840537071228,1.2610886096954346,0.995679497718811,0.9455733299255371,1.1474642753601074,0.7436823844909668
YPL159C,test,True,True,0.7934060096740723,0.638055807352066,0.6113114953041077,0.880500853061676,0.885313093662262,0.5374690890312195,0.27568450570106506,0.23986563086509705,0.16268643736839294,0.31704482436180115,0.2707291152328253,0.5685062408447266,-0.027048010379076004,0.5390063673257828,0.4338703453540802,0.6441423892974854,0.8934615850448608,0.7209857702255249,1.0659373998641968
YPL160W,test,True,True,0.6280964016914368,0.7930206537246705,0.6601980328559875,1.1632611751556396,0.8151671290397644,0.6471949815750122,0.6792819499969482,0.7283759117126465,0.6345176100730896,0.8222342133522034,0.6939152777194977,1.0999614000320435,0.2878691554069519,0.4864360876381397,-0.03372880071401596,1.0066009759902954,0.6314612329006195,0.585051953792572,0.677870512008667
YPL161C,test,True,True,-0.017229892313480377,-0.3875266745686531,-0.09238208085298538,-0.5966596007347107,-1.70438551902771,0.5332682728767395,-0.077474445104599,0.19582285918295383,-0.027680736035108566,0.41932645440101624,-0.5307978987693787,-0.7930893301963806,-0.2685064673423767,-0.13028686493635178,-0.3883659839630127,0.12779225409030914,0.25929760187864304,0.33077922463417053,0.18781597912311554
YPL162C,test,True,True,-0.17250166833400726,0.4259543836116791,0.2500537633895874,0.7013822197914124,0.5589619278907776,0.13856840133666992,0.4808056056499481,0.5664946138858795,0.586212694644928,0.546776533126831,-0.24798811972141266,-0.8913806080818176,0.3954043686389923,0.32817263901233673,0.19992056488990784,0.4564247131347656,0.5078532099723816,0.431801438331604,0.5839049816131592
YPL163C,test,True,True,1.7775182723999023,0.17066409885883332,0.3649446666240692,-0.08656077086925507,0.6246642470359802,-0.3126180171966553,0.26289036870002747,0.48062220215797424,0.5157546997070312,0.44548970460891724,0.6208499222993851,0.8798667788505554,0.3618330657482147,0.01513756811618805,-0.18893325328826904,0.21920838952064514,0.24705493822693825,0.06593454629182816,0.42817533016204834
YPL164C,test,False,True,-0.5420495867729187,-0.00911954939365387,0.27409085631370544,-0.11893871426582336,-0.1411195546388626,-0.22499293088912964,0.16536259651184082,0.35335901379585266,0.31040307879447937,0.39631494879722595,-0.04349992610514164,-0.11807484179735184,0.031074989587068558,0.13926256634294987,0.32236286997795105,-0.043837737292051315,0.30905553698539734,0.2668997049331665,0.3512113690376282
YPL165C,test,False,True,-1.8593722581863403,0.20970420278608798,0.01580970734357834,0.4179304242134094,0.4233977198600769,-0.029171159490942955,0.22055432200431824,0.47037552297115326,0.4331274926662445,0.507623553276062,-0.19906923547387123,-0.37723129987716675,-0.020907171070575714,0.16471972689032555,0.032617293298244476,0.2968221604824066,0.46945665776729584,0.39306315779685974,0.5458501577377319
YPL166W,test,True,True,-0.25368955731391907,0.2045876145362854,0.3912559747695923,0.09953781962394714,0.5291849374771118,0.35005930066108704,-0.3470999598503113,0.470745749771595,0.7904166579246521,0.1510748416185379,0.46168966591358185,0.5519717931747437,0.37140753865242004,0.05064635910093784,0.14309832453727722,-0.041805606335401535,0.09245184063911438,-0.26150083541870117,0.44640451669692993
YPL167C,test,True,True,-0.621340811252594,0.601037660241127,1.1483780145645142,0.5330905318260193,0.6263467073440552,0.5489234924316406,0.14844955503940582,0.5976045578718185,0.7753766179084778,0.4198324978351593,0.4211166352033615,0.7436776757240295,0.09855559468269348,0.6382648944854736,0.7118947505950928,0.5646350383758545,0.5701191872358322,0.6601662039756775,0.48007217049598694
YPL168W,test,True,True,-0.23750075697898865,0.6866516768932343,0.8102964758872986,0.6487264633178711,0.9400296807289124,0.6324895620346069,0.4017162024974823,0.4968312233686447,0.6178714632987976,0.3757909834384918,0.44478560984134674,0.5721853375434875,0.31738588213920593,0.876571774482727,0.6190094947814941,1.13413405418396,0.46490059792995453,0.3015042245388031,0.628296971321106
YPL169C,test,True,True,0.8518549799919128,0.595757132768631,0.15732818841934204,0.5022627711296082,1.3689631223678589,0.5762124061584473,0.37401917576789856,0.767623245716095,0.865878701210022,0.669367790222168,0.3366505801677704,0.3469869792461395,0.32631418108940125,0.6748930364847183,0.4749220311641693,0.8748640418052673,0.8209007084369659,0.8584865927696228,0.7833148241043091
YPL170W,test,True,True,1.3789103031158447,0.4560533583164215,0.4197472333908081,0.469441294670105,0.5972071886062622,0.27726510167121887,0.5166059732437134,0.5212430506944656,0.7191150784492493,0.323371022939682,0.3382697254419327,0.36447039246559143,0.3120690584182739,0.5913712531328201,0.7753230333328247,0.40741947293281555,0.6960429847240448,0.7122223973274231,0.6798635721206665
YPL171C,test,True,True,0.24691660702228546,-0.8832765102386475,-1.471950888633728,-0.5560950636863708,-1.0018072128295898,-0.6694933772087097,-0.7170360088348389,-0.3398808687925339,-0.7937467694282532,0.11398503184318542,-0.6150307264178991,-1.2725565433502197,0.04249509051442146,-0.14858868718147278,-0.6059337854385376,0.30875641107559204,-0.5518577545881271,-1.2008297443389893,0.09711423516273499
YPL172C,test,False,True,0.0734589695930481,0.09030661582946778,0.41020143032073975,0.26180577278137207,-0.21405011415481567,-0.10609325766563416,0.09966924786567688,-6.324052810668945e-05,-0.16363507509231567,0.1635085940361023,0.31816887855529785,0.435546338558197,0.20079141855239868,0.4588191360235214,0.35552361607551575,0.5621146559715271,0.4734765291213989,0.4520730674266815,0.49487999081611633
YPL173W,test,False,True,0.6190406084060669,0.15271327793598174,0.35565394163131714,0.06322933733463287,0.2830926775932312,-0.14801526069641113,0.20960569381713867,0.33623306453227997,0.3641762137413025,0.30828991532325745,-0.05978342890739441,-0.2332368791103363,0.11367002129554749,0.3196699321269989,0.4211140275001526,0.21822583675384521,0.5640889555215836,0.6782845854759216,0.4498933255672455
YPL174C,test,True,True,0.06769438087940216,-0.2850382387638092,-0.22220459580421448,-0.4255508780479431,-0.3537587523460388,-0.5192015171051025,0.09552454948425293,0.09226222150027752,0.24505732953548431,-0.060532886534929276,0.2562052011489868,0.17066076397895813,0.3417496383190155,-0.39351117983460426,-0.029951222240924835,-0.7570711374282837,-0.2573268190026283,0.16769437491893768,-0.6823480129241943
YPL175W,test,False,True,-0.229758158326149,0.055076520144939425,-0.17919394373893738,-0.020146749913692474,0.10192176699638367,0.21128302812576294,0.16151849925518036,0.2353799045085907,0.296231746673584,0.1745280623435974,-0.2782814707607031,-0.6167864203453064,0.06022347882390022,0.03485063277184963,0.10230452567338943,-0.03260326012969017,0.22592078894376755,0.277313232421875,0.1745283454656601
YPL176C,test,True,True,0.327340692281723,0.24616456106305123,0.19367530941963196,-0.021298464387655258,0.7547037601470947,0.16218653321266174,0.14155566692352295,0.24992785602808,0.31520333886146545,0.18465237319469452,-0.07374425232410431,-0.2989816963672638,0.15149319171905518,0.04127436317503452,0.06224028021097183,0.020308446139097214,0.1466386141255498,-0.014616554602980614,0.3078937828540802
YPL177C,test,True,True,0.5395194888114929,0.10240290723741055,0.6145704388618469,0.08685038983821869,-0.3412467837333679,-0.011662440374493599,0.16350293159484863,0.7076363861560822,0.5309454202651978,0.8843273520469666,0.35524246096611023,0.4821608364582062,0.22832408547401428,0.46479782462120056,0.5523925423622131,0.377203106880188,0.7572291344404221,1.159563422203064,0.35489484667778015
YPL178W,test,True,True,0.49650946259498596,0.5988081634044647,0.8744145035743713,0.3240160346031189,0.6156873106956482,0.8695924878120422,0.31033048033714294,0.6505192816257477,0.704781711101532,0.5962568521499634,0.6331387013196945,0.8786645531654358,0.38761284947395325,0.7604286074638367,0.9569331407546997,0.5639240741729736,0.46585477888584137,0.2927701771259308,0.638939380645752
YPL179W,test,True,True,0.779563844203949,0.8673274517059326,0.6074903607368469,0.4169715642929077,1.3113057613372803,1.1558239459991455,0.8450456261634827,0.7186293601989746,0.8835912346839905,0.5536674857139587,0.3991212099790573,0.32736629247665405,0.47087612748146057,0.7946814298629761,0.8663696050643921,0.7229932546615601,0.6160666346549988,0.6427592039108276,0.5893740653991699
YPL180W,test,True,True,0.28163379430770874,0.3891375184059143,0.3891866207122803,0.32137349247932434,0.5572910904884338,0.3896099328994751,0.288226455450058,0.5754884630441666,0.6594168543815613,0.49156007170677185,-0.31428286246955395,-0.6801813840866089,0.05161565914750099,0.5539958626031876,0.42265984416007996,0.6853318810462952,0.4340895488858223,0.24922586977481842,0.6189532279968262
YPL181W,test,True,True,0.8998109102249146,0.6541061758995056,0.5868855118751526,0.5479766726493835,0.8278467059135437,0.7649419903755188,0.5428799986839294,0.6276334226131439,0.7447679042816162,0.5104989409446716,0.7130220085382462,0.9378830790519714,0.4881609380245209,0.3413515239953995,0.26917436718940735,0.4135286808013916,0.8612193763256073,0.8828162550926208,0.8396224975585938
YPL182C,test,False,False,-1.896862506866455,-1.9026135444641112,-1.9190572500228882,-1.8924763202667236,-2.1111085414886475,-1.781445860862732,-1.8089797496795654,-1.1415010690689087,-1.0670831203460693,-1.215919017791748,-0.6172430664300919,-1.5619351863861084,0.3274490535259247,-1.927291452884674,-1.9217803478240967,-1.9328025579452515,-1.9907742738723755,-2.0781188011169434,-1.9034297466278076
YPL183C,test,True,True,-0.08066637068986893,0.15044729709625243,-0.44539403915405273,0.19457317888736725,0.3901616036891937,0.21225203573703766,0.4006437063217163,0.5560279935598373,0.6572105288505554,0.45484545826911926,-0.54808609187603,-0.13557502627372742,-0.9605971574783325,-0.8879601657390594,-0.9864310622215271,-0.7894892692565918,-0.5427155196666718,-0.8709317445755005,-0.21449929475784302
YPL183W-A,test,False,True,0.38444358110427856,0.4319426953792572,0.3033064007759094,0.4460194706916809,0.6021799445152283,0.6488774418830872,0.15933021903038025,0.5152901411056519,0.4818233847618103,0.5487568974494934,-0.5911418348550797,-0.33717110753059387,-0.8451125621795654,0.47064395248889923,0.5168060064315796,0.42448189854621887,0.5083302408456802,0.5737029910087585,0.44295749068260193
YPL184C,test,True,True,0.1498776078224182,0.7484309315681458,1.1514958143234253,0.3456789255142212,0.9379357695579529,0.7686046361923218,0.5384395122528076,0.5468894392251968,0.4517838656902313,0.6419950127601624,1.0970757007598877,1.1656053066253662,1.0285460948944092,0.7688724398612976,1.1240471601486206,0.4136977195739746,0.9386331140995026,0.7348112463951111,1.142454981803894
YPL185W,test,False,False,-1.3692067861557007,-2.0243186712265016,-2.179999828338623,-2.0606584548950195,-1.8691422939300537,-1.906821846961975,-2.104970932006836,-1.1415010690689087,-1.0670831203460693,-1.215919017791748,-1.324443519115448,-1.210614800453186,-1.43827223777771,-2.0580878257751465,-2.047213554382324,-2.0689620971679688,-1.9558680653572083,-2.113987445831299,-1.7977486848831177
YPL186C,test,True,True,-0.3969648778438568,-0.7932835876941681,-1.5353513956069946,-0.3052361011505127,0.14422717690467834,-0.9738076329231262,-1.2962499856948853,-0.564315676689148,-0.39618319272994995,-0.732448160648346,0.23669246584177017,0.32744109630584717,0.14594383537769318,-0.9250689744949341,-1.2740379571914673,-0.5760999917984009,-0.2994243800640106,-0.9221850037574768,0.32333624362945557
YPL187W,test,True,True,2.948584794998169,1.1699188470840454,2.121692419052124,1.3554308414459229,0.8984240889549255,0.8788042664527893,0.5952426195144653,0.881529837846756,1.1629207134246826,0.6001389622688293,1.0277191400527954,1.1586583852767944,0.8967798948287964,1.184510350227356,1.496233344078064,0.872787356376648,0.8866649270057678,1.1071149110794067,0.6662149429321289
YPL188W,test,True,True,0.13744904100894928,-0.34391693994402883,-0.3544616103172302,-0.6446498036384583,-0.015126552432775497,-0.22808673977851868,-0.4772599935531616,0.48599983751773834,0.49397963285446167,0.478020042181015,0.11198149621486664,0.5870547294616699,-0.36309173703193665,-0.0703137218952179,-0.3012169301509857,0.16058948636054993,0.008883833885192871,-0.3420507609844208,0.3598184287548065
YPL189C-A,test,False,True,0.422242134809494,-0.5773197114467621,-1.9866880178451538,0.7008644938468933,-0.7504026293754578,-1.1960501670837402,0.34567776322364807,0.41619808971881866,0.5025612711906433,0.329834908246994,-1.197733998298645,-1.6601797342300415,-0.7352882623672485,-0.3220790922641754,-1.2202566862106323,0.5760985016822815,-0.027245640754699707,-0.25251707434654236,0.19802579283714294
YPL189W,test,True,True,-1.3205832242965698,-0.0961746633052826,-0.7169966101646423,0.2837666869163513,0.5463781952857971,-0.7437788248062134,0.1497572362422943,-0.09963616728782654,-0.3555760979652405,0.1563037633895874,-0.5813605543226004,-1.1951807737350464,0.03245966508984566,-0.10261792689561844,-0.33734455704689026,0.13210870325565338,-0.36986738443374634,-1.452781081199646,0.7130463123321533
YPL190C,test,True,True,1.4905145168304443,0.7769983589649201,0.5281103849411011,0.7826268076896667,1.3793057203292847,0.4910026490688324,0.7039462327957153,0.6245133578777313,0.6577705144882202,0.5912562012672424,1.0003063380718231,1.438565731048584,0.5620469450950623,1.007496178150177,0.6860618591308594,1.3289304971694946,0.8227054923772812,0.3925873935222626,1.2528235912322998
YPL191C,test,True,True,-0.3988450765609741,-0.15797139108181,-0.23986271023750305,-0.1300683170557022,-0.4204763174057007,0.09996086359024048,-0.09941047430038452,0.09754165820777416,0.02121094986796379,0.17387236654758453,0.34429028630256653,0.31100645661354065,0.3775741159915924,-0.13792932592332363,-0.28749528527259827,0.011636633425951004,-0.025833994150161743,-0.14467591047286987,0.09300792217254639
YPL192C,test,True,True,-1.140302062034607,-0.8105558812618255,-0.984937310218811,-1.5359480381011963,-1.1018431186676025,-0.36515387892723083,-0.06489706039428711,0.024523049592971802,-0.22988107800483704,0.27892717719078064,-0.6984366178512573,-0.8345109820365906,-0.5623622536659241,-1.2359006106853485,-1.6765841245651245,-0.7952170968055725,-0.5992428436875343,-1.017288088798523,-0.18119759857654572
YPL193W,test,True,True,0.18291938304901123,0.22615336179733275,0.2497892677783966,0.051004037261009216,0.18023081123828888,0.4982646107673645,0.15147808194160461,0.003966227173805237,0.09495121240615845,-0.08701875805854797,0.31835029274225235,0.5061321258544922,0.1305684596300125,0.2223721742630005,0.23408189415931702,0.21066245436668396,0.4130901023745537,0.2393016666173935,0.5868785381317139
YPL194W,test,False,True,0.2219839245080948,0.1196432113647461,0.21576693654060364,0.06871144473552704,0.09238334000110626,-0.03931295871734619,0.2606672942638397,0.5163185298442841,0.47464048862457275,0.5579965710639954,0.21175221353769302,0.26406535506248474,0.1594390720129013,0.3084685057401657,0.285951167345047,0.3309858441352844,0.36359840631484985,0.2746177017688751,0.4525791108608246
YPL195W,test,False,True,0.3515267074108124,0.04488175958395004,-0.19581440091133118,-0.02234465628862381,0.4480990767478943,-0.13470184803009033,0.12917062640190125,0.20450852066278458,0.13162951171398163,0.2773875296115875,-0.16193674504756927,-0.5706830620765686,0.24680957198143005,0.06956891342997551,-0.09449569135904312,0.23363351821899414,0.1488516591489315,-0.07190031558275223,0.36960363388061523
YPL196W,test,True,True,0.35518595576286316,0.17167535275220872,0.11424898356199265,0.4974874258041382,0.09745313227176666,-0.1424172967672348,0.29160451889038086,0.15611254423856735,0.2128414511680603,0.0993836373090744,0.5551869422197342,0.8670908212661743,0.24328306317329407,0.40103384852409363,0.3289058804512024,0.47316181659698486,0.16913500893861055,-0.010568102821707726,0.34883812069892883
YPL197C,test,False,False,-1.788604736328125,-1.5197567462921142,-1.2265807390213013,-1.8747954368591309,-1.2893798351287842,-1.4798673391342163,-1.7281603813171387,-1.1415010690689087,-1.0670831203460693,-1.215919017791748,-0.5492784231901169,-0.7038862705230713,-0.3946705758571625,-1.1749449968338013,-1.209423542022705,-1.1404664516448975,-1.358523190021515,-1.8872727155685425,-0.8297736644744873
YPL198W,test,True,True,1.0061956644058228,1.1632323741912842,0.948458194732666,1.4250705242156982,1.624193787574768,0.7767609357833862,1.0416784286499023,1.1215302348136902,1.0862621068954468,1.1567983627319336,0.6644737124443054,0.2863032817840576,1.0426441431045532,0.698027491569519,0.25044775009155273,1.1456072330474854,1.0715581774711609,1.1498948335647583,0.9932215213775635
YPL199C,test,True,True,0.41561201214790344,0.9590774983167648,0.9914419054985046,1.3434898853302002,1.3856496810913086,0.17922227084636688,0.8955837488174438,0.7834006249904633,0.704382061958313,0.8624191880226135,0.743245005607605,0.6875483393669128,0.7989416718482971,0.955368161201477,0.7361605167388916,1.1745758056640625,0.9605328142642975,0.8045281767845154,1.1165374517440796
YPL200W,test,False,True,-2.0185658931732178,-0.5491922229528428,-1.0658613443374634,-0.37882763147354126,-0.08076493442058563,-0.4356340765953064,-0.7848731279373169,-0.3898693919181824,-0.29026007652282715,-0.4894787073135376,-0.19597389549016953,-0.3868396580219269,-0.00510813295841217,-0.48633337765932083,-0.7625066041946411,-0.21016015112400055,-0.3609488531947136,-0.8537044525146484,0.13180674612522125
YPL201C,test,True,True,-1.578262448310852,-0.7666637003421783,-0.8354026675224304,-0.7655633091926575,-0.1856195032596588,-1.3092910051345825,-0.7374420166015625,-0.6457558572292328,-0.641177773475647,-0.6503339409828186,0.05046851001679897,0.045031748712062836,0.05590527132153511,-0.5314361602067947,-0.2846709191799164,-0.7782014012336731,-0.9479442834854126,-1.4896739721298218,-0.4062145948410034
YPL202C,test,True,True,0.6145318746566772,0.4079583927989006,0.48437851667404175,0.323824405670166,0.07603301852941513,0.5936363339424133,0.5619196891784668,0.4689233750104904,0.5409950613975525,0.39685168862342834,0.3533307611942291,0.25655215978622437,0.4501093626022339,0.49330680072307587,0.5531843900680542,0.43342921137809753,0.4572997987270355,0.39701730012893677,0.5175822973251343
YPL203W,test,True,True,0.5678489208221436,0.6944413304328918,0.3276062607765198,1.0564289093017578,0.9560939073562622,0.6147357821464539,0.5173417925834656,0.2617785632610321,0.06469962000846863,0.4588575065135956,0.50974340736866,0.6244122385978699,0.3950745761394501,0.5694498419761658,0.5562187433242798,0.5826809406280518,0.08616492711007595,0.1851809322834015,-0.012851078063249588
YPL204W,test,False,True,1.440043568611145,0.8667715787887573,0.8684362769126892,0.890710175037384,1.3118891716003418,0.500022292137146,0.7627999782562256,0.783033013343811,0.843468427658081,0.722597599029541,0.7884908616542816,1.0627007484436035,0.5142809748649597,0.6135105639696121,0.2884707748889923,0.9385503530502319,0.847836047410965,0.6940184235572815,1.0016536712646484
YPL205C,test,False,False,-1.6137820482254028,-1.7545881032943726,-1.8123971223831177,-1.9687957763671875,-1.707524061203003,-1.5189956426620483,-1.7652279138565063,-1.1415010690689087,-1.0670831203460693,-1.215919017791748,-1.556422472000122,-1.28756582736969,-1.8252791166305542,-2.0287736654281616,-2.0262880325317383,-2.031259298324585,-1.9117333889007568,-1.9126559495925903,-1.9108108282089233
YPL206C,test,True,True,0.43425077199935913,0.9458095312118531,0.986027181148529,0.968920886516571,1.0491724014282227,1.0920387506484985,0.6328884363174438,0.6485912352800369,0.8240146636962891,0.4731678068637848,0.23862510919570923,0.40436863899230957,0.07288157939910889,1.0072375535964966,1.2620981931686401,0.752376914024353,0.9050947725772858,0.9238030314445496,0.886386513710022
YPL207W,test,True,True,0.43054577708244324,0.33797765523195267,0.10790994018316269,0.5821693539619446,0.5060036778450012,0.3277745544910431,0.16603074967861176,0.6243570446968079,0.3784031867980957,0.87031090259552,0.9573007524013519,1.248299241065979,0.6663022637367249,0.5227608233690262,0.4722743332386017,0.5732473134994507,0.6026677191257477,0.32209283113479614,0.8832426071166992
YPL208W,test,True,True,-0.43141525983810425,-0.37812875360250475,-0.04832399636507034,-0.6112738847732544,-0.41492921113967896,-0.588539719581604,-0.22757695615291595,-0.005381651222705841,-0.0984470546245575,0.08768375217914581,0.2506338506937027,0.19167634844779968,0.3095913529396057,-0.013727443292737007,0.007104985415935516,-0.03455987200140953,-0.017495515756309032,-0.004576420411467552,-0.030414611101150513
YPL209C,test,True,True,-0.09920338541269302,-0.05242572426795959,0.5317129492759705,-0.4047504663467407,0.018071189522743225,-0.1922069787979126,-0.21495531499385834,0.09926426596939564,0.04905528202652931,0.14947324991226196,0.41788989305496216,0.4955078065395355,0.3402719795703888,0.15167229250073433,0.022542811930179596,0.28080177307128906,-0.008069053292274475,-0.13041788339614868,0.11427977681159973
YPL210C,test,True,True,0.8103070855140686,0.3946773111820221,0.546541154384613,0.22566643357276917,0.42737653851509094,0.3822900950908661,0.39151233434677124,0.5195705443620682,0.5952838063240051,0.4438572824001312,0.8366443961858749,1.1855133771896362,0.48777541518211365,0.47421708703041077,0.3802291750907898,0.5682049989700317,0.5954997688531876,0.4296015799045563,0.7613979578018188
YPL211W,test,True,True,0.11574989557266235,0.5223965089768171,0.7108932137489319,0.5352028608322144,0.5134749412536621,-0.023499229922890663,0.875910758972168,0.7639720141887665,0.9129964709281921,0.6149475574493408,-0.10155699402093887,-0.3143884837627411,0.11127449572086334,0.8299919366836548,0.6333222389221191,1.0266616344451904,0.7284693121910095,0.6266549825668335,0.8302836418151855
YPL212C,test,True,True,0.7280673384666443,0.8479617953300476,0.6893497109413147,0.8717443346977234,1.0638362169265747,0.7172777056694031,0.8976010084152222,0.7796889543533325,0.8873023390769958,0.6720755696296692,0.6889363378286362,0.8989971280097961,0.4788755476474762,1.352239191532135,1.4270941019058228,1.2773842811584473,1.1164970397949219,1.275154709815979,0.9578393697738647
YPL213W,test,True,True,0.4089026153087616,0.30219858288764956,0.13081732392311096,0.14747697114944458,0.3121310770511627,0.5420312285423279,0.37853631377220154,0.18345456384122372,0.39760100841522217,-0.030691880732774734,0.4656069725751877,0.6918959021568298,0.23931804299354553,0.32969915866851807,0.3119623363018036,0.34743598103523254,0.082851592451334,0.20520234107971191,-0.039499156177043915
YPL214C,test,True,True,-0.06525417417287827,0.18198238611221312,0.06339501589536667,0.07021909207105637,0.5497792363166809,0.32347750663757324,-0.09695892035961151,0.04527588188648224,0.30384689569473267,-0.2132951319217682,-0.07507185637950897,-0.529967188835144,0.3798234760761261,0.19056780077517033,0.3408487141132355,0.04028688743710518,-0.19023215398192406,0.04937664419412613,-0.42984095215797424
YPL215W,test,True,True,0.2970135509967804,0.16160139590501785,0.059472449123859406,0.5152201056480408,-0.4647771716117859,0.340491384267807,0.35760021209716797,0.4024359732866287,0.5362244844436646,0.2686474621295929,-0.3885287716984749,-0.6776647567749023,-0.09939278662204742,0.6026158779859543,0.3723524510860443,0.8328793048858643,0.3462080880999565,0.1860247701406479,0.5063914060592651
YPL216W,test,True,True,-0.8572720289230347,0.11682324036955834,0.06627631932497025,-0.1915653944015503,0.12071111798286438,0.6265456080436707,-0.037851449102163315,0.13564661145210266,0.0928221046924591,0.17847111821174622,0.07112997397780418,0.13268083333969116,0.009579114615917206,0.07727442681789398,-0.1799396276473999,0.33448848128318787,0.09654789138585329,0.0025668833404779434,0.19052889943122864
YPL217C,test,True,True,0.6477749943733215,0.2300531357526779,0.4455251693725586,0.2063458263874054,0.5794188380241394,-0.2309567928314209,0.1499326378107071,0.2900733947753906,0.28570273518562317,0.2944440543651581,0.1778698731213808,0.31637558341026306,0.03936416283249855,0.38903677463531494,0.5518555641174316,0.22621798515319824,-0.016548801213502884,-0.11536120623350143,0.08226360380649567
YPL218W,test,True,True,0.49565550684928894,0.49320227205753325,0.347439706325531,0.44904467463493347,1.165074110031128,0.31452226638793945,0.18993060290813446,0.6338444650173187,0.6378392577171326,0.6298496723175049,0.37957851588726044,0.40180525183677673,0.35735177993774414,0.4987621158361435,0.3129279315471649,0.6845963001251221,0.731889396905899,0.5903353095054626,0.8734434843063354
YPL219W,test,True,True,-0.05709388852119446,0.48349733352661134,0.35601550340652466,0.5188080668449402,0.679691731929779,0.3692649006843567,0.49370646476745605,0.6418203413486481,0.5381033420562744,0.7455373406410217,0.32386381924152374,0.25673091411590576,0.3909967243671417,0.7228502631187439,0.9702818393707275,0.47541868686676025,0.2605641260743141,0.22874592244625092,0.2923823297023773
YPL220W,test,True,True,0.5925036072731018,1.0668789744377136,0.7729132771492004,0.8272629976272583,1.7803415060043335,0.9439862966537476,1.0098907947540283,0.8423149883747101,0.8962783217430115,0.7883516550064087,1.1730521619319916,1.5446945428848267,0.8014097809791565,0.9053864479064941,1.0665700435638428,0.7442028522491455,1.1348123848438263,0.79117351770401,1.4784512519836426
YPL221W,test,True,True,0.18514205515384674,0.8678938984870911,1.072166085243225,1.0808131694793701,1.0206775665283203,0.4468320608139038,0.718980610370636,0.8191404044628143,1.0676097869873047,0.570671021938324,0.4531353563070297,0.3907065689563751,0.5155641436576843,0.9690207242965698,0.6745367050170898,1.2635047435760498,0.5855908542871475,0.9695170521736145,0.20166465640068054
YPL222C-A,test,False,False,-0.7965346574783325,-1.7357001304626465,-1.7387547492980957,-1.8322112560272217,-1.6443297863006592,-1.5296841859817505,-1.9335206747055054,-1.1415010690689087,-1.0670831203460693,-1.215919017791748,-1.8389947414398193,-2.1223528385162354,-1.5556366443634033,-1.8250390887260437,-1.7518175840377808,-1.8982605934143066,-1.8586411476135254,-1.9448577165603638,-1.772424578666687
YPL222W,test,True,True,-0.32247939705848694,0.04520381018519402,-0.037637073546648026,0.11898252367973328,0.45111343264579773,-0.1504799723625183,-0.1559598594903946,0.09842757135629654,0.30478841066360474,-0.10793326795101166,0.055724265053868294,0.05480610579252243,0.05664242431521416,0.4148876518011093,0.18284443020820618,0.6469308733940125,0.19856426864862442,0.13885195553302765,0.2582765817642212
YPL223C,test,True,False,-1.1769171953201294,-0.8234424710273742,-0.5842258334159851,-1.3539552688598633,-0.30981069803237915,-0.6775422692298889,-1.1916782855987549,-1.1415010690689087,-1.0670831203460693,-1.215919017791748,1.277314305305481,1.4702683687210083,1.0843602418899536,0.04213966801762581,-0.09691686183214188,0.1811961978673935,-0.16912725940346718,-0.25236403942108154,-0.08589047938585281
YPL224C,test,True,True,0.07973235100507736,0.388959139585495,0.5445173382759094,0.39714938402175903,0.35497283935546875,0.32755419611930847,0.3206019401550293,0.5438886135816574,0.6101557016372681,0.47762152552604675,0.2804999500513077,0.2677854001522064,0.29321449995040894,0.8710008859634399,1.034608244895935,0.7073935270309448,0.3766782060265541,0.24186821281909943,0.5114881992340088
YPL225W,test,False,True,1.3308571577072144,1.036831784248352,1.1387327909469604,0.7608655691146851,1.58800208568573,0.9423420429229736,0.7542164325714111,0.77452552318573,0.8333138823509216,0.7157371640205383,0.5730585008859634,0.4133051931858063,0.7328118085861206,0.6377082169055939,0.7164550423622131,0.5589613914489746,1.035471647977829,0.9238962531089783,1.1470470428466797
YPL226W,test,True,True,0.679179310798645,1.1980553150177002,1.2669814825057983,1.2538115978240967,1.4187653064727783,1.250186800956726,0.8005313873291016,0.8865786790847778,1.164026141166687,0.6091312170028687,0.5724023729562759,0.964077889919281,0.18072685599327087,0.9408558905124664,0.7434863448143005,1.1382254362106323,1.4781907796859741,1.013476848602295,1.9429047107696533
YPL227C,test,True,True,0.3174305260181427,0.8280006229877472,0.3147500455379486,0.5291205644607544,1.7141691446304321,0.7564474940299988,0.825515866279602,0.4870505779981613,0.7907570004463196,0.18334415555000305,0.49709223210811615,0.3782127797603607,0.6159716844558716,0.19677553698420525,0.11026599258184433,0.28328508138656616,0.9476800858974457,0.6956053376197815,1.1997548341751099
YPL228W,test,True,True,0.29224875569343567,0.4794334754347801,0.6114529967308044,0.6803908944129944,0.6203191876411438,-0.03943122178316116,0.5244355201721191,0.4984009563922882,0.6616891026496887,0.3351128101348877,0.1643802896142006,0.1744609773159027,0.15429960191249847,0.6632371842861176,0.7116127014160156,0.6148616671562195,0.16424066573381424,0.39606189727783203,-0.06758056581020355
YPL229W,test,True,True,0.7420817017555237,0.4757074236869812,0.4790126085281372,0.40824320912361145,0.8378239870071411,0.3585101068019867,0.29494720697402954,0.40468454360961914,0.33833447098731995,0.47103461623191833,0.153541911393404,0.009646661579608917,0.2974371612071991,0.6298030912876129,0.6973737478256226,0.5622324347496033,0.30664341896772385,0.24339260160923004,0.36989423632621765
YPL230W,test,False,False,0.06698163598775864,-1.4008877158164978,-1.7704652547836304,-1.249262809753418,-1.9523133039474487,-1.190003514289856,-0.842393696308136,-1.1415010690689087,-1.0670831203460693,-1.215919017791748,0.3167106918990612,0.08479037135839462,0.5486310124397278,-1.340146541595459,-1.767026424407959,-0.913266658782959,-1.3928306102752686,-1.6461186408996582,-1.139542579650879
YPL231W,test,True,True,0.9197240471839905,1.5017157554626466,1.2857023477554321,1.2800788879394531,2.4051873683929443,1.6433416604995728,0.8942685127258301,0.7569023072719574,0.811796247959137,0.7020083665847778,0.48128166794776917,0.7270634770393372,0.23549985885620117,1.3277404308319092,1.400719404220581,1.2547614574432373,1.3351816534996033,1.092463731765747,1.5778995752334595
YPL232W,test,True,True,1.1224485635757446,1.5398545026779176,1.5970618724822998,1.4094278812408447,1.9761543273925781,1.7291173934936523,0.9875110387802124,1.0454368889331818,0.7856239676475525,1.305249810218811,0.4570590704679489,0.7052083015441895,0.20890983939170837,1.279219150543213,1.2144864797592163,1.3439518213272095,1.3168135285377502,1.2431775331497192,1.3904495239257812
YPL233W,test,True,True,0.42366835474967957,0.8654805541038513,0.5434253215789795,0.5243587493896484,1.3222731351852417,1.2639775276184082,0.6733680367469788,0.5104178637266159,0.6450483202934265,0.3757874071598053,0.8082255125045776,0.9736083149909973,0.642842710018158,1.272276222705841,1.4138060808181763,1.1307463645935059,0.5744011253118515,0.48835131525993347,0.6604509353637695
YPL234C,test,True,True,0.7304906249046326,0.6867830991744995,0.7520634531974792,0.6136006116867065,1.0127180814743042,0.499107301235199,0.5564260482788086,0.6986685693264008,0.8935747146606445,0.503762423992157,0.057027412578463554,0.11412297934293747,-6.815418601036072e-05,0.7781209647655487,0.9958904981613159,0.5603514313697815,0.6206346303224564,0.8310015797615051,0.4102676808834076
YPL235W,test,False,True,0.814925491809845,0.09009466767311096,-0.1807137429714203,0.10554073750972748,0.13133785128593445,0.330904483795166,0.06340400874614716,0.2004212662577629,0.1490442305803299,0.2517983019351959,0.5304248034954071,0.5485396981239319,0.5123099088668823,0.22958777286112309,0.41742318868637085,0.04175235703587532,0.05071346182376146,0.029548639431595802,0.07187828421592712
YPL236C,test,True,True,-0.13116224110126495,-0.020851089805364608,-0.4808311462402344,-0.0077469609677791595,0.4767264127731323,0.082135409116745,-0.17453916370868683,0.05568145029246807,0.1082904040813446,0.0030724965035915375,0.14131557010114193,-0.0359322614967823,0.31856340169906616,0.2978193238377571,0.08092333376407623,0.514715313911438,-0.11208716407418251,-0.0562116876244545,-0.16796264052391052
YPL237W,test,True,True,1.2601523399353027,0.6507656455039978,0.5365403294563293,0.5336769223213196,0.874259889125824,0.6015551090240479,0.7077959775924683,0.8813752233982086,1.0323023796081543,0.7304480671882629,0.08009465783834457,0.3685948848724365,-0.20840556919574738,0.6817297339439392,0.8325151801109314,0.530944287776947,0.8926391005516052,0.6686079502105713,1.1166702508926392
YPL238C,test,False,False,-1.4261696338653564,-1.7818817615509033,-1.8425114154815674,-1.7589020729064941,-2.140072822570801,-1.2986730337142944,-1.8692494630813599,-1.1415010690689087,-1.0670831203460693,-1.215919017791748,-0.984081506729126,-1.4460777044296265,-0.5220853090286255,-1.5922374725341797,-1.945891261100769,-1.2385836839675903,-1.3507034182548523,-1.8820801973342896,-0.819326639175415
YPL239W,test,True,True,1.3528413772583008,0.6550878584384918,0.913709819316864,0.3805372416973114,0.5700952410697937,0.7532292008399963,0.6578677892684937,0.5238062739372253,0.4671480059623718,0.5804645419120789,0.43808259069919586,0.7079934477806091,0.1681717336177826,0.341374009847641,0.5296376943588257,0.1531103253364563,0.5151232331991196,0.5426015853881836,0.48764488101005554
YPL240C,test,False,True,1.137776255607605,1.414541244506836,0.6839560270309448,1.4834198951721191,1.8913439512252808,1.7969683408737183,1.2170180082321167,1.0862267911434174,1.2388758659362793,0.9335777163505554,0.6293579339981079,0.30600404739379883,0.952711820602417,1.3268563747406006,1.192548394203186,1.4611643552780151,1.3191243410110474,1.581114649772644,1.0571340322494507
YPL241C,test,True,True,-0.16707946360111237,-0.10338310264050961,-0.28064781427383423,-0.27972298860549927,-0.12318778783082962,0.020765239372849464,0.14587783813476562,0.24943158775568008,0.08852775394916534,0.4103354215621948,-1.302065372467041,-1.3376704454421997,-1.2664602994918823,-0.23567940294742584,-0.6525431871414185,0.18118438124656677,-0.1638704091310501,-0.3153480589389801,-0.012392759323120117
YPL242C,test,True,True,0.031238026916980743,0.5436793148517609,0.46306270360946655,0.8058611750602722,0.635734498500824,0.1143781840801239,0.6993600130081177,0.6769455373287201,0.6103208661079407,0.7435702085494995,0.2261267900466919,0.3474462926387787,0.1048072874546051,0.6756977140903473,0.702959418296814,0.6484360098838806,0.6400513201951981,0.49638429284095764,0.7837183475494385
YPL243W,test,True,True,0.5204063653945923,0.6572766661643982,0.5963630080223083,0.568220853805542,0.7141424417495728,0.9219197630882263,0.48573726415634155,0.5129327028989792,0.5621709823608398,0.46369442343711853,0.7526506781578064,0.8344604969024658,0.670840859413147,0.5804737955331802,0.4939233362674713,0.6670242547988892,0.6731790602207184,0.588356077671051,0.7580020427703857
YPL244C,test,True,True,0.727348268032074,1.0287671208381652,1.1311837434768677,0.9790666699409485,1.2419580221176147,1.2540771961212158,0.5375499725341797,0.5136563777923584,0.6014125943183899,0.4259001612663269,0.6178948730230331,0.965446949005127,0.27034279704093933,1.135252833366394,1.3508235216140747,0.9196821451187134,0.7321998476982117,0.8031851053237915,0.6612145900726318
YPL245W,test,True,True,-0.48521119356155396,0.7296796083450318,1.2317267656326294,0.7329026460647583,0.8268969655036926,1.1657859086990356,-0.3089142441749573,0.5783722549676895,0.6598204970359802,0.4969240128993988,0.4671746790409088,-0.02855020761489868,0.9628995656967163,0.5398716330528259,0.5875492095947266,0.4921940565109253,0.7322940081357956,0.4653187692165375,0.9992692470550537
YPL246C,test,True,True,0.48030567169189453,0.21538502313196659,0.6314026713371277,0.35880139470100403,0.158255472779274,0.007258595898747444,-0.07879301905632019,0.4639914333820343,0.6965204477310181,0.23146241903305054,-0.19024068117141724,-0.5799849033355713,0.19950354099273682,0.1717168539762497,0.18602073192596436,0.15741297602653503,0.5855445861816406,0.3612436056137085,0.8098455667495728
YPL247C,test,True,True,0.40778717398643494,0.47092748880386354,0.30778104066848755,0.7558906078338623,0.5670469403266907,0.49621355533599854,0.22770529985427856,0.6483082622289658,0.8316777348518372,0.46493878960609436,0.3928230442106724,-0.048018984496593475,0.8336650729179382,0.6573527753353119,0.5336207151412964,0.7810848355293274,0.28360355366021395,-0.015972724184393883,0.5831798315048218
YPL248C,test,True,True,-0.8946097493171692,-0.40879755914211274,-0.25655198097229004,-0.19051557779312134,-0.20879574120044708,-0.05346754193305969,-1.3346569538116455,-0.09128575772047043,0.13834409415721893,-0.3209156095981598,0.3263031914830208,0.580198347568512,0.0724080353975296,-0.0854853168129921,-0.2464081048965454,0.07543747127056122,-0.05526778846979141,-0.08013340085744858,-0.030402176082134247
YPL249C,test,True,True,0.41705089807510376,0.3079453006386757,0.4012102484703064,-0.08475334197282791,0.3931281864643097,0.5939741134643555,0.2361672967672348,0.20242172479629517,0.18215540051460266,0.22268804907798767,0.4984859377145767,0.5617359280586243,0.4352359473705292,0.6142943203449249,0.9804655313491821,0.24812310934066772,0.5145017951726913,0.5319584608078003,0.4970451295375824
YPL249C-A,test,True,True,2.150327444076538,2.0191457986831667,1.773779034614563,2.2822072505950928,2.420137643814087,2.0657434463500977,1.5538616180419922,1.4400860667228699,1.5022234916687012,1.3779486417770386,0.33399510383605957,0.18587437272071838,0.48211583495140076,1.3727788031101227,0.8269618153572083,1.918595790863037,1.79438978433609,1.800132393836975,1.788647174835205
YPL250C,test,False,True,1.7241530418395996,1.3681604623794557,1.4594676494598389,1.6538686752319336,1.7678074836730957,1.0837421417236328,0.8759163618087769,1.1845304369926453,1.3587090969085693,1.0103517770767212,0.5404196530580521,0.40925678610801697,0.6715825200080872,1.4794870018959045,1.624477505683899,1.3344964981079102,1.8219243884086609,1.6303499937057495,2.0134987831115723
YPL250W-A,test,False,False,-1.1846727132797241,-1.7504058122634887,-1.7219527959823608,-2.046736478805542,-1.071373701095581,-1.7937986850738525,-2.1181674003601074,-1.1415010690689087,-1.0670831203460693,-1.215919017791748,-1.7908118963241577,-1.8365451097488403,-1.745078682899475,-1.8717081546783447,-2.006803274154663,-1.7366130352020264,-2.066162645816803,-2.2154407501220703,-1.9168845415115356
YPL251W,test,False,False,-1.7361557483673096,-1.0100501716136931,-0.22025412321090698,-1.6682660579681396,-0.3907661736011505,-1.422534465789795,-1.3484300374984741,-1.1415010690689087,-1.0670831203460693,-1.215919017791748,0.2218632809817791,0.10441874712705612,0.3393078148365021,-0.6881451308727264,-0.27646321058273315,-1.0998270511627197,-1.376773178577423,-1.5554835796356201,-1.198062777519226
YPL252C,test,True,True,1.3915698528289795,0.5624967753887177,0.7367613911628723,0.4673667550086975,0.4904727041721344,0.5854609608650208,0.5324220657348633,0.7264031767845154,0.8754503726959229,0.5773559808731079,0.12487455271184444,0.2278742492198944,0.02187485620379448,0.8743481040000916,0.8122721314430237,0.9364240765571594,0.5118274837732315,0.49474790692329407,0.528907060623169
YPL253C,test,True,True,0.21562716364860535,0.39369930922985075,-0.024054422974586487,0.27791792154312134,0.9005125164985657,0.17986857891082764,0.6342519521713257,0.6087889224290848,0.7250576615333557,0.49252018332481384,0.7887259125709534,0.5088400840759277,1.068611741065979,0.8057341575622559,0.9129921197891235,0.6984761953353882,0.18955819308757782,0.31481310725212097,0.06430327892303467
YPL254W,test,True,True,0.13014626502990723,0.6423781156539917,0.40349632501602173,1.2667112350463867,0.7835411429405212,0.518071711063385,0.2400701642036438,0.24734964221715927,0.2460775226354599,0.24862176179885864,0.33893267810344696,0.5587162375450134,0.1191491186618805,0.35686782002449036,0.039777278900146484,0.6739583611488342,0.19415686279535294,-0.14698760211467743,0.5353013277053833
YPL255W,test,True,True,0.5363367199897766,0.3186241686344147,0.25375664234161377,0.3834450840950012,0.24946656823158264,0.29860976338386536,0.4078427851200104,0.4302808940410614,0.6098244786262512,0.2507373094558716,0.503537580370903,0.6112359166145325,0.39583924412727356,0.22081135213375092,0.2466771900653839,0.19494551420211792,0.572516992688179,0.7848044037818909,0.36022958159446716
YPL256C,test,True,True,0.8691089153289795,0.6575215816497803,0.7150172591209412,0.830034077167511,0.6964913010597229,0.7442745566368103,0.301790714263916,0.7937640249729156,0.8405346274375916,0.7469934225082397,0.09563314914703369,-0.17588526010513306,0.36715155839920044,0.48951390385627747,0.5258256196975708,0.45320218801498413,1.1588623225688934,0.8848569989204407,1.4328676462173462
YPL257W,test,True,False,-0.3621915280818939,-2.0915836095809937,-2.087045431137085,-2.0571160316467285,-2.2432286739349365,-1.9822012186050415,-2.0883266925811768,-1.1415010690689087,-1.0670831203460693,-1.215919017791748,-1.5154181718826294,-1.9155648946762085,-1.1152714490890503,-2.1372196674346924,-2.1941425800323486,-2.080296754837036,-2.0383101105690002,-2.1133182048797607,-1.9633020162582397
YPL258C,test,True,True,-0.8698922991752625,-0.3984162896871567,-1.0879955291748047,0.01909591257572174,0.20328356325626373,-0.17334826290607452,-0.9531171321868896,0.14781993627548218,0.11832055449485779,0.17731931805610657,0.3835344612598419,0.5146227478981018,0.25244617462158203,-0.5129312872886658,-1.3020864725112915,0.27622389793395996,-0.998431459069252,-1.5223060846328735,-0.4745568335056305
YPL259C,test,True,True,0.3994005620479584,1.224028968811035,1.4155772924423218,1.5101118087768555,0.997467041015625,1.4004067182540894,0.7965819835662842,1.0129182040691376,0.9741645455360413,1.0516718626022339,1.074770987033844,1.1773582696914673,0.9721837043762207,1.2756158709526062,1.580897331237793,0.9703344106674194,1.2156649827957153,1.1725915670394897,1.258738398551941
YPL260W,test,True,True,0.5996388792991638,0.6843167245388031,0.7610794305801392,0.30461230874061584,1.1560457944869995,0.5552629828453064,0.6445831060409546,0.4101463705301285,0.4033394455909729,0.41695329546928406,0.4475364312529564,0.8134477734565735,0.0816250890493393,0.4903753399848938,0.24875092506408691,0.7319997549057007,0.5451257675886154,0.2585814893245697,0.8316700458526611
YPL261C,test,False,False,-1.8784334659576416,-1.8776099681854248,-2.0850491523742676,-2.0378618240356445,-1.271344780921936,-1.8873683214187622,-2.1064257621765137,-1.1415010690689087,-1.0670831203460693,-1.215919017791748,-0.770080178976059,-0.38626259565353394,-1.153897762298584,-2.1801412105560303,-2.189880132675171,-2.1704022884368896,-1.9613401293754578,-2.1214706897735596,-1.801209568977356
YPL262W,test,True,True,0.3679211139678955,0.40444851517677305,0.3845471441745758,0.4167928397655487,0.42401236295700073,0.4851985573768616,0.31169167160987854,0.40671443939208984,0.33269110321998596,0.4807377755641937,1.0207203328609467,1.177756428718567,0.8636842370033264,0.1643477827310562,-0.17264148592948914,0.5013370513916016,0.6409506052732468,0.4175550639629364,0.8643461465835571
YPL263C,test,True,True,0.4668125808238983,0.32186505794525144,0.20171314477920532,0.08401070535182953,0.34936076402664185,0.877465546131134,0.0967751294374466,0.6338467001914978,0.6384321451187134,0.6292612552642822,0.5368066877126694,1.0053274631500244,0.06828591227531433,-0.0790877677500248,-0.03797493129968643,-0.12020060420036316,0.5172966569662094,0.1674027144908905,0.8671905994415283
YPL264C,test,True,True,-0.9006322622299194,-0.14024458825588226,-0.06234292685985565,-0.29996809363365173,-0.13109993934631348,0.07688602805137634,-0.2846980094909668,0.11014733649790287,0.032943952828645706,0.18735072016716003,-0.1327812261879444,-0.21402794122695923,-0.051534511148929596,0.14521927200257778,0.3141147196292877,-0.023676175624132156,0.012714702636003494,-0.09973865002393723,0.1251680552959442
YPL265W,test,True,True,0.7865760922431946,0.8749139308929443,1.3715094327926636,1.245335578918457,0.8317056894302368,0.5866799354553223,0.339339017868042,1.0209825336933136,1.042154312133789,0.9998107552528381,0.4976092725992203,0.5103710293769836,0.4848475158214569,0.8298566937446594,0.9991939067840576,0.6605194807052612,1.0109665989875793,1.1520603895187378,0.8698728084564209
YPL266W,test,True,True,0.44287732243537903,0.6022335886955261,0.7431408762931824,0.1694055199623108,0.7913758158683777,0.7401677370071411,0.5670779943466187,0.8405941426753998,0.844886064529419,0.8363022208213806,0.47797398269176483,0.846622884273529,0.10932508111000061,0.6869796514511108,0.8477688431739807,0.526190459728241,0.7739665806293488,0.5098958611488342,1.0380373001098633
YPL267W,test,True,True,0.6262861490249634,0.4081065535545349,0.4916999936103821,0.6890433430671692,0.4968916177749634,-0.46836066246032715,0.8312584757804871,0.1553700491786003,0.1370888650417328,0.17365123331546783,0.5459947288036346,0.5469110608100891,0.5450783967971802,0.47408439218997955,0.40358856320381165,0.5445802211761475,0.10351385921239853,0.06822587549686432,0.13880184292793274
YPL268W,test,True,True,0.4118833541870117,0.46196659207344054,0.49358534812927246,0.5250648260116577,0.6456063389778137,0.2888256311416626,0.35675081610679626,0.5641681849956512,0.46723562479019165,0.6611007452011108,0.4213603734970093,0.5513599514961243,0.2913607954978943,0.5520763546228409,0.33856508135795593,0.7655876278877258,0.65223728120327,0.4887329041957855,0.8157416582107544
YPL269W,test,True,True,-0.1646440029144287,0.3684151142835617,0.22001898288726807,0.13499723374843597,0.7174436450004578,0.2886890172958374,0.4809266924858093,0.5700559914112091,0.5414490103721619,0.5986629724502563,-0.23506288044154644,-0.44537094235420227,-0.02475481852889061,0.14472301676869392,-0.11925291270017624,0.4086989462375641,0.30726879835128784,0.27646467089653015,0.33807292580604553
YPL270W,test,True,True,0.09722764045000076,0.09109585657715798,0.22310945391654968,-0.036293014883995056,0.14946524798870087,0.12849892675876617,-0.009301330894231796,0.3694574534893036,0.4619314968585968,0.2769834101200104,-0.4709287714213133,-0.9000241160392761,-0.04183342680335045,0.20661072432994843,0.16634789109230042,0.24687355756759644,0.1307483846321702,0.029044555500149727,0.23245221376419067
YPL271W,test,True,True,1.769567847251892,0.26591246426105497,0.5126997232437134,-0.12068820744752884,0.309064656496048,0.06536488980054855,0.5631212592124939,0.5964950323104858,0.6841337084770203,0.5088563561439514,0.01940373331308365,0.14102324843406677,-0.10221578180789948,0.4523257911205292,0.6806871891021729,0.2239643931388855,0.6460129916667938,0.7482926249504089,0.5437333583831787
YPL272C,test,True,True,-1.0433708429336548,-1.1281109213829041,-1.0270013809204102,-0.706109344959259,-1.3346471786499023,-1.2477298974990845,-1.3250668048858643,-1.3326571583747864,-1.2166075706481934,-1.4487067461013794,0.548085555434227,0.46481558680534363,0.6313555240631104,-0.9512856602668762,-0.7888185977935791,-1.1137527227401733,-0.49143922328948975,-1.6834886074066162,0.7006101608276367
YPL273W,test,True,True,0.865605890750885,-0.17351338267326355,0.329261839389801,-0.5898435115814209,-0.15270276367664337,-0.33609098196029663,-0.11819149553775787,0.33047667145729065,0.2534041404724121,0.4075492024421692,-1.1822602152824402,-1.0065193176269531,-1.3580011129379272,-0.1870523989200592,-0.26904138922691345,-0.10506340861320496,-0.43285470455884933,-0.982995867729187,0.11728645861148834
YPL274W,test,True,True,0.3455279767513275,0.11124464571475982,0.6473835110664368,0.01844698190689087,-0.08951538801193237,0.12798641622066498,-0.1480782926082611,0.4806146174669266,0.7596858739852905,0.20154336094856262,-0.4372379947453737,-0.8344510197639465,-0.04002496972680092,0.41709044575691223,0.40466755628585815,0.4295133352279663,0.29529425501823425,0.04155534505844116,0.5490331649780273
YPL277C,test,True,True,-0.5346659421920776,0.45744133591651914,0.3550620675086975,0.7720138430595398,0.4576996862888336,0.30517151951789856,0.39725956320762634,0.3540094643831253,0.149065762758255,0.5589531660079956,0.7933039963245392,0.7343097925186157,0.8522982001304626,0.5023365616798401,0.5756754875183105,0.42899763584136963,0.2670711800456047,0.15696929395198822,0.3771730661392212
YPL278C,test,True,False,-0.6563782095909119,-1.121830689907074,-1.3359885215759277,-1.2435715198516846,-1.1605896949768066,-0.27310889959335327,-1.5958948135375977,-1.1415010690689087,-1.0670831203460693,-1.215919017791748,0.3142840415239334,1.049989938735962,-0.4214218556880951,-1.1963992714881897,-1.0930758714675903,-1.299722671508789,-1.3368678092956543,-1.5534874200820923,-1.1202481985092163
YPL279C,test,True,True,-0.8027669787406921,0.14138153120875357,0.34056124091148376,-0.25392550230026245,0.4267886281013489,0.16815398633480072,0.02532930299639702,0.3764248788356781,0.37203896045684814,0.38081079721450806,-0.24439148604869843,0.49031201004981995,-0.9790949821472168,0.3011779487133026,0.2414454221725464,0.36091047525405884,0.26477524638175964,-0.03737920522689819,0.5669296979904175
YPL280W,test,True,True,-2.0038468837738037,-0.8783768892288208,-0.5939958691596985,-0.5496816039085388,-1.4474366903305054,-0.4841437339782715,-1.3166265487670898,-0.5075990557670593,-0.7334890961647034,-0.2817090153694153,-0.6912692114710808,-1.2592920064926147,-0.12324641644954681,-0.35174618661403656,-0.40319570899009705,-0.3002966642379761,-0.32781095802783966,-0.36576899886131287,-0.28985291719436646
YPL281C,test,False,False,-2.088510751724243,-1.6527088642120362,-1.58505380153656,-1.879723310470581,-1.6472761631011963,-1.6588865518569946,-1.4926044940948486,-1.1415010690689087,-1.0670831203460693,-1.215919017791748,-0.6111568287014961,-1.3078582286834717,0.08554457128047943,-1.6793388724327087,-1.9873168468475342,-1.3713608980178833,-1.6646975874900818,-1.961747646331787,-1.3676475286483765
YPL282C,test,False,True,-2.088510751724243,-1.1655806183815003,-1.629457950592041,-0.37970423698425293,-2.09147572517395,-0.7114260792732239,-1.0158390998840332,-1.230956256389618,-1.3864208459854126,-1.0754916667938232,0.0133163221180439,0.024337604641914368,0.0022950395941734314,-1.2450889945030212,-1.3849772214889526,-1.1052007675170898,-0.9589328765869141,-1.3457155227661133,-0.5721502304077148
YPL283C,test,False,True,-2.088510751724243,-1.6503227829933167,-2.063399314880371,-1.595560073852539,-1.8866369724273682,-1.7962431907653809,-0.9097743630409241,-1.027880609035492,-0.429967999458313,-1.625793218612671,-2.2988604307174683,-2.3307981491088867,-2.26692271232605,-1.8524314165115356,-1.8206273317337036,-1.8842355012893677,-1.747829556465149,-1.8201593160629272,-1.6754997968673706
YPL283W-A,test,False,False,-2.088510751724243,-2.0963351249694826,-2.1560075283050537,-2.1812102794647217,-2.223548173904419,-1.8769912719726562,-2.0439183712005615,-1.1415010690689087,-1.0670831203460693,-1.215919017791748,-2.3330483436584473,-2.4137961864471436,-2.252300500869751,-2.2451908588409424,-2.2566657066345215,-2.2337160110473633,-2.1104944348335266,-2.2848265171051025,-1.9361623525619507
YPL283W-B,test,False,False,-2.088510751724243,-2.164913606643677,-2.1724140644073486,-2.1877551078796387,-2.285461902618408,-2.0195472240448,-2.1593897342681885,-1.1415010690689087,-1.0670831203460693,-1.215919017791748,-2.23434579372406,-2.1888010501861572,-2.279890537261963,-2.154250144958496,-2.1483476161956787,-2.1601526737213135,-2.151389479637146,-2.3226122856140137,-1.9801666736602783
YPR001W,test,True,True,-0.9524242281913757,-0.3010300576686859,0.18165162205696106,-0.15746885538101196,-0.5166015028953552,-0.1265338659286499,-0.8861976861953735,-0.514707624912262,-0.49769771099090576,-0.5317175388336182,0.7460787892341614,0.5648853182792664,0.9272722601890564,-0.5745261013507843,-0.7376607656478882,-0.4113914370536804,-0.4171033129096031,-0.6523100733757019,-0.18189655244350433
YPR002C-A,test,False,False,-1.7026679515838623,-1.1194409132003784,-1.3341388702392578,-1.692145824432373,0.28253912925720215,-1.278340220451355,-1.5751187801361084,-1.1415010690689087,-1.0670831203460693,-1.215919017791748,-0.943076953291893,-1.7816437482833862,-0.10451015830039978,-1.473134994506836,-1.6591907739639282,-1.2870792150497437,-1.150312066078186,-1.8167475461959839,-0.4838765859603882
YPR002W,test,False,True,-0.31523600220680237,-0.052245582640171054,-0.12076736241579056,0.18392807245254517,0.10209788382053375,-0.06216402351856232,-0.3643224835395813,-0.1729351133108139,-0.06555962562561035,-0.28031060099601746,0.25347101874649525,0.4789750874042511,0.027966950088739395,-0.3433350473642349,-0.17141583561897278,-0.5152542591094971,0.009309415705502033,0.029644722118973732,-0.011025890707969666
YPR003C,test,True,True,-0.04051680862903595,0.4352858990430832,0.2882646918296814,0.2028868943452835,0.4945072829723358,0.8241519331932068,0.36661869287490845,0.6936909258365631,0.6158544421195984,0.7715274095535278,-0.14320147037506104,0.14084115624427795,-0.4272440969944,0.33949436247348785,0.17667946219444275,0.502309262752533,0.6514982730150223,0.3362659513950348,0.9667305946350098
YPR004C,test,True,True,0.5967663526535034,0.5484175026416779,0.7906362414360046,0.6749997735023499,0.42571258544921875,0.3741111755371094,0.47662773728370667,0.6215554177761078,0.6777473092079163,0.5653635263442993,-0.805196225643158,-0.9192653298377991,-0.6911271214485168,0.7679320573806763,1.1032215356826782,0.4326425790786743,0.6852694004774094,0.4909505546092987,0.87958824634552
YPR005C,test,True,True,-0.2201756089925766,0.06809466183185578,0.7575412392616272,0.5880925059318542,-0.5915994048118591,-0.5338565707206726,0.12029553949832916,0.2136925533413887,0.23401053249835968,0.19337457418441772,0.3242436349391937,0.2983179986476898,0.35016927123069763,0.7668063938617706,0.8411307334899902,0.692482054233551,0.6428261399269104,0.634637713432312,0.6510145664215088
YPR006C,test,True,True,-0.891672670841217,-0.8276986241340637,-0.7908042669296265,-1.1041080951690674,-0.6365695595741272,-0.8091919422149658,-0.7978192567825317,-0.5271196365356445,-0.4149121642112732,-0.6393271088600159,0.5333138704299927,-0.07020854949951172,1.136836290359497,-0.5627837032079697,-0.4320540726184845,-0.6935133337974548,-0.227040845900774,-0.11346132308244705,-0.34062036871910095
YPR007C,test,True,True,-1.5663862228393555,-1.8828289747238158,-1.6516697406768799,-2.071967840194702,-2.0921270847320557,-1.612481713294983,-1.985898494720459,-0.9660056531429291,-0.8624346852302551,-1.069576621055603,-1.0459714233875275,-0.8476099371910095,-1.2443329095840454,-1.853931725025177,-1.9013208150863647,-1.8065426349639893,-1.8261064887046814,-2.0825629234313965,-1.5696500539779663
YPR008W,test,True,True,0.5415257811546326,0.047146144509315493,-0.5494784712791443,0.28283536434173584,0.649387538433075,-0.3520486056804657,0.20503489673137665,0.3183188736438751,0.06672710180282593,0.5699106454849243,-0.4999177157878876,-0.2967683672904968,-0.7030670642852783,-0.3530803322792053,-0.9309238195419312,0.2247631549835205,-0.3467770218849182,-1.0077064037322998,0.3141523599624634
YPR009W,test,True,True,0.2743692994117737,0.4543414920568466,0.42845436930656433,0.438083291053772,0.23369969427585602,0.8591932654380798,0.31227684020996094,0.7648425102233887,0.7832056879997253,0.746479332447052,-0.3819371163845062,0.19722801446914673,-0.9611022472381592,0.8614100813865662,1.0504835844039917,0.6723365783691406,0.6551869213581085,0.7623904347419739,0.5479834079742432
YPR010C,test,True,True,0.5656815767288208,0.8574191927909851,0.832159698009491,0.9134518504142761,1.066481113433838,0.7834382653236389,0.6915650367736816,0.6959794163703918,0.7637020945549011,0.6282567381858826,0.6820458471775055,0.518169105052948,0.845922589302063,1.0370182991027832,1.0855834484100342,0.9884531497955322,1.0972025096416473,0.9107208847999573,1.2836841344833374
YPR010C-A,test,True,True,0.5609288811683655,0.21071745865046979,0.48713117837905884,0.4768528342247009,-0.34483325481414795,-0.0019502881914377213,0.4363868236541748,0.39932872354984283,0.5925131440162659,0.2061443030834198,-0.10540097579360008,0.002630390226840973,-0.21343234181404114,-0.006859287619590759,-0.2513362169265747,0.2376176416873932,0.6143433451652527,0.630120038986206,0.5985666513442993
YPR011C,test,True,False,-0.16557951271533966,-0.49601022601127626,-0.007443562150001526,-0.21202272176742554,-0.7530522346496582,-0.15292789041996002,-1.354604721069336,-1.1415010690689087,-1.0670831203460693,-1.215919017791748,0.21781159192323685,0.09160368144512177,0.34401950240135193,-0.11714020930230618,-0.25951117277145386,0.025230754166841507,-0.5241887681186199,-1.0298442840576172,-0.01853325217962265
YPR012W,test,False,False,-1.4246201515197754,-1.0268564820289612,-0.7504938244819641,-1.5020065307617188,-0.7184388041496277,-0.8033692240715027,-1.3599740266799927,-1.1415010690689087,-1.0670831203460693,-1.215919017791748,-0.050175562500953674,-0.5440236330032349,0.4436725080013275,-1.1295623183250427,-0.9246180057525635,-1.334506630897522,-1.51692396402359,-1.4178822040557861,-1.615965723991394
YPR013C,test,True,True,0.32971319556236267,0.44017691612243653,0.4059297442436218,1.7568283081054688,-1.133442759513855,0.5748090744018555,0.5967602133750916,0.9021017253398895,0.7351097464561462,1.0690937042236328,-0.42206601798534393,-0.2838861644268036,-0.5602458715438843,0.7544830739498138,0.5901508927345276,0.9188152551651001,-0.2436288818717003,-0.4015459418296814,-0.08571182191371918
YPR014C,test,False,False,-2.088510751724243,-1.6920820236206056,-1.4613795280456543,-1.9660134315490723,-1.8860747814178467,-1.3825117349624634,-1.7644306421279907,-1.1415010690689087,-1.0670831203460693,-1.215919017791748,-0.2597396522760391,-0.9264793395996094,0.40700003504753113,-1.672798216342926,-1.481423258781433,-1.864173173904419,-1.4652023315429688,-1.3398436307907104,-1.590561032295227
YPR015C,test,True,True,-0.48620036244392395,0.0010363072156906127,-1.411950707435608,-0.024202212691307068,0.4032891094684601,0.6703621745109558,0.36768317222595215,0.7969482839107513,0.7535838484764099,0.8403127193450928,-1.075083464384079,-0.7507724165916443,-1.3993945121765137,-0.1756745297461748,-0.37784168124198914,0.02649262174963951,-0.5076434016227722,-0.6260573267936707,-0.3892294764518738
YPR016C,test,True,True,0.34613722562789917,1.120995044708252,0.6841827034950256,1.245434284210205,1.6509318351745605,1.3262428045272827,0.6981835961341858,0.6624082028865814,0.7665466070175171,0.5582697987556458,0.7467352449893951,0.7363516688346863,0.757118821144104,1.2048946619033813,1.439719796180725,0.9700695276260376,0.946404367685318,0.8363297581672668,1.0564789772033691
YPR016W-A,test,False,False,-1.9736788272857666,-1.8816530227661132,-1.1469817161560059,-2.1345975399017334,-2.027710199356079,-2.036731004714966,-2.0622446537017822,-1.1415010690689087,-1.0670831203460693,-1.215919017791748,-0.3552344739437103,-0.4642132818698883,-0.24625566601753235,-1.6398811340332031,-1.2419204711914062,-2.037841796875,-1.9522534608840942,-1.9473799467086792,-1.9571269750595093
YPR017C,test,True,True,0.7695294618606567,0.11663112938404083,-0.007627442479133606,0.17253145575523376,0.30359286069869995,-0.18014061450958252,0.2947993874549866,0.4728001356124878,0.4163280129432678,0.5292722582817078,-0.10857417806982994,-0.018826328217983246,-0.19832202792167664,0.2989383488893509,0.36862069368362427,0.22925600409507751,0.23894378542900085,0.4364151656627655,0.041472405195236206
YPR018W,test,True,True,0.6501332521438599,0.3887939780950546,0.5162215232849121,-0.16780199110507965,1.2157456874847412,-0.4274664521217346,0.8072711229324341,0.4295531138777733,0.23977480828762054,0.619331419467926,0.7836399376392365,0.9750881791114807,0.5921916961669922,0.778205394744873,0.6533873081207275,0.9030234813690186,0.6170434057712555,0.6134995818138123,0.6205872297286987
YPR019W,test,False,True,0.3084491193294525,-0.14847336672246456,-0.29944831132888794,-0.624117910861969,0.2664414048194885,0.005040602758526802,-0.0902826189994812,0.31252986192703247,0.358658105134964,0.26640161871910095,-1.179053246974945,-1.728115439414978,-0.6299910545349121,-0.03650526702404022,0.0797472894191742,-0.15275782346725464,-0.4428171068429947,-0.8695937395095825,-0.01604047417640686
YPR020W,test,True,True,0.16888144612312317,-0.328103332221508,-0.4715385437011719,-0.15224620699882507,0.16857501864433289,-0.03686156123876572,-1.1484453678131104,0.1964281965047121,0.010253671556711197,0.382602721452713,0.38318735361099243,0.46256616711616516,0.3038085401058197,0.04102808050811291,0.07452159374952316,0.007534567266702652,-0.2779039889574051,-0.7614397406578064,0.20563176274299622
YPR021C,test,True,True,-0.330348938703537,-0.2997801549732685,3.0525028705596924e-05,-1.067875862121582,-0.09790358692407608,-0.2883586883544922,-0.04479316249489784,-0.026790060102939606,-0.14870387315750122,0.09512375295162201,-0.5235871374607086,-0.7402361035346985,-0.30693817138671875,-0.26575805991888046,-0.3339685797691345,-0.1975475400686264,-0.2933394154533744,-0.011664358898997307,-0.5750144720077515
YPR022C,test,True,True,0.45360851287841797,0.2066006362438202,0.40889376401901245,0.13421832025051117,0.36199939250946045,-0.1551416665315628,0.2830333709716797,0.42576631903648376,0.460416704416275,0.3911159336566925,0.6001352369785309,0.4468385577201843,0.7534319162368774,0.7144596129655838,0.4169786274433136,1.011940598487854,0.4316987916827202,0.2078552097082138,0.6555423736572266
YPR023C,test,True,True,0.5851549506187439,0.20173604488372804,-0.21842175722122192,0.14934134483337402,0.23176677525043488,0.6175827980041504,0.22841106355190277,0.23405608534812927,0.1109500527381897,0.35716211795806885,0.10186102986335754,-0.1695880889892578,0.3733101487159729,0.003491625189781189,-0.14845696091651917,0.15544021129608154,0.3005928434431553,0.04681945592164993,0.5543662309646606
YPR024W,test,True,True,0.6099821925163269,0.16295234709978104,0.011516064405441284,-0.0031406953930854797,0.1319655478000641,0.5877102613449097,0.08671055734157562,0.25613121688365936,0.3369302749633789,0.17533215880393982,-0.3854890614748001,-1.0460171699523926,0.27503904700279236,-0.38907574117183685,-0.4971945881843567,-0.280956894159317,0.3041541464626789,0.06525681167840958,0.5430514812469482
YPR025C,test,True,True,0.5910552144050598,0.6027530491352081,0.6857934594154358,0.6938075423240662,0.7311567664146423,0.6033934354782104,0.2996140420436859,0.6613884568214417,0.7365699410438538,0.5862069725990295,0.1380151566118002,0.3212387263774872,-0.045208413153886795,0.3274448662996292,0.49148330092430115,0.16340643167495728,0.9859006106853485,0.9862191081047058,0.9855821132659912
YPR026W,test,False,False,-0.38801541924476624,-1.1500809907913208,-0.9002842903137207,-1.3372299671173096,-1.1924728155136108,-1.062760591506958,-1.2576572895050049,-1.1415010690689087,-1.0670831203460693,-1.215919017791748,0.012180238962173462,-0.4022214710712433,0.4265819489955902,-1.1756004095077515,-0.9177229404449463,-1.4334778785705566,-1.384317398071289,-1.6482013463974,-1.1204334497451782
YPR027C,test,True,True,-1.7935770750045776,-0.6264208763837814,-0.5689869523048401,-1.251347541809082,-0.5051330327987671,-0.6339787840843201,-0.1726580709218979,-0.5082006826996803,-0.21261043846607208,-0.8037909269332886,-0.46596113592386246,-0.8596561551094055,-0.0722661167383194,-0.43965066224336624,-0.7248424887657166,-0.15445883572101593,-0.8219688832759857,-1.3661293983459473,-0.27780836820602417
YPR028W,test,True,True,0.727773904800415,0.5656719982624054,0.19610831141471863,0.708977997303009,0.6662183403968811,0.7448404431343079,0.5122148990631104,0.5710394829511642,0.8088344931602478,0.3332444727420807,-0.08354559354484081,-0.2037675976753235,0.03667641058564186,0.5501580238342285,0.44653356075286865,0.6537824869155884,0.7513869106769562,0.7211858630180359,0.7815879583358765
YPR029C,test,True,True,0.4323946535587311,0.7660694360733032,0.5740113854408264,0.8983361721038818,0.86949223279953,0.7891812920570374,0.6993260979652405,0.5374700427055359,0.5394721627235413,0.5354679226875305,0.4636138677597046,0.748205840587616,0.1790218949317932,0.5306201688945293,0.12335040420293808,0.9378899335861206,0.8087855875492096,0.9441205859184265,0.6734505891799927
YPR030W,test,True,True,-0.9190059304237366,-1.3041918754577637,-1.0750706195831299,-1.5890707969665527,-1.0369797945022583,-1.2487303018569946,-1.5711078643798828,-1.2376048564910889,-1.1203027963638306,-1.3549069166183472,-0.7556487619876862,-0.3665849566459656,-1.1447125673294067,-1.5344451069831848,-1.2423583269119263,-1.8265318870544434,-0.9853976368904114,-1.133358120918274,-0.8374371528625488
YPR031W,test,True,True,-0.18508248031139374,0.2362123791128397,0.4821786880493164,0.790336549282074,0.09561777114868164,-0.02599899284541607,-0.16107212007045746,0.20607813447713852,0.20558355748653412,0.20657271146774292,0.5098173767328262,0.7077579498291016,0.3118768036365509,0.10875405371189117,-0.42542514204978943,0.6429332494735718,0.6184790879487991,0.281312495470047,0.9556456804275513
YPR032W,test,True,True,0.296891987323761,-0.22972528636455536,-0.17722845077514648,-0.21535606682300568,-0.26141107082366943,-0.1825692355632782,-0.312061607837677,0.4121449589729309,0.4932885766029358,0.331001341342926,-0.19562375359237194,-0.439138263463974,0.04789075627923012,-0.3808654025197029,-0.8601007461547852,0.09836994111537933,-0.26404666155576706,-0.5539814829826355,0.02588815987110138
YPR033C,test,True,True,0.4104873538017273,0.8003042697906494,0.8346000909805298,0.9304898381233215,0.8016545176506042,0.7110252976417542,0.7237516045570374,0.8896192908287048,0.9452174305915833,0.8340211510658264,0.3405078053474426,0.4911690056324005,0.18984660506248474,0.7033716142177582,0.7630038857460022,0.6437393426895142,0.9355500638484955,0.968896210193634,0.9022039175033569
YPR034W,test,True,True,0.7020313143730164,0.8006275534629822,0.726684033870697,0.9992571473121643,0.7803220152854919,0.7473326921463013,0.7495418787002563,0.5143302530050278,0.5863326191902161,0.4423278868198395,0.6976365149021149,0.7482650279998779,0.6470080018043518,0.868495374917984,1.0092378854751587,0.7277528643608093,0.7946353256702423,0.7284652590751648,0.8608053922653198
YPR035W,test,True,True,1.4824684858322144,0.9353148221969605,0.8322765231132507,1.1038050651550293,0.9539811611175537,0.8219196200370789,0.9645917415618896,0.6584899127483368,0.7096260190010071,0.6073538064956665,0.46224910020828247,0.49309220910072327,0.4314059913158417,0.5909113436937332,0.2770495116710663,0.9047731757164001,1.1910637021064758,1.2700011730194092,1.1121262311935425
YPR036W,test,True,True,0.8744816780090332,0.6511352717876434,0.2762451469898224,0.9413431882858276,1.3189704418182373,0.0872352123260498,0.63188236951828,0.4894918352365494,0.48936372995376587,0.4896199405193329,0.47267307341098785,0.5066285729408264,0.4387175738811493,0.38562069833278656,0.2010597288608551,0.570181667804718,0.7291423976421356,0.5425387024879456,0.9157460927963257
YPR036W-A,test,True,True,3.1081831455230713,0.7734042882919312,0.7993835806846619,0.6849938035011292,1.0807263851165771,0.7020133137702942,0.5999043583869934,0.8995477855205536,0.7811055779457092,1.017989993095398,0.3407764211297035,0.5329647064208984,0.1485881358385086,1.2736532390117645,1.7423611879348755,0.8049452900886536,0.5775730460882187,0.7095931768417358,0.44555291533470154
YPR037C,test,True,True,0.7396559119224548,0.41017535924911497,0.49449169635772705,0.24039846658706665,0.5707913041114807,0.41700977087020874,0.3281855583190918,0.502411812543869,0.5010886788368225,0.5037349462509155,0.5731844156980515,0.7940991520881653,0.3522696793079376,0.2010011449456215,0.31550511717796326,0.08649717271327972,0.4208821803331375,0.5072724223136902,0.33449193835258484
YPR038W,test,False,False,-1.7893805503845215,-1.5637950897216797,-1.187198281288147,-1.6657259464263916,-1.6818888187408447,-1.3715864419937134,-1.9125759601593018,-1.1415010690689087,-1.0670831203460693,-1.215919017791748,-0.34273292124271393,-0.2112707495689392,-0.47419509291648865,-1.2226585149765015,-1.0474848747253418,-1.3978321552276611,-1.7153546214103699,-1.8570457696914673,-1.5736634731292725
YPR039W,test,False,False,-2.088510751724243,-1.822205901145935,-1.51756751537323,-1.6958427429199219,-2.002863883972168,-1.870577096939087,-2.0241782665252686,-1.1415010690689087,-1.0670831203460693,-1.215919017791748,-0.3175581991672516,-0.7741512656211853,0.13903486728668213,-1.3950287699699402,-1.1965073347091675,-1.593550205230713,-1.8021811246871948,-2.0333237648010254,-1.5710384845733643
YPR040W,test,True,True,0.4803764522075653,0.5721415221691132,0.8279857039451599,0.4169861078262329,0.7139658331871033,0.6636545658111572,0.23811540007591248,0.50895094871521,0.47754526138305664,0.5403566360473633,0.6866460740566254,0.834187924861908,0.5391042232513428,0.5325531661510468,0.5214512944221497,0.5436550378799438,0.3783915862441063,0.19585184752941132,0.5609313249588013
YPR041W,test,True,True,1.2526652812957764,0.4716718703508377,0.686909019947052,0.5535652041435242,0.24774070084095,0.4287034869194031,0.4414409399032593,0.45808669924736023,0.4971259832382202,0.41904741525650024,0.40917086601257324,0.4271744191646576,0.3911673128604889,0.995039165019989,0.8919187784194946,1.0981595516204834,0.5389847904443741,0.3651367723941803,0.7128328084945679
YPR042C,test,True,True,0.17029283940792084,0.9565947532653809,0.7066813111305237,0.7304827570915222,1.0441203117370605,1.4406377077102661,0.8610516786575317,0.7752706706523895,0.753710150718689,0.7968311905860901,0.9085491895675659,0.9375287294387817,0.8795696496963501,0.36139659583568573,0.34974321722984314,0.3730499744415283,0.8745958209037781,0.6521612405776978,1.0970304012298584
YPR043W,test,True,True,1.9856042861938477,1.520883846282959,1.4580353498458862,0.638563871383667,2.2952802181243896,1.9493001699447632,1.2632396221160889,1.408579170703888,1.4932596683502197,1.3238986730575562,0.46064336597919464,0.6495227813720703,0.27176395058631897,0.9190260171890259,1.0647443532943726,0.7733076810836792,1.4881700277328491,1.4347329139709473,1.541607141494751
YPR044C,test,False,False,-1.6829833984375,-1.793834662437439,-1.526520848274231,-2.163092851638794,-2.038121461868286,-1.6208531856536865,-1.6205849647521973,-1.1415010690689087,-1.0670831203460693,-1.215919017791748,-0.21812964975833893,-0.22927770018577576,-0.2069815993309021,-1.820700228214264,-1.6299086809158325,-2.0114917755126953,-1.8867603540420532,-1.8452345132827759,-1.9282861948013306
YPR045C,test,True,True,0.7805144190788269,0.6699162542819976,0.3442206084728241,0.6465660929679871,0.8903456926345825,1.0905841588974,0.3778647184371948,0.33999207615852356,0.4301042854785919,0.2498798668384552,0.6733188331127167,0.5999264717102051,0.7467111945152283,0.9219889044761658,0.7749351263046265,1.069042682647705,0.5328266024589539,0.5372518301010132,0.5284013748168945
YPR046W,test,True,True,0.49749132990837097,0.4619941532611847,0.48774003982543945,0.5419797301292419,0.7574942708015442,0.20011097192764282,0.32264575362205505,0.38458526134490967,0.4282798171043396,0.34089070558547974,-0.1226397193968296,-0.0937667116522789,-0.1515127271413803,0.5474744141101837,0.6824430227279663,0.4125058054924011,0.31421446055173874,0.10692428052425385,0.5215046405792236
YPR047W,test,True,True,0.12557938694953918,0.09344171583652497,-0.003071501851081848,-0.12683779001235962,0.27523869276046753,0.26573094725608826,0.0561482310295105,0.3406454473733902,0.32212743163108826,0.35916346311569214,0.4072839468717575,0.3625791370868683,0.45198875665664673,-0.26443010568618774,-0.30349671840667725,-0.22536349296569824,0.10714754462242126,0.08129006624221802,0.1330050230026245
YPR048W,test,True,True,0.38500770926475525,-0.1025060087442398,-0.3933282792568207,-0.06922128796577454,0.1922260969877243,-0.39471715688705444,0.15251058340072632,0.3801661729812622,0.4854391813278198,0.2748931646347046,-0.06377272494137287,-0.18904706835746765,0.06150161847472191,0.30066316202282906,0.02918795496225357,0.5721383690834045,0.4478842169046402,0.4717142879962921,0.4240541458129883
YPR049C,test,True,True,-0.3040373623371124,0.6578629016876221,0.6820107698440552,0.6072605848312378,1.0833841562271118,0.41308653354644775,0.5035724639892578,0.5725902169942856,0.6878305077552795,0.4573499262332916,0.38512714207172394,0.42864763736724854,0.34160664677619934,0.9875819087028503,0.9215872287750244,1.0535765886306763,0.679225355386734,0.6082475781440735,0.7502031326293945
YPR050C,test,False,False,-1.5189731121063232,-1.3444315552711488,-0.8642488718032837,-2.018249273300171,-1.63138747215271,-0.7339641451835632,-1.4743080139160156,-1.1415010690689087,-1.0670831203460693,-1.215919017791748,0.24718304350972176,0.09077469259500504,0.4035913944244385,-1.6410663723945618,-1.393123745918274,-1.8890089988708496,-1.7631023526191711,-1.833878517150879,-1.6923261880874634
YPR051W,test,True,True,1.0074734687805176,0.5468672901391983,0.7881393432617188,0.7425245642662048,0.6738029718399048,0.4204251170158386,0.10944445431232452,0.6466511189937592,0.7119843363761902,0.5813179016113281,0.19816765934228897,-0.006289884448051453,0.4026252031326294,0.6746371984481812,0.5322452783584595,0.8170291185379028,0.4685822054743767,0.1693943589925766,0.7677700519561768
YPR052C,test,True,True,-0.19396597146987915,-0.1413530707359314,-0.022749900817871094,0.49297887086868286,-1.3109636306762695,0.6883715391159058,-0.554402232170105,0.3816232234239578,0.3307145833969116,0.43253186345100403,-0.01254059188067913,-0.07467016577720642,0.04958898201584816,0.023138761520385742,-0.5345326662063599,0.5808101892471313,0.38944462686777115,0.19978363811969757,0.5791056156158447
YPR053C,test,False,False,0.2122475504875183,-0.7273580636829138,-0.31107696890830994,-0.9079554080963135,-1.4485700130462646,-0.029853476211428642,-0.9393344521522522,-1.1415010690689087,-1.0670831203460693,-1.215919017791748,1.0862103998661041,0.8555673956871033,1.316853404045105,-0.359606203623116,-0.6904420256614685,-0.028770381584763527,-0.9672131538391113,-1.1412298679351807,-0.793196439743042
YPR054W,test,True,True,-1.800399899482727,0.05243744254112244,0.2938756048679352,0.39831963181495667,-0.7753790020942688,0.06755787134170532,0.2778131067752838,-0.38013894855976105,-0.5535627007484436,-0.2067151963710785,0.22984111309051514,0.27806147933006287,0.1816207468509674,0.4150203466415405,0.42194992303848267,0.4080907702445984,0.6677683144807816,0.8514798283576965,0.4840568006038666
YPR055W,test,True,True,0.006045721936970949,0.7116041660308838,0.8410000205039978,0.5089492201805115,0.7528015971183777,0.8795252442359924,0.5757447481155396,0.5819084793329239,0.6852139234542847,0.4786030352115631,-0.31810288317501545,-0.6011752486228943,-0.03503051772713661,0.6472815424203873,0.4865836203098297,0.8079794645309448,0.522797241806984,0.5461965799331665,0.4993979036808014
YPR056W,test,False,True,0.3363363742828369,0.3856901049613953,0.39092618227005005,0.46049320697784424,0.7190747261047363,0.090142160654068,0.2678142488002777,0.40103723108768463,0.3329311013221741,0.4691433608531952,0.3039436638355255,0.4359770119190216,0.17191031575202942,0.7492727339267731,0.9177625179290771,0.580782949924469,0.6274347752332687,0.2756379544734955,0.979231595993042
YPR057W,test,True,True,0.20946061611175537,0.7177996873855591,0.8345464468002319,0.396194189786911,0.9655551314353943,0.9860250353813171,0.40667763352394104,0.6401170194149017,0.7384197115898132,0.5418143272399902,0.5556276738643646,0.5554980635643005,0.5557572841644287,1.024861603975296,0.5565621256828308,1.4931610822677612,0.7099245190620422,0.41993725299835205,0.9999117851257324
YPR058W,test,True,True,-0.19542531669139862,0.11436827145516873,0.23153868317604065,-0.07978645712137222,0.3979414701461792,-0.0220924224704504,0.044240083545446396,0.4941607713699341,0.5631020665168762,0.42521947622299194,-0.6992910504341125,-0.733340322971344,-0.6652417778968811,-0.04400490038096905,-0.06727615743875504,-0.02073364332318306,0.5876818746328354,0.342989057302475,0.8323746919631958
YPR059C,test,False,False,-1.667330265045166,-1.0529200673103332,0.48175013065338135,-1.9512450695037842,-1.7425673007965088,-1.7686400413513184,-0.2838980555534363,-1.1415010690689087,-1.0670831203460693,-1.215919017791748,-1.3433896601200104,-0.7521471381187439,-1.9346321821212769,-0.8100071251392365,-0.06521886587142944,-1.5547953844070435,-0.9361768662929535,-0.784254252910614,-1.088099479675293
YPR060C,test,True,True,0.5555434823036194,0.17377649992704391,0.11259322613477707,-0.23805269598960876,0.42309051752090454,0.14990568161010742,0.4213457703590393,0.3358989655971527,0.4211713969707489,0.2506265342235565,0.7078029066324234,0.9250714182853699,0.49053439497947693,0.16080213524401188,0.27881184220314026,0.0427924282848835,0.42129163444042206,0.5100345015525818,0.33254876732826233
YPR061C,test,True,True,-0.4234486520290375,0.7695097684860229,0.7838748097419739,0.3665047883987427,1.0853053331375122,0.9499306082725525,0.6619333028793335,0.7384931147098541,0.8628079295158386,0.6141782999038696,0.733288511633873,1.1080981492996216,0.3584788739681244,0.8364647626876831,0.8785834312438965,0.7943460941314697,0.8458738029003143,0.8903096318244934,0.8014379739761353
YPR062W,test,True,True,1.5032622814178467,0.41706414967775346,-0.010754741728305817,0.6230146288871765,1.0025612115859985,-0.04034529626369476,0.5108449459075928,0.6332768350839615,0.7719207406044006,0.49463292956352234,0.565961480140686,0.45662838220596313,0.6752945780754089,0.04868599772453308,-0.5233231782913208,0.620695173740387,0.5196630656719208,0.5134068131446838,0.5259193181991577
YPR063C,test,True,True,1.0710760354995728,-0.4400319933891296,-0.21220704913139343,-0.8741384148597717,-0.23994341492652893,-0.37910497188568115,-0.49476611614227295,-0.7462201863527298,-0.4639618694782257,-1.0284785032272339,0.3385648876428604,0.3381638526916504,0.33896592259407043,-0.5125238485634327,-0.030169226229190826,-0.9948784708976746,-0.19533531367778778,-0.5069815516471863,0.11631092429161072
YPR064W,test,False,False,-1.8751901388168335,-1.6103867292404175,-1.1548469066619873,-1.3716027736663818,-1.6184144020080566,-1.791293978691101,-2.1157755851745605,-1.1415010690689087,-1.0670831203460693,-1.215919017791748,-1.5048765540122986,-1.575217604637146,-1.4345355033874512,-1.4537566304206848,-1.3775782585144043,-1.5299350023269653,-1.8019285202026367,-1.8252419233322144,-1.778615117073059
YPR065W,test,True,True,1.872467279434204,1.1407816380262374,1.4198545217514038,1.8101649284362793,1.6005851030349731,0.04902319610118866,0.8242804408073425,1.3421196341514587,1.4653151035308838,1.2189241647720337,0.9632719457149506,0.9556178450584412,0.97092604637146,1.5142108798027039,1.419993281364441,1.6084284782409668,1.347255825996399,1.4731336832046509,1.221377968788147
YPR066W,test,False,True,-0.39606431126594543,0.14901153445243837,0.12306486815214157,-0.07676342874765396,0.14537523686885834,0.2445071041584015,0.30887389183044434,0.08046202920377254,-0.04657231643795967,0.20749637484550476,0.5579144954681396,0.9513278603553772,0.1645011305809021,0.11180919781327248,-0.08873333781957626,0.3123517334461212,0.10521779581904411,-0.05098474770784378,0.261420339345932
YPR067W,test,True,True,0.8205110430717468,0.8581306338310242,0.7015659213066101,0.735063910484314,1.1614725589752197,1.1395505666732788,0.5530002117156982,0.723223090171814,0.9444233775138855,0.5020228028297424,0.5654390603303909,0.6680663824081421,0.46281173825263977,0.5458211153745651,0.7352780103683472,0.3563642203807831,1.0341609120368958,1.2151004076004028,0.8532214164733887
YPR068C,test,True,True,-0.2711314558982849,-0.2554749697446823,0.18747371435165405,-0.8688243627548218,0.08023719489574432,-0.5060795545578003,-0.17018184065818787,-0.043336205184459686,0.13164009153842926,-0.21831250190734863,-0.05345369130373001,-0.004430592060089111,-0.10247679054737091,-0.029982848092913628,-0.11731429398059845,0.057348597794771194,-0.1419484131038189,-0.0667179748415947,-0.2171788513660431
YPR069C,test,True,True,0.21001195907592773,0.03492603227496147,0.5065481066703796,-0.15840643644332886,0.03809529170393944,0.29758960008621216,-0.509196400642395,-0.031674712896347046,0.08973056077957153,-0.15307998657226562,0.45089536905288696,0.6165436506271362,0.2852470874786377,0.280862333253026,0.5217764377593994,0.0399482287466526,-0.008184485137462616,-0.04424465447664261,0.027875684201717377
YPR070W,test,True,True,0.2929215729236603,0.02166697084903717,0.383895605802536,-0.06692221760749817,0.3395201563835144,-0.1523943990468979,-0.3957642912864685,0.4317237436771393,0.4005078971385956,0.462939590215683,-0.33714377135038376,-0.48711952567100525,-0.18716801702976227,0.3238634169101715,0.43669089674949646,0.21103593707084656,0.2821132689714432,0.14598757028579712,0.41823896765708923
YPR071W,test,True,True,0.15582045912742615,-0.1046769917011261,-0.005349218845367432,-0.5518977046012878,0.1775352507829666,-0.3143284022808075,0.17065511643886566,0.27152692526578903,0.24333809316158295,0.2997157573699951,-1.1147031784057617,-1.4001504182815552,-0.8292559385299683,-0.03464634716510773,0.1781056821346283,-0.24739837646484375,0.26288238912820816,0.24599672853946686,0.27976804971694946
YPR072W,test,True,True,0.682544469833374,0.550261777639389,0.7635436058044434,0.5360221266746521,0.7525750398635864,0.7872217297554016,-0.0880536139011383,0.2594255357980728,0.11052995920181274,0.4083211123943329,1.4373627305030823,1.2129791975021362,1.6617462635040283,0.6360517740249634,0.6811943054199219,0.5909092426300049,0.5585566461086273,0.5282091498374939,0.5889041423797607
YPR073C,test,True,True,0.6062354445457458,0.42137823104858396,0.13099020719528198,0.22352474927902222,0.562492311000824,0.5758023858070374,0.6140815019607544,0.3502986505627632,0.5087330937385559,0.19186420738697052,0.5158030539751053,0.3760749399662018,0.6555311679840088,0.40044672787189484,0.4270189702510834,0.3738744854927063,0.24586401134729385,0.17364566028118134,0.31808236241340637
YPR074C,test,True,True,1.013850212097168,1.468303108215332,1.439414143562317,1.51621413230896,2.13158917427063,0.8601113557815552,1.3941867351531982,0.9757815301418304,1.1080855131149292,0.8434775471687317,0.7426115274429321,0.3137284517288208,1.1714946031570435,1.4806784391403198,1.7973909378051758,1.1639659404754639,1.3835806250572205,1.079014539718628,1.688146710395813
YPR074W-A,test,False,False,-1.8977502584457397,-1.8463859558105469,-1.8859604597091675,-1.8243515491485596,-2.0510852336883545,-1.9649325609207153,-1.5055999755859375,-1.1415010690689087,-1.0670831203460693,-1.215919017791748,-0.46958543360233307,-1.2198082208633423,0.28063735365867615,-1.8249713778495789,-2.139331579208374,-1.5106111764907837,-1.8120993375778198,-1.9959710836410522,-1.6282275915145874
YPR075C,test,True,True,0.8531057834625244,0.7895400285720825,0.1532796025276184,1.2460272312164307,1.021925449371338,0.987493097782135,0.5389747619628906,0.48096318542957306,0.517967700958252,0.44395866990089417,0.1381930634379387,-0.05377139151096344,0.3301575183868408,0.9688873291015625,0.9922325611114502,0.9455420970916748,0.6468761116266251,0.48220935463905334,0.8115428686141968
YPR076W,test,False,False,-1.617417812347412,-1.5032667517662048,-1.8602688312530518,-1.747948408126831,-1.482169508934021,-0.5014200806617737,-1.9245269298553467,-1.1415010690689087,-1.0670831203460693,-1.215919017791748,-0.9071763902902603,-1.443015694618225,-0.37133708596229553,-1.7688950896263123,-1.843031644821167,-1.6947585344314575,-1.6500097513198853,-1.8958789110183716,-1.404140591621399
YPR077C,test,False,False,-2.088510751724243,-0.8483481738716364,-0.7410841584205627,-1.2637958526611328,-1.1378068923950195,-0.0247028935700655,-1.0743510723114014,-1.1415010690689087,-1.0670831203460693,-1.215919017791748,0.2480451911687851,0.2307068407535553,0.2653835415840149,-0.7436980307102203,-0.7409612536430359,-0.7464348077774048,-0.3008258193731308,0.08515921235084534,-0.6868108510971069
YPR078C,test,True,True,-1.940317153930664,-0.7798758029937745,-0.7316024303436279,-1.271355390548706,-0.9477754235267639,-0.301984965801239,-0.6466608047485352,-1.6050353646278381,-1.3087453842163086,-1.9013253450393677,0.5827405452728271,0.5833740830421448,0.5821070075035095,-0.5700079798698425,-0.8921511173248291,-0.24786484241485596,-1.2039929032325745,-1.0836809873580933,-1.3243048191070557
YPR079W,test,True,True,0.4310239851474762,-0.8461042314767837,-1.31465744972229,-0.9390941262245178,-0.0919230729341507,-0.5514035820960999,-1.3334429264068604,-0.1318399515002966,-0.016564052551984787,-0.2471158504486084,-0.29455770552158356,-0.4827946722507477,-0.10632073879241943,-1.023827314376831,-1.156093716621399,-0.8915609121322632,-1.569081723690033,-1.9758905172348022,-1.1622729301452637
YPR080W,test,True,True,0.9588358402252197,1.425111711025238,1.0937284231185913,0.7984138131141663,2.118317127227783,1.4277468919754028,1.6873522996902466,1.2347305417060852,1.1227035522460938,1.3467575311660767,1.0291162729263306,1.1497706174850464,0.9084619283676147,1.1812007427215576,1.1839652061462402,1.178436279296875,1.341925323009491,1.3456894159317017,1.3381612300872803
YPR081C,test,True,True,-0.030704617500305176,-1.2574595093727112,-1.196624755859375,-1.2550814151763916,-1.615925669670105,-0.49179965257644653,-1.7278660535812378,-0.5015195310115814,-0.18196380138397217,-0.8210752606391907,-0.4182343818247318,0.004361562430858612,-0.8408303260803223,-1.0729082226753235,-1.213682770729065,-0.932133674621582,-1.0417666137218475,-1.6009581089019775,-0.48257511854171753
YPR082C,test,True,True,0.4077508747577667,-0.3599099412560463,-0.2160538136959076,-0.8162792325019836,0.40146660804748535,0.12435593456029892,-1.2930392026901245,0.41066494584083557,0.4551009237766266,0.36622896790504456,-0.7879369854927063,-1.063145637512207,-0.5127283334732056,-0.9292780756950378,-0.5908914804458618,-1.2676646709442139,-0.49111610651016235,-0.4617884159088135,-0.5204437971115112
YPR083W,test,False,True,-0.14244955778121948,0.33442225977778434,0.2900182604789734,0.1143893152475357,0.6384115815162659,0.5687479376792908,0.060544203966856,0.5261329710483551,0.5448705554008484,0.5073953866958618,0.5678894370794296,0.8845247626304626,0.2512541115283966,0.4396121948957443,0.3779115378856659,0.5013128519058228,0.442222498357296,0.16535834968090057,0.7190866470336914
YPR084W,test,False,True,0.31660687923431396,0.1981227070093155,0.16491198539733887,0.024189099669456482,0.21201415359973907,0.35733354091644287,0.23216475546360016,0.2576453387737274,0.31741389632225037,0.19787678122520447,0.8767926692962646,1.0243945121765137,0.7291908264160156,0.19822845607995987,0.2843640148639679,0.11209289729595184,0.2955358922481537,0.26032528281211853,0.33074650168418884
YPR085C,test,False,True,-0.22848032414913177,0.06942501366138458,0.2908823490142822,0.0928867757320404,0.1533704400062561,-0.28487899899482727,0.09486450254917145,0.34675219655036926,0.3316277265548706,0.3618766665458679,-0.2692968100309372,-0.17013654112815857,-0.3684570789337158,-0.12644025310873985,-0.10350308567285538,-0.14937742054462433,0.03335297107696533,0.34425631165504456,-0.2775503695011139
YPR086W,test,False,True,0.870729923248291,0.15999067425727845,0.4216560125350952,-0.14234580099582672,0.10461607575416565,0.17841127514839172,0.23761580884456635,0.2994980290532112,0.23900853097438812,0.3599875271320343,0.23663901537656784,0.648384690284729,-0.17510665953159332,0.019055411219596863,0.3484179675579071,-0.3103071451187134,-0.3620316684246063,0.5955525040626526,-1.3196158409118652
YPR087W,test,False,False,-1.6625139713287354,-0.8405866771936417,-0.2631722390651703,-1.6461193561553955,-0.8484696745872498,-1.2825762033462524,-0.16259591281414032,-1.1415010690689087,-1.0670831203460693,-1.215919017791748,-0.12992854230105877,-0.20136868953704834,-0.0584883950650692,-0.8000149391591549,-0.020039252936840057,-1.5799906253814697,-1.138070747256279,-0.410479873418808,-1.86566162109375
YPR088C,test,True,True,0.5347812175750732,0.4261954613029957,0.6450528502464294,-0.01220899447798729,0.9951320290565491,0.26469555497169495,0.23830586671829224,0.5241305977106094,0.5902275443077087,0.45803365111351013,0.18552876636385918,0.10089483112096786,0.2701627016067505,0.5665984600782394,0.48231491446495056,0.6508820056915283,0.5428331941366196,0.4503626525402069,0.6353037357330322
YPR089W,test,False,True,0.41571345925331116,0.3165194600820541,0.6520045399665833,0.25708508491516113,0.5561359524726868,-0.10025858879089355,0.2176303118467331,0.5414769649505615,0.5770202875137329,0.5059336423873901,0.21110999584197998,0.16403687000274658,0.2581831216812134,0.6378215998411179,0.49776986241340637,0.7778733372688293,0.48089008033275604,0.40600094199180603,0.555779218673706
YPR091C,test,True,True,0.17341940104961395,0.25485235899686814,-0.09606079012155533,0.3731025159358978,0.3324497938156128,0.4077731966972351,0.25699707865715027,0.36562125384807587,0.4398414194583893,0.29140108823776245,0.2853742986917496,0.6110334992408752,-0.0402849018573761,0.26249067299067974,0.5300717949867249,-0.005090449005365372,0.4448302686214447,0.32445329427719116,0.5652072429656982
YPR092W,test,False,False,-1.8215807676315308,-1.2098434805870055,-1.6822181940078735,-0.6415706872940063,-0.6887896656990051,-1.2954469919204712,-1.7411918640136719,-1.1415010690689087,-1.0670831203460693,-1.215919017791748,-0.19754539988934994,-0.37799182534217834,-0.01709897443652153,-0.7756550163030624,-1.3712092638015747,-0.18010076880455017,-1.5062273144721985,-1.5173457860946655,-1.4951088428497314
YPR093C,test,True,True,0.511422336101532,0.20504267811775206,0.4844849705696106,-0.23945575952529907,0.6206961274147034,0.4811230003833771,-0.3216349482536316,-0.41009481251239777,-0.12843891978263855,-0.691750705242157,0.3466964829713106,0.6486526727676392,0.04474029317498207,0.38144733011722565,0.41645577549934387,0.3464388847351074,0.5274930149316788,0.9262490272521973,0.12873700261116028
YPR094W,test,True,True,0.48936015367507935,0.14823901355266572,0.2586996257305145,0.28708726167678833,0.440338671207428,0.11892606317996979,-0.36385655403137207,-0.3713746443390846,-0.10484816133975983,-0.6379011273384094,0.12488436326384544,0.09556371718645096,0.15420500934123993,0.13877109810709953,0.09149052947759628,0.18605166673660278,0.3482014201581478,-0.0409051850438118,0.7373080253601074
YPR095C,test,True,True,0.1337207853794098,0.18442506194114686,0.5294426083564758,-0.12295982241630554,0.28882071375846863,0.09935931861400604,0.1274624913930893,0.25094031542539597,0.22577758133411407,0.27610304951667786,0.7041213810443878,0.7130969166755676,0.695145845413208,0.16634812578558922,-0.07631570845842361,0.40901196002960205,0.08633022382855415,-0.049709878861904144,0.22237032651901245
YPR096C,test,True,True,0.4936728775501251,-0.09385823011398316,0.1743876338005066,-0.5839723944664001,-0.23801395297050476,0.08181002736091614,0.0964975357055664,0.3113998770713806,0.2969001233577728,0.3258996307849884,-0.04079393669962883,-0.010111398994922638,-0.07147647440433502,0.19897561892867088,0.10030978173017502,0.29764145612716675,0.08981427922844887,-0.0808553621172905,0.26048392057418823
YPR097W,test,False,True,0.11031106114387512,-0.18326656930148602,-0.08587135374546051,-0.4111143946647644,-0.09999867528676987,0.009622963145375252,-0.32897138595581055,0.21880128234624863,0.24848072230815887,0.18912184238433838,0.0680079497396946,-0.017055340111255646,0.15307123959064484,-0.091596569865942,-0.08382668346166611,-0.0993664562702179,0.018597856163978577,-0.10877391695976257,0.14596962928771973
YPR098C,test,True,True,0.0434931144118309,0.5837129592895508,0.5625352263450623,0.6123159527778625,0.8310233950614929,0.5305578708648682,0.382132351398468,0.8049427270889282,0.8599790334701538,0.7499064207077026,0.06017680466175079,-0.23030465841293335,0.35065826773643494,0.638684943318367,0.858855664730072,0.418514221906662,0.37899114191532135,0.5236226916313171,0.23435959219932556
YPR099C,test,False,False,-0.6626415252685547,-1.4137324213981628,-1.1315020322799683,-1.87062406539917,-1.4958264827728271,-0.6981409192085266,-1.8725686073303223,-1.1415010690689087,-1.0670831203460693,-1.215919017791748,-1.313954472541809,-1.02104651927948,-1.6068624258041382,-1.6134688258171082,-1.1284347772598267,-2.0985028743743896,-1.914795994758606,-1.9451688528060913,-1.8844231367111206
YPR100W,test,True,True,1.353677749633789,0.808487331867218,0.500614583492279,0.4665732979774475,0.8708735108375549,1.6258357763290405,0.5785394906997681,0.7586251497268677,0.7276231646537781,0.7896271347999573,0.3879508376121521,0.3807425796985626,0.3951590955257416,0.6437610685825348,0.6630873680114746,0.624434769153595,0.8135688006877899,0.9029398560523987,0.7241977453231812
YPR101W,test,True,True,1.155868411064148,0.6957570791244507,0.5501917004585266,0.48589450120925903,0.7904232740402222,1.0629206895828247,0.5893552303314209,0.6397111117839813,0.7191785573959351,0.5602436661720276,0.6841378957033157,1.1910065412521362,0.17726925015449524,0.8213580548763275,0.9254053235054016,0.7173107862472534,0.6433793604373932,0.7472682595252991,0.5394904613494873
YPR102C,test,True,True,0.9722728729248047,1.3770359635353089,1.3008662462234497,1.599315881729126,1.7489994764328003,0.9946950078010559,1.2413032054901123,1.289766252040863,1.4108388423919678,1.1686936616897583,1.2947965860366821,1.5603452920913696,1.0292478799819946,1.6654642224311829,1.6088007688522339,1.7221276760101318,1.0049654841423035,1.0663424730300903,0.9435884952545166
YPR103W,test,True,True,1.0704882144927979,1.2773622155189515,0.7820335030555725,1.5902061462402344,1.3847970962524414,1.0640580654144287,1.56571626663208,0.9132246673107147,0.912394106388092,0.9140552282333374,0.5328729003667831,0.45186886191368103,0.6138769388198853,1.5058788061141968,1.4508477449417114,1.5609098672866821,1.0653492510318756,0.917228639125824,1.2134698629379272
YPR104C,test,True,True,0.4790937304496765,0.11760079264640808,0.3996589779853821,-0.5251005291938782,0.4679204821586609,-0.11135932803153992,0.3568843603134155,-0.4496622085571289,-0.4804365336894989,-0.4188878834247589,0.09184817969799042,-0.2646237015724182,0.44832006096839905,0.3071961775422096,0.6851857900619507,-0.07079343497753143,0.3441144824028015,0.3462490737438202,0.34197989106178284
YPR105C,test,True,True,0.012957881204783916,0.4870602935552597,0.6630827784538269,0.8247859477996826,-0.08840435743331909,0.15160374343395233,0.8842333555221558,0.8076686561107635,0.7661933302879333,0.8491439819335938,0.2573617398738861,0.3420961797237396,0.1726273000240326,0.3668513484299183,0.039408840239048004,0.6942938566207886,0.5820619165897369,0.6400707364082336,0.5240530967712402
YPR106W,test,True,True,-0.05383434146642685,0.3413459062576294,-0.26989537477493286,0.49045324325561523,0.6435061097145081,0.1858465075492859,0.6568190455436707,0.4517097920179367,0.4818979501724243,0.4215216338634491,-0.37516908533871174,-0.7595460414886475,0.009207870811223984,0.08747728168964386,-0.18709436058998108,0.3620489239692688,0.2179657742381096,0.6415720582008362,-0.205640509724617
YPR107C,test,True,True,0.346192866563797,0.5452618479728699,0.38868141174316406,0.4859737157821655,0.7133836150169373,0.7736021876335144,0.3646683096885681,0.47458161413669586,0.49785441160202026,0.45130881667137146,0.4037666469812393,0.6731882095336914,0.13434508442878723,0.2958008199930191,0.1968006193637848,0.3948010206222534,0.2715557739138603,0.20319043099880219,0.33992111682891846
YPR108W,test,True,True,0.9620803594589233,0.46356319189071654,0.4493524134159088,0.43931105732917786,0.7469673156738281,0.2712801694869995,0.41090500354766846,0.4816679209470749,0.5282033085823059,0.43513253331184387,0.9908066391944885,1.1266992092132568,0.8549140691757202,0.46701453626155853,0.6296858191490173,0.30434325337409973,0.49154432117938995,0.3858666718006134,0.5972219705581665
YPR108W-A,test,False,True,-2.088510751724243,-0.39724518060684205,-0.5602579116821289,-0.2992416024208069,-0.2545642852783203,-0.05956912040710449,-0.8125929832458496,-0.04999389499425888,0.20492123067378998,-0.30490902066230774,-0.4994746744632721,-1.1060203313827515,0.10707098245620728,-0.1788626704365015,-0.30316808819770813,-0.054557252675294876,-0.22756005823612213,-0.25858521461486816,-0.1965349018573761
YPR109W,test,True,True,0.016956975683569908,0.7778924524784088,0.7890501618385315,0.8218172192573547,0.8177475929260254,1.1049643754959106,0.3558829128742218,0.5772111415863037,0.5113506317138672,0.6430716514587402,1.2573458552360535,1.0472283363342285,1.4674633741378784,0.7914053201675415,0.6268600225448608,0.9559506177902222,0.4121214300394058,0.4589070975780487,0.36533576250076294
YPR110C,test,True,True,0.6642172336578369,0.6011601686477661,0.4511379599571228,0.24655529856681824,1.1808221340179443,0.32852140069007874,0.7987640500068665,0.6404321938753128,0.820185124874115,0.4606792628765106,-0.0931293461471796,-0.19792643189430237,0.011667739599943161,0.20077386870980263,0.12375367432832718,0.2777940630912781,0.6931318044662476,0.8192189931869507,0.5670446157455444
YPR111W,test,True,True,0.24969817698001862,0.8737915635108948,1.1078113317489624,0.8204836249351501,1.0819350481033325,0.8252926468849182,0.5334351658821106,0.4235455244779587,0.5819528698921204,0.265138179063797,0.5057947486639023,0.7295266389846802,0.2820628583431244,0.9244851469993591,0.7880388498306274,1.0609314441680908,0.8027620613574982,0.8361560702323914,0.769368052482605
YPR112C,test,True,True,0.6652969121932983,0.8639312267303467,0.29817497730255127,1.1061863899230957,0.9979811310768127,0.9501287341117859,0.9671849012374878,0.8028049468994141,0.8481459021568298,0.7574639916419983,0.6074600666761398,0.4539969861507416,0.7609231472015381,0.5767026245594025,0.396939218044281,0.7564660310745239,0.9390460848808289,0.9304405450820923,0.9476516246795654
YPR113W,test,True,True,0.6050480604171753,0.029782517254352568,-0.1976172924041748,-0.009806923568248749,-0.3346308171749115,0.2980411648750305,0.3929264545440674,0.3531452864408493,0.3056325912475586,0.40065798163414,-0.13089561462402344,-0.1631980836391449,-0.09859314560890198,-0.14944045804440975,-0.3102796673774719,0.01139875128865242,0.4999856501817703,0.3240077793598175,0.6759635210037231
YPR114W,test,False,True,0.8805071115493774,0.36312923580408096,0.3651575446128845,0.38988736271858215,0.11956322938203812,0.639908492565155,0.301129549741745,0.4107736200094223,0.4902956485748291,0.3312515914440155,0.34592287242412567,0.15778449177742004,0.5340612530708313,0.22201766818761826,0.27561432123184204,0.16842101514339447,0.23632150143384933,0.1759583204984665,0.2966846823692322
YPR115W,test,True,True,0.4768902063369751,0.3767749935388565,0.13345113396644592,0.77473384141922,0.4198867678642273,0.4153338372707367,0.14046938717365265,0.362898588180542,0.28467023372650146,0.4411269426345825,0.09409693628549576,0.07538007199764252,0.112813800573349,0.4973045885562897,0.1707804799079895,0.8238286972045898,0.10072952834889293,-0.011719935573637486,0.21317899227142334
YPR116W,test,True,True,-0.36647725105285645,0.14364522099494934,0.29074352979660034,0.5876142978668213,0.4560437500476837,-0.17771422863006592,-0.4384612441062927,0.29219162464141846,0.33134177327156067,0.25304147601127625,0.22291746735572815,-0.09090715646743774,0.536742091178894,0.27920229732990265,0.17401185631752014,0.38439273834228516,0.2566773444414139,0.12891697883605957,0.3844377100467682
YPR117W,test,True,True,-0.39701709151268005,-0.31114275604486463,-0.6545063853263855,-0.1218697801232338,-0.31600797176361084,-0.0639958381652832,-0.39933380484580994,0.22820405662059784,0.3669368326663971,0.08947128057479858,-0.7013769447803497,-1.59843909740448,0.19568520784378052,-0.5725539550185204,-0.95662921667099,-0.18847869336605072,-0.23722636699676514,-0.6275718808174133,0.15311914682388306
YPR118W,test,True,True,0.11121770739555359,0.307798345386982,-0.023028306663036346,0.22647997736930847,0.2762297987937927,0.6679505705833435,0.39135968685150146,0.462526798248291,0.4639255702495575,0.46112802624702454,0.5522256344556808,0.15831372141838074,0.946137547492981,0.2234537936747074,-0.043713681399822235,0.49062126874923706,0.5888057351112366,0.5092716217041016,0.6683398485183716
YPR119W,test,True,True,0.7766158580780029,0.6242299675941467,0.5775715112686157,0.6997223496437073,0.7666000723838806,0.6138410568237305,0.46341484785079956,0.7538991272449493,0.7140679955482483,0.7937302589416504,0.41674788296222687,0.282998651266098,0.5504971146583557,1.0654996037483215,0.7911871671676636,1.3398120403289795,0.9383385181427002,1.0379053354263306,0.8387717008590698
YPR120C,test,True,True,0.1777881383895874,0.2636267304420471,-0.3788345456123352,0.8374728560447693,0.9909064173698425,-0.4230707585811615,0.2916596829891205,0.6147858202457428,0.44644439220428467,0.7831272482872009,0.11936578154563904,0.056564897298812866,0.1821666657924652,0.6765085458755493,0.36863207817077637,0.9843850135803223,0.024979203939437866,-0.41558024287223816,0.4655386507511139
YPR121W,test,True,False,-0.6720236539840698,-1.66320743560791,-1.2411962747573853,-2.1734933853149414,-1.5704870223999023,-1.3276296854019165,-2.0032308101654053,-1.1415010690689087,-1.0670831203460693,-1.215919017791748,-0.41440896689891815,-0.3300914764404297,-0.4987264573574066,-1.7427838444709778,-1.598692774772644,-1.8868749141693115,-1.404978096485138,-0.8730229139328003,-1.9369332790374756
YPR122W,test,True,True,0.11472439765930176,0.2358572393655777,0.27574604749679565,0.30980464816093445,0.12906692922115326,0.3919011354446411,0.07276743650436401,0.5687837600708008,0.7004750967025757,0.4370924234390259,-0.6664703041315079,-0.2779795229434967,-1.054961085319519,0.06234945170581341,0.11600542813539505,0.008693475276231766,0.31246327608823776,0.11267267167568207,0.5122538805007935
YPR123C,test,False,False,-1.4605296850204468,-1.489582884311676,-0.2511170506477356,-1.761181116104126,-1.6979385614395142,-1.7552260160446167,-1.9824516773223877,-1.1415010690689087,-1.0670831203460693,-1.215919017791748,-0.39551532082259655,-0.8160396218299866,0.025008980184793472,-1.4042739868164062,-1.125113606452942,-1.6834343671798706,-0.8612067326903343,-1.5678093433380127,-0.15460412204265594
YPR124W,test,True,True,-0.41800427436828613,-0.2188735455274582,0.44366416335105896,-0.9008567333221436,-0.6988147497177124,-0.044802576303482056,0.1064421683549881,0.7093024998903275,1.0344288349151611,0.3841761648654938,0.33208856731653214,0.5594426989555359,0.10473443567752838,0.12190171144902706,0.20210599899291992,0.0416974239051342,0.32896286994218826,0.17839716374874115,0.4795285761356354
YPR125W,test,False,True,0.5841535329818726,0.3553644195199013,0.25809764862060547,0.6111140251159668,0.12262440472841263,0.3056248426437378,0.4793611764907837,0.3302979916334152,0.5268167853355408,0.13377919793128967,-0.0033090561628341675,-0.3773581087589264,0.37073999643325806,0.5412101894617081,0.4786194860935211,0.603800892829895,0.5097626000642776,0.29294684529304504,0.7265783548355103
YPR126C,test,False,False,-1.689320683479309,-1.7097885847091674,-1.5601872205734253,-2.112377166748047,-1.9244211912155151,-1.1768635511398315,-1.7750937938690186,-1.1415010690689087,-1.0670831203460693,-1.215919017791748,-1.1562995314598083,-1.3711971044540405,-0.9414019584655762,-1.753398358821869,-1.7424887418746948,-1.764307975769043,-1.513035237789154,-1.4941051006317139,-1.5319653749465942
YPR127W,test,True,True,-0.16888369619846344,0.8411356687545777,0.8093510270118713,0.9606925845146179,0.8469876646995544,0.9165095686912537,0.6721374988555908,0.4117404520511627,0.5735051035881042,0.2499758005142212,0.5474289655685425,0.671640932559967,0.4232169985771179,0.6536043882369995,0.6099909543991089,0.6972178220748901,0.9823662042617798,1.0720713138580322,0.8926610946655273
YPR128C,test,True,True,-0.4116979241371155,0.3895154297351837,0.5144640803337097,0.39575713872909546,0.46857568621635437,0.2245103120803833,0.34426993131637573,0.4815722852945328,0.5088984370231628,0.4542461335659027,0.416808120906353,0.6662563681602478,0.1673598736524582,0.48037391901016235,0.502772331237793,0.45797550678253174,0.11631682142615318,0.19152596592903137,0.041107676923274994
YPR129W,test,True,True,1.2357637882232666,0.5807511568069458,0.2815244197845459,0.6960711479187012,0.5100058317184448,0.8133739829063416,0.6027804017066956,0.52098648250103,0.5566366910934448,0.4853362739086151,0.7578363418579102,0.695666491985321,0.8200061917304993,0.5870178788900375,0.4876803457736969,0.6863554120063782,0.5590599477291107,0.4682922959327698,0.6498275995254517
YPR130C,test,False,False,-1.0726063251495361,-1.790745735168457,-1.2810808420181274,-2.1377339363098145,-1.626294732093811,-1.8677587509155273,-2.040860414505005,-1.1415010690689087,-1.0670831203460693,-1.215919017791748,-1.5981473624706268,-0.9824115633964539,-2.2138831615448,-1.799969494342804,-1.6045969724655151,-1.9953420162200928,-1.9755184054374695,-2.0029284954071045,-1.9481083154678345
YPR131C,test,True,True,0.2802828550338745,0.8874451011419296,1.170418620109558,0.3689150810241699,1.6190826892852783,0.16311852633953094,1.1156905889511108,1.3046066164970398,1.4687418937683105,1.140471339225769,0.0873463861644268,0.20588469505310059,-0.03119192272424698,0.8849144577980042,1.047432541847229,0.7223963737487793,1.045786291360855,0.8412806391716003,1.2502919435501099
YPR132W,test,True,True,1.0209909677505493,1.616085958480835,1.8375767469406128,1.582817792892456,1.5912569761276245,1.4937301874160767,1.5750480890274048,1.6567344069480896,1.8274530172348022,1.486015796661377,0.03353864699602127,0.2710486054420471,-0.20397131145000458,1.3680274486541748,1.1893092393875122,1.5467456579208374,1.7167202234268188,1.9148313999176025,1.5186090469360352
YPR133C,test,True,True,0.9142868518829346,0.7755585610866547,0.7422985434532166,0.9501946568489075,1.0265381336212158,0.9345390796661377,0.22422239184379578,0.5272957235574722,0.6396306157112122,0.4149608314037323,0.7268139719963074,0.36342644691467285,1.090201497077942,0.8895690441131592,0.5914313793182373,1.187706708908081,1.0391916930675507,0.9104958176612854,1.167887568473816
YPR133W-A,test,True,True,2.485689163208008,0.4785218328237534,0.7631338834762573,0.7764137983322144,0.4373103976249695,0.045308634638786316,0.3704424500465393,0.6966404020786285,0.8658475279808044,0.5274332761764526,-1.263255536556244,-0.7582132816314697,-1.768297791481018,0.5573234558105469,0.7346811294555664,0.37996578216552734,0.7807387113571167,0.7648180723190308,0.7966593503952026
YPR134W,test,True,False,0.06467356532812119,-1.4501943588256836,-1.0446528196334839,-1.3056702613830566,-1.7187446355819702,-1.42338228225708,-1.7585217952728271,-1.1415010690689087,-1.0670831203460693,-1.215919017791748,0.04130885377526283,-0.08532898873090744,0.1679466962814331,-1.1372169256210327,-1.2166475057601929,-1.0577863454818726,-1.5940054059028625,-1.5301588773727417,-1.6578519344329834
YPR135W,test,True,True,-0.0015004918677732348,-0.043352861702442166,0.02647676318883896,-0.24951240420341492,0.2772837281227112,-0.3648754358291626,0.09386304020881653,0.39186006784439087,0.4649166464805603,0.31880348920822144,-0.030905485153198242,-0.25274452567100525,0.19093355536460876,-0.018330052495002747,0.22653648257255554,-0.26319658756256104,0.41891447454690933,0.2307494431734085,0.6070795059204102
YPR136C,test,False,False,-1.8955533504486084,-2.1259774923324586,-2.1659233570098877,-2.127047538757324,-2.2417850494384766,-1.9978078603744507,-2.0973236560821533,-1.1415010690689087,-1.0670831203460693,-1.215919017791748,-1.5412837266921997,-1.2920407056808472,-1.7905267477035522,-2.0580243468284607,-1.9815701246261597,-2.1344785690307617,-1.9662595987319946,-1.9751509428024292,-1.95736825466156
YPR137W,test,True,True,0.8700509071350098,0.7206694304943084,0.6879584789276123,0.6675271391868591,1.464163064956665,0.40524277091026306,0.3784556984901428,0.731911689043045,0.8007228374481201,0.66310054063797,0.4254845529794693,0.702126681804657,0.14884242415428162,0.6341390907764435,0.6098109483718872,0.6584672331809998,0.6036924868822098,0.1604708731174469,1.0469141006469727
YPR138C,test,True,True,0.2411171942949295,-0.8287686869502068,-1.2859129905700684,-1.1342053413391113,-1.4873485565185547,-0.04251610487699509,-0.19386044144630432,-0.05768068879842758,-0.18687863647937775,0.07151725888252258,-1.6551697850227356,-1.7015124559402466,-1.6088271141052246,-1.0053768754005432,-1.6974619626998901,-0.3132917881011963,-0.9972861558198929,-1.6557514667510986,-0.33882084488868713
YPR139C,test,True,True,0.6423280835151672,-0.01696811392903328,-0.22783392667770386,0.1067456305027008,0.4643236994743347,-0.4613809585571289,0.033304985612630844,0.6708808243274689,0.7414986491203308,0.6002629995346069,-0.021918579936027527,-0.26009100675582886,0.2162538468837738,0.10391007177531719,0.1588650345802307,0.04895510897040367,0.19921187311410904,0.3092198669910431,0.08920387923717499
YPR140W,test,True,True,0.10246644169092178,0.3851135432720184,0.17887917160987854,0.5662403106689453,0.6084430813789368,0.1658746302127838,0.40613052248954773,0.4939388483762741,0.5759591460227966,0.4119185507297516,0.5829887241125107,0.482723206281662,0.6832542419433594,0.23953158780932426,-0.029133237898349762,0.5081964135169983,0.254163209348917,0.09408242255449295,0.41424399614334106
YPR141C,test,True,True,0.13992832601070404,0.44561087489128115,0.32924872636795044,0.17639929056167603,0.8811672925949097,0.44012972712516785,0.40110933780670166,0.5185380280017853,0.6642912030220032,0.3727848529815674,0.49162566661834717,0.8023562431335449,0.18089509010314941,0.4081338196992874,0.4146217405796051,0.4016458988189697,0.46941378712654114,0.3459240794181824,0.5929034948348999
YPR142C,test,False,False,-1.8432248830795288,-1.6225920796394349,-0.7999952435493469,-2.0695996284484863,-1.2784278392791748,-1.9436628818511963,-2.0212748050689697,-1.1415010690689087,-1.0670831203460693,-1.215919017791748,-0.8819068670272827,-1.941343903541565,0.1775301694869995,-1.444604754447937,-0.9383680820465088,-1.9508414268493652,-1.267278790473938,-1.8634341955184937,-0.6711233854293823
YPR143W,test,True,True,1.3073354959487915,0.8713840842247009,1.1360074281692505,0.6166394352912903,1.583167314529419,0.4153861999511719,0.605720043182373,0.8113202452659607,0.9601690173149109,0.6624714732170105,0.9944615960121155,1.3575087785720825,0.6314144134521484,0.7902480959892273,0.7524005770683289,0.8280956149101257,0.9803707003593445,1.2731680870056152,0.6875733137130737
YPR144C,test,True,True,0.4604417681694031,0.7638121515512466,0.31486374139785767,1.3572924137115479,0.921795666217804,0.17345233261585236,1.0516566038131714,0.9039707481861115,1.1567600965499878,0.6511813998222351,-0.3607476204633713,-0.9304306507110596,0.20893540978431702,0.6340413689613342,0.4487323760986328,0.8193503618240356,1.2393473386764526,1.2627934217453003,1.215901255607605
YPR145C-A,test,True,True,-0.18859218060970306,0.7386726856231689,0.4835137724876404,1.499415397644043,0.5498493313789368,0.5963250398635864,0.5642598867416382,0.274586521089077,0.09423066675662994,0.45494237542152405,0.9883297979831696,0.7262106537818909,1.2504489421844482,0.5534956157207489,-0.06223791837692261,1.1692291498184204,1.1401100158691406,0.703038215637207,1.5771818161010742
YPR145W,test,True,True,1.4271697998046875,1.2598207116127014,1.6550348997116089,1.6988351345062256,1.2299755811691284,1.0655075311660767,0.6497504115104675,0.732870876789093,0.668145477771759,0.797596275806427,0.8786462545394897,1.0008679628372192,0.7564245462417603,0.6222988963127136,0.5212013721466064,0.7233964204788208,1.58173406124115,1.5519803762435913,1.6114877462387085
YPR146C,test,False,False,-0.365792840719223,-1.000711941719055,-0.6666589975357056,-1.6147291660308838,-1.1823298931121826,-1.0591734647750854,-0.48066818714141846,-1.1415010690689087,-1.0670831203460693,-1.215919017791748,0.1624268852174282,-0.02983156591653824,0.35468533635139465,-1.15334752202034,-0.9555515646934509,-1.351143479347229,-1.6535343527793884,-1.7784682512283325,-1.5286004543304443
YPR147C,test,False,True,0.02802719920873642,0.33003065586090086,0.5551385879516602,-0.20399001240730286,0.23941344022750854,0.7194902300834656,0.340101033449173,0.44624848663806915,0.5298609733581543,0.362635999917984,0.5682704374194145,1.0034621953964233,0.1330786794424057,0.22965821623802185,0.22056174278259277,0.23875468969345093,0.08785182237625122,-0.32363298535346985,0.4993366301059723
YPR148C,test,True,True,0.661849856376648,0.953796899318695,0.4803154468536377,1.104513168334961,1.5002379417419434,1.0068732500076294,0.677044689655304,1.0511427223682404,1.1574649810791016,0.9448204636573792,0.4110141694545746,0.4794011414051056,0.3426271975040436,0.9193528592586517,1.193872332572937,0.6448333859443665,1.0528928339481354,0.8858353495597839,1.2199503183364868
YPR149W,test,True,True,1.1745121479034424,-0.3906200110912323,-0.2509293556213379,-0.41048505902290344,-0.6569880247116089,-0.49110668897628784,-0.14359092712402344,0.9147002100944519,1.0375080108642578,0.791892409324646,-0.6661957651376724,-0.11716309189796448,-1.2152284383773804,-0.12317049503326416,0.5439021587371826,-0.7902431488037109,0.01175546646118164,0.1751040369272232,-0.15159310400485992
YPR150W,test,False,False,-0.9649407267570496,-1.7850574493408202,-1.8386088609695435,-2.191951036453247,-1.598440408706665,-1.1987143754959106,-2.0975725650787354,-1.1415010690689087,-1.0670831203460693,-1.215919017791748,-1.9022647738456726,-1.6348520517349243,-2.169677495956421,-2.010851263999939,-1.9221835136413574,-2.0995190143585205,-1.8379029631614685,-2.058793783187866,-1.6170121431350708
YPR151C,test,True,False,-0.6189508438110352,-0.3588642552495003,-0.057617463171482086,-0.48677951097488403,-0.8879712224006653,-0.1976502388715744,-0.16430284082889557,-1.1415010690689087,-1.0670831203460693,-1.215919017791748,1.0288695096969604,1.1076219081878662,0.9501171112060547,0.11853695660829544,-0.12219147384166718,0.35926538705825806,-0.6192905753850937,-1.4776840209960938,0.23910287022590637
YPR152C,test,True,False,0.28906092047691345,-1.0096288561820983,-1.2102094888687134,-1.3134651184082031,-0.9045310616493225,-1.363871693611145,-0.2560669183731079,-1.1415010690689087,-1.0670831203460693,-1.215919017791748,0.08126845397055149,0.19934821128845215,-0.03681130334734917,-1.2596153020858765,-0.8813358545303345,-1.6378947496414185,-1.4729809761047363,-1.3709181547164917,-1.575043797492981
YPR153W,test,False,False,-0.5025051236152649,-1.1600702166557313,-0.6179503202438354,-0.883442223072052,-1.9020376205444336,-1.2018682956695557,-1.1950526237487793,-1.1415010690689087,-1.0670831203460693,-1.215919017791748,0.2629009708762169,0.08632533252239227,0.4394766092300415,-0.8238759636878967,-0.6604746580123901,-0.9872772693634033,-0.8683430254459381,-1.3042465448379517,-0.43243950605392456
YPR154W,test,True,True,1.3382643461227417,0.7075990289449692,0.6206462383270264,1.3514759540557861,0.12976418435573578,0.6679994463920593,0.7681093215942383,0.683551698923111,0.7705504298210144,0.5965529680252075,0.1999934483319521,0.36962395906448364,0.030362937599420547,1.3401233553886414,1.4356144666671753,1.2446322441101074,0.5715958625078201,0.812243640422821,0.3309480845928192
YPR155C,test,True,True,-0.028160933405160904,0.10049247592687607,-0.022119618952274323,-0.18093794584274292,0.6161269545555115,-0.04316681623458862,0.13255980610847473,0.21882016956806183,0.18363386392593384,0.2540064752101898,-0.19036131352186203,-0.5713229179382324,0.19060029089450836,-0.49775130301713943,-0.811298131942749,-0.18420447409152985,-0.027708242647349834,0.009448105469346046,-0.06486459076404572
YPR156C,test,True,True,0.23947133123874664,0.4976265490055084,0.43172159790992737,0.2195776402950287,0.7066659331321716,0.6575747132301331,0.47259286046028137,0.11543621681630611,0.22008468210697174,0.010787751525640488,0.4355332851409912,0.741646409034729,0.12942016124725342,0.3430362641811371,0.03474855422973633,0.6513239741325378,0.632703110575676,0.8223690390586853,0.4430371820926666
YPR157W,test,True,True,-0.5788564682006836,-0.15708358399569988,-0.010853191837668419,0.20690226554870605,0.17998723685741425,-0.4659043252468109,-0.6955499053001404,-0.19040914438664913,-0.031560640782117844,-0.3492576479911804,0.6797884106636047,0.7348999381065369,0.6246768832206726,0.2210933119058609,0.12958666682243347,0.31259995698928833,-0.5869601219892502,-0.8158145546913147,-0.35810568928718567
YPR158W,test,True,True,1.0065457820892334,1.1457730054855346,1.2559601068496704,1.1936147212982178,1.1032450199127197,1.2462373971939087,0.9298077821731567,0.8584575951099396,0.8786303400993347,0.8382848501205444,-0.33901017159223557,-0.4955444633960724,-0.18247587978839874,0.7512509226799011,1.0537954568862915,0.44870638847351074,1.2034929990768433,1.3796613216400146,1.0273246765136719
YPR159C-A,test,True,True,-1.0829640626907349,-0.47297548651695254,0.15345999598503113,0.30141139030456543,-1.1775574684143066,-0.5882782340049744,-1.0539131164550781,-0.3636819124221802,-0.2743527591228485,-0.45301106572151184,-2.0025195479393005,-2.057142972946167,-1.947896122932434,-0.3453817069530487,-0.4459396302700043,-0.24482378363609314,-0.44659873098134995,-0.8226915597915649,-0.07050590217113495
YPR159W,test,True,True,0.7029479146003723,0.7772190809249878,0.712213933467865,1.005357027053833,0.3670763373374939,0.9975897073745728,0.8038583993911743,1.0941696763038635,1.125370979309082,1.062968373298645,-0.07688230276107788,-0.40555045008659363,0.25178584456443787,0.6688768118619919,0.4034302532672882,0.9343233704566956,0.9711025357246399,0.9682987928390503,0.9739062786102295
YPR160C-A,test,False,False,-1.3417809009552002,-1.8644007921218873,-1.9328235387802124,-2.1112430095672607,-1.9933264255523682,-1.4836137294769287,-1.800997257232666,-1.1415010690689087,-1.0670831203460693,-1.215919017791748,0.14924320206046104,0.04287632554769516,0.25561007857322693,-1.7307792901992798,-2.0336408615112305,-1.427917718887329,-1.938206434249878,-1.9366828203201294,-1.9397300481796265
YPR160W,test,False,True,-0.7287850975990295,0.6101002141833305,1.107455849647522,0.05808567255735397,0.6883156299591064,0.8908147811889648,0.30582913756370544,-0.26041992753744125,-0.1837223321199417,-0.3371175229549408,0.07357306033372879,0.2832091748714447,-0.13606305420398712,0.22760280966758728,0.20079892873764038,0.2544066905975342,0.43102771043777466,0.3469492197036743,0.515106201171875
YPR160W-A,test,False,False,-2.088510751724243,-0.09169681072235107,-0.15688443183898926,-0.33496177196502686,0.25548475980758667,0.03442740440368652,-0.25655001401901245,-1.1415010690689087,-1.0670831203460693,-1.215919017791748,0.3432822823524475,0.4073413908481598,0.27922317385673523,0.006559833884239197,-0.3349820077419281,0.3481016755104065,-0.47866254672408104,-0.9766337871551514,0.01930869370698929
YPR161C,test,True,True,0.5830186009407043,0.7661119818687439,0.7675371170043945,0.7110499739646912,1.188697338104248,0.47352564334869385,0.6897498369216919,0.5002017766237259,0.5442038178443909,0.4561997354030609,0.7464020848274231,0.7058388590812683,0.7869653105735779,0.6601213067770004,0.3381049335002899,0.9821376800537109,0.7143890559673309,0.6719691157341003,0.7568089962005615
YPR162C,test,False,False,0.1490389108657837,-0.40694759115576745,0.3090142011642456,-0.20916587114334106,0.018145252019166946,-1.4617961645126343,-0.6909353733062744,-1.1415010690689087,-1.0670831203460693,-1.215919017791748,0.28843238949775696,0.27465566992759705,0.30220910906791687,-0.28632883355021477,0.11337289959192276,-0.6860305666923523,0.26522064954042435,0.16490863263607025,0.36553266644477844
YPR163C,test,True,True,0.9227486252784729,0.49876723289489744,0.3989463746547699,0.42353829741477966,0.6473747491836548,0.4357532262802124,0.5882235169410706,0.45330826938152313,0.6880555748939514,0.21856096386909485,0.3318236544728279,0.5355327725410461,0.12811453640460968,0.3970067650079727,0.12503883242607117,0.6689746975898743,0.7021253407001495,0.7532408833503723,0.6510097980499268
YPR164W,test,True,True,0.06585467606782913,-0.19684812128543855,0.3479612469673157,-1.1349060535430908,0.06571047008037567,-0.10838711261749268,-0.15461915731430054,0.18308813124895096,0.3019949793815613,0.06418128311634064,-0.35437676310539246,-0.28742656111717224,-0.42132696509361267,0.09366266243159771,0.2038271427154541,-0.016501817852258682,0.14550548791885376,0.08474215865135193,0.2062688171863556
YPR165W,test,True,True,0.9790582656860352,0.9492933988571167,1.2044239044189453,0.937824547290802,1.0324864387512207,0.851799726486206,0.7199323773384094,0.9129784107208252,0.9524458646774292,0.8735109567642212,0.7716096788644791,1.0720018148422241,0.471217542886734,1.0172690749168396,0.9789971113204956,1.0555410385131836,0.7287233471870422,0.7023707628250122,0.7550759315490723
YPR166C,test,True,True,-0.013963745906949043,0.6176371216773987,0.566053569316864,0.7593393921852112,0.7011525630950928,0.5898962616920471,0.4717438220977783,0.5254182368516922,0.5918099284172058,0.4590265452861786,0.2520255409181118,-0.09160024672746658,0.5956513285636902,0.7008704841136932,0.2491024136543274,1.152638554573059,0.6950686275959015,0.6299653649330139,0.7601718902587891
YPR167C,test,True,True,0.040643516927957535,0.15404678434133529,0.1033463105559349,0.7008509039878845,0.040553972125053406,0.12097401916980743,-0.19549128413200378,0.38294559717178345,0.531396210193634,0.23449498414993286,0.6230118274688721,0.17298924922943115,1.073034405708313,0.6459351480007172,0.3937069773674011,0.8981633186340332,-0.019786745309829712,-0.33011046051979065,0.2905369699001312
YPR168W,test,True,True,-0.11571411788463593,0.024836717545986174,-0.23759427666664124,0.28110581636428833,0.019762061536312103,-0.1343255192041397,0.1952355057001114,0.26216949708759785,0.4813154339790344,0.04302356019616127,0.6736194491386414,0.6208003759384155,0.7264385223388672,0.27115418389439583,-0.0007612332701683044,0.54306960105896,0.09508727490901947,-0.26094919443130493,0.45112374424934387
YPR169W,test,True,True,0.66619873046875,0.16238740384578704,0.5165033936500549,0.4161558747291565,0.4986010789871216,-0.19861413538455963,-0.42070919275283813,-0.1331192832440138,0.03918567672371864,-0.3054242432117462,0.803305134177208,1.1481455564498901,0.45846471190452576,0.21909531950950623,0.16951274871826172,0.26867789030075073,0.1989767849445343,-0.24103528261184692,0.6389888525009155
YPR169W-A,test,False,False,-2.088510751724243,-0.2928676337003708,0.4659174084663391,0.12076343595981598,-0.41990965604782104,-0.36349260807037354,-1.2676167488098145,-1.1415010690689087,-1.0670831203460693,-1.215919017791748,0.7427665889263153,0.7968429923057556,0.688690185546875,-0.05103839933872223,0.3954566419124603,-0.4975334405899048,0.17823389172554016,0.13290950655937195,0.22355827689170837
YPR170C,test,False,False,-1.228011131286621,-1.2374375104904174,-1.3949105739593506,-1.1355226039886475,-1.3967430591583252,-1.370470643043518,-0.8895406723022461,-1.1415010690689087,-1.0670831203460693,-1.215919017791748,-0.09817372262477875,-0.6684755682945251,0.47212812304496765,-1.294509768486023,-1.8305048942565918,-0.7585146427154541,-1.5204843282699585,-1.9133797883987427,-1.1275888681411743
YPR170W-A,test,False,False,-2.088510751724243,-0.654030579328537,0.1336628496646881,-0.3725685477256775,-0.3664286732673645,-1.2911021709442139,-1.3737163543701172,-1.1415010690689087,-1.0670831203460693,-1.215919017791748,-0.018783805891871452,-0.0622025728225708,0.024634961038827896,-0.26670338958501816,-0.0057844966650009155,-0.5276222825050354,-0.4152579754590988,-0.31790944933891296,-0.5126065015792847
YPR170W-B,test,False,True,-1.4901995658874512,1.0051992774009704,1.0377827882766724,1.4281466007232666,1.0263917446136475,0.7792748808860779,0.754400372505188,0.7685820460319519,0.7877378463745117,0.7494262456893921,0.7427665889263153,0.7968429923057556,0.688690185546875,1.0612817406654358,1.2310857772827148,0.8914777040481567,1.0893405079841614,1.106833577156067,1.0718474388122559
YPR171W,test,True,True,0.46786919236183167,0.1418839745223522,0.035178229212760925,-0.00186055526137352,0.3669518232345581,0.08489271253347397,0.2242576628923416,0.3734896332025528,0.4435359537601471,0.3034433126449585,-0.18362106382846832,-0.5806488394737244,0.21340671181678772,-0.04078110307455063,-0.264516144990921,0.18295393884181976,-0.11425888538360596,-0.09299790859222412,-0.1355198621749878
YPR172W,test,True,True,0.4075910151004791,0.523927241563797,0.5662306547164917,0.3234143555164337,0.7226284146308899,0.5062946677207947,0.501068115234375,0.5194495767354965,0.7024474740028381,0.3364516794681549,0.5726582258939743,0.923515260219574,0.22180119156837463,0.563137024641037,0.6601513028144836,0.46612274646759033,0.3834259659051895,0.3225710093975067,0.4442809224128723
YPR173C,test,False,True,1.0180516242980957,0.40349542945623396,0.12207432836294174,0.4054693579673767,0.7105239033699036,0.44108474254608154,0.33832481503486633,0.4087069183588028,0.38307684659957886,0.43433699011802673,1.0783268511295319,0.5841800570487976,1.5724736452102661,0.23939727619290352,0.006861008703708649,0.4719335436820984,0.5487343221902847,0.4877983629703522,0.6096702814102173
YPR174C,test,True,True,0.4943625032901764,0.3917468532919884,0.05698602646589279,0.47303658723831177,0.7994290590286255,0.2770584225654602,0.3522241711616516,0.7533716559410095,0.6645038723945618,0.8422394394874573,0.7158644497394562,0.9738979935646057,0.45783090591430664,0.7874838709831238,0.6921025514602661,0.8828651905059814,0.6756218373775482,0.5863872170448303,0.7648564577102661
YPR175W,test,True,True,0.21858875453472137,-0.36119164526462555,0.2722850441932678,-0.6306520104408264,-0.931887149810791,-0.4002518057823181,-0.11545230448246002,0.4824310690164566,0.4279272258281708,0.5369349122047424,-0.13270027935504913,-0.5553703308105469,0.2899697721004486,0.1871517449617386,0.6079404354095459,-0.23363694548606873,-0.1635117633268237,-0.008846631273627281,-0.31817689538002014
YPR176C,test,True,True,0.028016716241836548,0.548013174533844,0.44698959589004517,0.38188445568084717,0.8858182430267334,0.4489781856536865,0.5763953924179077,0.4626886397600174,0.574921727180481,0.35045555233955383,0.6007401794195175,0.739508330821991,0.46197202801704407,0.5330548882484436,0.5086890459060669,0.5574207305908203,0.676355317234993,0.3982241451740265,0.9544864892959595
YPR177C,test,False,False,-2.0011391639709473,-1.4727686047554016,-1.972975254058838,-1.632308006286621,-1.6578633785247803,-1.4203799962997437,-0.6803163886070251,-1.1415010690689087,-1.0670831203460693,-1.215919017791748,-2.182774543762207,-2.1448428630828857,-2.2207062244415283,-1.698658287525177,-1.7211443185806274,-1.6761722564697266,-1.8724717497825623,-1.9408220052719116,-1.804121494293213
YPR178W,test,True,True,0.20991475880146027,0.4992544770240784,0.3668091595172882,0.4379723370075226,0.6506558656692505,0.658905565738678,0.3819294571876526,0.40340037643909454,0.5107578635215759,0.29604288935661316,0.5484557449817657,0.7573065161705017,0.3396049737930298,0.5419465601444244,0.512052595615387,0.5718405246734619,0.13889708369970322,0.1264832615852356,0.15131090581417084
YPR179C,test,True,True,0.3514207899570465,0.15356683731079102,0.3235000967979431,0.010214142501354218,0.12050949037075043,0.06912840157747269,0.24448205530643463,0.23898713290691376,0.36565133929252625,0.11232292652130127,0.5262891948223114,0.5170440673828125,0.5355343222618103,0.4247589558362961,0.5489985942840576,0.30051931738853455,0.2201186791062355,0.19192536175251007,0.24831199645996094
YPR180W,test,True,True,0.014030802994966507,0.004857403039932251,0.18435350060462952,-0.32848215103149414,0.13654477894306183,-0.03183211386203766,0.06370300054550171,0.33398012816905975,0.3510894179344177,0.3168708384037018,0.11454368755221367,0.010002188384532928,0.2190851867198944,0.23880481906235218,0.48941758275032043,-0.011807944625616074,0.18891139328479767,0.25584810972213745,0.12197467684745789
YPR181C,test,True,True,1.0113255977630615,0.936663806438446,1.0742202997207642,1.1169118881225586,0.518653392791748,1.2821563482284546,0.6913771033287048,0.6474766731262207,0.7372834086418152,0.5576699376106262,0.43730245530605316,0.17383816838264465,0.7007667422294617,0.8416494727134705,0.9108440279960632,0.7724549174308777,1.0482629239559174,0.9482664465904236,1.1482594013214111
YPR182W,test,True,True,1.5914597511291504,0.6828206002712249,0.7264553308486938,0.7352392673492432,0.8173065781593323,0.7593486905097961,0.37575313448905945,0.7963054776191711,0.8398914337158203,0.752719521522522,0.26311108469963074,0.2344326674938202,0.2917895019054413,0.6777765154838562,0.6391301155090332,0.7164229154586792,0.9590010344982147,0.8245680928230286,1.0934339761734009
YPR183W,test,True,True,1.366305947303772,0.6657930254936218,0.5299702286720276,0.7478107213973999,0.8463364839553833,0.6316814422607422,0.5731662511825562,0.5608334690332413,0.6776486039161682,0.44401833415031433,0.5809933543205261,0.5800313949584961,0.5819553136825562,0.8816336989402771,0.8514680862426758,0.9117993116378784,0.6819389164447784,0.6788926720619202,0.6849851608276367
YPR184W,test,False,True,-0.2153036743402481,0.09221808463335038,0.5751979351043701,0.045791931450366974,0.39886248111724854,0.36832043528556824,-0.927082359790802,0.5052006393671036,0.6847668290138245,0.3256344497203827,0.415579229593277,0.4501751959323883,0.38098326325416565,0.5350760370492935,0.6976538300514221,0.3724982440471649,0.5701716989278793,0.4943053424358368,0.6460380554199219
YPR185W,test,True,True,0.4848250448703766,0.1636098377406597,0.20316070318222046,-0.012550696730613708,0.48316335678100586,0.11486940085887909,0.02940642461180687,0.3211047053337097,0.3957151770591736,0.24649423360824585,0.30913756787776947,0.2924654483795166,0.32580968737602234,-0.00915355421602726,-0.0023384615778923035,-0.015968646854162216,0.0817757286131382,-0.05673684924840927,0.22028830647468567
YPR186C,test,True,True,0.30767524242401123,0.39251587614417077,0.5097543597221375,0.2648046612739563,0.7674725651741028,0.38255003094673157,0.037997763603925705,0.5240027755498886,0.5530962347984314,0.4949093163013458,-0.005685184150934219,-0.01774786412715912,0.00637749582529068,0.38215355575084686,0.18141552805900574,0.582891583442688,0.444435253739357,0.38477447628974915,0.5040960311889648
YPR187W,test,True,True,1.2839267253875732,0.36877663880586625,0.0963551476597786,0.20271843671798706,0.847515881061554,0.5753787755966187,0.12191495299339294,0.45812053978443146,0.4491478204727173,0.46709325909614563,0.5564639717340469,0.6259778141975403,0.4869501292705536,0.5308315306901932,0.30452921986579895,0.7571338415145874,0.4457057863473892,0.32279911637306213,0.5686124563217163
YPR188C,test,True,True,0.5870754718780518,0.18134659826755523,0.4059598743915558,-0.1444385051727295,0.8208776712417603,-0.26859569549560547,0.0929296463727951,0.3642302304506302,0.38058197498321533,0.34787848591804504,0.21108382940292358,0.22066491842269897,0.2015027403831482,0.20093329064548016,0.3446449339389801,0.05722164735198021,0.33176934719085693,0.3482525646686554,0.31528612971305847
YPR189W,test,False,True,0.14325082302093506,-0.027231763303279876,0.06738968938589096,-0.17784279584884644,0.043376047164201736,-0.11805203557014465,0.04897027835249901,0.39008568227291107,0.33960145711898804,0.4405699074268341,-0.17647846043109894,-0.5675047636032104,0.21454784274101257,0.01571689546108246,0.13915827870368958,-0.10772448778152466,0.1392798013985157,-0.09988530725240707,0.3784449100494385
YPR190C,test,True,True,0.3087592124938965,1.0961771965026856,1.0419219732284546,1.2803499698638916,1.2447227239608765,0.8705089092254639,1.0433824062347412,0.9198580980300903,1.1795127391815186,0.6602034568786621,1.1180992722511292,1.1166077852249146,1.1195907592773438,1.1714412868022919,0.749550998210907,1.5933315753936768,1.2391021251678467,1.292230248451233,1.1859740018844604
YPR191W,test,True,True,0.5455928444862366,0.6763335108757019,0.4901583194732666,0.7324668765068054,0.6339507699012756,0.9809405207633972,0.5441510677337646,0.3935542106628418,0.559478223323822,0.22763019800186157,0.5931501090526581,0.645695149898529,0.5406050682067871,0.7022248804569244,0.9136456251144409,0.49080413579940796,0.5056677907705307,0.31103870272636414,0.7002968788146973
YPR192W,test,True,True,-1.3104695081710815,-0.9504836320877075,-0.24753981828689575,-1.317441701889038,-1.4371898174285889,-0.4952778220176697,-1.2549690008163452,-0.9487936198711395,-0.8501449227333069,-1.0474423170089722,0.8654592484235764,1.2310842275619507,0.499834269285202,-0.5711643844842911,-0.4508518874645233,-0.6914768815040588,-0.5314467996358871,-0.7711519002914429,-0.2917416989803314
YPR193C,test,True,True,-0.31695595383644104,-0.35449016839265823,-0.0003918856382369995,-0.8007839322090149,-0.06302755326032639,-0.49983835220336914,-0.40840911865234375,0.12151298113167286,0.043856505304574966,0.19916945695877075,-0.34034544229507446,-0.5271344184875488,-0.1535564661026001,-0.1361946053802967,-0.020657159388065338,-0.2517320513725281,-0.27860604226589203,-0.31757137179374695,-0.2396407127380371
YPR194C,test,True,False,-1.6876615285873413,-0.4743385374546051,-1.0341708660125732,-0.8146169781684875,-0.28032562136650085,-0.32465213537216187,0.082072913646698,-1.1415010690689087,-1.0670831203460693,-1.215919017791748,0.05421329289674759,0.18852224946022034,-0.08009566366672516,-0.637283205986023,-1.1614794731140137,-0.11308693885803223,-0.5955938026309013,-1.1420434713363647,-0.04914413392543793
YPR195C,test,False,False,-0.36696335673332214,-1.45584237575531,-0.9811633825302124,-1.8118352890014648,-1.4445104598999023,-1.4770971536636353,-1.5646055936813354,-1.1415010690689087,-1.0670831203460693,-1.215919017791748,0.3334941118955612,0.43880003690719604,0.2281881868839264,-1.272853970527649,-1.1442997455596924,-1.4014081954956055,-1.6461490392684937,-1.690325140953064,-1.6019729375839233
YPR196W,test,True,True,-0.8148883581161499,-0.5403108604252338,-0.022496957331895828,-1.4715027809143066,0.15005092322826385,-0.19789543747901917,-1.1597100496292114,-0.01803223043680191,0.16048984229564667,-0.1965543031692505,-0.21030601859092712,-0.5585174560546875,0.13790541887283325,-0.9795020371675491,-0.4742331802845001,-1.4847708940505981,-0.8940491303801537,-0.12426523864269257,-1.6638330221176147
YPR197C,test,False,False,-1.5266436338424683,-1.6571527242660522,-1.7444159984588623,-1.5190579891204834,-1.9513604640960693,-1.3716596364974976,-1.6992695331573486,-1.1415010690689087,-1.0670831203460693,-1.215919017791748,-0.3742766007781029,-0.5360235571861267,-0.21252964437007904,-1.4860929250717163,-1.5134118795394897,-1.4587739706039429,-1.9297792315483093,-2.2247605323791504,-1.6347979307174683
YPR198W,test,True,True,-0.08635298162698746,-0.9905529737472534,-0.6429451107978821,-1.3461377620697021,-1.161447286605835,-0.5310171246528625,-1.2712175846099854,-0.17991920560598373,-0.508219838142395,0.14838142693042755,-2.2364754676818848,-2.237285852432251,-2.2356650829315186,-0.8826230764389038,-0.7449983358383179,-1.0202478170394897,-0.14693517982959747,-0.2516874670982361,-0.04218289256095886
YPR199C,test,True,True,0.30400922894477844,0.22983547449111938,0.2408876121044159,0.2783167362213135,0.5607120990753174,-0.08161398768424988,0.15087491273880005,0.2697446495294571,0.2853541970252991,0.2541351020336151,0.3253844380378723,0.15143612027168274,0.4993327558040619,0.6708734929561615,0.5964426398277283,0.7453043460845947,0.3021096885204315,0.03475755453109741,0.5694618225097656
YPR200C,test,True,True,-0.34860339760780334,-0.3503476470708847,-0.7617128491401672,-0.006503168493509293,-0.25635749101638794,-0.7020679116249084,-0.025096815079450607,-0.25408273935317993,-0.26294687390327454,-0.24521860480308533,0.43419331312179565,0.38194558024406433,0.486441045999527,-0.34854181855916977,-0.5910965204238892,-0.10598711669445038,-0.38789475709199905,-0.188905730843544,-0.5868837833404541
YPR201W,test,True,True,-1.2380478382110596,-0.25458898916840556,-0.37813401222229004,0.08256782591342926,-0.4510003328323364,-0.4658735990524292,-0.06050482764840126,0.05660943686962128,0.44283878803253174,-0.3296199142932892,-0.28454044461250305,-0.2210896909236908,-0.3479911983013153,-0.12434497103095055,-0.17410221695899963,-0.07458772510290146,0.40445348620414734,0.5302957892417908,0.2786111831665039
YPR202W,test,True,True,-0.9642260074615479,-0.9371388465166092,-0.7071168422698975,-1.3848814964294434,-1.387487530708313,-1.0547606945037842,-0.15144766867160797,0.3283824697136879,0.22469733655452728,0.4320676028728485,-1.8804845213890076,-2.3926641941070557,-1.3683048486709595,-0.784149557352066,-0.6384584307670593,-0.9298406839370728,-0.7519783824682236,-1.214482307434082,-0.2894744575023651
YPR203W,test,False,False,-2.088510751724243,-1.998603057861328,-1.9563335180282593,-2.1013331413269043,-2.1935479640960693,-1.7719961404800415,-1.9698045253753662,-1.1415010690689087,-1.0670831203460693,-1.215919017791748,-2.027968943119049,-1.8770397901535034,-2.1788980960845947,-1.8986651301383972,-1.9661482572555542,-1.8311820030212402,-2.040237069129944,-2.1524624824523926,-1.9280116558074951
YPR204C-A,test,False,False,-2.088510751724243,-2.1609545230865477,-2.1888811588287354,-2.180173873901367,-2.2558441162109375,-2.0125861167907715,-2.1672873497009277,-1.1415010690689087,-1.0670831203460693,-1.215919017791748,-2.1931746006011963,-2.111828565597534,-2.2745206356048584,-2.1663858890533447,-2.1473989486694336,-2.185372829437256,-2.1106584668159485,-2.236144542694092,-1.9851723909378052
YPR204W,test,False,True,-1.5897023677825928,-0.6876454055309296,-0.3928840756416321,-1.094764232635498,-1.0835411548614502,-0.7294463515281677,-0.13759121298789978,0.3007630556821823,0.39230841398239136,0.20921769738197327,-1.2434300184249878,-1.4252537488937378,-1.0616062879562378,-0.13836493715643883,0.12222058326005936,-0.398950457572937,-0.38007964193820953,-0.4817864000797272,-0.2783728837966919
YML001W,val,True,True,0.09981755167245865,0.17587106823921203,0.2215871512889862,0.38063424825668335,0.14989915490150452,-0.1671794354915619,0.294414222240448,0.3493751883506775,0.4662184417247772,0.23253193497657776,-0.10304090939462185,-0.01746843382716179,-0.1886133849620819,0.4618081599473953,0.7384065389633179,0.18520978093147278,0.37436726689338684,0.4495995342731476,0.2991349995136261
YML002W,val,True,False,-0.5484904646873474,-0.5975274264812469,-0.4870990514755249,-0.7668615579605103,-0.8991785645484924,-0.25791457295417786,-0.5765833854675293,-1.1415010690689087,-1.0670831203460693,-1.215919017791748,-0.22422786056995392,-0.6408916115760803,0.19243589043617249,-0.1850476861000061,-0.12793737649917603,-0.24215799570083618,-1.662437617778778,-1.5305954217910767,-1.7942798137664795
YML003W,val,True,True,-0.17206202447414398,-1.2097510814666748,-0.6450672745704651,-1.2622699737548828,-1.8037785291671753,-0.5601800084114075,-1.7774596214294434,-1.2945592999458313,-1.4005171060562134,-1.1886014938354492,0.5301398187875748,0.9278159141540527,0.1324637234210968,-0.18323486112058163,-0.0543566457927227,-0.31211307644844055,-0.4344151020050049,-0.3972136676311493,-0.4716165363788605
YML004C,val,True,True,0.9507676362991333,-0.07627355456352233,-0.31845003366470337,0.6714780926704407,0.12294363975524902,-0.4260207414627075,-0.4313187301158905,0.3883548825979233,0.36780548095703125,0.4089042842388153,0.2321450039744377,0.04845406115055084,0.4158359467983246,0.3669673055410385,0.23852506279945374,0.4954095482826233,0.5808193683624268,0.2959630489349365,0.865675687789917
YML005W,val,True,True,-0.3877286911010742,-0.04488587453961372,0.32427558302879333,-0.5719156265258789,-0.07986246794462204,0.09793278574943542,0.0051403529942035675,0.1346897203475237,0.051950905472040176,0.2174285352230072,0.5631728768348694,0.9656813144683838,0.16066443920135498,-0.07613425329327583,-0.054201506078243256,-0.09806700050830841,-0.10088403522968292,-0.33313095569610596,0.1313628852367401
YML006C,val,False,True,0.3955738842487335,0.3902879267930984,0.6085557341575623,0.7061333656311035,0.1942680925130844,0.21686910092830658,0.22561334073543549,0.1611771434545517,0.1593465954065323,0.1630076915025711,0.5538894236087799,1.0151129961013794,0.09266585111618042,0.4625360816717148,0.34832677245140076,0.5767453908920288,0.8285394459962845,0.3971070349216461,1.2599718570709229
YML007C-A,val,False,True,-0.5949561595916748,0.05852541029453277,-0.43566256761550903,-0.10521203279495239,0.07557100057601929,0.19191010296344757,0.5660205483436584,0.49112337827682495,0.8190667033195496,0.16318005323410034,-1.1664970517158508,-0.6553604602813721,-1.6776336431503296,0.27374058961868286,-0.23189008235931396,0.7793712615966797,0.30545128881931305,0.40141865611076355,0.20948392152786255
YML007W,val,True,True,0.8737053871154785,1.1257979989051818,1.1483474969863892,1.2173421382904053,1.3854315280914307,0.8240324854850769,1.0538363456726074,0.6257525682449341,0.6483473181724548,0.6031578183174133,1.4356464743614197,1.2712663412094116,1.6000266075134277,1.2045641541481018,1.1693428754806519,1.2397854328155518,1.3040109872817993,1.2502647638320923,1.3577572107315063
YML008C,val,True,True,1.46259343624115,0.6475200355052948,0.2730948030948639,0.8586621284484863,0.8756290078163147,0.6255190372467041,0.604695200920105,0.9274764657020569,1.2550749778747559,0.5998779535293579,-0.4977777302265167,-0.22428953647613525,-0.7712659239768982,0.9139294028282166,0.8924884796142578,0.9353703260421753,0.8493077754974365,0.8372830152511597,0.8613325357437134
YML009C,val,True,True,1.2611125707626343,-0.04638415277004242,0.648725152015686,-0.33764785528182983,-0.4059068560600281,0.21852494776248932,-0.35561615228652954,-0.17245650105178356,0.052483294159173965,-0.3973962962627411,0.44730839133262634,0.9956286549568176,-0.10101187229156494,0.24173779785633087,0.3858114182949066,0.09766417741775513,0.3060688264667988,0.5986034274101257,0.013534225523471832
YML009C-A,val,False,False,-1.6299614906311035,-1.2787274718284607,-0.5125017762184143,-2.066476821899414,-1.204727292060852,-1.0275028944015503,-1.5824285745620728,-1.1415010690689087,-1.0670831203460693,-1.215919017791748,-0.1322437971830368,-0.37595829367637634,0.11147069931030273,-1.3222009539604187,-0.4756511449813843,-2.168750762939453,-1.756668746471405,-1.5700558423995972,-1.943281650543213
YML009W-B,val,False,False,-1.4736425876617432,-1.3952652215957642,-0.986203670501709,-1.9161646366119385,-1.285599708557129,-1.1221665143966675,-1.666191577911377,-1.1415010690689087,-1.0670831203460693,-1.215919017791748,0.340179018676281,0.4946989119052887,0.18565912544727325,-1.1364758610725403,-1.0237993001937866,-1.249152421951294,-0.9700921773910522,-1.1820098161697388,-0.7581745386123657
YML010W,val,True,True,0.6635039448738098,0.4072077602148056,0.2699015736579895,0.32782942056655884,0.7258209586143494,0.15674595534801483,0.5557408928871155,0.4773157984018326,0.5364372730255127,0.41819432377815247,0.40496061742305756,0.4761302173137665,0.33379101753234863,0.46795853972435,0.4672550559043884,0.4686620235443115,0.39221666753292084,0.4104771614074707,0.37395617365837097
YML011C,val,True,True,0.18327467143535614,0.7870469450950622,1.0210342407226562,0.8339880108833313,0.7797183394432068,0.816527783870697,0.4839663505554199,0.6238940358161926,0.6754335761070251,0.5723544955253601,0.7711342573165894,0.8640636205673218,0.6782048940658569,1.1844980716705322,1.334429383277893,1.0345667600631714,0.8672639727592468,1.0000618696212769,0.7344660758972168
YML012C-A,val,False,False,-1.415997862815857,-1.7970580816268922,-2.0362987518310547,-1.8595354557037354,-2.0996124744415283,-1.8533074855804443,-1.1365362405776978,-1.1415010690689087,-1.0670831203460693,-1.215919017791748,-0.4308422598987818,-0.8302024602890015,-0.03148205950856209,-1.911077857017517,-2.0138323307037354,-1.8083233833312988,-1.9949714541435242,-2.2079389095306396,-1.7820039987564087
YML012W,val,True,True,1.0474464893341064,0.9123250722885132,0.6464112401008606,0.7235299944877625,1.1372367143630981,1.3208167552947998,0.7336306571960449,0.8382621109485626,0.8656216263771057,0.8109025955200195,0.6372131854295731,0.48145028948783875,0.7929760813713074,1.2059598565101624,1.3786739110946655,1.0332458019256592,0.7777852118015289,0.910312831401825,0.6452575922012329
YML013W,val,True,True,0.24168728291988373,0.7219549655914307,0.703204333782196,0.9271140098571777,0.7353379130363464,0.46566563844680786,0.7784529328346252,0.7306343615055084,0.8762384653091431,0.5850302577018738,0.5694901496171951,0.2739173471927643,0.865062952041626,0.9071924686431885,1.2488256692886353,0.5655592679977417,1.1861656308174133,0.859981894493103,1.5123493671417236
YML014W,val,True,True,0.4371262192726135,0.28624974712729456,0.6720607876777649,0.0669158473610878,0.05236630514264107,0.42870211601257324,0.2112036794424057,0.4050506055355072,0.3564091622829437,0.4536920487880707,0.16591826640069485,0.2720935046672821,0.05974302813410759,0.2631630599498749,0.19633597135543823,0.3299901485443115,0.31185928732156754,0.11157400906085968,0.5121445655822754
YML015C,val,True,True,1.0052204132080078,0.23078746423125268,0.3310838043689728,0.11038646101951599,0.13769258558750153,0.5205224752426147,0.05425199493765831,0.46621568500995636,0.40220049023628235,0.5302308797836304,0.8279660940170288,0.8811432719230652,0.7747889161109924,0.36584584414958954,0.35763928294181824,0.37405240535736084,0.18301066756248474,0.06857866048812866,0.2974426746368408
YML016C,val,True,True,0.2720161974430084,0.5836191922426224,0.5616728663444519,0.1669837385416031,0.916442334651947,0.7724636197090149,0.500533401966095,0.5030119568109512,0.5262618660926819,0.4797620475292206,0.03133998066186905,0.17497605085372925,-0.11229608952999115,0.6264004558324814,0.4724372327327728,0.7803636789321899,0.47444435954093933,0.3666185736656189,0.5822701454162598
YML017W,val,False,True,0.786972165107727,0.4691228151321411,0.33567777276039124,0.537060558795929,0.5087305903434753,0.46467840671539307,0.49946674704551697,0.3765796273946762,0.3178098797798157,0.43534937500953674,-0.45108090341091156,-0.6644091010093689,-0.23775270581245422,0.595971867442131,0.4495551288127899,0.7423886060714722,0.41848286986351013,0.285155713558197,0.5518100261688232
YML018C,val,True,True,-0.07932473719120026,0.08112651109695435,-0.097658172249794,0.14080810546875,0.2298884093761444,-0.1392231434583664,0.2718173563480377,0.2733615040779114,0.3536325991153717,0.19309040904045105,-0.05582907795906067,-0.4695318639278412,0.35787370800971985,0.2062518075108528,-0.046076759696006775,0.4585803747177124,0.29803136829286814,0.016457991674542427,0.5796047449111938
YML019W,val,True,True,0.6306172609329224,-0.09393909610807896,-0.20500731468200684,-0.20542128384113312,-0.015816159546375275,-0.00796465389430523,-0.035486068576574326,0.1675498578697443,0.2904214859008789,0.044678229838609695,-0.2409791201353073,-0.4665661156177521,-0.015392124652862549,-0.02115890383720398,-0.2585448920726776,0.21622708439826965,0.024007834494113922,0.23611976206302643,-0.18810409307479858
YML020W,val,True,True,0.3224639892578125,0.35199842751026156,0.38966065645217896,0.18998295068740845,0.7508320212364197,0.2020658552646637,0.2274506539106369,0.27261945605278015,0.3138369023799896,0.23140200972557068,0.5545607507228851,0.507882297039032,0.6012392044067383,0.5943785607814789,0.6825635433197021,0.5061935782432556,0.16471482068300247,0.1791606992483139,0.15026894211769104
YML021C,val,False,True,0.6435824036598206,-0.253496765345335,-0.1776386797428131,-0.5526111721992493,-0.2787970304489136,-0.29528841376304626,0.03685146942734718,0.12567303143441677,0.1974421590566635,0.05390390381217003,0.24235228821635246,0.056425921618938446,0.4282786548137665,-0.2638827860355377,-0.29921406507492065,-0.22855150699615479,-0.4363567680120468,-0.8588351607322693,-0.01387837529182434
YML022W,val,True,True,0.5541379451751709,0.33313595354557035,0.3295380175113678,0.04609142243862152,0.4603537321090698,0.5355071425437927,0.294189453125,0.41851523518562317,0.39843007922172546,0.4386003911495209,0.9265514314174652,0.7004098296165466,1.1526930332183838,0.4739067107439041,0.4146346151828766,0.5331788063049316,0.4668072909116745,0.308273047208786,0.625341534614563
YML023C,val,True,True,-0.35976850986480713,0.40320099890232086,0.6974138617515564,0.4686819911003113,0.4394162893295288,0.29203560948371887,0.11845724284648895,0.4457171857357025,0.446529746055603,0.444904625415802,0.06502511166036129,0.022152867168188095,0.10789735615253448,0.5939327478408813,0.6921376585960388,0.4957278370857239,0.3965296447277069,0.32778289914131165,0.4652763903141022
YML024W,val,True,True,1.096016526222229,1.4450677752494812,1.513754963874817,0.965446412563324,1.6250724792480469,1.6765491962432861,1.4445158243179321,1.485431730747223,1.4690773487091064,1.5017861127853394,0.16148875653743744,0.2190268337726593,0.10395067930221558,0.8031806647777557,0.8945779204368591,0.7117834091186523,1.6586108803749084,2.165205717086792,1.152016043663025
YML025C,val,True,True,0.9592479467391968,1.0220983684062959,0.29984667897224426,1.330413579940796,0.9691866040229797,1.2526837587356567,1.2583612203598022,1.0770636200904846,0.8914587497711182,1.262668490409851,0.39334826171398163,0.5550509095191956,0.2316456139087677,0.8330861032009125,0.9693622589111328,0.6968099474906921,0.6714734733104706,0.35218268632888794,0.9907642602920532
YML026C,val,True,True,1.3523147106170654,1.7017468452453612,1.785521149635315,1.7873122692108154,2.0357866287231445,1.105499267578125,1.7946149110794067,1.5260631442070007,1.6955862045288086,1.3565400838851929,0.27437953650951385,0.3001539707183838,0.24860510230064392,0.9727666676044464,1.22431218624115,0.7212211489677429,1.5806105136871338,1.787497639656067,1.3737233877182007
YML027W,val,True,True,0.6756961941719055,0.8123908996582031,0.6220072507858276,1.4827933311462402,0.7480932474136353,1.020208716392517,0.1888519525527954,0.8090280890464783,0.828264057636261,0.7897921204566956,0.7783445715904236,0.7621225118637085,0.7945666313171387,0.6144637167453766,0.5849193334579468,0.6440081000328064,0.7646295726299286,0.7848520874977112,0.744407057762146
YML028W,val,False,True,2.2603280544281006,0.9848309457302094,1.3047664165496826,1.2456879615783691,1.2896368503570557,0.8377082943916321,0.24635520577430725,0.7036654055118561,0.815820038318634,0.5915107727050781,0.9596611559391022,0.8661585450172424,1.053163766860962,1.3548722863197327,1.1570876836776733,1.552656888961792,1.2226205468177795,0.7475637197494507,1.6976773738861084
YML029W,val,True,True,0.0011504775611683726,-0.3672213114798069,-0.1480780690908432,-0.6957472562789917,0.026929553598165512,-0.6213565468788147,-0.3978542387485504,-0.5563441514968872,-0.5038287043571472,-0.6088595986366272,0.0008285082876682281,0.02677294984459877,-0.025115933269262314,-0.6902087926864624,-0.8624680638313293,-0.5179495215415955,-0.7335834801197052,-1.2526085376739502,-0.2145584225654602
YML030W,val,True,True,0.9730721712112427,0.8719555258750915,0.798223078250885,1.0805728435516357,0.6910044550895691,1.1700763702392578,0.6199008822441101,0.6534379720687866,0.7883278727531433,0.5185480713844299,0.6229840964078903,0.7534657716751099,0.4925024211406708,1.1952927708625793,1.018499493598938,1.3720860481262207,0.8302885293960571,0.733254075050354,0.9273229837417603
YML031C-A,val,False,False,-2.007462978363037,-0.8381768524646759,-1.423204779624939,-0.8430019617080688,-0.34945279359817505,-0.4486531913280487,-1.126571536064148,-1.1415010690689087,-1.0670831203460693,-1.215919017791748,0.043141454458236694,-0.6062224507331848,0.6925053596496582,-1.0023612976074219,-1.5404099225997925,-0.46431267261505127,-0.2439032793045044,-1.6037338972091675,1.1159273386001587
YML031W,val,True,True,0.7626447677612305,0.65575692653656,0.6915105581283569,1.0619392395019531,0.6403849720954895,0.44846194982528687,0.43648791313171387,0.45805618166923523,0.5016825795173645,0.41442978382110596,0.17911316454410553,-0.12955611944198608,0.48778244853019714,0.7757374346256256,0.730192244052887,0.8212826251983643,0.39407773315906525,0.5121800303459167,0.27597543597221375
YML032C,val,True,True,0.8247361183166504,0.6323392748832702,0.7272478938102722,0.6202005743980408,0.7225633263587952,0.7191122174263,0.3725723624229431,0.4950288236141205,0.5625061392784119,0.4275515079498291,0.1387114804238081,-0.04038843885064125,0.31781139969825745,0.7692817896604538,0.4979477822780609,1.0406157970428467,0.5141084045171738,0.4726075828075409,0.5556092262268066
YML034C-A,val,False,False,-1.8128827810287476,-1.6418884634971618,-0.784812867641449,-2.0699470043182373,-1.6827797889709473,-1.6171824932098389,-2.054720163345337,-1.1415010690689087,-1.0670831203460693,-1.215919017791748,-0.27992988377809525,-0.10980282723903656,-0.45005694031715393,-1.6931288838386536,-1.353256344795227,-2.03300142288208,-2.007828950881958,-2.0812790393829346,-1.9343788623809814
YML034W,val,False,True,0.27390971779823303,0.9507797837257386,1.0047045946121216,1.0931336879730225,1.0536212921142578,0.8679836392402649,0.7344557046890259,0.5902405083179474,0.8344647884368896,0.3460162281990051,0.8623826503753662,0.9237388968467712,0.8010264039039612,1.166166067123413,1.2349921464920044,1.0973399877548218,0.9423937499523163,0.831271231174469,1.0535162687301636
YML035C,val,False,True,0.2505436837673187,0.5088394612073899,0.7887738347053528,0.05483691394329071,0.5746543407440186,0.7156655192375183,0.4102666974067688,0.6567775309085846,0.6575108766555786,0.6560441851615906,0.11373336613178253,0.6399075388908386,-0.41244080662727356,0.6092873513698578,0.7836378812789917,0.4349368214607239,0.7347253262996674,0.6361971497535706,0.8332535028457642
YML036W,val,True,True,-0.2925157845020294,-0.31277684569358827,-0.22923704981803894,-1.0705578327178955,0.31355854868888855,-0.19004061818122864,-0.38760727643966675,-0.07507548481225967,0.0880620926618576,-0.23821306228637695,-0.15834777057170868,-0.7178583741188049,0.4011628329753876,-0.1888957228511572,-0.43144628405570984,0.05365483835339546,-0.24729272071272135,0.0172929298132658,-0.5118783712387085
YML037C,val,False,True,-0.011663244105875492,-0.06973359361290932,-0.18138384819030762,-0.2570269703865051,0.09723642468452454,-0.04191441833972931,0.03442084416747093,0.20651765912771225,0.12279976904392242,0.2902355492115021,0.749100536108017,0.9889436364173889,0.509257435798645,0.08003993332386017,-0.12601539492607117,0.2860952615737915,0.034709930419921875,-0.09041202068328857,0.15983188152313232
YML038C,val,True,True,0.6244213581085205,0.5074733048677444,0.4471716582775116,0.5200377106666565,0.75025874376297,0.233726367354393,0.5861720442771912,0.506492406129837,0.4945219159126282,0.5184628963470459,-0.24766525626182556,-0.1273745596408844,-0.3679559528827667,0.3810707777738571,0.3536694049835205,0.4084721505641937,0.5334337130188942,0.23284514248371124,0.8340222835540771
YML041C,val,True,True,0.3921988308429718,0.8344590902328491,0.6764186024665833,0.7270757555961609,1.1998509168624878,0.9069823026657104,0.6619678735733032,0.9646917581558228,1.081565499305725,0.8478180170059204,0.390228271484375,0.6781307458877563,0.10232579708099365,0.7840878963470459,0.6970967054367065,0.8710790872573853,0.8380081057548523,1.0100382566452026,0.665977954864502
YML042W,val,True,True,-1.2188129425048828,-1.0548669934272765,-1.0444642305374146,-1.3428990840911865,-0.7740612626075745,-1.143672227859497,-0.9692381620407104,-1.2302461862564087,-1.1080279350280762,-1.3524644374847412,0.25454743206501007,0.08097738027572632,0.4281174838542938,-0.7013257592916489,-0.49111315608024597,-0.9115383625030518,-1.2669832110404968,-1.5016409158706665,-1.0323255062103271
YML043C,val,True,True,0.34939372539520264,0.4337789833545685,0.5328531265258789,0.5471748113632202,0.28299400210380554,0.5971247553825378,0.2087482213973999,0.10910019464790821,0.0330268032848835,0.18517358601093292,1.3025341033935547,1.400879979133606,1.2041882276535034,0.7801597118377686,0.8171875476837158,0.7431318759918213,0.842324823141098,0.9395694136619568,0.7450802326202393
YML046W,val,True,True,-0.27543413639068604,-0.44345701336860655,-0.5374534726142883,-1.0962672233581543,-0.7545912265777588,-0.2574601173400879,0.42848697304725647,0.3263438995927572,0.6004126667976379,0.05227513238787651,0.23547859489917755,0.23923009634017944,0.23172709345817566,-0.5248229056596756,-0.6813925504684448,-0.36825326085090637,-0.34902480244636536,-0.12373620271682739,-0.5743134021759033
YML047C,val,True,True,-1.7559802532196045,-0.7285003677010536,-1.7867010831832886,-1.0511958599090576,-0.4905289113521576,-0.09358387440443039,-0.22049210965633392,0.51224584877491,0.6226639151573181,0.40182778239250183,-0.001630246639251709,-0.15666449069976807,0.15340399742126465,-1.0595203936100006,-1.1638222932815552,-0.955218493938446,-1.4365466833114624,-2.047882556915283,-0.8252108097076416
YML047W-A,val,False,False,-2.088510751724243,-0.9554076254367828,-0.43283209204673767,-1.2935354709625244,-0.9660051465034485,-1.0016261339187622,-1.0830392837524414,-1.1415010690689087,-1.0670831203460693,-1.215919017791748,-1.1093879044055939,-0.9130231738090515,-1.3057526350021362,-0.936400294303894,-0.8127356767654419,-1.0600649118423462,-0.6078156158328056,-0.9932106137275696,-0.2224206179380417
YML048W,val,True,True,1.1930466890335083,0.4812107443809509,0.4300403892993927,0.7262178063392639,0.34670013189315796,0.47572603821754456,0.4273693561553955,0.6289769113063812,0.6841740012168884,0.573779821395874,0.7418783605098724,0.9107006192207336,0.5730561017990112,0.9588937163352966,0.8787530660629272,1.039034366607666,0.8634709417819977,0.7449474930763245,0.9819943904876709
YML049C,val,True,True,0.2124556005001068,-0.19004560112953187,-0.3956291079521179,0.13074177503585815,-0.7392464280128479,0.18679505586624146,-0.1328893005847931,0.21631679497659206,0.4499140977859497,-0.01728050783276558,-0.5732010155916214,-0.9656601548194885,-0.18074187636375427,0.29597267881035805,0.07670391350984573,0.5152414441108704,-0.23379432410001755,-0.5600835084915161,0.09249486029148102
YML050W,val,False,True,-0.6815418601036072,-0.605849540233612,-0.38616251945495605,-1.0089006423950195,-0.5033848881721497,-0.5219371318817139,-0.6088625192642212,-0.5900702923536301,-0.4558880627155304,-0.7242525219917297,-0.04380646347999573,0.21198627352714539,-0.29959920048713684,-0.4230103939771652,-0.4923250377178192,-0.35369575023651123,-0.6697117388248444,-0.5084658265113831,-0.8309576511383057
YML051W,val,True,True,0.7700380682945251,-1.5535700798034668,-1.5336873531341553,-1.5402121543884277,-2.2169878482818604,-1.3796758651733398,-1.0972871780395508,-1.5701522827148438,-1.8131662607192993,-1.3271383047103882,-1.4238521456718445,-1.274998664855957,-1.572705626487732,-1.352473497390747,-1.7397159337997437,-0.9652310609817505,-2.1058194637298584,-2.1929736137390137,-2.018665313720703
YML052W,val,True,True,1.5104461908340454,0.6874010294675827,0.3989727795124054,1.3549885749816895,1.3391752243041992,0.1692887544631958,0.17457981407642365,1.0322952568531036,1.0785932540893555,0.9859972596168518,-0.11133645474910736,-0.5645678639411926,0.3418949544429779,0.5499045252799988,0.5101566314697266,0.589652419090271,0.9027448892593384,0.6512516736984253,1.1542381048202515
YML053C,val,True,True,1.0034986734390259,0.921451735496521,0.5406997799873352,1.201509714126587,1.0656821727752686,1.1012800931930542,0.6980869174003601,0.7111231684684753,0.8215126991271973,0.6007336378097534,0.7225067317485809,1.116864562034607,0.32814890146255493,0.9945753514766693,1.1182568073272705,0.8708938956260681,0.8851135671138763,0.7780417799949646,0.9921853542327881
YML054C,val,True,True,-1.4724072217941284,-0.27454853653907774,0.2669501006603241,-1.1207382678985596,0.3538033962249756,-0.232657790184021,-0.6401001214981079,-0.3270954731851816,0.040585052222013474,-0.6947759985923767,0.9728896915912628,1.3325966596603394,0.6131827235221863,0.2622483968734741,0.6872033476829529,-0.16270655393600464,0.1618167906999588,0.6929663419723511,-0.36933276057243347
YML054C-A,val,True,False,-1.7812060117721558,-1.6243561625480651,-1.378724455833435,-2.1189677715301514,-0.9430939555168152,-1.790003776550293,-1.8909908533096313,-1.1415010690689087,-1.0670831203460693,-1.215919017791748,-0.3679775968194008,-0.00366760790348053,-0.732287585735321,-1.8237079977989197,-1.698801875114441,-1.9486141204833984,-1.865953505039215,-1.8198057413101196,-1.9121012687683105
YML055W,val,True,True,0.5926761031150818,0.21169112920761107,0.5840126872062683,0.1296612024307251,0.13913623988628387,-0.07294641435146332,0.27859193086624146,0.24204954504966736,0.4175834059715271,0.06651568412780762,0.1115174051374197,0.2733892798423767,-0.05035446956753731,-0.013382546603679657,-0.14765125513076782,0.12088616192340851,0.5984944850206375,0.27489808201789856,0.9220908880233765
YML056C,val,True,False,0.5239586234092712,-1.2611806511878967,-0.9897674918174744,-1.5118317604064941,-1.1414546966552734,-1.2498501539230347,-1.412999153137207,-1.1415010690689087,-1.0670831203460693,-1.215919017791748,0.19062349386513233,0.3502176105976105,0.03102937713265419,-1.0226489156484604,-1.830215334892273,-0.21508249640464783,-1.0739138722419739,-1.5511685609817505,-0.5966591835021973
YML057C-A,val,False,False,-1.6367273330688477,-1.775871992111206,-1.6371511220932007,-1.954777717590332,-1.646681547164917,-1.8663564920425415,-1.774393081665039,-1.1415010690689087,-1.0670831203460693,-1.215919017791748,0.058755651116371155,0.20348766446113586,-0.08597636222839355,-1.9874698519706726,-2.0083656311035156,-1.9665740728378296,-1.994497835636139,-2.072373390197754,-1.916622281074524
YML057W,val,True,True,0.577944278717041,0.37525696158409116,0.4745083451271057,0.31773990392684937,0.5616626143455505,0.37440451979637146,0.14796942472457886,0.6688063442707062,0.6361111998558044,0.7015014886856079,0.19850921630859375,-0.1845334768295288,0.5815519094467163,0.3222656026482582,0.040426626801490784,0.6041045784950256,0.05772817134857178,-0.5813354253768921,0.6967917680740356
YML058W,val,True,True,2.415214776992798,0.7314171314239502,0.7370870113372803,0.598991334438324,0.8886047005653381,0.712527871131897,0.7198747396469116,0.7427176237106323,0.9519997239112854,0.5334355235099792,0.10521644726395607,0.0815284326672554,0.12890446186065674,1.0392189621925354,1.2576533555984497,0.8207845687866211,0.844400554895401,0.9889031052589417,0.6998980045318604
YML058W-A,val,True,True,-0.8497840762138367,-0.2169193997979164,0.04481375962495804,-0.3524491488933563,-0.7042767405509949,-0.19245566427707672,0.11977079510688782,-0.23309649527072906,-0.6533874273300171,0.18719443678855896,-0.32842985913157463,-0.10487832874059677,-0.5519813895225525,-0.15109245106577873,-0.04969792813062668,-0.2524869740009308,0.29238586872816086,0.5212001204490662,0.06357161700725555
YML059C,val,True,True,0.48048847913742065,0.5345969587564469,0.8527548313140869,0.04496936500072479,0.5551747679710388,0.36890044808387756,0.8511853814125061,0.27711086720228195,0.22411216795444489,0.330109566450119,0.5634218007326126,0.8312351107597351,0.2956084907054901,0.513490229845047,0.6170330047607422,0.4099474549293518,0.6699076741933823,0.9234606623649597,0.4163546860218048
YML060W,val,True,True,0.16933417320251465,0.3059916108846664,0.24415674805641174,0.15392403304576874,0.5339691638946533,0.3017193675041199,0.29618874192237854,0.4172901064157486,0.3810881972312927,0.45349201560020447,0.06269147992134094,-0.5371997356414795,0.6625826954841614,0.3252456281334162,0.712471067905426,-0.061979811638593674,0.37812599539756775,0.2659395635128021,0.4903124272823334
YML061C,val,True,True,-0.00618769833818078,-0.01892768368124962,0.15036621689796448,-0.5276315212249756,0.010886210948228836,0.18134000897407532,0.09040066599845886,0.39238855242729187,0.38577696681022644,0.3990001380443573,-0.12843728438019753,-0.052333228290081024,-0.20454134047031403,-0.18259771540760994,-0.04526887089014053,-0.31992655992507935,-0.03191281110048294,0.17498977482318878,-0.23881539702415466
YML062C,val,False,True,0.8133376836776733,0.08633273839950562,-0.06799907982349396,0.13573232293128967,0.5039198398590088,-0.3452315926551819,0.20524220168590546,0.27232347428798676,0.2648659348487854,0.2797810137271881,0.5576932579278946,0.30821946263313293,0.8071670532226562,0.26938702166080475,0.16066715121269226,0.37810689210891724,0.2930957078933716,-0.05733001232147217,0.6435214281082153
YML063W,val,True,True,1.1429274082183838,1.8341753959655762,1.33266282081604,1.9180634021759033,2.476515054702759,1.8590675592422485,1.5845681428909302,1.4353660941123962,1.423722505569458,1.4470096826553345,0.7961017936468124,0.298726886510849,1.2934767007827759,1.1919931769371033,1.0315443277359009,1.3524420261383057,1.6454064846038818,1.5728753805160522,1.7179375886917114
YML064C,val,True,True,0.7237704396247864,1.7171352863311768,1.763327956199646,1.1720123291015625,2.5190069675445557,1.684726595878601,1.4466025829315186,1.1127889752388,1.1155413389205933,1.1100366115570068,0.3746774736791849,0.7113557457923889,0.03799920156598091,1.3311569094657898,1.8910150527954102,0.7712987661361694,1.3163231015205383,1.3408924341201782,1.2917537689208984
YML065W,val,True,True,0.1456042230129242,0.18768184185028075,0.21353545784950256,0.10897602140903473,0.3018268644809723,0.1731652468442917,0.14090561866760254,0.33112457394599915,0.28005126118659973,0.38219788670539856,0.4128078669309616,0.316087931394577,0.5095278024673462,0.4065100699663162,0.5504052042961121,0.2626149356365204,0.197532600723207,0.015840185806155205,0.3792250156402588
YML066C,val,False,True,-2.0325348377227783,0.12680940851569175,0.34906455874443054,-0.17986327409744263,-0.013458911329507828,0.3896991014480591,0.08860556781291962,0.2110089287161827,0.12175534665584564,0.3002625107765198,0.8113889545202255,1.1364147663116455,0.48636314272880554,0.057347044348716736,0.00981760025024414,0.10487648844718933,0.2537001594901085,0.20460490882396698,0.30279541015625
YML067C,val,False,True,0.44219791889190674,0.23802541047334672,0.2099173665046692,0.3715716004371643,0.11892924457788467,0.3387101888656616,0.15099865198135376,-0.01725979708135128,0.061931971460580826,-0.09645156562328339,0.6260104179382324,0.6759476661682129,0.576073169708252,0.4097316116094589,0.2295381724834442,0.5899250507354736,0.2011794149875641,-0.2939212918281555,0.6962801218032837
YML068W,val,False,True,-0.20716801285743713,0.024339800979942084,0.050361551344394684,-0.25007563829421997,0.006346158217638731,0.10236489772796631,0.21270203590393066,0.13363967835903168,0.16620218753814697,0.10107716917991638,0.274453965947032,0.5255659222602844,0.023342009633779526,-0.11585492454469204,-0.2788591682910919,0.04714931920170784,0.022369048558175564,0.025841383263468742,0.018896713852882385
YML069W,val,True,True,0.896743893623352,0.7537191271781921,0.6548585295677185,0.7261881828308105,0.6467106938362122,1.076650857925415,0.6641873717308044,0.49873343110084534,0.6390958428382874,0.3583710193634033,0.7124433219432831,0.6761681437492371,0.7487185001373291,1.028883159160614,1.0572820901870728,1.0004842281341553,1.1556124985218048,0.9427509903907776,1.368474006652832
YML070W,val,True,True,-0.15745986998081207,-0.7346926927566528,-0.9333394169807434,-0.15545654296875,-1.5087209939956665,-0.7080414295196533,-0.3679050803184509,0.11709688603878021,-0.1978565752506256,0.43205034732818604,0.02176026999950409,0.17732718586921692,-0.13380664587020874,-0.25820598006248474,-0.702994704246521,0.1865827441215515,-1.1621643900871277,-1.823768138885498,-0.5005606412887573
YML071C,val,False,True,0.5427349209785461,0.3406043455004692,0.10938885062932968,0.5876302123069763,0.4566388726234436,0.2698841094970703,0.2794796824455261,0.5009288638830185,0.3966508209705353,0.6052069067955017,0.38144772686064243,0.8162593245506287,-0.053363870829343796,0.2249964214861393,0.1103319302201271,0.3396609127521515,0.2550079822540283,0.05809476971626282,0.4519211947917938
YML072C,val,True,True,0.4716711938381195,0.5604196548461914,0.47871166467666626,0.45826756954193115,0.8708005547523499,0.3919360041618347,0.602382481098175,0.4899814575910568,0.6116804480552673,0.3682824671268463,0.9085869193077087,0.5369129180908203,1.2802609205245972,0.8254420757293701,0.6938748359680176,0.9570093154907227,0.713629275560379,0.5180303454399109,0.9092282056808472
YML073C,val,True,True,1.2814387083053589,1.6459671258926392,1.3833783864974976,1.6996946334838867,2.3513472080230713,1.088066577911377,1.7073488235473633,1.5220918655395508,1.690558910369873,1.3536248207092285,0.7916008234024048,1.2618106603622437,0.3213909864425659,1.2167643308639526,1.2522231340408325,1.1813055276870728,1.8416463732719421,2.0500705242156982,1.633222222328186
YML074C,val,True,True,1.443901777267456,0.48990753293037415,0.6955796480178833,0.29997411370277405,0.7750642895698547,0.37431102991104126,0.3046085834503174,0.44895556569099426,0.5560317039489746,0.3418794274330139,0.5486681014299393,0.4676666557788849,0.6296695470809937,0.5050027817487717,0.39210668206214905,0.6178988814353943,0.5223643928766251,0.2550704777240753,0.7896583080291748
YML075C,val,False,True,0.12522383034229279,0.6228313148021698,0.542658269405365,1.0235650539398193,0.7467195987701416,0.24374595284461975,0.5574676990509033,0.8944904804229736,1.0885931253433228,0.7003878355026245,0.8168773353099823,0.976723849773407,0.6570308208465576,0.7757934033870697,0.6481437683105469,0.9034430384635925,0.6964807212352753,0.7507296204566956,0.642231822013855
YML076C,val,True,True,0.38254299759864807,0.6479807198047638,0.42446550726890564,0.6392869353294373,0.8063101172447205,0.676781952381134,0.6930590867996216,0.5634507238864899,0.5260220170021057,0.600879430770874,0.03775021433830261,-0.4850537180900574,0.5605541467666626,0.4849082678556442,0.4475191533565521,0.5222973823547363,0.6172691136598587,0.40081432461738586,0.8337239027023315
YML077W,val,True,False,0.38037848472595215,-0.9427540235221386,-0.6718258857727051,-1.485231876373291,-0.02748497948050499,-1.1026206016540527,-1.4266067743301392,-1.1415010690689087,-1.0670831203460693,-1.215919017791748,0.01776791363954544,0.17900893092155457,-0.14347310364246368,-0.9048866033554077,-0.6413984298706055,-1.16837477684021,-1.3878996968269348,-1.369925856590271,-1.4058735370635986
YML078W,val,True,True,0.1646891087293625,0.2531551644206047,0.5177802443504333,0.2083028256893158,0.3976205289363861,0.03596056252717972,0.10611166059970856,0.35314780473709106,0.475328266620636,0.23096734285354614,0.12946456857025623,0.2049473524093628,0.05398178473114967,0.35599368810653687,0.43294817209243774,0.279039204120636,0.415939524769783,0.3874351382255554,0.4444439113140106
YML079W,val,False,False,0.7467490434646606,-1.1026705265045167,-0.30346184968948364,-1.4175736904144287,-1.7818459272384644,-0.7224088311195374,-1.288062334060669,-1.1415010690689087,-1.0670831203460693,-1.215919017791748,0.2224739883095026,0.38729915022850037,0.05764882639050484,-1.1127725541591644,-0.8821391463279724,-1.3434059619903564,-0.6907417476177216,-0.9027292728424072,-0.4787542223930359
YML080W,val,True,True,0.20410187542438507,0.19837409555912017,0.40869051218032837,-0.41138848662376404,0.3125973343849182,0.4869217276573181,0.19504939019680023,0.24433817714452744,0.20951645076274872,0.27915990352630615,0.5218550115823746,0.4937714636325836,0.5499385595321655,0.29147616028785706,0.30666282773017883,0.2762894928455353,0.47507018595933914,0.17059506475925446,0.7795453071594238
YML081C-A,val,True,True,1.8966631889343262,0.4779054790735245,0.4851840138435364,0.5714578032493591,0.15761692821979523,0.6651579737663269,0.5101106762886047,0.6123942732810974,0.6752640604972839,0.5495244860649109,-0.011796228587627411,0.2147253155708313,-0.23831777274608612,0.4655448794364929,0.6576878428459167,0.2734019160270691,0.7514202296733856,0.9674186110496521,0.5354218482971191
YML081W,val,True,True,0.528617262840271,0.7738998293876648,0.8402024507522583,0.7627849578857422,0.7485117316246033,1.052235722541809,0.46576428413391113,0.6549150049686432,0.5625991225242615,0.7472308874130249,-0.24920232221484184,0.1175304427742958,-0.6159350872039795,0.47914810478687286,0.528113603591919,0.4301826059818268,0.6888727247714996,0.5772910714149475,0.8004543781280518
YML082W,val,True,True,0.40789860486984253,-0.20276575833559035,-0.05674632638692856,0.4862404465675354,-0.6986864805221558,-0.6657965779304504,-0.07883985340595245,0.5715743154287338,0.7278066873550415,0.41534194350242615,0.02666124328970909,-0.10485396534204483,0.158176451921463,-0.014192551374435425,-0.3162015676498413,0.28781646490097046,0.9470265209674835,0.8804857134819031,1.013567328453064
YML083C,val,True,True,-1.7255744934082031,0.23222079277038574,-0.06479401886463165,0.4816187620162964,0.1328304558992386,0.19944345951080322,0.41200530529022217,0.12107450515031815,0.3427916467189789,-0.10064263641834259,-0.5798304378986359,0.5186218619346619,-1.6782827377319336,0.24114369042217731,0.4402106702327728,0.0420767106115818,0.8328355550765991,1.1632894277572632,0.5023816823959351
YML084W,val,False,False,-1.2485897541046143,-1.7302222490310668,-1.7530676126480103,-1.7871692180633545,-1.7387101650238037,-1.8354253768920898,-1.5367388725280762,-1.1415010690689087,-1.0670831203460693,-1.215919017791748,-1.4901310205459595,-1.8046355247497559,-1.175626516342163,-1.8309438228607178,-1.8811396360397339,-1.7807480096817017,-1.9884199500083923,-2.036682605743408,-1.9401572942733765
YML085C,val,True,True,0.4721769392490387,0.11376541322097182,0.08008787035942078,-0.058191388845443726,0.005679729860275984,0.2151499092578888,0.3261009454727173,0.5025191307067871,0.47686558961868286,0.5281726717948914,0.4287005662918091,0.2935652732849121,0.563835859298706,0.5726863443851471,0.5227931141853333,0.6225795745849609,0.2148643359541893,0.1697513908147812,0.2599772810935974
YML086C,val,True,True,0.2188797891139984,-0.39582623541355133,-0.10737656056880951,-0.8371378779411316,-0.4568708539009094,-0.10495874285697937,-0.47278714179992676,0.27015136182308197,0.30220863223075867,0.23809409141540527,-0.8989659547805786,-0.9824678301811218,-0.8154640793800354,-0.4441187381744385,-0.5446328520774841,-0.3436046242713928,0.25948820263147354,0.19241543114185333,0.32656097412109375
YML087C,val,True,True,-0.5461809039115906,-0.5143708169460297,0.3167448341846466,-0.6089508533477783,-0.7331315875053406,-0.7706215977668762,-0.7758948802947998,0.1590957399457693,0.3395076096057892,-0.021316129714250565,0.009066030383110046,-0.2334192395210266,0.2515513002872467,-0.19212350249290466,0.26407164335250854,-0.6483186483383179,-0.2867688909173012,-0.13210804760456085,-0.4414297342300415
YML088W,val,True,True,0.5288590788841248,0.31935263574123385,0.6921595931053162,0.36430349946022034,0.2746136784553528,-0.14493773877620697,0.4106241464614868,0.5222790688276291,0.5888824462890625,0.4556756913661957,-0.3316676877439022,0.0956723764538765,-0.7590077519416809,0.2201564610004425,0.6233822703361511,-0.1830693483352661,0.4452265091240406,0.9016526341438293,-0.011199615895748138
YML089C,val,False,False,-0.11639826744794846,-0.8435510694980621,-0.9693956971168518,-1.5080938339233398,0.08842477202415466,-0.7740793824195862,-1.0546112060546875,-1.1415010690689087,-1.0670831203460693,-1.215919017791748,0.3077961727976799,0.41575220227241516,0.19984014332294464,-1.3089043498039246,-1.3093681335449219,-1.3084405660629272,-1.2147139310836792,-1.6526029109954834,-0.776824951171875
YML090W,val,False,False,-1.8888826370239258,-1.6919533252716064,-2.0731093883514404,-1.6149582862854004,-1.4420192241668701,-1.596152901649475,-1.7335268259048462,-1.1415010690689087,-1.0670831203460693,-1.215919017791748,-1.9489790201187134,-2.0712337493896484,-1.8267242908477783,-2.0089595913887024,-2.1910102367401123,-1.8269089460372925,-1.915690004825592,-2.1686325073242188,-1.6627475023269653
YML091C,val,False,True,0.32278382778167725,0.2824889808893204,0.1962513029575348,-0.03407548367977142,0.4396427869796753,0.42264437675476074,0.38798192143440247,0.06419307552278042,0.09133405983448029,0.03705209121108055,0.8348068222403526,1.5502471923828125,0.11936645209789276,0.19372381269931793,0.32445845007896423,0.06298917531967163,0.24764644354581833,0.0553656667470932,0.43992722034454346
YML092C,val,True,True,1.2779977321624756,0.683191567659378,0.9373008012771606,0.5516475439071655,0.8086574673652649,0.786684513092041,0.3316675126552582,0.6028532385826111,0.5979430675506592,0.607763409614563,0.41082750260829926,0.6302819848060608,0.19137302041053772,0.5335405617952347,0.47816386818885803,0.5889172554016113,0.6457488238811493,0.4694426655769348,0.8220549821853638
YML093W,val,True,True,0.8223190307617188,0.6602348923683167,0.5490249991416931,0.5776470899581909,1.2627977132797241,0.37004703283309937,0.5416576266288757,0.4690084904432297,0.6081475019454956,0.32986947894096375,0.7300807535648346,1.0042756795883179,0.4558858275413513,1.107351005077362,1.179243803024292,1.0354582071304321,0.48298151791095734,0.3840964138507843,0.5818666219711304
YML094C-A,val,False,False,-1.774247169494629,-2.0392213582992555,-2.28397274017334,-2.194547414779663,-2.254693031311035,-1.785195231437683,-1.6776983737945557,-1.1415010690689087,-1.0670831203460693,-1.215919017791748,-0.8144473433494568,-0.9064376950263977,-0.7224569916725159,-2.0993021726608276,-2.1101861000061035,-2.0884182453155518,-1.5881834030151367,-1.8392950296401978,-1.3370717763900757
YML094W,val,True,False,0.5129966139793396,-0.024505488574504852,0.16573262214660645,-0.17246013879776,1.0079278945922852,0.034667231142520905,-1.1583950519561768,-1.1415010690689087,-1.0670831203460693,-1.215919017791748,0.9629975855350494,1.3511449098587036,0.5748502612113953,0.17016452550888062,0.228523850440979,0.11180520057678223,-0.01637893170118332,0.14171111583709717,-0.1744689792394638
YML095C,val,False,False,0.34410446882247925,-0.4063989132642746,-0.31093233823776245,-0.6516987681388855,0.15148736536502838,-0.3196713924407959,-0.9011794328689575,-1.1415010690689087,-1.0670831203460693,-1.215919017791748,0.3343969136476517,0.601607620716095,0.06718620657920837,-0.33962171897292137,-0.09565912932157516,-0.5835843086242676,-0.28867315500974655,-0.20961587131023407,-0.36773043870925903
YML096W,val,True,True,-0.2960871458053589,-0.3908150851726532,0.38670647144317627,-1.2989451885223389,-0.39233458042144775,0.33436718583106995,-0.9838693141937256,0.013017386198043823,-0.10153312981128693,0.12756790220737457,-0.999864473938942,-0.22293820977210999,-1.776790738105774,-0.8177322745323181,-0.9859538078308105,-0.6495107412338257,-0.17880219221115112,-0.25446242094039917,-0.10314196348190308
YML097C,val,True,True,0.7617132067680359,-0.056415388360619545,-0.5312044024467468,-0.02970217913389206,0.028040355071425438,0.09606972336769104,0.15471956133842468,0.1943608969449997,0.18401607871055603,0.20470571517944336,0.19298075139522552,0.1355516016483307,0.25040990114212036,-0.08665488660335541,-0.48831766843795776,0.31500789523124695,0.12346164137125015,0.17237897217273712,0.07454431056976318
YML098W,val,True,True,0.9084579944610596,0.5864543080329895,0.7175540924072266,0.6303274035453796,0.6354493498802185,0.649419367313385,0.2995213270187378,0.5875013917684555,0.7894113659858704,0.38559141755104065,0.787885993719101,0.5130556225776672,1.0627163648605347,0.6352392435073853,0.636038064956665,0.6344404220581055,0.37960609793663025,0.39579448103904724,0.36341771483421326
YML099C,val,True,True,0.00624150549992919,0.0642061673104763,-0.017323315143585205,0.02785351872444153,0.1990974396467209,0.08096710592508316,0.030436087399721146,0.4338100701570511,0.5131433606147766,0.35447677969932556,0.2640081439167261,-0.056554120033979416,0.5845704078674316,0.17022938653826714,0.052786074578762054,0.2876726984977722,0.33960704505443573,0.3337293565273285,0.34548473358154297
YML099W-A,val,False,False,-1.9113911390304565,-1.2534909844398499,-1.313620686531067,-1.8018255233764648,-1.4399034976959229,-0.40178054571151733,-1.3103246688842773,-1.1415010690689087,-1.0670831203460693,-1.215919017791748,-0.025539476424455643,0.001706678420305252,-0.05278563126921654,-1.1504079401493073,-1.321078896522522,-0.9797369837760925,-1.5793156027793884,-1.6362217664718628,-1.522409439086914
YML100W,val,False,True,0.6521351933479309,0.07596994936466217,-0.8071519732475281,-0.19986668229103088,0.6018854379653931,0.63918536901474,0.14579759538173676,0.7460703551769257,0.6619583964347839,0.8301823139190674,-0.1721298098564148,-0.553580641746521,0.2093210220336914,0.0858743954449892,0.2098655104637146,-0.03811671957373619,-0.28547385334968567,-1.0175063610076904,0.4465586543083191
YML100W-A,val,True,True,-0.42879676818847656,-1.299494469165802,-1.5356894731521606,-1.4660799503326416,-1.8882176876068115,-1.3070675134658813,-0.3004177212715149,-0.39613802917301655,-0.7826443314552307,-0.009631726890802383,-0.7739288918673992,-0.058725498616695404,-1.489132285118103,-1.5174480080604553,-1.661690354347229,-1.3732056617736816,-1.443434238433838,-1.013730525970459,-1.8731379508972168
YML101C,val,True,True,0.5706790685653687,0.3406494282186031,0.06322000175714493,0.8186463713645935,-0.062315430492162704,0.5283055901527405,0.35539060831069946,0.3914022147655487,0.35651975870132446,0.42628467082977295,0.2191994972527027,-0.0916794165968895,0.5300784111022949,0.33173638209700584,0.013133995234966278,0.6503387689590454,0.3611799031496048,0.3642580807209015,0.3581017255783081
YML101C-A,val,False,False,-0.9648038744926453,-1.7574893832206726,-2.070208787918091,-1.9302122592926025,-2.2430508136749268,-0.9718684554100037,-1.5721065998077393,-1.1415010690689087,-1.0670831203460693,-1.215919017791748,-0.10722711682319641,0.3530270457267761,-0.567481279373169,-1.8507400155067444,-1.9466832876205444,-1.7547967433929443,-2.0626102089881897,-2.239691972732544,-1.8855284452438354
YML102W,val,True,True,0.44295546412467957,0.844465172290802,1.0081884860992432,0.4394453167915344,1.2119958400726318,0.8050241470336914,0.7576720714569092,0.5878332108259201,0.7891404032707214,0.3865260183811188,0.28341449797153473,0.3969547152519226,0.16987428069114685,0.6157329380512238,0.5183441042900085,0.713121771812439,0.4908324182033539,0.5917871594429016,0.38987767696380615
YML103C,val,True,True,0.3696173131465912,0.9006552815437316,0.9501362442970276,1.0569961071014404,0.7323194146156311,1.0935786962509155,0.6702459454536438,0.9382049441337585,0.9161824584007263,0.9602274298667908,0.8247546851634979,0.8871971964836121,0.7623121738433838,1.1626201272010803,1.0445150136947632,1.2807252407073975,0.8529065251350403,0.7733641862869263,0.9324488639831543
YML104C,val,True,True,-0.5036650896072388,-0.24294961914420127,-0.15105287730693817,-0.7425838708877563,0.2223050445318222,-0.5180830955505371,-0.02533329650759697,-0.3347173184156418,-0.28761836886405945,-0.3818162679672241,-0.04927491024136543,0.03666839748620987,-0.13521821796894073,-0.14182500913739204,0.09669484943151474,-0.38034486770629883,-0.40878964960575104,-0.4744911789894104,-0.3430881202220917
YML105C,val,True,True,0.7099078297615051,0.09257996678352357,0.1514056921005249,-0.34476423263549805,0.24744382500648499,0.24208855628967285,0.1667259931564331,0.3303375393152237,0.3478235900402069,0.3128514885902405,0.6681647747755051,0.3479776084423065,0.9883519411087036,0.0871150903403759,0.09742983430624008,0.07680034637451172,0.2544794827699661,0.33756962418556213,0.17138934135437012
YML106W,val,True,True,0.6847445964813232,-0.0628838874399662,0.23045793175697327,-1.492429494857788,0.3202764093875885,0.6481422781944275,-0.02086656168103218,0.33228419721126556,0.29246461391448975,0.3721037805080414,0.19988331943750381,0.2745775878429413,0.12518905103206635,-0.3441564254462719,-0.0721495971083641,-0.6161632537841797,0.15896664559841156,0.3668358027935028,-0.04890251159667969
YML107C,val,False,True,-0.1278109848499298,0.5066878616809845,0.40589639544487,0.4771314859390259,0.5600298047065735,0.7330891489982605,0.3572924733161926,0.49126993119716644,0.6385874152183533,0.3439524471759796,-0.001901477575302124,0.22853100299835205,-0.2323339581489563,0.4108945429325104,0.5286427140235901,0.29314637184143066,0.6406612247228622,0.45339569449424744,0.827926754951477
YML108W,val,True,True,0.8787569999694824,0.4934256672859192,0.19819635152816772,0.3925633430480957,1.171497106552124,0.33190783858299255,0.37296369671821594,0.45945702493190765,0.5656031370162964,0.3533109128475189,0.10083206743001938,0.07874703407287598,0.12291710078716278,0.3605751246213913,0.18056413531303406,0.5405861139297485,0.6326406300067902,0.4072893261909485,0.8579919338226318
YML109W,val,True,True,0.10808736085891724,0.08912578821182252,-0.12773379683494568,0.3162882328033447,0.15486648678779602,-0.3775763213634491,0.4797843396663666,0.40794435143470764,0.46939602494239807,0.3464926779270172,0.23447571694850922,0.041289567947387695,0.42766186594963074,0.5156524479389191,0.622546374797821,0.4087585210800171,0.38324860483407974,0.17648668587207794,0.5900105237960815
YML110C,val,True,True,0.33706533908843994,0.1606268621981144,0.17778834700584412,0.2823168933391571,-0.037392016500234604,0.1374962478876114,0.24292483925819397,0.4021190255880356,0.5828322172164917,0.22140583395957947,0.6380958408117294,0.8392148017883301,0.4369768798351288,0.08692412823438644,-0.1446094661951065,0.3184577226638794,0.01117338240146637,-0.34178975224494934,0.3641365170478821
YML111W,val,False,True,0.25611329078674316,0.4771928429603577,0.3955495059490204,0.2018508017063141,0.5970798134803772,0.8125242590904236,0.3789598345756531,0.06869709305465221,-0.03173402324318886,0.1691282093524933,0.7827140986919403,0.8496767282485962,0.7157514691352844,0.4680349826812744,0.3462904691696167,0.5897794961929321,0.64326611161232,0.5840310454368591,0.7025011777877808
YML112W,val,True,True,0.7091566920280457,0.42482268810272217,0.7778723835945129,0.10857728123664856,0.48966720700263977,0.3711954951286316,0.376801073551178,0.25484076887369156,0.22739659249782562,0.2822849452495575,1.0907750725746155,1.6163092851638794,0.5652408599853516,0.5389280915260315,0.5820531845092773,0.49580299854278564,0.6010438799858093,0.47087955474853516,0.7312082052230835
YML113W,val,True,True,1.2940490245819092,0.7182140827178956,0.73782879114151,0.694641649723053,1.0091252326965332,0.6435612440109253,0.505913496017456,0.5814567804336548,0.39600056409835815,0.7669129967689514,0.925772488117218,1.1111539602279663,0.7403910160064697,1.186338484287262,1.0165367126464844,1.3561402559280396,0.6882467567920685,0.7130200266838074,0.6634734869003296
YML114C,val,True,True,0.8619050979614258,0.7493563055992126,0.6053516864776611,0.6389745473861694,1.083248496055603,0.8875780701637268,0.5316287279129028,0.5630642473697662,0.5239691734313965,0.602159321308136,0.2924356758594513,0.23416772484779358,0.350703626871109,0.7034920454025269,0.7562240958213806,0.6507599949836731,0.836042195558548,0.768839418888092,0.9032449722290039
YML115C,val,False,True,0.8334412574768066,0.409002360701561,0.3675288259983063,0.4549313187599182,0.4324037432670593,0.5436071157455444,0.24654079973697662,0.5390434563159943,0.5392260551452637,0.5388608574867249,0.44201530516147614,0.26879265904426575,0.6152379512786865,0.21553005650639534,0.09725654870271683,0.33380356431007385,0.5747337192296982,0.346844881772995,0.8026225566864014
YML116W,val,False,True,0.5332885980606079,-0.03533854782581329,0.814507782459259,-1.0746915340423584,-0.37767040729522705,0.39656907320022583,0.06459234654903412,0.08242402225732803,-0.17304082214832306,0.3378888666629791,-0.432293638586998,-0.3502579629421234,-0.5143293142318726,-0.7295469045639038,-0.821648359298706,-0.6374454498291016,-0.4912802651524544,-1.1387265920639038,0.15616606175899506
YML116W-A,val,False,False,-0.33021149039268494,-1.56185142993927,-1.6160646677017212,-1.5743842124938965,-1.7508009672164917,-1.3467847108840942,-1.5212225914001465,-1.1415010690689087,-1.0670831203460693,-1.215919017791748,-0.4925679415464401,-1.2160745859146118,0.23093870282173157,-1.8374553322792053,-2.0048909187316895,-1.6700197458267212,-1.7401677966117859,-2.219383716583252,-1.2609518766403198
YML117W,val,True,True,0.7749189138412476,-0.2062149666249752,-0.6006795167922974,-0.06921973824501038,0.151261568069458,-0.45370638370513916,-0.05873076245188713,0.22466633468866348,0.23762373626232147,0.2117089331150055,-1.0380095094442368,-1.6983407735824585,-0.377678245306015,-0.05544215440750122,-0.3041746914386749,0.19329038262367249,-0.031407296657562256,-0.2694419324398041,0.20662733912467957
YML118W,val,True,True,-0.3975036144256592,0.3267463281750679,0.744790256023407,0.028651468455791473,0.2676365077495575,0.20277626812458038,0.3898771405220032,0.06668074242770672,0.08665506541728973,0.0467064194381237,1.0496013462543488,1.154504656791687,0.9446980357170105,0.41217681765556335,0.5303010940551758,0.2940525412559509,0.42583826184272766,0.4009852707386017,0.45069125294685364
YML119W,val,True,True,0.6349478960037231,0.6654701516032219,0.07172223180532455,0.7733250856399536,1.0568437576293945,0.804706871509552,0.6207528114318848,0.5010959357023239,0.3664824068546295,0.6357094645500183,0.23260445892810822,0.5456002950668335,-0.08039137721061707,0.19190901517868042,0.13413268327713013,0.2496853470802307,1.115255355834961,1.1638554334640503,1.0666552782058716
YML120C,val,True,True,0.5357692837715149,0.5067530333995819,0.5198773741722107,0.7246047258377075,0.5338547825813293,0.2235335409641266,0.5318947434425354,0.5637791454792023,0.529214084148407,0.5983442068099976,0.024794407188892365,0.2583490312099457,-0.20876021683216095,0.557425782084465,0.48609206080436707,0.628759503364563,0.6964239776134491,0.8673020005226135,0.5255459547042847
YML121W,val,True,True,0.7197954654693604,-0.0038050174713134765,-1.3439041376113892,0.36327940225601196,0.5662497878074646,-0.5273914337158203,0.9227412939071655,0.6683416813611984,0.9310858249664307,0.4055975377559662,0.5599398910999298,0.4347899556159973,0.6850898265838623,-0.37859733402729034,-1.0421925783157349,0.2849979102611542,-0.6150979958474636,-1.1955206394195557,-0.03467535227537155
YML122C,val,False,False,-1.2089948654174805,-1.7700042486190797,-1.4752331972122192,-1.7751362323760986,-2.198307991027832,-1.9130191802978516,-1.4883246421813965,-1.1415010690689087,-1.0670831203460693,-1.215919017791748,-0.3951989412307739,-0.38175562024116516,-0.4086422622203827,-1.5296487212181091,-1.3802260160446167,-1.6790714263916016,-1.7621254920959473,-1.5962783098220825,-1.927972674369812
YML123C,val,True,True,1.46579110622406,0.6854121863842011,-0.19163662195205688,1.501988172531128,1.2863960266113281,0.20942559838294983,0.6208877563476562,0.7586467862129211,0.8211575150489807,0.6961360573768616,-0.19650223851203918,-0.7870376110076904,0.39403313398361206,0.8061315566301346,0.4354950487613678,1.1767680644989014,0.8069311380386353,0.5009447336196899,1.1129175424575806
YML124C,val,True,True,0.7573512196540833,0.8559921622276306,0.8243595957756042,0.6888118982315063,1.4130090475082397,1.0092582702636719,0.34452199935913086,0.7735172510147095,0.7869561314582825,0.7600783705711365,0.350678026676178,0.5529377460479736,0.14841830730438232,0.7695844173431396,0.8825013637542725,0.6566674709320068,0.8282538950443268,0.7965129017829895,0.8599948883056641
YML125C,val,True,True,0.7188077569007874,0.06887429431080819,0.02389288693666458,-0.05317506939172745,0.3787928819656372,-0.04995262622833252,0.04481339827179909,0.46095892786979675,0.4961705803871155,0.425747275352478,-0.3487585783004761,-0.24393120408058167,-0.4535859525203705,0.3097841143608093,0.3799227476119995,0.23964548110961914,0.1869640052318573,0.2627972662448883,0.1111307442188263
YML126C,val,True,True,0.38258954882621765,0.1339140184223652,0.5738402009010315,-0.12669408321380615,0.065839983522892,0.1082405373454094,0.04834345355629921,0.2423093616962433,0.12610170245170593,0.35851702094078064,-0.8767956718802452,-1.6362401247024536,-0.1173512190580368,0.20330069959163666,0.2740567624568939,0.1325446367263794,0.445132277905941,0.20944933593273163,0.6808152198791504
YML127W,val,True,True,0.5888843536376953,0.5077030122280121,0.4121544659137726,0.41735368967056274,0.6178874373435974,0.6048805713653564,0.48623889684677124,0.45103998482227325,0.7176336646080017,0.1844463050365448,0.05218454450368881,-0.05197831988334656,0.15634740889072418,0.5446226894855499,0.7427597045898438,0.3464856743812561,0.4953450411558151,0.46982523798942566,0.5208648443222046
YML128C,val,False,True,0.07409635931253433,0.46285754442214966,0.6163495182991028,0.18488666415214539,0.573020339012146,0.6276471018791199,0.31238409876823425,0.4756813496351242,0.6316967606544495,0.31966593861579895,-0.343721479177475,-0.25436732172966003,-0.4330756366252899,0.6402824968099594,0.8457788228988647,0.4347861707210541,0.13008046988397837,-0.02587459795176983,0.28603553771972656
YML129C,val,True,True,1.6074448823928833,0.8152565479278564,0.9670462608337402,1.2063403129577637,0.8514229655265808,0.7831431031227112,0.26833009719848633,0.6332681477069855,0.6565024256706238,0.6100338697433472,0.1641673445701599,-0.18967348337173462,0.5180081725120544,0.8393972218036652,0.6293204426765442,1.0494740009307861,0.8026607930660248,0.9232221245765686,0.682099461555481
YML130C,val,True,True,0.33311814069747925,0.8738043665885925,0.7857361435890198,0.7827033400535583,1.2561602592468262,0.5313875079154968,1.0130345821380615,0.8087767362594604,1.0501304864883423,0.5674229860305786,0.20624452829360962,0.13441160321235657,0.27807745337486267,0.716922327876091,1.0593823194503784,0.3744623363018036,1.0578020811080933,1.1270893812179565,0.98851478099823
YML131W,val,False,True,0.671188235282898,0.021888923645019532,-0.4877001643180847,0.11779841780662537,-0.08847495913505554,0.26549068093299866,0.3023306429386139,0.5796887427568436,0.4248313009738922,0.7345461845397949,0.10409850999712944,0.03298824280500412,0.17520877718925476,-0.21545903198421001,-0.37075260281562805,-0.06016546115279198,1.0505367517471313,1.1015998125076294,0.9994736909866333
YML132W,val,True,True,-0.9098246693611145,-1.3431344389915467,-1.0390267372131348,-1.430408000946045,-1.800529956817627,-0.9606736302375793,-1.4850338697433472,-0.5895573943853378,-0.741428017616272,-0.4376867711544037,-1.171961635351181,-1.4739941358566284,-0.8699291348457336,-1.2746241092681885,-1.361383318901062,-1.187864899635315,-1.1627394556999207,-1.052331805229187,-1.2731471061706543
YML133C,val,True,True,-1.825521469116211,-1.6463884592056275,-1.9297562837600708,-1.6359596252441406,-1.9192405939102173,-1.921995759010315,-0.8249900341033936,-0.8778226375579834,-0.954357922077179,-0.8012873530387878,-2.153929591178894,-2.299886465072632,-2.0079727172851562,-1.7278173565864563,-1.7286790609359741,-1.7269556522369385,-1.363074004650116,-1.5828648805618286,-1.1432831287384033
YML133W-A,val,False,False,-2.088510751724243,-2.098712992668152,-2.14911150932312,-2.180004119873047,-2.2233476638793945,-1.9019993543624878,-2.03910231590271,-1.1415010690689087,-1.0670831203460693,-1.215919017791748,-2.319262742996216,-2.3883416652679443,-2.2501838207244873,-2.228373885154724,-2.243856430053711,-2.2128913402557373,-2.0989913940429688,-2.276491641998291,-1.9214911460876465
YML133W-B,val,False,False,-2.088510751724243,-2.1376574516296385,-2.168677806854248,-2.1586239337921143,-2.2137389183044434,-2.000206470489502,-2.1470401287078857,-1.1415010690689087,-1.0670831203460693,-1.215919017791748,-2.1907050609588623,-2.1593644618988037,-2.222045660018921,-2.146306276321411,-2.1730897426605225,-2.1195228099823,-2.1471752524375916,-2.323781967163086,-1.9705685377120972
YMR001C,val,True,True,0.4824891984462738,0.6298266649246216,0.6291894912719727,0.7875802516937256,0.2887114882469177,0.6401315331459045,0.8035205602645874,0.9192783236503601,0.9720616340637207,0.8664950132369995,0.10146390460431576,0.170981764793396,0.03194604441523552,0.6329988092184067,0.9130134582519531,0.35298416018486023,0.9078007936477661,0.6457607746124268,1.1698408126831055
YMR001C-A,val,True,True,-0.9232489466667175,0.5773257553577423,0.8083646893501282,0.4018833041191101,0.6703729033470154,0.27627477049827576,0.7297331094741821,0.828637957572937,0.9493357539176941,0.7079401612281799,-0.1557135358452797,-0.1594460904598236,-0.15198098123073578,0.23112136870622635,0.31299087405204773,0.14925186336040497,0.1759704351425171,0.4678618311882019,-0.11592096090316772
YMR002W,val,True,True,1.6318634748458862,1.3265779614448547,1.6403480768203735,1.4214038848876953,1.5737485885620117,1.1408981084823608,0.8564911484718323,0.7553867995738983,0.8484353423118591,0.6623382568359375,1.1394211649894714,1.185003399848938,1.0938389301300049,1.36585533618927,1.6353224515914917,1.0963882207870483,1.122133493423462,1.488149642944336,0.7561173439025879
YMR003W,val,True,True,0.5063076019287109,0.6112492978572845,0.455167680978775,0.6855104565620422,0.8291568160057068,0.6937842965126038,0.3926272392272949,0.6108334958553314,0.6605340838432312,0.5611329078674316,-0.06282967329025269,-0.460355669260025,0.33469632267951965,0.40956278145313263,0.4880736768245697,0.33105188608169556,0.7851471453905106,0.495008260011673,1.0752860307693481
YMR004W,val,False,True,0.4858071208000183,0.1949675925076008,0.21088340878486633,0.12602218985557556,0.24464769661426544,0.3896014094352722,0.0036832578480243683,0.23408880084753036,0.08188705146312714,0.3862905502319336,0.7179644107818604,0.6857599020004272,0.7501689195632935,0.5321659743785858,0.27109861373901367,0.793233335018158,0.14223290979862213,-0.3273915946483612,0.6118574142456055
YMR005W,val,True,True,0.7838118672370911,0.1479361042380333,0.10117980092763901,0.11883369088172913,0.2803061008453369,0.031650811433792114,0.2077101171016693,0.27555930614471436,0.339449942111969,0.21166867017745972,0.10015606321394444,0.14157453179359436,0.05873759463429451,0.4561711847782135,0.3645952343940735,0.5477471351623535,-0.01408705860376358,-0.16131462156772614,0.13314050436019897
YMR006C,val,False,True,-0.3357008099555969,-0.17795985080301763,-0.014817217364907265,0.33000898361206055,-0.013279072940349579,-1.2874196767807007,0.0957077294588089,0.3201340585947037,0.4455421268939972,0.19472599029541016,0.48366351425647736,0.3315207064151764,0.6358063220977783,0.09086737036705017,-0.170619934797287,0.35235467553138733,0.19687993824481964,0.301361083984375,0.09239879250526428
YMR007W,val,False,False,-1.4166887998580933,-1.579337477684021,-1.363991141319275,-1.7889084815979004,-2.141172409057617,-1.0934898853302002,-1.5091254711151123,-1.1415010690689087,-1.0670831203460693,-1.215919017791748,-1.280725359916687,-0.7457071542739868,-1.8157435655593872,-1.9390289783477783,-1.7190465927124023,-2.1590113639831543,-1.2127996683120728,-1.0069810152053833,-1.4186183214187622
YMR008C,val,True,True,0.08533569425344467,0.39515267610549926,-0.2494198977947235,1.0831830501556396,0.3515560030937195,0.41916990280151367,0.37127432227134705,0.8079745769500732,0.6787121891975403,0.9372369647026062,-0.10381434857845306,-0.47958725690841675,0.2719585597515106,0.33293261751532555,-0.05627758055925369,0.7221428155899048,-0.17419980466365814,-0.6778592467308044,0.32945963740348816
YMR009W,val,True,True,0.1333782970905304,0.18858622014522552,0.259243905544281,0.44631093740463257,0.22326913475990295,0.2615503668785095,-0.24744324386119843,-0.04370304197072983,0.09571672976016998,-0.18312281370162964,0.8386028409004211,0.9946689009666443,0.682536780834198,0.2902746945619583,-0.21835634112358093,0.7989057302474976,0.4529101327061653,0.18853463232517242,0.7172856330871582
YMR010W,val,True,True,0.3039596676826477,0.3606777638196945,0.18851274251937866,0.4503634572029114,0.23691008985042572,0.5831215381622314,0.3444809913635254,0.4101482331752777,0.373606413602829,0.44669005274772644,0.5146726220846176,0.6262325048446655,0.4031127393245697,0.3917863368988037,0.3976346552371979,0.38593801856040955,0.4719540774822235,0.1411941647529602,0.8027139902114868
YMR011W,val,False,True,0.8461068272590637,0.6594356775283814,0.9608668684959412,1.1247155666351318,0.5065793991088867,0.5344071388244629,0.17060941457748413,1.107386827468872,1.1638283729553223,1.0509452819824219,0.32525985687971115,0.5058155655860901,0.14470414817333221,0.6743951737880707,0.6474536061286926,0.7013367414474487,0.3669680953025818,0.4853520095348358,0.24858418107032776
YMR012W,val,True,True,0.7629134058952332,0.41468978524208067,0.3655862510204315,0.4076460003852844,0.5809845328330994,0.4683566093444824,0.2508755326271057,0.7354507744312286,0.6934338808059692,0.777467668056488,-0.09590201638638973,-0.25088566541671753,0.059081632643938065,0.4109158515930176,0.36354315280914307,0.4582885503768921,1.1613567769527435,0.5156857371330261,1.807027816772461
YMR013C,val,True,True,-0.6629487872123718,0.6414616823196411,0.7473401427268982,0.5977498292922974,1.1423544883728027,0.2740616500377655,0.4458023011684418,0.18530020117759705,-0.08589473366737366,0.45649513602256775,0.4303920716047287,0.4684448540210724,0.392339289188385,0.3353838175535202,0.2888853847980499,0.3818822503089905,1.0554935038089752,0.8393968939781189,1.2715901136398315
YMR013C-A,val,False,False,-2.088510751724243,-0.8027590215206146,-0.07352666556835175,-1.5269043445587158,0.07570715248584747,-1.056052327156067,-1.4330189228057861,-1.1415010690689087,-1.0670831203460693,-1.215919017791748,0.268858939409256,0.2229580581188202,0.3147598206996918,-0.8469342589378357,-0.3345266580581665,-1.3593418598175049,-1.115675687789917,-0.9092464447021484,-1.3221049308776855
YMR013W-A,val,False,False,-2.088510751724243,-1.0651532113552094,-0.21594753861427307,-0.6108278632164001,-1.534181833267212,-1.3034504652023315,-1.66135835647583,-1.1415010690689087,-1.0670831203460693,-1.215919017791748,-0.23052901774644852,-0.5425882935523987,0.08153025805950165,-0.4174596071243286,-0.24733424186706543,-0.5875849723815918,-0.24321957863867283,-0.4475609362125397,-0.038878221064805984
YMR014W,val,True,True,0.987548291683197,1.054060411453247,1.2837358713150024,0.6886855959892273,1.2506296634674072,0.881962239742279,1.1652886867523193,0.755450963973999,0.6933637261390686,0.8175382018089294,0.04263687692582607,0.1274963915348053,-0.04222263768315315,1.0266647338867188,0.901968240737915,1.1513612270355225,1.2470597326755524,0.6968738436698914,1.7972456216812134
YMR015C,val,True,True,0.21486030519008636,0.680701470375061,0.8546971678733826,1.322049856185913,0.9016783237457275,-0.7285624146461487,1.0536444187164307,1.307621717453003,1.4439903497695923,1.1712530851364136,0.3283694088459015,0.46035119891166687,0.1963876187801361,0.8351176679134369,0.9693529009819031,0.7008824348449707,1.4326664209365845,1.6666940450668335,1.1986387968063354
YMR016C,val,True,True,1.2020421028137207,1.6905077934265136,2.1455836296081543,2.2114968299865723,1.8802282810211182,1.135665774345398,1.0795644521713257,1.3667716979980469,1.224013328552246,1.5095300674438477,1.1542565822601318,1.47828209400177,0.8302310705184937,1.8120028972625732,1.8269656896591187,1.7970401048660278,1.6199232935905457,1.2399001121520996,1.9999464750289917
YMR017W,val,True,True,-1.5353121757507324,-0.780682897567749,-0.9102709889411926,-0.5064197778701782,-1.1033406257629395,-1.0616639852523804,-0.32171911001205444,-0.5287119001150131,-0.016436666250228882,-1.0409871339797974,-0.5043737590312958,-1.18356192111969,0.1748144030570984,-1.3302310109138489,-1.6550257205963135,-1.0054363012313843,-1.0950700789690018,-2.0094799995422363,-0.1806601583957672
YMR018W,val,True,True,-1.3377783298492432,-1.1700025796890259,-1.3744221925735474,-0.8647012710571289,-1.8811880350112915,-0.6625505685806274,-1.0671508312225342,-1.8718969225883484,-1.8532991409301758,-1.890494704246521,0.27683286368846893,0.14330905675888062,0.41035667061805725,-0.8138701021671295,-1.47963285446167,-0.1481073498725891,-1.1502465605735779,-1.5957292318344116,-0.7047638893127441
YMR019W,val,True,True,0.06982558965682983,-0.027325030136853456,0.3088794946670532,-0.3738689422607422,-0.004555618856102228,-0.08544041216373444,0.018360327929258347,0.17193562723696232,0.0442500002682209,0.29962125420570374,-1.1138301193714142,-0.9388951659202576,-1.2887650728225708,0.017253205180168152,-0.18387791514396667,0.21838432550430298,0.24950291961431503,0.2220318764448166,0.2769739627838135
YMR020W,val,True,True,-0.1742202639579773,0.12274814993143082,-0.07617036253213882,0.33867567777633667,0.06893564760684967,0.039967894554138184,0.24233189225196838,0.287654809653759,0.23417143523693085,0.34113818407058716,0.5939600169658661,0.6422938704490662,0.545626163482666,0.1414424292743206,0.02484884113073349,0.2580360174179077,0.22015541791915894,0.27323371171951294,0.16707712411880493
YMR021C,val,False,True,0.20549044013023376,0.5943602025508881,0.8543279767036438,0.7390099167823792,0.28473198413848877,0.6986278891563416,0.39510324597358704,0.6372402310371399,0.7680370211601257,0.506443440914154,0.6490930020809174,0.720952570438385,0.5772334337234497,0.44437162578105927,0.6039498448371887,0.2847934067249298,0.5525857955217361,0.653725802898407,0.4514457881450653
YMR022W,val,True,True,1.2896997928619385,0.7067793011665344,0.33650246262550354,1.0170235633850098,0.497465580701828,1.2188268899917603,0.46407800912857056,0.7157474160194397,0.8582169413566589,0.5732778906822205,0.3275716155767441,0.36604732275009155,0.2890959084033966,0.8147425949573517,0.7591543793678284,0.870330810546875,0.5675505846738815,0.49165675044059753,0.6434444189071655
YMR023C,val,True,True,-0.5356108546257019,0.36265768110752106,0.6836977601051331,0.40432190895080566,0.22787365317344666,0.18686355650424957,0.31053152680397034,0.46275001764297485,0.49177825450897217,0.43372178077697754,0.1967131793498993,0.17002472281455994,0.22340163588523865,0.2899288237094879,0.4071404039859772,0.17271724343299866,0.2089216634631157,0.3943946659564972,0.023448660969734192
YMR024W,val,True,True,0.8016412258148193,0.8313993453979492,1.0372384786605835,1.0557596683502197,0.7935693860054016,0.8284955024719238,0.44193369150161743,0.6196539402008057,0.7300024628639221,0.5093054175376892,0.2531149759888649,0.33976295590400696,0.16646699607372284,1.0253699123859406,0.9034834504127502,1.1472563743591309,0.7393675148487091,0.5427904725074768,0.9359445571899414
YMR025W,val,False,False,-0.7798637747764587,-0.9866845846176148,-0.7377083897590637,-1.2587080001831055,-1.1831939220428467,-0.8805771470069885,-0.8732354640960693,-1.1415010690689087,-1.0670831203460693,-1.215919017791748,-0.030114486813545227,-0.251801460981369,0.19157248735427856,-0.8861896991729736,-0.5534985065460205,-1.2188808917999268,-0.910608246922493,-1.321229338645935,-0.4999871551990509
YMR026C,val,True,True,0.12751556932926178,0.6498129367828369,0.549505889415741,0.6085676550865173,0.9781544804573059,0.6055753827095032,0.5072612762451172,0.48743461072444916,0.5068832039833069,0.46798601746559143,0.5830070674419403,0.3474925756454468,0.8185215592384338,0.295181080698967,0.12680670619010925,0.4635554552078247,0.7200982868671417,0.813105046749115,0.6270915269851685
YMR027W,val,True,True,0.3633936643600464,1.2119505882263184,0.8011574149131775,1.6183521747589111,1.8109647035598755,1.1367638111114502,0.6925148367881775,0.8349993526935577,0.8469254374504089,0.8230732679367065,0.5524040460586548,0.4491403102874756,0.655667781829834,0.8125465959310532,0.4991888701915741,1.1259043216705322,1.204729825258255,0.9337931275367737,1.4756665229797363
YMR028W,val,False,True,0.19092926383018494,0.17742506861686708,0.4556863009929657,-0.14596283435821533,0.41162148118019104,-0.1156826913356781,0.281463086605072,0.4407649338245392,0.3778461813926697,0.5036836862564087,-0.23187628388404846,-0.5481791496276855,0.08442658185958862,0.28876839578151703,0.2842021882534027,0.29333460330963135,0.23748642951250076,0.21296118199825287,0.26201167702674866
YMR029C,val,False,True,0.3323368728160858,0.7562154531478882,0.5345932245254517,0.8318288326263428,1.064258098602295,0.8369342684745789,0.5134628415107727,0.5367600321769714,0.5280745029449463,0.5454455614089966,1.18463796377182,1.3705533742904663,0.9987225532531738,0.6671947091817856,0.4088725745677948,0.9255168437957764,1.119686484336853,1.240251064300537,0.999121904373169
YMR030W,val,True,True,-0.10805293172597885,0.790531051158905,1.0186296701431274,0.9182636141777039,0.9393967986106873,0.6085651516914368,0.4678000211715698,0.3928157240152359,0.564461886882782,0.22116956114768982,0.29065483808517456,0.139547199010849,0.4417624771595001,0.7840646952390671,0.25018224120140076,1.3179471492767334,0.9090206921100616,0.8301776051521301,0.9878637790679932
YMR030W-A,val,False,False,-1.639910340309143,-1.327051818370819,-1.2627360820770264,-2.1782546043395996,-0.5384562611579895,-1.749467372894287,-0.9063447713851929,-1.1415010690689087,-1.0670831203460693,-1.215919017791748,0.01456834003329277,-0.04961460083723068,0.07875128090381622,-1.750920593738556,-1.3806430101394653,-2.1211981773376465,-1.781559705734253,-1.6190084218978882,-1.9441109895706177
YMR031C,val,True,True,0.8167580366134644,1.0807852387428283,0.9555326104164124,1.204850196838379,1.0656301975250244,1.419488549232483,0.7584246397018433,0.7687681615352631,0.9367239475250244,0.6008123755455017,0.32796967029571533,0.28229883313179016,0.3736405074596405,1.5044196844100952,1.4646997451782227,1.5441396236419678,0.775312751531601,0.8986214995384216,0.6520040035247803
YMR031W-A,val,False,False,-1.8252671957015991,-1.3829008340835571,-1.0618369579315186,-1.3777334690093994,-1.5404939651489258,-1.2763770818710327,-1.6580626964569092,-1.1415010690689087,-1.0670831203460693,-1.215919017791748,-1.0430894643068314,-1.7639384269714355,-0.3222405016422272,-1.5566594004631042,-1.4414759874343872,-1.6718428134918213,-1.7187663316726685,-1.8894671201705933,-1.5480655431747437
YMR032W,val,True,True,0.2060471624135971,0.5361905515193939,0.20069217681884766,1.1155738830566406,0.39497098326683044,0.684856116771698,0.2848595976829529,0.5151301324367523,0.4911347031593323,0.5391255617141724,0.4517969936132431,0.2768905460834503,0.6267034411430359,0.630066305398941,0.4023028612136841,0.857829749584198,0.8248966634273529,0.7915657162666321,0.8582276105880737
YMR033W,val,True,True,0.5531527996063232,0.39063196182250975,0.6088280081748962,-0.28222811222076416,0.729688823223114,0.2592085599899292,0.6376625299453735,0.6022425889968872,0.6568345427513123,0.5476506352424622,0.36880412697792053,0.40193507075309753,0.33567318320274353,0.21446996368467808,0.3942202627658844,0.034719664603471756,0.32518472522497177,0.7113089561462402,-0.06093950569629669
YMR034C,val,True,True,-0.7925997376441956,0.3270885519683361,0.2596590220928192,0.7538394331932068,0.2662293016910553,0.3973711431026459,-0.041656140238046646,0.424272745847702,0.34896692633628845,0.4995785653591156,0.32102884352207184,0.42620256543159485,0.21585512161254883,0.08468328043818474,-0.03323153406381607,0.20259809494018555,0.44655928667634726,0.013629032298922539,0.879489541053772
YMR035W,val,False,True,-0.39148810505867004,0.40599259957671163,0.261035680770874,0.5898601412773132,0.7072203755378723,0.5110952854156494,-0.03924848511815071,0.39491061866283417,0.4259949326515198,0.36382630467414856,0.5100263953208923,0.6029179692268372,0.4171348214149475,0.30820850655436516,-0.04204825311899185,0.6584652662277222,0.36423906683921814,0.1961340308189392,0.5323441028594971
YMR036C,val,True,True,0.14828236401081085,0.050921577215194705,-0.16745027899742126,-0.17845755815505981,0.17016999423503876,0.19866837561130524,0.2316773533821106,0.37958794832229614,0.42031559348106384,0.33886030316352844,-0.773806244134903,-0.45175498723983765,-1.0958575010299683,0.2105041854083538,0.09977217763662338,0.32123619318008423,0.2987204045057297,0.2976296544075012,0.29981115460395813
YMR037C,val,True,True,0.6423014402389526,0.18969520926475525,-0.2261252999305725,0.27214688062667847,0.6929671168327332,0.13945752382278442,0.07002982497215271,0.3720910847187042,0.3628160357475281,0.38136613368988037,0.1970575638115406,0.05239737778902054,0.34171774983406067,0.4351826012134552,0.43927237391471863,0.4310928285121918,-0.17852623760700226,-0.8031697869300842,0.4461173117160797
YMR038C,val,True,True,1.6437407732009888,0.9707783341407776,0.6807718873023987,1.1674437522888184,1.1356309652328491,0.9680240154266357,0.902021050453186,0.7629523575305939,0.9775047898292542,0.5483999252319336,0.9855085611343384,1.26395583152771,0.7070612907409668,1.1777383089065552,1.2829097509384155,1.0725668668746948,1.0355382859706879,0.9896177649497986,1.0814588069915771
YMR039C,val,True,True,1.1387752294540405,0.7420338004827499,1.1926828622817993,0.555000364780426,0.9938517808914185,0.17144249379634857,0.7971915006637573,0.28503651916980743,0.17319095134735107,0.3968820869922638,1.0605633556842804,1.446432113647461,0.6746945977210999,0.8465278148651123,0.7670825719833374,0.9259730577468872,1.2285890579223633,1.1426273584365845,1.314550757408142
YMR040W,val,True,True,-0.6550355553627014,0.08920748382806779,-0.14909237623214722,0.01221715658903122,0.15861639380455017,0.28105679154396057,0.14323945343494415,-0.0737752914428711,-0.22116665542125702,0.07361607253551483,-0.4612516015768051,-0.6933510303497314,-0.22915217280387878,0.09983079507946968,0.07339546829462051,0.12626612186431885,0.13785994797945023,-0.035072967410087585,0.31079286336898804
YMR041C,val,True,False,0.07577654719352722,-0.9850820183753968,-1.0401660203933716,-1.236771583557129,-0.5517104864120483,-0.4539704918861389,-1.642791509628296,-1.1415010690689087,-1.0670831203460693,-1.215919017791748,0.21497635915875435,0.09810612350702286,0.33184659481048584,-0.8050890490412712,-1.5462063550949097,-0.06397174298763275,-1.0222966223955154,-1.6270052194595337,-0.4175880253314972
YMR042W,val,True,True,1.2613765001296997,0.13064019680023192,-0.3685299754142761,0.021237172186374664,-0.09779597073793411,0.726596474647522,0.37169328331947327,-0.11604751460254192,-0.027644988149404526,-0.20445004105567932,1.0315008759498596,1.5147110223770142,0.5482907295227051,-0.10248502157628536,-0.25743991136550903,0.05246986821293831,0.00629831850528717,-0.16094739735126495,0.1735440343618393
YMR043W,val,False,True,1.9257817268371582,0.9640716671943664,0.6269638538360596,1.0890896320343018,1.1436007022857666,0.828240692615509,1.1324634552001953,0.2751771807670593,0.4020169973373413,0.14833736419677734,0.8948414921760559,1.2465225458145142,0.5431604385375977,0.9580607414245605,1.1024166345596313,0.8137048482894897,0.5834797322750092,0.973881185054779,0.19307827949523926
YMR044W,val,True,True,0.84188312292099,0.6959729194641113,0.6761114001274109,0.6868422627449036,0.727270245552063,0.9399808645248413,0.4496598243713379,0.45417095720767975,0.6405995488166809,0.2677423655986786,1.015630841255188,0.8103154897689819,1.220946192741394,1.0158100724220276,1.1313031911849976,0.9003169536590576,0.6362031102180481,0.6191064119338989,0.6532998085021973
YMR046W-A,val,False,False,-1.4176878929138184,-0.6843836039304734,-0.7820732593536377,-0.7242563366889954,-0.9987279772758484,-0.1192769855260849,-0.7975834608078003,-1.1415010690689087,-1.0670831203460693,-1.215919017791748,-0.2942350059747696,-0.43939316272735596,-0.14907684922218323,-0.7079908102750778,-1.0742684602737427,-0.34171316027641296,-1.4054145216941833,-1.8136333227157593,-0.9971957206726074
YMR047C,val,False,True,1.1055155992507935,0.2277967393398285,0.3584476113319397,0.21835309267044067,0.1303398460149765,0.2817489206790924,0.15009422600269318,0.35023733973503113,0.3306412696838379,0.36983340978622437,-0.09707515314221382,0.04859032481908798,-0.24274063110351562,0.5198353677988052,0.6827400326728821,0.3569307029247284,0.3120169937610626,0.35534852743148804,0.2686854600906372
YMR048W,val,True,True,0.39447519183158875,0.052562720328569415,0.07689689099788666,-0.40977075695991516,0.018888849765062332,0.4215085506439209,0.15529006719589233,0.2987774461507797,0.3354843854904175,0.26207050681114197,-0.49088917672634125,-0.7196429967880249,-0.2621353566646576,0.3364206850528717,0.3774798810482025,0.2953614890575409,-0.24224068969488144,-0.1612176150083542,-0.3232637643814087
YMR049C,val,True,True,0.5939699411392212,0.7211259067058563,1.1908838748931885,0.4835398197174072,0.8278517723083496,0.729300320148468,0.3740537464618683,0.5963588058948517,0.5905447006225586,0.6021729111671448,0.9528404772281647,0.9456390738487244,0.960041880607605,1.1679818630218506,1.531982660293579,0.8039810657501221,0.8338020443916321,0.5971009731292725,1.0705031156539917
YMR052C-A,val,False,False,-1.9501065015792847,-1.3147687256336211,-1.923269510269165,-2.2257914543151855,-0.6693667769432068,-0.44562408328056335,-1.3097918033599854,-1.1415010690689087,-1.0670831203460693,-1.215919017791748,-1.378620445728302,-1.177201271057129,-1.580039620399475,-1.9012738466262817,-1.760666847229004,-2.0418808460235596,-2.077255666255951,-2.1852095127105713,-1.9693018198013306
YMR052W,val,False,True,-0.06370944529771805,0.17343247681856155,0.3913194537162781,0.1642574965953827,0.047452040016651154,0.8852015137672424,-0.6210681200027466,0.14836285077035427,0.06197367236018181,0.23475202918052673,0.38575318455696106,0.611452579498291,0.1600537896156311,0.836022675037384,0.9581160545349121,0.713929295539856,0.4266366297379136,-0.012995852157473564,0.8662691116333008
YMR053C,val,True,True,-0.1720779538154602,0.4594781994819641,0.390164852142334,0.5317252278327942,0.5532959699630737,0.29089486598968506,0.5313100814819336,0.7010372281074524,0.7634875178337097,0.6385869383811951,0.26028020679950714,0.33432596921920776,0.18623444437980652,0.4681348353624344,0.43658581376075745,0.49968385696411133,0.43287786841392517,0.27450698614120483,0.5912487506866455
YMR054W,val,True,True,0.7382772564888,0.3915079474449158,0.030910514295101166,0.6360858082771301,0.46922290325164795,0.11744556576013565,0.703874945640564,0.49937133491039276,0.6340969800949097,0.36464568972587585,0.21681196987628937,0.1703629493713379,0.26326099038124084,0.5245413780212402,0.5408012270927429,0.5082815289497375,0.2687094248831272,0.07958201318979263,0.4578368365764618
YMR055C,val,True,True,0.3377173840999603,0.07592829428613186,-0.3829062581062317,-0.07641905546188354,0.7480714917182922,-0.023600922897458076,0.11449621617794037,0.4215876907110214,0.4147869348526001,0.42838844656944275,0.4641156643629074,0.48295363783836365,0.44527769088745117,-0.5667274445295334,-1.0997883081436157,-0.03366658091545105,0.2690497413277626,-0.1782199591398239,0.7163194417953491
YMR056C,val,True,True,-0.5663414597511292,-0.4455636590719223,-0.8412690758705139,-0.3253973424434662,-0.34296321868896484,-0.9402347207069397,0.22204606235027313,0.4227127209305763,0.6630701422691345,0.18235529959201813,0.37185192108154297,0.3341015875339508,0.40960225462913513,-0.5064667016267776,-0.1995774805545807,-0.8133559226989746,-0.24357415363192558,-0.08211337774991989,-0.4050349295139313
YMR057C,val,False,False,-1.3527500629425049,-1.9565753936767578,-1.942515254020691,-2.061375856399536,-1.8409751653671265,-1.864464521408081,-2.0735461711883545,-1.1415010690689087,-1.0670831203460693,-1.215919017791748,-0.4892972856760025,-0.5964560508728027,-0.38213852047920227,-2.111841559410095,-2.0888671875,-2.1348159313201904,-2.0667129158973694,-2.1838877201080322,-1.9495381116867065
YMR058W,val,False,True,1.8499541282653809,0.4824136316776276,0.9958000779151917,0.9937369227409363,0.4685215950012207,-0.4366644024848938,0.390673965215683,1.0006024241447449,1.1649811267852783,0.8362237215042114,0.4360390454530716,0.6537843942642212,0.218293696641922,0.4987585097551346,1.23248291015625,-0.23496589064598083,1.0663692355155945,1.2618626356124878,0.8708758354187012
YMR059W,val,True,True,0.4226018786430359,0.2927009880542755,0.2907882332801819,0.10439789295196533,0.5782894492149353,0.23784467577934265,0.2521846890449524,0.37980009615421295,0.422896146774292,0.3367040455341339,0.11022385954856873,0.34477075934410095,-0.1243230402469635,0.5721305012702942,0.5377613306045532,0.6064996719360352,0.0915355496108532,0.19234293699264526,-0.009271837770938873
YMR060C,val,True,True,-0.1825529783964157,0.2984013341367245,0.433005690574646,0.014959979802370071,0.6208547949790955,0.08183803409337997,0.34134817123413086,0.6364116072654724,0.6348077058792114,0.6380155086517334,-0.5650030672550201,-0.6296635866165161,-0.5003425478935242,0.32331860065460205,0.29038774967193604,0.35624945163726807,0.4858468025922775,0.3488013446331024,0.6228922605514526
YMR061W,val,True,True,0.22700481116771698,0.4860377311706543,0.3763476014137268,0.37452295422554016,0.652239978313446,0.746112048625946,0.2809660732746124,0.6312363743782043,0.6666207909584045,0.5958519577980042,0.47597089409828186,0.4532271921634674,0.4987145960330963,0.7182409018278122,0.3362228572368622,1.1002589464187622,0.6369120478630066,0.4089256525039673,0.8648984432220459
YMR062C,val,False,True,0.6509613394737244,0.5510236859321594,0.5569432973861694,0.7504626512527466,0.5985453128814697,0.4809406101703644,0.368226557970047,0.6586414277553558,0.6893419027328491,0.6279409527778625,0.29687049612402916,-0.06960005313158035,0.6633410453796387,0.5612543523311615,0.5319105982780457,0.5905981063842773,0.6839608252048492,0.6604850888252258,0.7074365615844727
YMR063W,val,True,True,-0.29390841722488403,-0.29725813269615176,-0.5206989049911499,0.15703968703746796,-0.13276983797550201,-0.5187095999717712,-0.47115200757980347,0.32438477873802185,0.3538455367088318,0.2949240207672119,-0.4257362987846136,-0.7929103374481201,-0.0585622601211071,-0.2105896845459938,-0.5519416332244873,0.1307622641324997,-0.11416949331760406,-0.6252453923225403,0.39690640568733215
YMR064W,val,True,True,0.13884542882442474,0.3024174392223358,0.1364949345588684,0.45318520069122314,0.4771393835544586,0.32910946011543274,0.11615821719169617,0.3806266635656357,0.45561373233795166,0.3056395947933197,-1.0204338729381561,-1.1876294612884521,-0.8532382845878601,0.3198416978120804,0.35347554087638855,0.2862078547477722,0.15122556686401367,0.18433786928653717,0.11811326444149017
YMR065W,val,True,True,-0.6228752732276917,-1.349425995349884,-1.1293007135391235,-2.308060884475708,-2.0451629161834717,-0.5239781141281128,-0.7406273484230042,-1.1680563390254974,-0.96653813123703,-1.3695745468139648,-0.4903368204832077,-0.9695889353752136,-0.011084705591201782,-1.7740063667297363,-2.1123766899108887,-1.435636043548584,-1.5081106424331665,-1.8434418439865112,-1.1727794408798218
YMR066W,val,True,True,-0.16083306074142456,0.5980442047119141,0.3801270127296448,0.43146318197250366,0.8051291108131409,0.6599017977714539,0.7135999202728271,0.31337668746709824,0.46640467643737793,0.16034869849681854,0.3118019327521324,0.7479860186576843,-0.1243821531534195,0.48274220526218414,0.640999972820282,0.3244844377040863,0.4469234496355057,0.35398057103157043,0.5398663282394409
YMR067C,val,True,False,0.5742176175117493,-1.1046880602836608,-0.5736314654350281,-1.4590930938720703,-2.072272539138794,-0.3829517364501953,-1.0354914665222168,-1.1415010690689087,-1.0670831203460693,-1.215919017791748,0.5545611903071404,0.9519023895263672,0.1572199910879135,-1.1574971079826355,-1.2303767204284668,-1.0846174955368042,-1.3929367661476135,-1.5548158884048462,-1.2310576438903809
YMR068W,val,True,True,-0.1521661877632141,0.5485137462615967,0.4926196336746216,0.5158360600471497,0.6270350813865662,0.704413115978241,0.40266484022140503,0.41214045882225037,0.39696428179740906,0.4273166358470917,0.18168406188488007,0.200102299451828,0.16326582431793213,0.4439881443977356,0.3284667730331421,0.5595095157623291,0.5271821469068527,0.26829347014427185,0.7860708236694336
YMR069W,val,True,True,-0.21647587418556213,0.051551537960767745,0.40209513902664185,-0.153981015086174,-0.19286946952342987,0.2566452920436859,-0.05413225665688515,-0.7958907186985016,-0.7545319199562073,-0.8372495174407959,0.28045086935162544,0.11699316650629044,0.44390857219696045,0.1004157979041338,0.22752094268798828,-0.026689346879720688,-0.0422825813293457,-0.20535069704055786,0.12078553438186646
YMR070W,val,True,True,1.446903109550476,1.3595855951309204,1.6431528329849243,1.6173577308654785,1.3302199840545654,1.379891276359558,0.8273061513900757,0.8564831614494324,0.8156539797782898,0.897312343120575,1.2022404968738556,0.9028920531272888,1.5015889406204224,1.1669477820396423,1.0904074907302856,1.243488073348999,1.4557470679283142,1.4226148128509521,1.4888793230056763
YMR071C,val,True,True,0.4303622245788574,0.39270116239786146,0.04837191849946976,0.4848455786705017,0.6746514439582825,0.6890417337417603,0.06659513711929321,0.40790441632270813,0.4285513460636139,0.38725748658180237,-0.12583141028881073,-0.5461542010307312,0.29449138045310974,0.6766550242900848,0.5260679125785828,0.8272421360015869,0.5136509835720062,0.350064218044281,0.6772377490997314
YMR072W,val,True,True,0.914535403251648,0.8803588628768921,0.8767257332801819,1.2361414432525635,1.0785573720932007,0.7445211410522461,0.4658486247062683,0.5742560923099518,0.6024789810180664,0.5460332036018372,1.1503809988498688,1.3900412321090698,0.9107207655906677,1.248961865901947,1.1369975805282593,1.3609261512756348,0.8896763026714325,0.6972376704216003,1.0821149349212646
YMR073C,val,True,True,0.10483115166425705,0.11532063335180283,-0.15814560651779175,0.18740394711494446,0.2520907521247864,0.04440491646528244,0.2508491575717926,0.4491846412420273,0.4625585675239563,0.43581071496009827,0.35056979954242706,0.27576473355293274,0.4253748655319214,0.44286051392555237,0.2806522250175476,0.6050688028335571,0.24841052759438753,-0.02373909018933773,0.5205601453781128
YMR074C,val,True,True,0.2055628001689911,0.7897866368293762,0.724668025970459,0.8314061760902405,1.0546846389770508,0.779377818107605,0.5587965250015259,0.6159084439277649,0.724774181842804,0.5070427060127258,1.3196217119693756,0.991043746471405,1.6481996774673462,0.604872927069664,0.43851450085639954,0.7712313532829285,0.7025428116321564,0.6675334572792053,0.7375521659851074
YMR075C-A,val,False,False,-0.9526128172874451,-2.1185254096984862,-2.1010358333587646,-2.18753719329834,-2.1274430751800537,-2.0523178577423096,-2.124293088912964,-1.1415010690689087,-1.0670831203460693,-1.215919017791748,-1.9720256328582764,-1.9372282028198242,-2.0068230628967285,-2.040435314178467,-1.9233112335205078,-2.157559394836426,-1.9858299493789673,-2.1905035972595215,-1.781156301498413
YMR075W,val,True,True,0.28249210119247437,0.7733887076377869,0.5723322629928589,0.7101218700408936,1.3698025941848755,0.5703940987586975,0.6442927122116089,0.5236067026853561,0.5827121138572693,0.464501291513443,0.7757990658283234,0.7987887859344482,0.7528093457221985,0.6106451004743576,0.4246649444103241,0.7966252565383911,0.5945641696453094,0.6412021517753601,0.5479261875152588
YMR076C,val,True,True,0.21583524346351624,-0.47089277133345603,-0.7043260931968689,-0.31590354442596436,-0.572432816028595,-0.7716345191001892,0.009833116084337234,0.38383637368679047,0.42041099071502686,0.3472617566585541,0.012619106099009514,-0.017350859940052032,0.04258907213807106,-0.2493583709001541,-0.34494778513908386,-0.15376895666122437,-0.3680133670568466,-0.44121411442756653,-0.2948126196861267
YMR077C,val,False,True,0.510713517665863,0.2484154224395752,-0.13042914867401123,0.4154144525527954,0.4896749258041382,0.17703673243522644,0.2903801500797272,0.4487728029489517,0.48604506254196167,0.4115005433559418,0.09679470956325531,-0.2796086072921753,0.4731980264186859,0.1534791775047779,0.08465258032083511,0.2223057746887207,0.4154512584209442,0.2799188494682312,0.5509836673736572
YMR078C,val,True,True,0.20262150466442108,0.327161979675293,0.4639437198638916,-0.12725040316581726,0.5571038126945496,0.38924792408943176,0.3527648448944092,0.4214075058698654,0.386940598487854,0.45587441325187683,0.4748823493719101,0.8154168725013733,0.1343478262424469,0.30003121495246887,0.3194200098514557,0.28064242005348206,0.2108975648880005,0.34348130226135254,0.07831382751464844
YMR079W,val,True,True,1.1700260639190674,0.27810647785663606,-0.45691126585006714,0.6185088157653809,0.8167096972465515,0.16716472804546356,0.24506041407585144,0.7567601501941681,0.7066946625709534,0.8068256378173828,-0.21662507392466068,-0.48606595396995544,0.05281580612063408,0.12651678919792175,-0.22541534900665283,0.47844892740249634,0.3415035158395767,0.41486480832099915,0.2681422233581543
YMR080C,val,True,True,0.6442092657089233,-0.07468012124300002,-0.031391508877277374,-0.19549992680549622,0.011663217097520828,-0.1747530698776245,0.01658068224787712,0.39347900450229645,0.4624480605125427,0.32450994849205017,0.47497083246707916,0.5475123524665833,0.4024293124675751,0.16631721332669258,-0.06469991058111191,0.39733433723449707,0.09329426288604736,0.19711194932460785,-0.010523423552513123
YMR081C,val,False,True,-1.2055633068084717,-0.5153428882360458,-0.7357715964317322,-0.8129445314407349,-0.4864444434642792,0.12834493815898895,-0.6698988080024719,-0.3690784778445959,0.0485849566757679,-0.7867419123649597,-0.03937520459294319,-0.09400065988302231,0.015250250697135925,0.10652367770671844,0.13322976231575012,0.07981759309768677,-0.8895070552825928,-0.8031556606292725,-0.9758584499359131
YMR082C,val,False,False,-1.965366244316101,-0.7739686876535415,-1.1806178092956543,-1.3748705387115479,-0.3525075614452362,-0.8262986540794373,-0.13554887473583221,-1.1415010690689087,-1.0670831203460693,-1.215919017791748,-0.06800380349159241,-0.6799799203872681,0.5439723134040833,-1.1318482160568237,-1.0109968185424805,-1.252699613571167,-1.0875615179538727,-0.510331928730011,-1.6647911071777344
YMR083W,val,True,True,1.051512360572815,0.9196256518363952,0.6766760945320129,1.0988800525665283,1.222154140472412,0.8122040033340454,0.7882139682769775,0.8274787366390228,1.1381120681762695,0.5168454051017761,0.5597515404224396,0.6055678725242615,0.5139352083206177,0.9763411283493042,1.2099838256835938,0.7426984310150146,1.2823373079299927,1.3134397268295288,1.2512348890304565
YMR084W,val,True,True,-0.9687114953994751,-0.32338060103356836,-0.016620559617877007,-0.9708730578422546,0.2317451685667038,-0.10478782653808594,-0.7563667297363281,0.1270049661397934,0.16103409230709076,0.09297583997249603,0.4892688989639282,0.19679486751556396,0.7817429304122925,-0.6081946492195129,-0.8612884283065796,-0.3551008701324463,0.11593423783779144,0.20354045927524567,0.02832801640033722
YMR085W,val,True,False,-0.7475424408912659,-1.182560884952545,-0.6431063413619995,-1.6322176456451416,-0.3935479521751404,-1.7140384912490845,-1.5298939943313599,-1.1415010690689087,-1.0670831203460693,-1.215919017791748,-0.329980805516243,-0.21513479948043823,-0.44482681155204773,-1.2728724479675293,-1.2026313543319702,-1.3431135416030884,-1.0493744015693665,-0.757500171661377,-1.341248631477356
YMR086C-A,val,False,False,-0.9845613837242126,-1.2861019849777222,-1.0663162469863892,-2.1948065757751465,-1.177262783050537,-0.40050339698791504,-1.591620922088623,-1.1415010690689087,-1.0670831203460693,-1.215919017791748,-0.7969382107257843,-0.9268837571144104,-0.6669926643371582,-1.7395994663238525,-1.4077370166778564,-2.0714619159698486,-1.6525009870529175,-1.3437546491622925,-1.9612473249435425
YMR086W,val,True,True,0.6859308481216431,0.5074668824672699,0.2927211821079254,0.359322190284729,0.6601123809814453,0.48667603731155396,0.7385026216506958,0.48346953094005585,0.5286121964454651,0.4383268654346466,0.37718886137008667,0.29096612334251404,0.4634115993976593,0.597065657377243,0.6748901605606079,0.5192411541938782,0.6976738125085831,0.2733682692050934,1.1219793558120728
YMR087W,val,True,True,-0.004127393011003733,0.8236940801143646,0.7524448037147522,0.44734808802604675,1.3095123767852783,0.937232255935669,0.6719328761100769,0.6308014839887619,0.7769886255264282,0.4846143424510956,-1.065741628408432,-0.9554070830345154,-1.1760761737823486,0.4569851756095886,0.38623112440109253,0.5277392268180847,0.8916642069816589,1.0064291954040527,0.7768992185592651
YMR088C,val,False,True,-0.05404137074947357,0.22090647667646407,0.3417215645313263,-0.05939996987581253,0.46615737676620483,0.28373846411705017,0.07231494784355164,0.41038183867931366,0.5147030353546143,0.30606064200401306,-0.026813914999365807,-0.04915039986371994,-0.004477430135011673,0.3927421420812607,0.49189189076423645,0.2935923933982849,0.12763626594096422,0.027488941326737404,0.22778359055519104
YMR089C,val,True,True,0.7003083825111389,0.6644935250282288,0.9408119320869446,0.5880434513092041,0.9402129054069519,0.57029789686203,0.2831014394760132,0.3655088096857071,0.4039931297302246,0.3270244896411896,0.8971698880195618,1.1178408861160278,0.6764988899230957,0.702166348695755,0.909418523311615,0.494914174079895,0.5304652750492096,0.6976005434989929,0.36333000659942627
YMR090W,val,True,False,0.3914693593978882,-1.2175530791282654,-1.4252253770828247,-1.5068871974945068,-1.929805040359497,-0.5881668329238892,-0.6376809477806091,-1.1415010690689087,-1.0670831203460693,-1.215919017791748,-0.6399921476840973,-0.6691243052482605,-0.6108599901199341,-1.1393133997917175,-1.1651228666305542,-1.1135039329528809,-1.3741794228553772,-1.3317480087280273,-1.416610836982727
YMR091C,val,True,True,1.1592481136322021,0.8923511028289794,0.9860609173774719,0.9492244720458984,1.4135477542877197,0.5589006543159485,0.5540217161178589,0.6612924039363861,0.726100504398346,0.5964843034744263,0.8880169987678528,1.1997344493865967,0.5762995481491089,1.2038807570934296,0.8145273327827454,1.5932341814041138,0.7539742588996887,0.9590867757797241,0.5488617420196533
YMR092C,val,True,True,0.13973207771778107,0.00038350820541381835,-1.4799171686172485,0.9687504172325134,-0.3483654260635376,0.2413768768310547,0.6200728416442871,0.5892865657806396,0.7441157102584839,0.4344574213027954,-1.089780181646347,-0.9207137227058411,-1.258846640586853,0.1027025580406189,-0.2246468961238861,0.4300520122051239,-0.22428764402866364,-0.38930585980415344,-0.05926942825317383
YMR093W,val,True,True,0.557646632194519,1.063487136363983,1.186876893043518,1.2789628505706787,1.0562546253204346,0.6611047387123108,1.1342365741729736,0.8390338122844696,0.8818550705909729,0.7962125539779663,0.34753984957933426,0.6023388504981995,0.09274084866046906,1.270168960094452,1.3067893981933594,1.2335485219955444,1.052697628736496,0.8812326788902283,1.2241625785827637
YMR094W,val,True,True,-0.3076956272125244,0.06702189221978187,0.021345801651477814,-0.05065535381436348,0.30279967188835144,0.2007725089788437,-0.13915316760540009,0.38808315992355347,0.4600714445114136,0.31609487533569336,0.48315568268299103,0.6651180386543274,0.30119332671165466,0.023070570081472397,-0.08817902952432632,0.13432016968727112,0.5297901630401611,0.4664655923843384,0.5931147336959839
YMR095C,val,False,True,-1.1974660158157349,0.5060674630105495,1.4388235807418823,0.561690628528595,0.1429436355829239,0.41711854934692383,-0.030239079147577286,0.3708302453160286,0.1840418130159378,0.5576186776161194,0.2960442863404751,0.09451945871114731,0.49756911396980286,0.829791933298111,1.0112844705581665,0.6482993960380554,0.6835168749094009,0.9059180617332458,0.46111568808555603
YMR096W,val,False,True,0.03498462215065956,0.19113820195198059,0.2887359857559204,0.12090626358985901,0.44031235575675964,0.4680870473384857,-0.3623506426811218,-0.1859503835439682,-0.5526905655860901,0.1807897984981537,0.7233832329511642,1.0160247087478638,0.4307417571544647,-0.1889149472117424,-0.265330970287323,-0.1124989241361618,0.034470196813344955,-0.057938240468502045,0.12687863409519196
YMR097C,val,True,True,0.03883013129234314,0.22514478266239166,0.34062090516090393,0.17613108456134796,0.5120881199836731,-0.18466773629188538,0.2815515398979187,0.31222955882549286,0.33580124378204346,0.28865787386894226,0.27583150565624237,0.32142773270606995,0.2302352786064148,-0.05043874867260456,-0.06617514044046402,-0.0347023569047451,0.1953938901424408,0.19349327683448792,0.19729450345039368
YMR098C,val,False,True,0.14804422855377197,-0.8187142431735992,-0.387178510427475,-1.642057180404663,-0.7872850298881531,-0.44126081466674805,-0.835789680480957,-0.9226114749908447,-0.27012038230895996,-1.5751025676727295,0.4815512150526047,0.6096559166908264,0.35344651341438293,-1.2597492337226868,-1.2597123384475708,-1.2597861289978027,-1.4568601846694946,-1.7171152830123901,-1.1966050863265991
YMR099C,val,True,True,0.30095961689949036,0.5085849463939667,0.5032864212989807,0.49162179231643677,1.020540714263916,0.25383785367012024,0.27363795042037964,0.42461487650871277,0.4946327209472656,0.3545970320701599,0.3914519976824522,0.7292744517326355,0.053629543632268906,0.77411749958992,0.8808581233024597,0.6673768758773804,0.7415993511676788,0.4684252142906189,1.0147734880447388
YMR100W,val,True,True,0.37577787041664124,0.20721679627895356,0.2354920506477356,0.014540106058120728,0.6018169522285461,-0.20872609317302704,0.39296096563339233,0.3320569768548012,0.20976607501506805,0.4543478786945343,0.06186245009303093,0.04693635553121567,0.07678854465484619,0.3852427154779434,0.35519304871559143,0.4152923822402954,0.041513293981552124,-0.1013624519109726,0.18438903987407684
YMR101C,val,False,False,-1.6371384859085083,-0.5172432214021683,-0.18981492519378662,-0.5206479430198669,-0.8729584813117981,-0.19781740009784698,-0.8049773573875427,-1.1415010690689087,-1.0670831203460693,-1.215919017791748,0.557707205414772,0.22221305966377258,0.8932013511657715,-0.19240442663431168,-0.31960171461105347,-0.06520713865756989,-0.2501213997602463,-0.35571232438087463,-0.14453047513961792
YMR102C,val,True,True,0.17960655689239502,0.9641859769821167,0.7925229668617249,0.8746387958526611,1.5265456438064575,0.6216480135917664,1.0055744647979736,1.0482813715934753,0.9641411304473877,1.132421612739563,0.27928464114665985,0.27587729692459106,0.28269198536872864,1.0271296799182892,0.9101918339729309,1.1440675258636475,1.0460133850574493,0.7618064284324646,1.330220341682434
YMR103C,val,False,False,-0.15570811927318573,-0.9848955035209656,-0.7656282186508179,-1.8057196140289307,-0.7864066958427429,-0.982127845287323,-0.5845951437950134,-1.1415010690689087,-1.0670831203460693,-1.215919017791748,0.22745773196220398,0.29691827297210693,0.15799719095230103,-1.335768461227417,-1.0363649129867554,-1.6351720094680786,-1.6681957244873047,-1.5541743040084839,-1.7822171449661255
YMR104C,val,True,True,-0.11229781806468964,0.49519932866096494,0.3512474298477173,0.7122953534126282,0.30801427364349365,0.6977396607398987,0.40669992566108704,0.45930324494838715,0.500819742679596,0.41778674721717834,1.1458843052387238,0.9961320757865906,1.295636534690857,0.5580029487609863,0.4637089967727661,0.6522969007492065,0.060867562890052795,0.05686312913894653,0.06487199664115906
YMR105C,val,False,True,-0.11203970015048981,0.16905560791492463,-0.1942969560623169,-0.223871648311615,0.7433250546455383,0.378030389547348,0.14209119975566864,0.3534489572048187,0.4066188931465149,0.30027902126312256,-0.1231808178126812,-0.12166429311037064,-0.12469734251499176,0.1916957125067711,0.5077766180038452,-0.12438519299030304,0.292516827583313,0.43079397082328796,0.154239684343338
YMR105W-A,val,True,True,-0.9750942587852478,-0.12443211898207665,0.11111598461866379,0.064908966422081,-0.8342380523681641,0.022580891847610474,0.013471614569425583,0.3478112816810608,0.4118168354034424,0.2838057279586792,-0.5185040831565857,-0.7545123100280762,-0.2824958562850952,-0.25963556580245495,-0.04638218507170677,-0.4728889465332031,-0.106610506772995,-0.3360792100429535,0.1228581964969635
YMR106C,val,False,False,0.00565993320196867,-1.2691059708595276,-1.5345231294631958,-1.0552175045013428,-1.33367919921875,-0.9830564856529236,-1.4390535354614258,-1.1415010690689087,-1.0670831203460693,-1.215919017791748,-0.14643502607941628,-0.11160656064748764,-0.1812634915113449,-1.5793939232826233,-1.9123889207839966,-1.24639892578125,-1.7261345386505127,-2.0036463737487793,-1.448622703552246
YMR107W,val,True,True,-1.3421334028244019,0.1229651004076004,-0.16990292072296143,0.16243980824947357,0.9891634583473206,-0.6190302968025208,0.25215545296669006,0.227844700217247,0.1840159296989441,0.2716734707355499,-0.41288773715496063,-1.082271933555603,0.25649645924568176,0.24813539162278175,0.10958356410264969,0.3866872191429138,-0.30902621150016785,-0.8123607635498047,0.194308340549469
YMR108W,val,True,True,1.0093053579330444,0.4974858969449997,0.5694494247436523,0.7293850779533386,0.5483065247535706,0.21521063148975372,0.4250778257846832,0.5974820256233215,0.5249315500259399,0.6700325012207031,0.37105265259742737,0.5850486755371094,0.15705662965774536,0.43663710355758667,0.17415106296539307,0.6991231441497803,0.7934463322162628,0.77601557970047,0.8108770847320557
YMR109W,val,True,True,0.9447410106658936,0.686589139699936,0.6821464896202087,1.0819792747497559,0.4766620397567749,0.49548253417015076,0.6966753602027893,0.8717102706432343,1.0127694606781006,0.7306510806083679,-1.1960110664367676,-1.1256630420684814,-1.2663590908050537,0.4127121716737747,0.5321017503738403,0.2933225929737091,0.9402199685573578,0.7228873372077942,1.1575525999069214
YMR110C,val,True,True,0.06477561593055725,0.339373604208231,0.06209187209606171,0.23198792338371277,0.6974040865898132,0.6891971230506897,0.016187015920877457,0.4771061986684799,0.6218531727790833,0.3323592245578766,0.7433014065027237,1.0544453859329224,0.432157427072525,0.2084965705871582,0.1526402235031128,0.2643529176712036,0.17893216013908386,0.2626173794269562,0.09524694085121155
YMR111C,val,False,False,0.11198809742927551,-0.20500200986862183,-0.388075053691864,-0.36299601197242737,-0.29654836654663086,-0.32367974519729614,0.34628912806510925,-1.1415010690689087,-1.0670831203460693,-1.215919017791748,0.48448490910232067,0.9697641730308533,-0.0007943548262119293,0.01963871717453003,-0.37538373470306396,0.414661169052124,-0.6874527782201767,-1.0492244958877563,-0.32568106055259705
YMR112C,val,True,True,0.2982625365257263,-0.5451729416847229,-0.3142636716365814,-0.9826374650001526,-0.41234466433525085,-0.49820399284362793,-0.5184149146080017,-0.0346703976392746,0.31848111748695374,-0.38782191276550293,0.07551469653844833,-0.08879534900188446,0.23982474207878113,-0.9641949534416199,-0.7777787446975708,-1.150611162185669,-0.19780435413122177,-0.23282141983509064,-0.1627872884273529
YMR113W,val,True,False,-0.1669062227010727,-1.425669288635254,-1.1048988103866577,-1.6664924621582031,-1.4950213432312012,-1.4531279802322388,-1.4088058471679688,-1.1415010690689087,-1.0670831203460693,-1.215919017791748,1.3267465829849243,1.5307985544204712,1.1226946115493774,-0.885351300239563,-0.9800570011138916,-0.7906455993652344,-1.3280479907989502,-1.5364878177642822,-1.1196081638336182
YMR114C,val,True,True,0.34420982003211975,-0.49931796789169314,0.2916829288005829,-0.5426939725875854,-1.1454373598098755,0.2794143855571747,-1.3795558214187622,-0.6133242100477219,-0.38200846314430237,-0.8446399569511414,0.15823857486248016,-0.47345301508903503,0.7899301648139954,-0.400006964802742,0.1806999146938324,-0.9807138442993164,-0.2907734215259552,-0.27768489718437195,-0.30386194586753845
YMR115W,val,True,True,0.499195396900177,-0.35285777002573016,0.05827001482248306,-0.6558546423912048,-0.2521301507949829,0.1396319419145584,-1.0542060136795044,-0.08843680284917355,-0.1298338770866394,-0.04703972861170769,-0.01797451078891754,-0.27343979477882385,0.23749077320098877,-0.3761677071452141,-0.13908742368221283,-0.6132479906082153,0.02413234580308199,0.01652505435049534,0.03173963725566864
YMR116C,val,True,True,0.991439938545227,0.8593613147735596,0.517586886882782,0.8591348528862,1.3736555576324463,0.3384760618209839,1.2079532146453857,0.8322095274925232,0.7205177545547485,0.9439013004302979,1.102285921573639,1.3551442623138428,0.8494275808334351,1.0922252535820007,1.052738070487976,1.1317124366760254,0.7937653809785843,0.4870653450489044,1.1004654169082642
YMR117C,val,True,True,0.5023767948150635,0.4932528018951416,0.214042067527771,0.3019642233848572,0.6828872561454773,0.6832080483436584,0.5841624140739441,0.6544779539108276,0.7201763987541199,0.5887795090675354,0.5886885523796082,0.5510336756706238,0.6263434290885925,0.6064904481172562,0.2774030864238739,0.9355778098106384,0.6564146280288696,0.533920168876648,0.7789090871810913
YMR118C,val,False,False,-1.9225828647613525,-1.5024249076843261,-1.2160288095474243,-1.8905279636383057,-1.7716883420944214,-1.368499517440796,-1.2653799057006836,-1.1415010690689087,-1.0670831203460693,-1.215919017791748,-0.6260872632265091,-1.2639027833938599,0.011728256940841675,-1.8281365633010864,-1.7438713312149048,-1.912401795387268,-1.5965903997421265,-1.592920184135437,-1.600260615348816
YMR119W,val,True,True,0.2078818827867508,-0.06293875277042389,0.315909743309021,-0.11749053001403809,-1.0020170211791992,0.0641353577375412,0.42476868629455566,0.13020057044923306,0.2917539179325104,-0.031352777034044266,-0.15752927958965302,-0.5233325958251953,0.20827403664588928,0.1183953620493412,0.11568944901227951,0.1211012750864029,0.4245097488164902,0.34041139483451843,0.5086081027984619
YMR119W-A,val,False,False,-1.720638394355774,-1.3627220392227173,-0.8605303168296814,-1.5153350830078125,-0.6255162358283997,-1.7198821306228638,-2.092346429824829,-1.1415010690689087,-1.0670831203460693,-1.215919017791748,-0.33537616580724716,-0.7342693209648132,0.06351698935031891,-0.950188159942627,-0.7738480567932129,-1.126528263092041,-1.5764575004577637,-1.6199465990066528,-1.5329684019088745
YMR120C,val,False,True,-0.04271256923675537,0.3086446776986122,0.45560288429260254,0.262986421585083,0.5693411827087402,0.18507125973701477,0.07022164016962051,0.17364611476659775,0.24166111648082733,0.10563111305236816,0.8617615401744843,0.9685553908348083,0.7549676895141602,0.20778566598892212,-0.10007911920547485,0.5156504511833191,0.21858301013708115,0.40072497725486755,0.03644104301929474
YMR121C,val,True,True,0.5846226811408997,0.7767353117465973,0.839863121509552,1.3518517017364502,0.7606561779975891,0.3617977201938629,0.5695078372955322,0.479601614177227,0.24892430007457733,0.7102789282798767,1.1960875689983368,0.8725834488868713,1.5195916891098022,0.770564392209053,0.45352211594581604,1.08760666847229,1.2615543007850647,1.263601303100586,1.2595072984695435
YMR122C,val,False,False,-0.7771351933479309,-1.6162668704986571,-1.304081916809082,-1.623441219329834,-1.6200684309005737,-1.7123907804489136,-1.8213520050048828,-1.1415010690689087,-1.0670831203460693,-1.215919017791748,0.18487169779837132,-0.03225002810359001,0.40199342370033264,-1.153516560792923,-0.9296182990074158,-1.3774148225784302,-1.76630437374115,-1.8550165891647339,-1.677592158317566
YMR122W-A,val,True,True,1.4229546785354614,1.2680948495864868,1.4712737798690796,1.266634225845337,1.1996650695800781,1.5996726751327515,0.803228497505188,1.2157161831855774,1.3747830390930176,1.0566493272781372,0.19504918158054352,-0.3272763192653656,0.7173746824264526,1.7050718069076538,1.805287480354309,1.6048561334609985,1.3976024389266968,1.2210556268692017,1.574149250984192
YMR123W,val,True,True,1.0721299648284912,0.9310174942016601,0.8341220617294312,0.6283906102180481,1.1856225728988647,0.9755188822746277,1.031433343887329,0.7069591283798218,0.741248369216919,0.6726698875427246,0.06138282269239426,0.27461573481559753,-0.15185008943080902,0.7338411808013916,0.7466066479682922,0.721075713634491,0.7647720575332642,0.9153324365615845,0.6142116785049438
YMR124W,val,True,True,0.6106365919113159,1.1621248364448546,0.9364452362060547,1.2328433990478516,1.781516671180725,0.9070912003517151,0.9527276754379272,0.8029555976390839,0.82137531042099,0.7845358848571777,0.8702635169029236,1.0534640550613403,0.6870629787445068,1.0179616510868073,0.8420189023017883,1.1939043998718262,1.17369943857193,1.018128752708435,1.3292701244354248
YMR125W,val,True,True,0.1828499436378479,0.36005009412765504,0.3115839958190918,0.21461406350135803,0.4384159445762634,0.41673529148101807,0.4189011752605438,0.5113821774721146,0.5403725504875183,0.4823918044567108,0.30853444524109364,0.612300455570221,0.004768434911966324,0.4297603666782379,0.4574306309223175,0.4020901024341583,0.12965035438537598,0.27692291140556335,-0.0176222026348114
YMR126C,val,True,True,-0.4807407259941101,-0.0006108950823545456,0.04471690207719803,-0.010702461004257202,-0.1899678260087967,-0.02400083653628826,0.1768997460603714,0.2943827658891678,0.2726401686668396,0.31612536311149597,0.30217694118618965,0.09789065271615982,0.5064632296562195,-0.009327266365289688,0.005745850503444672,-0.024400383234024048,0.1328936368227005,0.11578740179538727,0.14999987185001373
YMR127C,val,True,True,-0.412885844707489,0.6827142477035523,0.7830144762992859,0.38501811027526855,1.2454748153686523,0.3420566916465759,0.6580071449279785,0.7646484076976776,0.8267847895622253,0.7025120258331299,-0.3001804053783417,-0.1985825002193451,-0.40177831053733826,0.5354525744915009,0.666114330291748,0.40479081869125366,0.6518189609050751,0.7051424384117126,0.5984954833984375
YMR128W,val,True,True,0.45279693603515625,0.7439406394958497,0.6718615889549255,0.6228578686714172,1.1322606801986694,0.6155160665512085,0.6772069931030273,0.7403660416603088,0.6690502762794495,0.8116818070411682,0.7021854519844055,1.2100552320480347,0.19431567192077637,0.6782143712043762,0.6537200212478638,0.7027087211608887,0.9545583724975586,0.9449719190597534,0.9641448259353638
YMR129W,val,True,True,0.3754810094833374,0.3684955909848213,0.6716910600662231,0.03965502232313156,0.238035187125206,0.4786389470100403,0.4144577383995056,0.6098365187644958,0.7012872099876404,0.5183858275413513,0.15118535980582237,0.0976034626364708,0.20476725697517395,0.4243437647819519,0.23979759216308594,0.6088899374008179,0.2398945763707161,0.5025225877761841,-0.022733435034751892
YMR130W,val,True,False,0.4512205719947815,-0.725642553716898,-0.053049731999635696,-0.8778504133224487,-1.7550603151321411,0.04473838210105896,-0.9869906902313232,-1.1415010690689087,-1.0670831203460693,-1.215919017791748,0.813137948513031,0.9508004784584045,0.6754754185676575,-0.5587097555398941,-0.27625957131385803,-0.8411599397659302,-0.10846713185310364,-0.1304907202720642,-0.08644354343414307
YMR131C,val,True,True,1.247976541519165,0.5421341061592102,0.27527061104774475,0.44990652799606323,1.0842009782791138,0.6108061671257019,0.29048624634742737,0.7153565287590027,0.8905348777770996,0.5401781797409058,0.22301077842712402,0.5164247751235962,-0.07040321826934814,0.5258383899927139,0.36551108956336975,0.6861656904220581,0.37242989242076874,0.4893973767757416,0.2554624080657959
YMR132C,val,True,True,0.1247139498591423,-0.02271445244550705,-0.22516700625419617,-0.40596407651901245,0.6108198761940002,-0.10309860110282898,0.009837545454502106,0.22945163398981094,0.16533200442790985,0.29357126355171204,0.4909563362598419,0.7044011354446411,0.2775115370750427,0.12451544776558876,-0.08872690051794052,0.33775779604911804,0.30099454522132874,0.44810619950294495,0.15388289093971252
YMR133W,val,True,True,-1.6574259996414185,-0.21733213774859905,-0.4543309807777405,-0.3030252456665039,-0.17578308284282684,-0.0005433913320302963,-0.15297798812389374,-0.9945898950099945,-1.119248390197754,-0.8699313998222351,-0.08950993604958057,-0.17578533291816711,-0.003234539180994034,-0.44726963341236115,-0.667867124080658,-0.22667214274406433,-0.05595102906227112,0.2708419859409332,-0.38274404406547546
YMR134W,val,True,True,0.8051518201828003,-0.02061355598270893,-0.060385797172784805,-0.45970427989959717,0.27268463373184204,0.017328480258584023,0.12700918316841125,0.4891227036714554,0.4869239926338196,0.4913214147090912,0.09059194102883339,0.10496962815523148,0.0762142539024353,-0.06472553312778473,0.30958423018455505,-0.4390352964401245,0.20106347650289536,0.2884563207626343,0.11367063224315643
YMR135C,val,True,True,0.29075002670288086,0.8749358654022217,0.7050812840461731,1.3926129341125488,1.0189608335494995,0.6044196486473083,0.6536046266555786,0.9193715751171112,0.8368375897407532,1.0019055604934692,0.8566599190235138,0.9756236672401428,0.7376961708068848,0.3581975996494293,0.16523486375808716,0.5511603355407715,0.7221799492835999,0.9191766977310181,0.5251832008361816
YMR135W-A,val,False,False,-2.013568639755249,-1.8409035921096801,-1.2581921815872192,-1.9930739402770996,-2.120647668838501,-1.8231768608093262,-2.009427309036255,-1.1415010690689087,-1.0670831203460693,-1.215919017791748,-0.8974191807210445,-0.1041286513209343,-1.6907097101211548,-1.6958694458007812,-1.7189429998397827,-1.6727958917617798,-1.8033716678619385,-1.7755399942398071,-1.8312033414840698
YMR136W,val,True,True,0.9186321496963501,0.8321864411234856,0.882498562335968,1.5109055042266846,0.8642107844352722,0.10058488696813583,0.8027324676513672,0.9849047064781189,1.0420522689819336,0.9277571439743042,0.5129995793104172,0.36861905455589294,0.6573801040649414,0.8502084016799927,1.0907062292099,0.6097105741500854,0.7547239512205124,1.0466845035552979,0.46276339888572693
YMR137C,val,True,False,-0.01912430301308632,-1.0460339069366456,-1.2716337442398071,-1.3230814933776855,-0.9554514288902283,-0.5976983904838562,-1.0823044776916504,-1.1415010690689087,-1.0670831203460693,-1.215919017791748,0.05331313982605934,-0.0967697724699974,0.2033960521221161,-1.3091200590133667,-1.4756758213043213,-1.142564296722412,-1.0287983566522598,-1.7519395351409912,-0.30565717816352844
YMR138W,val,True,False,0.2760164439678192,-0.8285370349884034,-1.3288071155548096,-0.23806875944137573,-0.9151912331581116,-0.9322758316993713,-0.7283422350883484,-1.1415010690689087,-1.0670831203460693,-1.215919017791748,0.24251964315772057,0.061270587146282196,0.42376869916915894,-1.2436644732952118,-1.6038566827774048,-0.8834722638130188,-0.7188329547643661,-0.45734915137290955,-0.9803167581558228
YMR139W,val,True,True,0.08234218508005142,0.724234688282013,0.6397945880889893,0.5275378823280334,1.202937126159668,0.6700499653816223,0.5808538794517517,0.6702556610107422,0.7580214142799377,0.5824899077415466,0.04557678662240505,0.14930206537246704,-0.05814849212765694,0.5760122239589691,0.53467857837677,0.6173458695411682,0.5005714595317841,0.447945773601532,0.5531971454620361
YMR140W,val,True,True,0.5718968510627747,0.5111537039279938,0.4623813033103943,0.49576640129089355,0.6018165349960327,0.7024952173233032,0.2933090627193451,0.4411892741918564,0.42178064584732056,0.4605979025363922,0.48619814217090607,0.6435102820396423,0.3288860023021698,0.7586213946342468,0.565165638923645,0.9520771503448486,0.6107688248157501,0.38773590326309204,0.8338017463684082
YMR141C,val,False,False,-1.9205278158187866,-0.6323254689574241,-0.6883223056793213,-1.2868287563323975,-1.0200297832489014,0.07067834585905075,-0.23712484538555145,-1.1415010690689087,-1.0670831203460693,-1.215919017791748,-0.18273347429931164,-0.3237777054309845,-0.04168924316763878,-0.9288569092750549,-1.0135477781295776,-0.8441660404205322,-0.8053591698408127,-1.3100720643997192,-0.30064627528190613
YMR141W-A,val,False,False,-1.925790786743164,-1.6641432762145996,-1.7142096757888794,-2.029268503189087,-1.8115348815917969,-1.2755478620529175,-1.4901554584503174,-1.1415010690689087,-1.0670831203460693,-1.215919017791748,-1.0756917595863342,-1.1008577346801758,-1.0505257844924927,-1.7477189302444458,-2.0396928787231445,-1.455744981765747,-1.916196882724762,-2.111747980117798,-1.720645785331726
YMR142C,val,True,True,1.4650660753250122,1.4483409166336059,1.2060952186584473,1.3120102882385254,1.83548903465271,1.2403771877288818,1.6477328538894653,1.831113576889038,1.9803378582000732,1.681889295578003,-0.14087559282779694,-0.3668521046638489,0.085100919008255,1.0954475700855255,0.9606481194496155,1.2302470207214355,1.6879100799560547,1.7465494871139526,1.6292706727981567
YMR143W,val,True,True,1.3197498321533203,0.848803061619401,0.42876988649368286,0.586965024471283,1.8710613250732422,0.017569275572896004,1.3396497964859009,0.9294522404670715,0.9510955214500427,0.9078089594841003,0.009692400693893433,-0.46930840611457825,0.4886932075023651,0.8383757472038269,0.7315646409988403,0.9451868534088135,0.5888134837150574,0.5412044525146484,0.6364225149154663
YMR144W,val,True,True,0.49363821744918823,0.6408851653337478,0.25600266456604004,0.3465522229671478,1.3427685499191284,0.03819291293621063,1.2209094762802124,0.6244634985923767,0.5741659998893738,0.6747609972953796,0.3239395171403885,0.3142032027244568,0.3336758315563202,0.6147114261984825,1.1201016902923584,0.10932116210460663,0.2374969720840454,0.31793269515037537,0.15706124901771545
YMR145C,val,True,True,-0.03685140237212181,1.4489435076713562,1.112425446510315,1.799396276473999,1.9934396743774414,0.8658687472343445,1.4735873937606812,1.3095192313194275,0.9580798149108887,1.6609586477279663,0.41470928490161896,0.39973393082618713,0.4296846389770508,1.539275586605072,1.3680723905563354,1.7104787826538086,1.4606654644012451,1.4815086126327515,1.4398223161697388
YMR146C,val,True,True,1.1729726791381836,1.1174014329910278,1.3891910314559937,0.9657352566719055,1.386488437652588,1.2342270612716675,0.6113653779029846,0.5916401892900467,0.7032652497291565,0.4800151288509369,1.1552874445915222,1.619633436203003,0.6909414529800415,1.1081632375717163,1.1574828624725342,1.0588436126708984,1.281368374824524,0.918592095375061,1.6441446542739868
YMR147W,val,True,True,0.28586462140083313,-1.1197635293006898,-0.9420881867408752,-1.6448898315429688,-0.7664518356323242,-1.1174705028533936,-1.1279172897338867,-0.23302891105413437,0.15378214418888092,-0.6198399662971497,0.2681928873062134,0.17181110382080078,0.364574670791626,-1.0246290266513824,-0.8496541380882263,-1.1996039152145386,-1.634035885334015,-1.5959774255752563,-1.6720943450927734
YMR148W,val,True,True,0.9803047180175781,-0.07658552303910256,0.08576929569244385,-0.09249582141637802,-0.07093634456396103,-0.3291858732700348,0.02392112836241722,-0.36701370030641556,-0.212218776345253,-0.5218086242675781,0.570394828915596,0.49243655800819397,0.648353099822998,0.10566320642828941,0.09253313392400742,0.11879327893257141,0.2529578432440758,0.2192731648683548,0.28664252161979675
YMR149W,val,True,True,0.9823613166809082,0.99080730676651,0.8899139761924744,1.0202372074127197,1.3231465816497803,0.7068256139755249,1.0139131546020508,0.8319167196750641,0.8431488871574402,0.820684552192688,0.31361886486411095,0.09673517197370529,0.5305025577545166,0.8402600288391113,0.7568375468254089,0.9236825108528137,1.1015630960464478,1.1030195951461792,1.1001065969467163
YMR150C,val,True,False,-0.2294904887676239,-1.334766998887062,-0.13507886230945587,-1.9094109535217285,-1.4805035591125488,-1.62523353099823,-1.5236080884933472,-1.1415010690689087,-1.0670831203460693,-1.215919017791748,0.061950065195560455,0.2289603054523468,-0.10506017506122589,-1.0684331357479095,-0.18434828519821167,-1.9525179862976074,-1.7288128733634949,-1.525471568107605,-1.9321541786193848
YMR151W,val,False,False,-1.1818103790283203,-1.4917869091033935,-1.6033707857131958,-1.6847472190856934,-1.150324821472168,-1.3978792428970337,-1.622612476348877,-1.1415010690689087,-1.0670831203460693,-1.215919017791748,-0.16194938123226166,-0.7952197194099426,0.4713209569454193,-0.9377923607826233,-1.500888466835022,-0.3746962547302246,-1.0531432181596756,-1.6261801719665527,-0.48010626435279846
YMR152W,val,True,True,0.2720028758049011,0.12800457030534745,0.15317398309707642,-0.18826910853385925,0.5498171448707581,-0.08725259453058243,0.21255342662334442,0.26558417081832886,0.18413078784942627,0.34703755378723145,0.5510851889848709,0.7770383954048157,0.32513198256492615,0.05976429767906666,0.07321286201477051,0.04631573334336281,0.4690892845392227,0.3483729660511017,0.5898056030273438
YMR153C-A,val,False,False,-0.9981798529624939,-1.370632243156433,-0.6911118626594543,-1.7570381164550781,-1.9180235862731934,-0.560113251209259,-1.9268743991851807,-1.1415010690689087,-1.0670831203460693,-1.215919017791748,-1.0654079616069794,-1.8804049491882324,-0.2504109740257263,-1.2445813417434692,-0.9526232481002808,-1.5365394353866577,-0.7245994172990322,-1.5191348791122437,0.06993604451417923
YMR153W,val,True,True,0.451785147190094,0.38464429378509524,0.9603719115257263,0.26364731788635254,0.34596744179725647,0.05466613173484802,0.2985686659812927,0.5445895195007324,0.5513308048248291,0.5378482341766357,0.43540795147418976,0.5837242007255554,0.2870917022228241,0.42215727269649506,0.4298994839191437,0.41441506147384644,0.3692718893289566,0.32242271304130554,0.41612106561660767
YMR154C,val,True,True,-0.7241703271865845,-0.6874859269708395,-0.7118006348609924,-1.5801033973693848,-0.04894160106778145,0.026146134361624718,-1.1227301359176636,-0.0056235045194625854,0.034567009657621384,-0.045814018696546555,0.3956422209739685,0.24085021018981934,0.5504342317581177,-1.058994710445404,-0.7985953092575073,-1.3193941116333008,-1.0274436473846436,-1.3302401304244995,-0.7246471643447876
YMR155W,val,False,True,-0.5177555680274963,-0.48454210460186004,-0.527151882648468,-0.8776504397392273,-0.5604737401008606,-0.11816148459911346,-0.33927297592163086,-0.11887793429195881,-0.05849846079945564,-0.17925740778446198,0.29094594717025757,0.32559511065483093,0.2562967836856842,-0.38563305139541626,-0.3663164973258972,-0.4049496054649353,-0.44223734736442566,-0.4349893033504486,-0.4494853913784027
YMR156C,val,True,False,0.07918404042720795,-1.6375695943832398,-1.2328256368637085,-1.9777729511260986,-1.4262032508850098,-1.7555655241012573,-1.7954806089401245,-1.1415010690689087,-1.0670831203460693,-1.215919017791748,0.2337250206619501,0.41653770208358765,0.050912339240312576,-1.9925724864006042,-2.0415477752685547,-1.9435971975326538,-1.6123138666152954,-1.724953055381775,-1.499674677848816
YMR157C,val,True,False,-0.04616571590304375,-1.0769070744514466,-1.5081080198287964,-1.4846503734588623,-0.7349388003349304,-0.32634198665618896,-1.3304961919784546,-1.1415010690689087,-1.0670831203460693,-1.215919017791748,-0.020164906978607178,-0.18123626708984375,0.1409064531326294,-1.3760385811328888,-1.81017005443573,-0.9419071078300476,-1.446374237537384,-1.4627330303192139,-1.4300154447555542
YMR158C-A,val,False,False,-0.887690007686615,-1.5564396262168885,-0.7981187701225281,-1.7335386276245117,-1.815845012664795,-1.7963342666625977,-1.6383614540100098,-1.1415010690689087,-1.0670831203460693,-1.215919017791748,-0.48169154673814774,-0.7477284669876099,-0.2156546264886856,-1.5461909770965576,-1.3126813173294067,-1.7797006368637085,-1.6846334338188171,-1.6818602085113525,-1.6874066591262817
YMR158W,val,True,False,0.9991394877433777,-0.8579287707805634,-0.39244091510772705,-0.28291356563568115,-1.3579039573669434,-0.46789857745170593,-1.7884868383407593,-1.1415010690689087,-1.0670831203460693,-1.215919017791748,0.7073147892951965,0.834852397441864,0.579777181148529,-0.42986154556274414,-0.9287794828414917,0.06905639171600342,-0.7679789066314697,-0.803744912147522,-0.7322129011154175
YMR158W-B,val,False,False,-2.011467933654785,-1.7208033561706544,-1.331668734550476,-1.6384496688842773,-2.062917470932007,-1.651476502418518,-1.9195044040679932,-1.1415010690689087,-1.0670831203460693,-1.215919017791748,-1.029908835887909,-1.3277357816696167,-0.7320818901062012,-1.70626300573349,-1.6188966035842896,-1.7936294078826904,-1.9082080721855164,-1.9370200634002686,-1.8793960809707642
YMR159C,val,True,True,0.2444881945848465,-0.47536606043577195,-0.1242435947060585,-0.6203562617301941,-0.24094916880130768,-0.18635156750679016,-1.2049297094345093,-0.7916567921638489,-1.0582917928695679,-0.5250217914581299,0.35772886872291565,0.31805419921875,0.3974035382270813,-0.4692514091730118,-0.4527168571949005,-0.48578596115112305,-0.2629252187907696,-0.11501988023519516,-0.410830557346344
YMR160W,val,True,True,0.006113803945481777,0.03577208444476128,-0.3090309202671051,0.25815048813819885,0.31304776668548584,-0.05728735774755478,-0.02601955458521843,0.1467492114752531,0.3241209089756012,-0.030622486025094986,-0.06174944341182709,-0.6120250821113586,0.48852619528770447,-0.15796437859535217,-0.7208610773086548,0.40493232011795044,-0.031466271728277206,-0.08112167567014694,0.01818913221359253
YMR161W,val,True,True,0.9567857384681702,0.3733736455440521,0.14984148740768433,0.4897634983062744,0.332319438457489,0.41798874735832214,0.4769550561904907,0.5664005875587463,0.6023469567298889,0.5304542183876038,-0.5599682033061981,-1.2704381942749023,0.1505017876625061,0.4758058786392212,0.39172685146331787,0.5598849058151245,0.12947390880435705,0.023846475407481194,0.2351013422012329
YMR162C,val,False,True,-0.09003997594118118,0.2565466821193695,0.4650287628173828,0.1501770317554474,0.436073899269104,0.058557525277137756,0.17289619147777557,0.42858801782131195,0.426636666059494,0.4305393695831299,0.07509219273924828,-0.11267895251512527,0.2628633379936218,0.38257334381341934,0.5761925578117371,0.18895412981510162,0.19084656238555908,0.31314533948898315,0.06854778528213501
YMR163C,val,True,True,-0.47929808497428894,-1.067282810807228,-1.2162998914718628,-1.9790382385253906,-0.12507249414920807,-1.3976682424545288,-0.6183351874351501,-0.1659812480211258,-0.5807846188545227,0.24882212281227112,-0.6824154257774353,-0.34345805644989014,-1.0213727951049805,-0.4797610715031624,-0.8179240226745605,-0.14159812033176422,-1.3573487997055054,-1.5091801881790161,-1.2055174112319946
YMR164C,val,True,True,0.6774958372116089,0.2174875944852829,0.2347278594970703,-0.28307944536209106,1.1369171142578125,-0.14415769279003143,0.14303013682365417,0.08289035968482494,0.20784451067447662,-0.042063791304826736,0.1656115297228098,0.28352436423301697,0.047698695212602615,0.26004594564437866,0.2439481019973755,0.27614378929138184,-0.03346874192357063,-0.0868576243519783,0.019920140504837036
YMR165C,val,True,True,0.18798108398914337,0.25923904627561567,0.03793901950120926,0.6988980174064636,-0.15192292630672455,0.27873438596725464,0.4325467348098755,0.3779127523303032,0.5751516222953796,0.18067388236522675,0.7197705805301666,0.7887986302375793,0.6507425308227539,0.7657104730606079,0.8035154342651367,0.7279055118560791,0.3217903673648834,0.2917098104953766,0.35187092423439026
YMR166C,val,True,True,0.41125890612602234,0.22388103008270263,0.40801793336868286,-0.07895894348621368,0.22452490031719208,0.28320541977882385,0.2826158404350281,0.5005123168230057,0.5068743824958801,0.4941502511501312,-0.36139634251594543,-0.5805437564849854,-0.14224892854690552,0.39415234327316284,0.3239139914512634,0.46439069509506226,0.38783616572618484,0.24300064146518707,0.5326716899871826
YMR167W,val,True,True,-0.33543217182159424,0.38956633806228635,0.5038241744041443,0.19573858380317688,0.4842851161956787,0.5003890991210938,0.26359471678733826,0.42873014509677887,0.4815584421157837,0.37590184807777405,-0.07555727660655975,-0.43328624963760376,0.28217169642448425,0.2139028012752533,0.19050413370132446,0.23730146884918213,0.1334415338933468,0.07132702320814133,0.19555604457855225
YMR168C,val,True,True,-0.3236355185508728,0.622927212715149,0.5026116967201233,0.7180784940719604,0.6644440293312073,0.8605366349220276,0.368965208530426,0.49334345757961273,0.643051266670227,0.3436356484889984,-0.233895905315876,-0.5364276766777039,0.06863586604595184,0.3325573205947876,0.36384621262550354,0.30126842856407166,0.20393938571214676,-0.23906706273555756,0.6469458341598511
YMR169C,val,True,True,-0.9297303557395935,0.3078830599784851,0.21608960628509521,0.35874301195144653,0.26543113589286804,0.19132855534553528,0.5078229904174805,0.2808622941374779,0.14946971833705902,0.41225486993789673,0.3681499511003494,0.6451738476753235,0.09112605452537537,0.5374678820371628,0.39265504479408264,0.6822807192802429,0.15793555229902267,0.20363543927669525,0.1122356653213501
YMR170C,val,True,True,-0.8128296732902527,-0.17353012412786484,0.32338666915893555,-0.2097644805908203,-0.07447322458028793,-0.2239842712879181,-0.6828153133392334,-0.35827669501304626,-0.18944180011749268,-0.5271115899085999,0.5948628485202789,0.6014687418937683,0.5882569551467896,0.08014130592346191,0.4527650773525238,-0.2924824655056,0.34111836552619934,0.3106660544872284,0.3715706765651703
YMR171C,val,False,True,0.27961716055870056,0.7810712337493897,0.9413672089576721,0.8913153409957886,0.761965811252594,0.851789653301239,0.45891815423965454,0.41169948875904083,0.5746409296989441,0.24875804781913757,0.3481614217162132,0.5061342716217041,0.19018857181072235,0.7641754746437073,0.8823351860046387,0.6460157632827759,0.66971555352211,0.5176696181297302,0.8217614889144897
YMR172C-A,val,False,False,-1.9341336488723755,-2.023025465011597,-2.016744613647461,-2.069899320602417,-2.1817409992218018,-1.8801114559173584,-1.9666309356689453,-1.1415010690689087,-1.0670831203460693,-1.215919017791748,-1.9827753901481628,-2.1268913745880127,-1.838659405708313,-2.0993387699127197,-2.170529365539551,-2.0281481742858887,-2.1721255779266357,-2.410116195678711,-1.9341349601745605
YMR172W,val,False,True,0.33658936619758606,0.6276591718196869,0.9498056173324585,0.3313751220703125,0.9054161310195923,0.5099452137947083,0.4417537748813629,0.4310239553451538,0.48669666051864624,0.3753512501716614,0.37719956040382385,0.2446693778038025,0.5097297430038452,0.4700053036212921,0.3345091938972473,0.6055014133453369,0.34286143630743027,0.49096474051475525,0.19475813210010529
YMR173W,val,False,True,0.888419508934021,0.824800169467926,1.2417218685150146,0.8920713067054749,0.832736074924469,0.776580810546875,0.38089078664779663,0.3733408898115158,0.3680375814437866,0.378644198179245,0.9936200380325317,1.4363014698028564,0.550938606262207,0.9152503609657288,1.0734671354293823,0.7570335865020752,0.9155717492103577,0.670221209526062,1.1609222888946533
YMR173W-A,val,False,False,-1.479039192199707,-0.6850834250450134,-0.4638811945915222,-0.7136998772621155,-0.7443954348564148,-0.6715278029441833,-0.8319128155708313,-1.1415010690689087,-1.0670831203460693,-1.215919017791748,0.7260339558124542,0.8589966893196106,0.5930712223052979,-0.3952510505914688,-0.22608092427253723,-0.5644211769104004,-0.4994257092475891,-1.2922568321228027,0.2934054136276245
YMR174C,val,True,True,0.03905602917075157,-0.46441338658332826,0.36213892698287964,0.06934872269630432,-0.5753644108772278,-0.6075894236564636,-1.5706007480621338,-0.4895992875099182,-0.34680241346359253,-0.6323961615562439,0.6198223531246185,0.6348665356636047,0.6047781705856323,-0.5724561810493469,-0.8060842752456665,-0.33882808685302734,-0.16010914742946625,-0.4560384750366211,0.1358201801776886
YMR175W,val,True,True,-1.228126049041748,-1.3058631896972657,-1.5716325044631958,-1.3576304912567139,-0.9084005355834961,-1.4301166534423828,-1.2615357637405396,-0.5808814987540245,-0.18069688975811005,-0.981066107749939,0.03710379637777805,0.0678633451461792,0.006344247609376907,-1.1758476197719574,-1.4908478260040283,-0.8608474135398865,-0.6865843087434769,-0.9189317226409912,-0.4542368948459625
YMR175W-A,val,False,True,-1.3728446960449219,-0.3146472588181496,-0.19677874445915222,-0.714570939540863,0.16633927822113037,-0.8719151616096497,0.04368927329778671,0.172737218439579,0.14901821315288544,0.19645622372627258,-1.0712627470493317,-0.7429497838020325,-1.3995757102966309,-0.6964816004037857,-1.1700173616409302,-0.22294583916664124,-0.05253549758344889,0.006426548585295677,-0.11149754375219345
YMR176W,val,True,True,-0.2380296140909195,-0.14973153471946715,0.0060370489954948425,-0.406081885099411,0.00993763655424118,-0.5263496041297913,0.16779913008213043,0.20866402238607407,0.24366067349910736,0.17366737127304077,-0.5883248150348663,-0.17952579259872437,-0.9971238374710083,-0.4052615314722061,-0.20547667145729065,-0.6050463914871216,0.004330448806285858,-0.2041064351797104,0.2127673327922821
YMR177W,val,True,True,0.4252517819404602,0.2450850114226341,0.11873292177915573,-0.1342502236366272,0.35948389768600464,0.5466952323913574,0.33476322889328003,0.35158168338239193,0.008644204586744308,0.6945191621780396,-0.05600191466510296,-0.14271104335784912,0.030707214027643204,0.24937716126441956,0.19504809379577637,0.30370622873306274,0.2504674047231674,0.5569666028022766,-0.05603179335594177
YMR178W,val,True,True,0.04973974451422691,0.4911137580871582,0.41017651557922363,0.5859087705612183,0.778131902217865,0.3040432035923004,0.3773083984851837,0.5924743264913559,0.6895940899848938,0.495354562997818,0.3537333309650421,0.5611593723297119,0.14630728960037231,0.5139784812927246,0.5284684896469116,0.4994884729385376,0.13047082722187042,0.15734364092350006,0.10359801352024078
YMR179W,val,True,True,0.3557274043560028,-0.22715829610824584,-0.12519153952598572,-0.3221215605735779,-0.04847868159413338,-0.6201964020729065,-0.019803296774625778,0.2733972668647766,0.2030056118965149,0.34378892183303833,-0.08392483368515968,0.04694708436727524,-0.2147967517375946,-0.03935077786445618,0.24448302388191223,-0.3231845796108246,-0.3493712544441223,-0.3409099280834198,-0.35783258080482483
YMR180C,val,True,True,-0.16164305806159973,0.3666924208402634,0.2773782014846802,0.18147803843021393,0.6870055794715881,0.19759345054626465,0.49000683426856995,0.5651858747005463,0.5883588194847107,0.5420129299163818,0.23699108324944973,-0.00693168118596077,0.48091384768486023,0.3142356649041176,0.45979392528533936,0.1686774045228958,0.48507435619831085,0.4031079113483429,0.5670408010482788
YMR181C,val,True,True,0.6234571933746338,0.12035006433725357,0.17471098899841309,0.5936679244041443,-0.008752278983592987,0.33605343103408813,-0.49392974376678467,0.25610997527837753,0.21986062824726105,0.292359322309494,0.6470745801925659,0.5655714273452759,0.728577733039856,0.10666567087173462,-0.14238959550857544,0.3557209372520447,0.06658382713794708,-0.07676056027412415,0.2099282145500183
YMR182C,val,True,True,0.8216173648834229,0.015687780827283858,0.27628016471862793,-0.6096469759941101,0.16327281296253204,0.19202354550361633,0.0565093569457531,0.23091793805360794,0.08447189629077911,0.37736397981643677,0.060708845034241676,-0.01996650919318199,0.14138419926166534,-0.1402878314256668,0.38085827231407166,-0.6614339351654053,-0.28711265325546265,-0.24384799599647522,-0.3303773105144501
YMR182W-A,val,True,True,-0.08336169272661209,0.26593283116817473,0.6960281729698181,-0.25224918127059937,0.4472564458847046,0.2460108995437622,0.19261781871318817,-0.08983349613845348,-0.1719321757555008,-0.007734816521406174,0.21546899154782295,0.11689040809869766,0.31404757499694824,0.10980873368680477,0.17936664819717407,0.04025081917643547,0.4258941262960434,0.5063519477844238,0.34543630480766296
YMR183C,val,True,True,1.2587549686431885,0.4601442039012909,0.42805027961730957,0.5485339164733887,0.7671765089035034,0.22866088151931763,0.3282994329929352,0.39896492660045624,0.5919275879859924,0.20600226521492004,1.0639939904212952,0.6231915950775146,1.5047963857650757,0.6142253577709198,0.6756592988967896,0.55279141664505,0.4553603008389473,0.22282756865024567,0.6878930330276489
YMR184W,val,True,True,0.38128983974456787,0.30470305383205415,0.20896875858306885,0.41386449337005615,0.4158185124397278,0.3770351707935333,0.10782833397388458,0.17577884532511234,0.33955565094947815,0.012002039700746536,0.7933080792427063,0.8054248690605164,0.7811912894248962,0.654499351978302,0.7571464776992798,0.5518522262573242,0.3403766565024853,0.06521376222372055,0.61553955078125
YMR185W,val,True,True,-0.535325288772583,0.9253834247589111,1.0591896772384644,1.2996633052825928,1.1857001781463623,0.5003230571746826,0.5820409059524536,0.885125070810318,0.853975236415863,0.916274905204773,0.007795393466949463,-0.5263227224349976,0.5419135093688965,0.8421835005283356,0.6507506966590881,1.033616304397583,0.9598174393177032,0.7819060683250427,1.1377288103103638
YMR186W,val,True,True,1.4548770189285278,1.2168844938278198,0.8935092091560364,1.3290791511535645,1.691258192062378,1.309342384338379,0.8612335324287415,1.1435027718544006,1.1716172695159912,1.11538827419281,0.6488010436296463,1.0365960597991943,0.26100602746009827,0.8868556022644043,0.74741530418396,1.0262959003448486,1.4917452931404114,1.468395709991455,1.5150948762893677
YMR187C,val,False,True,-0.6773937940597534,0.08119969740509987,-0.09441464394330978,-0.3739335238933563,0.530038058757782,0.2903103828430176,0.05399821326136589,0.30905528366565704,0.33352988958358765,0.28458067774772644,-0.9011965394020081,-1.039509654045105,-0.7628834247589111,-0.19392821565270424,-0.06362778693437576,-0.3242286443710327,-0.03724442422389984,-0.28440719842910767,0.20991834998130798
YMR188C,val,False,True,1.1784628629684448,0.28739091753959656,0.2683182954788208,0.3094105124473572,0.23138247430324554,0.4379473626613617,0.18989594280719757,0.3913004696369171,0.4791157841682434,0.3034851551055908,0.43680140376091003,0.4112589657306671,0.46234384179115295,0.2718381695449352,-0.014999903738498688,0.5586762428283691,0.053150154650211334,-0.18111397325992584,0.2874142825603485
YMR189W,val,True,True,0.6841251850128174,0.034064768254756926,0.07872603088617325,0.6436091065406799,0.11752253770828247,0.07344521582126617,-0.7429790496826172,0.5500412285327911,0.38678687810897827,0.713295578956604,0.07729979045689106,0.1864575445652008,-0.031857963651418686,-0.05778132379055023,-0.4534672498703003,0.33790460228919983,0.0938662588596344,-0.10323378443717957,0.29096630215644836
YMR190C,val,True,True,0.2987006604671478,0.6923518538475036,0.5861373543739319,0.5622031092643738,1.130622386932373,0.6121612191200256,0.570635199546814,0.4832809418439865,0.6298597455024719,0.3367021381855011,0.8072618544101715,0.7488967776298523,0.8656269311904907,0.9503279626369476,0.7909258008003235,1.1097301244735718,0.3864446133375168,-0.05981186032295227,0.8327010869979858
YMR191W,val,True,True,-0.010720393620431423,0.41180103421211245,0.5615429282188416,0.376770943403244,0.45662808418273926,0.2261660397052765,0.4378971755504608,0.5629206448793411,0.6382020115852356,0.48763927817344666,0.10946448519825935,0.046187616884708405,0.1727413535118103,0.43297846615314484,0.4724315106868744,0.3935254216194153,0.40883365273475647,0.45603421330451965,0.3616330921649933
YMR192W,val,True,True,0.27815935015678406,0.49263946413993837,0.466022789478302,0.3101222515106201,0.7162628769874573,0.6098816990852356,0.3609077036380768,0.572640061378479,0.5618996024131775,0.5833805203437805,0.7226683795452118,0.8172771334648132,0.6280596256256104,0.37468841671943665,0.19563722610473633,0.553739607334137,0.7354355454444885,0.7924666404724121,0.6784044504165649
YMR193C-A,val,False,False,-1.9986053705215454,-1.9852628469467164,-1.921189546585083,-2.124788999557495,-1.837397575378418,-1.9552146196365356,-2.08772349357605,-1.1415010690689087,-1.0670831203460693,-1.215919017791748,-1.5620349049568176,-1.5549070835113525,-1.5691627264022827,-2.2107040882110596,-2.1977148056030273,-2.223693370819092,-2.1080004572868347,-2.2410638332366943,-1.974937081336975
YMR193W,val,False,True,0.5039529800415039,0.4682164341211319,0.45391958951950073,0.045800402760505676,0.8431114554405212,0.527930736541748,0.4703199863433838,0.4061802476644516,0.3953348994255066,0.4170255959033966,0.4830833077430725,0.6329472661018372,0.33321934938430786,0.6015861332416534,0.7761991024017334,0.4269731640815735,0.09579133987426758,-0.14566263556480408,0.33724531531333923
YMR194C-A,val,False,False,-0.48778247833251953,-1.9132750034332275,-1.9110187292099,-1.9005126953125,-2.1573431491851807,-1.913321614265442,-1.6841788291931152,-1.1415010690689087,-1.0670831203460693,-1.215919017791748,-0.5863120704889297,-0.27636340260505676,-0.8962607383728027,-1.8821350932121277,-1.7841163873672485,-1.9801537990570068,-1.796017348766327,-2.239865779876709,-1.3521689176559448
YMR194C-B,val,True,True,0.6659758687019348,-0.22124384269118308,-0.12781469523906708,0.22730839252471924,-0.6719333529472351,-0.48397165536880493,-0.04980790242552757,0.6847525238990784,0.48582661151885986,0.8836784362792969,0.4560784175992012,0.7608740329742432,0.15128280222415924,0.6148827075958252,0.8041815757751465,0.4255838394165039,-0.6207065880298615,-0.7382003664970398,-0.5032128095626831
YMR194W,val,True,True,1.5383656024932861,0.9737550973892212,0.6238426566123962,0.4142758846282959,1.4644076824188232,0.7248517870903015,1.641397476196289,0.7009330987930298,0.7390986084938049,0.6627675890922546,0.09153762832283974,0.11552158743143082,0.06755366921424866,0.5584929585456848,0.5528857707977295,0.5641001462936401,1.4593621492385864,1.30250084400177,1.6162234544754028
YMR195W,val,True,True,1.9025007486343384,1.1684297561645507,1.4711467027664185,1.5163953304290771,1.0328612327575684,1.024049997329712,0.797695517539978,0.9436750113964081,0.7701736092567444,1.1171764135360718,0.47304563224315643,0.6635804772377014,0.28251078724861145,0.8259655833244324,0.8227369785308838,0.829194188117981,1.3820574283599854,1.38992178440094,1.3741930723190308
YMR196W,val,False,True,-0.3780609369277954,0.3826789349317551,0.3921714723110199,0.9372467398643494,0.20025382936000824,0.4769389033317566,-0.09321627020835876,-0.7334462702274323,-0.6906018853187561,-0.7762906551361084,0.31237150728702545,0.25138431787490845,0.37335869669914246,0.09860965609550476,-0.14954671263694763,0.34676602482795715,0.029108726419508457,-0.005102111026644707,0.06331956386566162
YMR197C,val,True,True,0.6898616552352905,0.5339132189750672,0.34541165828704834,0.43319281935691833,0.4760134518146515,0.7682653069496155,0.646682858467102,0.7436008751392365,0.8777241110801697,0.6094776391983032,0.38736748695373535,1.0150463581085205,-0.2403113842010498,0.9684168100357056,1.101953148841858,0.8348804712295532,0.19065242633223534,0.4192269742488861,-0.037922121584415436
YMR198W,val,True,True,0.2122962921857834,0.24048763923346997,0.061500221490859985,0.21091580390930176,0.5375092625617981,0.02039222978055477,0.3721206784248352,0.2748132720589638,0.37467628717422485,0.1749502569437027,0.2543291300535202,0.08312970399856567,0.42552855610847473,0.5873170047998428,0.8185538053512573,0.35608020424842834,-0.1301129125058651,-0.2355973720550537,-0.024628452956676483
YMR199W,val,True,True,0.5677912831306458,-0.1566670335829258,-0.6637775301933289,0.48115622997283936,-0.809382975101471,0.19203412532806396,0.016634982079267502,0.37068766355514526,0.26365217566490173,0.4777231514453888,-0.44479233026504517,-1.118685245513916,0.22910058498382568,0.07061144709587097,-0.27580738067626953,0.4170302748680115,-0.4701036363840103,-1.2533608675003052,0.31315359473228455
YMR200W,val,True,True,1.193773627281189,0.9788145422935486,0.8945583701133728,1.1511435508728027,1.0918989181518555,0.857901394367218,0.8985704779624939,0.7600155770778656,0.9012486338615417,0.6187825202941895,0.3379411995410919,0.26460400223731995,0.4112783968448639,1.0722553730010986,0.8436872959136963,1.300823450088501,1.1171573400497437,1.073285460472107,1.1610292196273804
YMR201C,val,True,True,0.20353330671787262,0.7674633741378785,0.9240519404411316,1.0265171527862549,1.0644813776016235,0.4731891453266144,0.3490772545337677,0.4657980650663376,0.6179383397102356,0.3136577904224396,0.548798605799675,0.49161282181739807,0.6059843897819519,0.582678809762001,0.2907222807407379,0.8746353387832642,0.8537911772727966,0.8099005222320557,0.8976818323135376
YMR202W,val,False,True,0.8655810952186584,0.4248771995306015,0.4137417674064636,0.17587457597255707,0.6403349041938782,0.5881916880607605,0.30624306201934814,0.4911821037530899,0.6280401349067688,0.354324072599411,0.5337885618209839,0.24882352352142334,0.8187536001205444,0.2838915139436722,0.3359140157699585,0.23186901211738586,0.3741423785686493,0.33691897988319397,0.4113657772541046
YMR203W,val,True,True,0.6722173094749451,0.7619610071182251,0.48348742723464966,0.5841750502586365,1.1245540380477905,0.8003016114234924,0.8172869086265564,0.7324212789535522,0.821615993976593,0.6432265639305115,0.6445144563913345,0.4634644091129303,0.8255645036697388,0.9314026236534119,0.6462382078170776,1.216567039489746,0.9280011355876923,0.7461498379707336,1.1098524332046509
YMR204C,val,True,True,0.28988024592399597,0.6474205553531647,0.8446035981178284,0.08493801951408386,1.1434106826782227,0.36634790897369385,0.7978025674819946,0.5026969164609909,0.6314347386360168,0.37395909428596497,0.7505019754171371,0.4666019380092621,1.0344020128250122,0.7593203485012054,0.6839085221290588,0.834732174873352,0.6520509421825409,0.6824572682380676,0.6216446161270142
YMR205C,val,False,True,0.9918448328971863,1.296281373500824,1.2280900478363037,1.9493277072906494,1.2368985414505005,1.3499672412872314,0.7171233296394348,1.304449737071991,1.4233777523040771,1.1855217218399048,1.1784074902534485,1.117027997970581,1.239786982536316,1.325318455696106,1.3375385999679565,1.3130983114242554,1.107946753501892,1.176993727684021,1.0388997793197632
YMR206W,val,True,True,-1.3763221502304077,0.37068464159965514,1.4313308000564575,0.3579593300819397,0.5479482412338257,-0.3363758623600006,-0.14743930101394653,1.0211178958415985,1.0894880294799805,0.9527477622032166,0.5316290557384491,0.6182200312614441,0.4450380802154541,0.20116078108549118,0.611578106880188,-0.20925654470920563,1.0549236536026,1.417993187904358,0.6918541193008423
YMR207C,val,True,True,-0.08375991135835648,-0.8452935792505741,0.0024069659411907196,-1.473006248474121,-0.8522463440895081,-1.2615793943405151,-0.642042875289917,-0.9191834703087807,-0.08863706886768341,-1.749729871749878,0.5244344621896744,0.7157634496688843,0.3331054747104645,-0.5709478259086609,-0.13053655624389648,-1.0113590955734253,-0.4357195645570755,0.11597427725791931,-0.9874134063720703
YMR208W,val,True,True,0.39640533924102783,-0.635022047162056,-0.5016703009605408,-1.1035432815551758,-0.5644696950912476,-0.18710555136203766,-0.8183214068412781,-0.04703103005886078,-0.24123451113700867,0.1471724510192871,-0.7293646801263094,-1.4223054647445679,-0.03642389550805092,-0.6370432674884796,-0.5637367367744446,-0.7103497982025146,0.12699836492538452,0.15226083993911743,0.10173588991165161
YMR209C,val,False,True,-0.09583469480276108,0.26381421983242037,0.6213629245758057,0.04407113790512085,0.1300668865442276,0.4149318337440491,0.10863831639289856,0.27037955075502396,0.33974963426589966,0.20100946724414825,0.36536285281181335,0.20310062170028687,0.5276250839233398,0.4043220728635788,0.5026965141296387,0.3059476315975189,0.23582789301872253,0.25332626700401306,0.218329519033432
YMR210W,val,True,True,0.24560604989528656,0.47764807045459745,0.2963934540748596,0.7597170472145081,0.3681066632270813,0.8323776125907898,0.1316455751657486,0.31358861923217773,0.4236011505126953,0.20357608795166016,1.2004751563072205,1.252084493637085,1.148865818977356,0.7302014231681824,0.5946971774101257,0.865705668926239,0.29701511561870575,0.21072649955749512,0.3833037316799164
YMR211W,val,True,True,-0.10197059065103531,0.37848525047302245,0.3961740732192993,0.34063097834587097,0.508228063583374,0.2440861463546753,0.4033069908618927,0.5263609290122986,0.5222662091255188,0.5304556488990784,0.1953994184732437,0.09040191769599915,0.3003969192504883,0.41079214215278625,0.3606259226799011,0.4609583616256714,0.5000224635004997,0.22622977197170258,0.7738151550292969
YMR212C,val,False,True,-0.017113907262682915,0.3338293731212616,0.5963712334632874,0.14510628581047058,0.47433674335479736,0.28885164856910706,0.16448095440864563,0.21785268932580948,0.21259503066539764,0.2231103479862213,0.7098917663097382,1.0135265588760376,0.4062569737434387,0.7165908813476562,0.7559448480606079,0.6772369146347046,0.43618908524513245,0.5812605023384094,0.29111766815185547
YMR213W,val,False,True,0.5615159273147583,0.3693696394562721,0.5146299004554749,0.05793691426515579,0.5509167313575745,0.47004273533821106,0.25332191586494446,0.28547368943691254,0.33137068152427673,0.23957669734954834,0.05976155400276184,-0.19938966631889343,0.3189127743244171,0.4959265738725662,0.6399363279342651,0.3519168198108673,0.36617107689380646,0.37915781140327454,0.3531843423843384
YMR214W,val,True,True,1.1156238317489624,0.3706583946943283,0.2326710820198059,0.1296452134847641,0.3503623604774475,0.7856491804122925,0.35496413707733154,0.43055006861686707,0.43830251693725586,0.42279762029647827,0.13717194832861423,0.2684110105037689,0.005932886153459549,0.23485727608203888,0.20521816611289978,0.264496386051178,0.2323228269815445,0.3074343800544739,0.1572112739086151
YMR215W,val,True,True,0.17974303662776947,-0.2667114853858948,-0.19297188520431519,-0.20303328335285187,-0.2236204296350479,-0.1818402111530304,-0.5320916175842285,0.234524667263031,0.2797688841819763,0.1892804503440857,0.2703826203942299,0.36354735493659973,0.17721788585186005,0.01425093412399292,-0.17221680283546448,0.20071867108345032,0.052786570973694324,0.007119679823517799,0.09845346212387085
YMR216C,val,True,True,0.8455097079277039,0.49229882657527924,0.5738930106163025,0.7132791876792908,0.3142273426055908,0.1423783153295517,0.7177162766456604,0.6790142953395844,0.8323859572410583,0.5256426334381104,0.3224712610244751,0.3178304135799408,0.3271121084690094,0.6060829758644104,0.5578786730766296,0.6542872786521912,0.6974820792675018,0.8607606291770935,0.5342035293579102
YMR217W,val,True,True,0.5878188610076904,0.4172771036624908,0.3705592155456543,0.2767926752567291,0.7012028694152832,0.259490966796875,0.4783397912979126,0.9036576747894287,0.8978227376937866,0.9094926118850708,0.42700496315956116,0.38302096724510193,0.4709889590740204,0.1830367036163807,0.0705304816365242,0.2955429255962372,0.5403924137353897,0.16656020283699036,0.9142246246337891
YMR218C,val,False,True,0.23266097903251648,0.2651069611310959,0.41773203015327454,0.17702221870422363,0.3555983006954193,0.09314329922199249,0.28203895688056946,0.3714722990989685,0.29601597785949707,0.44692862033843994,0.234049990773201,0.25008776783943176,0.21801221370697021,0.45464393496513367,0.4752914607524872,0.43399640917778015,0.45840589702129364,0.32146820425987244,0.5953435897827148
YMR219W,val,False,True,0.5751975178718567,0.258651340007782,0.4674649238586426,0.2580273747444153,0.4613611400127411,-0.2842494547367096,0.39065271615982056,0.4099193215370178,0.3047015070915222,0.5151371359825134,-0.4859663248062134,-0.29487699270248413,-0.6770556569099426,0.348625123500824,0.43564799427986145,0.2616022527217865,-0.06450850516557693,0.13674820959568024,-0.2657652199268341
YMR220W,val,True,True,0.2736606299877167,0.010705188661813737,0.1868080198764801,-0.45142871141433716,0.2679206132888794,0.04179863631725311,0.008427385240793228,0.1992115005850792,0.18183474242687225,0.21658825874328613,-0.3224194645881653,-0.4167575538158417,-0.2280813753604889,-0.18018867075443268,-0.04324641823768616,-0.3171309232711792,0.031903624534606934,0.2548433840274811,-0.1910361349582672
YMR221C,val,True,True,0.007693371269851923,0.0921131618320942,0.06465277820825577,-0.29602327942848206,0.47582533955574036,0.20326107740402222,0.012849893420934677,0.5026640444993973,0.5757520794868469,0.42957600951194763,-0.34879712760448456,0.2895285189151764,-0.9871227741241455,0.20151207596063614,0.05114622414112091,0.35187792778015137,0.01186639815568924,-0.0674973577260971,0.09123015403747559
YMR222C,val,True,True,0.25820863246917725,0.4175838351249695,0.3069635033607483,0.6024649143218994,0.6865424513816833,0.24446731805801392,0.24748098850250244,0.40082208812236786,0.34669387340545654,0.4549503028392792,0.05955027416348457,-0.045983172953128815,0.16508372128009796,0.34353239834308624,0.4028867781162262,0.2841780185699463,0.32422078028321266,0.07859862595796585,0.5698429346084595
YMR223W,val,True,True,-0.3398813307285309,-0.11928229117766023,-0.02952318638563156,-0.5457885265350342,0.005458909552544355,-0.13508760929107666,0.10852895677089691,0.33862176537513733,0.2812676429748535,0.39597588777542114,-0.14766646921634674,-0.44986334443092346,0.15453040599822998,-0.19384349137544632,-0.14649845659732819,-0.24118852615356445,-0.16768557578325272,0.20899061858654022,-0.5443617701530457
YMR224C,val,True,True,-0.5619959831237793,0.5269669234752655,0.548639714717865,0.7135641574859619,0.5810127854347229,0.6771764755249023,0.11444148421287537,0.5886408984661102,0.6211245656013489,0.5561572313308716,0.3835967183113098,0.2726060450077057,0.49458739161491394,0.25522972643375397,-0.274077445268631,0.7845368981361389,0.8467549830675125,0.4810234606266022,1.2124865055084229
YMR225C,val,True,True,1.0599489212036133,0.48339364528656004,1.0280601978302002,0.5834080576896667,0.12380930781364441,0.2814966142177582,0.40019404888153076,0.49480704963207245,0.6226674914360046,0.36694660782814026,0.4257346838712692,0.5547683835029602,0.29670098423957825,0.781715989112854,0.9489066004753113,0.6145253777503967,0.5380264297127724,0.1920456439256668,0.8840072154998779
YMR226C,val,False,True,0.8392863869667053,0.7012632131576538,0.9589681029319763,0.2598642110824585,1.0423309803009033,0.7200433611869812,0.5251094102859497,0.4029383510351181,0.5403043627738953,0.26557233929634094,0.867819756269455,0.9544089436531067,0.7812305688858032,0.896217942237854,0.9664733409881592,0.8259625434875488,0.5660520792007446,0.57294762134552,0.5591565370559692
YMR227C,val,True,True,0.8296753168106079,0.43364783227443693,0.6553775668144226,0.3693044185638428,0.6827602982521057,0.3259032368659973,0.13489364087581635,0.4589676707983017,0.5202944874763489,0.3976408541202545,0.5559630915522575,0.9757087826728821,0.136217400431633,0.5300668627023697,0.868775486946106,0.19135823845863342,0.342331662774086,0.29559770226478577,0.38906562328338623
YMR228W,val,False,True,0.020132409408688545,0.05843626148998737,0.12809404730796814,0.016544923186302185,0.10277266800403595,-0.013037683442234993,0.057807352393865585,0.17485012114048004,0.21835577487945557,0.13134446740150452,0.24086944945156574,0.4475596249103546,0.03417927399277687,0.2483714371919632,0.22115617990493774,0.27558669447898865,0.08425769675523043,0.014653095975518227,0.15386229753494263
YMR229C,val,True,True,0.4828428626060486,0.40348443388938904,0.19483917951583862,0.3437313735485077,0.471412718296051,0.2793230414390564,0.7281158566474915,0.48680882155895233,0.5791499614715576,0.39446768164634705,0.6408502757549286,0.5813077092170715,0.7003928422927856,0.46045978367328644,0.41407814621925354,0.5068414211273193,0.37505775690078735,0.36116084456443787,0.38895466923713684
YMR230W,val,True,True,1.5338035821914673,1.639336919784546,1.4687551259994507,1.6328885555267334,2.173933982849121,1.4057954549789429,1.5153114795684814,1.5687198042869568,1.6335577964782715,1.503881812095642,0.06977370381355286,0.22297227382659912,-0.08342486619949341,1.1455243229866028,1.0092984437942505,1.281750202178955,1.9015156030654907,1.704587697982788,2.0984435081481934
YMR230W-A,val,False,True,-1.9690884351730347,-0.5746281906962395,0.021941252052783966,-0.9490857124328613,-0.578137218952179,-1.5827200412750244,0.21486076712608337,0.39379604160785675,0.27095916867256165,0.5166329145431519,-0.665510281920433,-0.8476431965827942,-0.4833773672580719,-0.0057646892964839935,0.06458226591348648,-0.07611164450645447,1.067640483379364,0.8828284740447998,1.2524524927139282
YMR231W,val,True,True,-0.013337486423552036,0.31781251430511476,0.4018804728984833,0.20994463562965393,0.7690101265907288,-0.14429420232772827,0.35252153873443604,0.5140171647071838,0.5117512345314026,0.5162830948829651,0.22872737050056458,0.20502200722694397,0.2524327337741852,0.2331828810274601,0.03169173747301102,0.4346740245819092,0.3721972405910492,0.20322662591934204,0.5411678552627563
YMR232W,val,True,True,-1.0463100671768188,-0.3741420090198517,-0.36144864559173584,-1.301537036895752,0.1392776370048523,-0.24874216318130493,-0.098259836435318,0.22211827524006367,0.41867250204086304,0.025564048439264297,0.18945594131946564,0.7100029587745667,-0.3310910761356354,-0.028016939759254456,0.33775535225868225,-0.39378923177719116,-0.11196392774581909,-0.3534369468688965,0.1295090913772583
YMR233W,val,True,True,0.20257914066314697,0.08555520176887513,0.2493591606616974,-0.22489990293979645,0.1493893265724182,-0.13055191934108734,0.3844793438911438,-0.006242863833904266,0.18016304075717926,-0.1926487684249878,0.20549426227808,0.31505414843559265,0.09593437612056732,-0.07331505417823792,0.41131776571273804,-0.5579478740692139,-0.040185511112213135,0.06150373816490173,-0.141874760389328
YMR234W,val,True,True,0.11128855496644974,0.062409404665231705,0.006558321416378021,-0.5465840101242065,0.040084924548864365,0.48091283440589905,0.33107495307922363,0.36526864767074585,0.39260751008987427,0.33792978525161743,-0.17077194526791573,-0.06036112457513809,-0.28118276596069336,0.12400814332067966,-0.044346582144498825,0.29236286878585815,-0.5386141389608383,-1.5221747159957886,0.44494643807411194
YMR235C,val,True,True,0.5811904668807983,0.6456381261348725,0.6638748645782471,0.4719502925872803,0.9423336982727051,0.7629477381706238,0.387084037065506,0.6219217479228973,0.7314700484275818,0.5123734474182129,0.5643251240253448,0.5313228964805603,0.5973273515701294,0.9051239192485809,1.0970605611801147,0.7131872773170471,0.7363899052143097,0.6121463179588318,0.8606334924697876
YMR236W,val,True,True,0.9516023993492126,0.6612478733062744,0.6503316760063171,0.2764549255371094,1.0844855308532715,0.9192973971366882,0.37566983699798584,0.5468515157699585,0.5804572105407715,0.5132458209991455,0.6222865134477615,0.9690863490104675,0.27548667788505554,0.949681282043457,0.8331788778305054,1.0661836862564087,0.6614438593387604,0.7117244601249695,0.6111632585525513
YMR237W,val,True,True,0.28220289945602417,0.5210611283779144,0.45268988609313965,0.7957886457443237,0.7122809290885925,0.23470816016197205,0.4098380208015442,0.6086805164813995,0.8143293261528015,0.40303170680999756,0.4677750915288925,0.26362285017967224,0.6719273328781128,0.5235761851072311,0.263812392950058,0.7833399772644043,0.7201637327671051,0.3235928416252136,1.1167346239089966
YMR238W,val,True,True,0.08447622507810593,-0.027828160673379898,0.20007404685020447,-0.4415658116340637,-0.32377123832702637,0.48653703927993774,-0.060414839535951614,0.3810884952545166,0.5361195206642151,0.22605746984481812,-0.37063953280448914,-0.333461195230484,-0.40781787037849426,0.1711587831377983,0.2584100067615509,0.08390755951404572,-0.11961568146944046,-0.08760105073451996,-0.15163031220436096
YMR239C,val,True,True,-0.029721496626734734,0.1437045931816101,-0.06363460421562195,0.10346461832523346,0.5725006461143494,-0.12076830863952637,0.22696061432361603,0.3959942162036896,0.4941096901893616,0.2978787422180176,-0.09837402403354645,-0.3923926055431366,0.1956445574760437,0.34156256914138794,0.1746586561203003,0.5084664821624756,0.5033882558345795,0.5600961446762085,0.44668036699295044
YMR240C,val,True,True,0.3670709431171417,0.7526347815990448,0.8875308036804199,0.8791341185569763,0.9574874639511108,0.22973600029945374,0.8092855215072632,0.4549068361520767,0.5463836789131165,0.363429993391037,0.05180096626281738,-0.1533432900905609,0.2569452226161957,1.0563039183616638,0.8277450799942017,1.284862756729126,0.6501816213130951,0.7406792044639587,0.5596840381622314
YMR241W,val,True,True,-0.06374509632587433,0.5195906370878219,0.6318434476852417,0.6696348786354065,0.4948665499687195,0.21978984773159027,0.5818184614181519,0.32989421486854553,0.1462646722793579,0.5135237574577332,0.27210598066449165,0.08676237612962723,0.4574495851993561,0.5383972823619843,0.6008134484291077,0.47598111629486084,0.5795530378818512,0.5577999949455261,0.6013060808181763
YMR242C,val,True,True,1.2922544479370117,1.8886403799057008,1.85328209400177,1.894113540649414,2.3526108264923096,1.7719247341156006,1.5712707042694092,1.1929305493831635,0.9468198418617249,1.439041256904602,0.8219892382621765,1.0676625967025757,0.5763158798217773,1.6180409789085388,1.6208611726760864,1.6152207851409912,1.835968792438507,1.7503979206085205,1.9215396642684937
YMR242W-A,val,False,True,-1.2203556299209595,-0.12526655197143555,-0.33774566650390625,0.14939174056053162,-0.13960593938827515,-0.4929264187812805,0.19455352425575256,0.2786015048623085,0.137396439909935,0.419806569814682,-0.7436975240707397,-0.40588366985321045,-1.081511378288269,-0.10238185711205006,-0.18585893511772156,-0.018904779106378555,0.04504378139972687,-0.07358843088150024,0.16367599368095398
YMR243C,val,True,True,0.2702189087867737,0.051793885231018064,-0.3065096437931061,-0.3289504051208496,0.3296016752719879,-0.24452269077301025,0.8093504905700684,0.4060065671801567,0.1895952671766281,0.6224178671836853,-0.1108061671257019,-0.1284623146057129,-0.09315001964569092,-0.016514068469405174,-0.06518217921257019,0.03215404227375984,0.2786989137530327,0.22488288581371307,0.3325149416923523
YMR244C-A,val,True,True,1.1905517578125,1.0473170161247254,0.755003809928894,1.559593915939331,1.424210548400879,0.9055039286613464,0.5922728776931763,0.7048389911651611,0.7866364121437073,0.623041570186615,0.6616567373275757,0.7676708698272705,0.5556426048278809,0.8442952632904053,0.8142673969268799,0.8743231296539307,0.6785355359315872,0.46989646553993225,0.8871746063232422
YMR244W,val,True,True,-1.8010060787200928,-1.7802472233772277,-1.916481375694275,-1.540762186050415,-2.390166997909546,-2.282632827758789,-0.771192729473114,-1.8992077708244324,-1.8369827270507812,-1.9614328145980835,0.20454633980989456,0.2954568564891815,0.1136358231306076,-1.3959540128707886,-1.8963491916656494,-0.8955588340759277,-2.0791136026382446,-2.08011531829834,-2.0781118869781494
YMR245W,val,False,False,-1.2270761728286743,-1.9798893928527832,-1.2240512371063232,-2.166236162185669,-2.2749693393707275,-2.065253257751465,-2.1689369678497314,-1.1415010690689087,-1.0670831203460693,-1.215919017791748,-2.1021571159362793,-2.023831367492676,-2.180482864379883,-1.6778799891471863,-1.1846429109573364,-2.171117067337036,-1.9035441279411316,-1.8669320344924927,-1.9401562213897705
YMR246W,val,False,True,1.1902005672454834,0.8976859331130982,0.5707600712776184,1.0989677906036377,1.3876698017120361,0.7660840153694153,0.6649479866027832,0.6492683291435242,0.6425032615661621,0.6560333967208862,0.07309573888778687,-0.05378071963787079,0.19997219741344452,0.8058463335037231,0.6489378213882446,0.9627548456192017,0.726975828409195,0.7475071549415588,0.706444501876831
YMR247C,val,True,True,-0.32300981879234314,-0.80723916888237,-0.7876046299934387,-0.5798686742782593,-1.2983611822128296,-0.936972439289093,-0.43338891863822937,-0.12683149427175522,0.09867386519908905,-0.3523368537425995,-0.605866976082325,-1.2812130451202393,0.0694790929555893,-0.8082605004310608,-0.7124890685081482,-0.9040319323539734,-1.3554488122463226,-0.9223037362098694,-1.7885938882827759
YMR247W-A,val,False,False,-2.088510751724243,-1.9016456842422484,-1.7496849298477173,-2.137068510055542,-2.2002720832824707,-1.9998325109481812,-1.4213703870773315,-1.1415010690689087,-1.0670831203460693,-1.215919017791748,-1.3327387571334839,-1.5835050344467163,-1.0819724798202515,-2.0479815006256104,-2.0891435146331787,-2.006819486618042,-2.0055859684944153,-2.055763006210327,-1.9554089307785034
YMR250W,val,False,True,-0.3707834482192993,0.017658494412899017,-0.07572057098150253,0.21085461974143982,0.2432960420846939,0.3296431005001068,-0.6197807192802429,0.22716378420591354,0.2561197280883789,0.19820784032344818,0.42311663925647736,0.2411942183971405,0.6050390601158142,0.33791643381118774,0.39164265990257263,0.28419020771980286,0.23597721010446548,-0.035242244601249695,0.5071966648101807
YMR251W,val,False,True,0.4454679787158966,-0.333813351392746,-0.40300893783569336,-0.057396143674850464,-0.7728357315063477,0.1405910849571228,-0.5764170289039612,-0.6813257932662964,-0.7594698667526245,-0.6031817197799683,-0.1343536376953125,0.4099605083465576,-0.6786677837371826,-0.19804278016090393,-0.14467689394950867,-0.2514086663722992,-0.26798582077026367,-0.23773851990699768,-0.29823312163352966
YMR251W-A,val,False,True,1.903547763824463,1.1211448669433595,1.2321504354476929,1.0599219799041748,0.9657081365585327,1.4010294675827026,0.9469143152236938,1.0000737011432648,0.9803953766822815,1.019752025604248,-0.08485960960388184,0.1707356870174408,-0.34045490622520447,1.3613889813423157,1.9911304712295532,0.7316474914550781,1.1775239706039429,1.1867953538894653,1.1682525873184204
YMR252C,val,True,True,0.5903218388557434,0.3084647938609123,0.3917767107486725,0.1865828037261963,-0.06440327316522598,0.6549789309501648,0.37338879704475403,0.4419999122619629,0.6109145283699036,0.2730852961540222,0.2406180053949356,0.19423118233680725,0.28700482845306396,0.5805889964103699,0.6646301746368408,0.4965478181838989,0.29562894999980927,0.3634684383869171,0.22778946161270142
YMR253C,val,True,True,0.019356660544872284,0.03514130413532257,-0.525629460811615,0.44566816091537476,0.13827939331531525,-0.4475920796394348,0.5649805068969727,0.2279425635933876,0.21354590356349945,0.24233922362327576,-0.16314467787742615,-0.5843071341514587,0.25801777839660645,-0.09337407350540161,-0.46983399987220764,0.2830858528614044,-0.09172213822603226,-0.11712995171546936,-0.06631432473659515
YMR254C,val,False,False,-1.6139827966690063,-1.0336681962013246,-0.9912141561508179,-1.3322761058807373,-0.518160879611969,-1.0668946504592896,-1.2597951889038086,-1.1415010690689087,-1.0670831203460693,-1.215919017791748,-0.9761576801538467,-0.4510404169559479,-1.5012749433517456,-1.636991798877716,-1.3977152109146118,-1.8762683868408203,-1.1348023116588593,-0.7065663933753967,-1.5630382299423218
YMR255W,val,False,True,1.0088999271392822,0.4344643473625183,0.41235271096229553,0.31756892800331116,0.48729008436203003,0.3333978056907654,0.6217122077941895,0.1403964515775442,0.01413462683558464,0.2666582763195038,1.3045830726623535,1.5817499160766602,1.0274162292480469,0.6039843261241913,0.6598741412162781,0.5480945110321045,0.47163914144039154,0.5279975533485413,0.4152807295322418
YMR256C,val,True,True,0.7007008194923401,-0.5035599112510681,-0.21946096420288086,-0.3248571753501892,-1.1927292346954346,-0.1784009337425232,-0.6023512482643127,-0.04347696900367737,0.3297451436519623,-0.416699081659317,-0.02751012146472931,0.20439130067825317,-0.2594115436077118,0.06524447910487652,0.08978676050901413,0.04070219770073891,-0.3101310506463051,-0.46202173829078674,-0.15824036300182343
YMR257C,val,True,True,-0.33138561248779297,0.3695601999759674,0.346671462059021,0.4273393154144287,0.4126618504524231,0.33379799127578735,0.3273303806781769,0.3524632304906845,0.426241934299469,0.2786845266819,0.44096839427948,0.40751102566719055,0.4744257628917694,0.6157634109258652,0.34264084696769714,0.8888859748840332,0.4792003929615021,0.5542454123497009,0.4041553735733032
YMR258C,val,True,True,-0.03638818487524986,0.00025916099548339844,0.11180897802114487,0.06907746940851212,0.27088093757629395,0.37253254652023315,-0.8230041265487671,0.41945236921310425,0.4699139893054962,0.3689907491207123,0.06042194366455078,0.25505009293556213,-0.13420620560646057,0.09864997304975986,0.22675538063049316,-0.029455434530973434,-0.4122696965932846,-0.9334864616394043,0.10894706845283508
YMR259C,val,True,True,-0.34839537739753723,0.3325178727507591,-0.05044887214899063,0.16247671842575073,0.843392550945282,0.26762041449546814,0.4395485520362854,0.4640602022409439,0.4735368490219116,0.4545835554599762,-0.5513340830802917,-0.42536044120788574,-0.6773077249526978,0.10823610797524452,0.09514174610376358,0.12133046984672546,0.3299853950738907,0.2509310841560364,0.409039705991745
YMR260C,val,True,True,1.1278398036956787,0.5886661827564239,0.3234301507472992,0.3149884343147278,0.8141315579414368,0.8371590971946716,0.6536216735839844,0.609584242105484,0.5951667428016663,0.6240017414093018,1.1246051490306854,0.9838663935661316,1.2653439044952393,0.7053049802780151,0.762029767036438,0.6485801935195923,0.847508430480957,0.7787778377532959,0.9162390232086182
YMR261C,val,True,True,-0.025688927620649338,0.4033020794391632,0.16118237376213074,0.2617042660713196,0.6855787634849548,0.4586825966835022,0.4493623971939087,0.4595414996147156,0.32261592149734497,0.5964670777320862,1.0562484860420227,1.077819585800171,1.0346773862838745,0.8079325556755066,0.7509176731109619,0.8649474382400513,-0.03633765131235123,-0.09393996745347977,0.021264664828777313
YMR262W,val,True,True,-0.07308361679315567,0.6066560745239258,0.6838833689689636,0.3839770257472992,0.6292078495025635,0.8407564759254456,0.49545565247535706,0.55255988240242,0.6028351783752441,0.502284586429596,0.6429273635149002,0.44432005286216736,0.8415346741676331,0.8181115388870239,0.8898458480834961,0.7463772296905518,0.5724070817232132,0.36149147152900696,0.7833226919174194
YMR263W,val,True,True,1.001662254333496,0.8881009340286254,0.7579019665718079,0.9399032592773438,1.238167643547058,0.8612004518508911,0.6433313488960266,0.6511451601982117,0.7058223485946655,0.5964679718017578,0.4785580337047577,0.34310078620910645,0.6140152812004089,0.568686306476593,0.6432949304580688,0.4940776824951172,0.8611166179180145,0.6565447449684143,1.0656884908676147
YMR264W,val,True,True,0.3024878203868866,0.44394307732582095,0.46727168560028076,0.3125919699668884,0.5550164580345154,0.5214858651161194,0.36334940791130066,0.5774434506893158,0.5643483996391296,0.590538501739502,0.13274897262454033,0.12126412242650986,0.1442338228225708,0.40091800689697266,0.5977457761764526,0.20409023761749268,0.45720839500427246,0.409379243850708,0.5050375461578369
YMR265C,val,True,True,0.24924401938915253,1.094442331790924,0.7037992477416992,1.0822370052337646,1.4243334531784058,1.3456206321716309,0.9162213206291199,0.743417501449585,0.8043047785758972,0.6825302243232727,0.16157154366374016,-0.07041425257921219,0.3935573399066925,0.9769106507301331,1.391192078590393,0.562629222869873,1.1943199634552002,1.2976539134979248,1.0909860134124756
YMR266W,val,True,True,0.37541303038597107,0.45071519911289215,-0.07899461686611176,0.9395826458930969,0.34960514307022095,0.2596169114112854,0.7837659120559692,0.8227294385433197,0.9373683333396912,0.7080905437469482,0.3423936367034912,-0.01203000545501709,0.6968172788619995,0.9713084101676941,0.8559532165527344,1.0866636037826538,0.5012291222810745,0.6878654360771179,0.31459280848503113
YMR267W,val,True,False,0.8693280220031738,-0.8129985570907593,-0.7737399935722351,-0.9514899253845215,-0.635293185710907,-1.0279451608657837,-0.6765245199203491,-1.1415010690689087,-1.0670831203460693,-1.215919017791748,0.2041451781988144,0.170357346534729,0.23793300986289978,-0.6537964046001434,-0.833610475063324,-0.4739823341369629,-0.913149893283844,-0.739411473274231,-1.086888313293457
YMR268C,val,True,True,0.017266511917114258,0.42388361096382143,0.40728986263275146,0.2043018937110901,0.6479009985923767,0.5545724034309387,0.3053528964519501,0.3890673816204071,0.367312490940094,0.4108222723007202,1.2628397345542908,1.56980562210083,0.9558738470077515,0.6524971127510071,0.6428141593933105,0.6621800661087036,0.5878994315862656,0.3557799756526947,0.8200188875198364
YMR269W,val,True,True,1.2399035692214966,0.5763387978076935,0.8245806694030762,0.5253329277038574,0.5712399482727051,0.7498967051506042,0.2106437385082245,0.37693625688552856,0.3486180603504181,0.40525445342063904,1.0894282758235931,1.8583074808120728,0.3205490708351135,0.7399930059909821,0.7310428023338318,0.7489432096481323,0.4724312722682953,0.5398773550987244,0.4049851894378662
YMR270C,val,True,False,0.3992079496383667,-1.3566259264945983,-1.1008641719818115,-1.6358423233032227,-1.990490198135376,-0.9666644930839539,-1.089268445968628,-1.1415010690689087,-1.0670831203460693,-1.215919017791748,0.3487643748521805,0.3927154541015625,0.30481329560279846,-1.4062508344650269,-1.0461833477020264,-1.7663183212280273,-1.6101701855659485,-1.481369972229004,-1.738970398902893
YMR271C,val,True,True,-0.7547412514686584,0.09860094636678696,0.1794886291027069,-0.31405895948410034,0.2927328944206238,0.05787210911512375,0.2769700586795807,0.20026376843452454,-0.3258044123649597,0.7263319492340088,0.19860891997814178,0.20649096369743347,0.1907268762588501,0.148609209805727,0.0902266576886177,0.2069917619228363,0.37407150864601135,0.3363114297389984,0.4118315875530243
YMR272C,val,False,True,0.6131361126899719,-0.628626924753189,-0.18794748187065125,-1.1898126602172852,-0.8423559069633484,-0.5516263842582703,-0.3713921904563904,-0.6346009597182274,-1.171513557434082,-0.09768836200237274,0.3481578230857849,0.29606306552886963,0.4002525806427002,-0.8358788639307022,-0.18321457505226135,-1.488543152809143,-1.351703703403473,-0.6616085767745972,-2.0417988300323486
YMR272W-A,val,False,False,-1.8984706401824951,-1.811903214454651,-1.906440258026123,-2.0333776473999023,-1.710254430770874,-1.6081291437149048,-1.8013145923614502,-1.1415010690689087,-1.0670831203460693,-1.215919017791748,-0.3953283429145813,-0.30511727929115295,-0.48553940653800964,-1.8237220644950867,-2.084045648574829,-1.5633984804153442,-1.9816495180130005,-2.3191049098968506,-1.6441941261291504
YMR272W-B,val,False,True,-1.7172963619232178,-1.9828310489654541,-1.8301786184310913,-2.0905117988586426,-2.409259557723999,-1.5905030965805054,-1.9937021732330322,-1.5108726024627686,-1.747339129447937,-1.2744060754776,-0.6320284456014633,-0.9357702136039734,-0.32828667759895325,-1.819825291633606,-1.6913830041885376,-1.9482675790786743,-1.5406869649887085,-1.4715933799743652,-1.6097805500030518
YMR273C,val,False,True,0.7893985509872437,0.0123465895652771,-0.19545915722846985,-0.23093478381633759,0.20782193541526794,0.08618968725204468,0.1941152662038803,0.21439426392316818,0.1862979382276535,0.24249058961868286,-0.29278459399938583,-0.020379528403282166,-0.5651896595954895,0.036923810839653015,0.2942308783531189,-0.22038325667381287,0.06092424690723419,-0.0989953875541687,0.22084388136863708
YMR274C,val,True,True,-0.36067065596580505,-0.07364976182579994,0.11280151456594467,-0.8997543454170227,0.30606532096862793,0.14653900265693665,-0.03390030190348625,0.19094818085432053,0.11836321651935577,0.2635331451892853,-0.14903801679611206,0.13568928837776184,-0.43376532196998596,-0.4042179137468338,-0.2663082182407379,-0.5421276092529297,-0.12965229153633118,-0.16935859620571136,-0.08994598686695099
YMR275C,val,True,True,0.37040507793426514,0.0317988246679306,0.6688469052314758,-0.7878673672676086,-0.12257388234138489,0.04607535898685455,0.35451310873031616,0.49115090072155,0.5284652709960938,0.4538365304470062,0.4871663898229599,0.42210397124290466,0.5522288084030151,-0.16563540697097778,0.16297602653503418,-0.49424684047698975,0.23656725138425827,0.24831075966358185,0.2248237431049347
YMR276W,val,True,True,1.3840795755386353,0.5942251145839691,0.39041459560394287,0.41716402769088745,0.798039972782135,0.9083439707756042,0.457163006067276,0.4459234029054642,0.4867627024650574,0.40508410334587097,0.7565551698207855,1.010252594947815,0.5028577446937561,0.5664898753166199,0.5637581944465637,0.569221556186676,0.5070478916168213,0.2786402702331543,0.7354555130004883
YMR277W,val,False,True,0.7171459794044495,0.3362996578216553,0.17462635040283203,0.02047497034072876,0.7956585884094238,0.579781711101532,0.11095666885375977,0.2993622273206711,0.30800861120224,0.2907158434391022,0.5914918929338455,0.21756306290626526,0.9654207229614258,0.057433223351836205,0.11078847199678421,0.004077974706888199,0.14759200811386108,0.2081225961446762,0.08706142008304596
YMR278W,val,True,True,-0.0976286381483078,0.22271492183208466,0.13886436820030212,-0.006685465574264526,0.16043837368488312,0.37747862935066223,0.44347870349884033,0.2934592515230179,0.3455115556716919,0.24140694737434387,0.2702937424182892,0.28787678480148315,0.2527107000350952,0.09280932135879993,0.15568318963050842,0.029935453087091446,0.2589380070567131,0.16530771553516388,0.35256829857826233
YMR279C,val,True,True,-1.5840277671813965,-0.5668592482805253,-1.1442617177963257,-0.6564120650291443,-0.6957634687423706,-0.4826163649559021,0.14475737512111664,0.4269392788410187,0.3726084530353546,0.48127010464668274,-0.021261712536215782,-0.09570486098527908,0.05318143591284752,-0.24385668523609638,-0.44763025641441345,-0.04008311405777931,0.097927525639534,0.6548699736595154,-0.4590149223804474
YMR280C,val,True,True,-0.9252983927726746,-0.08045023381710052,-0.4252440929412842,0.4192444980144501,-0.1916511058807373,0.14206300675868988,-0.3466634750366211,-0.27099519968032837,-0.220404714345932,-0.32158568501472473,-0.8631470650434494,-0.05724498629570007,-1.6690491437911987,0.09190778248012066,0.15028679370880127,0.03352877125144005,0.19666918367147446,0.40548771619796753,-0.012149348855018616
YMR281W,val,True,True,0.30369648337364197,-1.1600255727767945,-1.6101984977722168,-1.103694200515747,-1.722641944885254,-0.8483822345733643,-0.5152109861373901,-0.5828503370285034,-0.7864938378334045,-0.3792068362236023,-0.3684336245059967,-0.9332401752471924,0.19637292623519897,-0.853540450334549,-0.7306822538375854,-0.9763986468315125,-1.4366022646427155,-0.7170732617378235,-2.1561312675476074
YMR282C,val,True,True,0.11674139648675919,0.31026628613471985,0.4116835594177246,-0.26680317521095276,0.6205843091011047,0.4748057723045349,0.31106096506118774,0.43146704137325287,0.5081325769424438,0.3548015058040619,-0.10054627805948257,-0.2734566330909729,0.07236407697200775,0.10542253963649273,0.24829313158988953,-0.03744805231690407,0.04100838676095009,0.05984197556972504,0.02217479795217514
YMR283C,val,False,False,-0.3070243000984192,-1.95609130859375,-2.0206515789031982,-2.0697202682495117,-2.174116849899292,-1.822538137435913,-1.693429708480835,-1.1415010690689087,-1.0670831203460693,-1.215919017791748,-1.9998300075531006,-1.780818223953247,-2.218841791152954,-2.0624483823776245,-2.0174615383148193,-2.1074352264404297,-2.0070870518684387,-2.179630756378174,-1.8345433473587036
YMR284W,val,True,True,0.0009208522969856858,-0.325761204957962,-0.3220285475254059,-0.366150438785553,-0.3620119094848633,0.143146812915802,-0.72176194190979,-0.4305397719144821,-0.2708345353603363,-0.5902450084686279,0.2734203636646271,0.2213512361049652,0.32548949122428894,-0.6807097792625427,-0.693993330001831,-0.6674262285232544,-0.6552331745624542,-0.892657995223999,-0.4178083539009094
YMR285C,val,True,True,0.5212271213531494,0.5147408366203308,0.7564424872398376,0.5066346526145935,0.660486102104187,0.29858869314193726,0.35155224800109863,0.5359495729207993,0.5787882208824158,0.49311092495918274,0.8767038732767105,1.3537211418151855,0.3996866047382355,0.9469049274921417,1.1436940431594849,0.7501158118247986,0.5587540343403816,0.24578477442264557,0.8717232942581177
YMR286W,val,True,True,0.9880877137184143,0.21930154860019685,0.2904003858566284,0.15201017260551453,0.4939946234226227,-0.08907556533813477,0.24917812645435333,0.4803987294435501,0.5455960035324097,0.41520145535469055,0.11316116154193878,-0.24773025512695312,0.4740525782108307,0.3331274092197418,0.27271729707717896,0.3935375213623047,0.1497536413371563,-0.05761776119470596,0.35712504386901855
YMR287C,val,True,True,-0.029336990788578987,0.22476205676794053,0.1019052192568779,0.46353286504745483,0.4919017553329468,-0.036654457449913025,0.10312490165233612,0.3448861688375473,0.3498024344444275,0.3399699032306671,0.3319082260131836,0.25009796023368835,0.41371849179267883,0.023461654782295227,-0.19081810116767883,0.2377414107322693,0.5826677083969116,0.5459283590316772,0.619407057762146
YMR288W,val,False,True,-0.16647282242774963,0.09774271585047245,0.07336423546075821,0.032909758388996124,0.35637366771698,0.001558905467391014,0.024507012218236923,0.286072239279747,0.32524746656417847,0.24689701199531555,-0.363766074180603,-0.8186678290367126,0.09113568067550659,0.20087482035160065,0.27548447251319885,0.12626516819000244,0.3193601295351982,0.14569605886936188,0.49302420020103455
YMR289W,val,False,True,0.36541232466697693,0.007205753028392792,0.18163204193115234,-0.4600873589515686,0.3204784393310547,0.058193691074848175,-0.06418804824352264,0.10833212733268738,0.08037492632865906,0.1362893283367157,0.22289010882377625,0.3121388256549835,0.13364139199256897,-0.12197862938046455,-0.05499947816133499,-0.18895778059959412,0.20143140107393265,0.21910430490970612,0.18375849723815918
YMR290C,val,True,True,0.7454387545585632,0.8682015776634217,1.2967029809951782,0.6895641684532166,1.1084673404693604,0.7383777499198914,0.5078956484794617,0.7863898873329163,0.5546494722366333,1.0181303024291992,0.9863698482513428,1.164610505104065,0.8081291913986206,0.6519069522619247,0.4270114600658417,0.8768024444580078,1.3056800365447998,1.1645334959030151,1.4468265771865845
YMR290W-A,val,False,False,-1.9007937908172607,-1.857325839996338,-1.78119695186615,-2.052520751953125,-1.5917937755584717,-1.8431035280227661,-2.0180141925811768,-1.1415010690689087,-1.0670831203460693,-1.215919017791748,-0.7184005677700043,-0.627200186252594,-0.8096009492874146,-1.9874500632286072,-1.999334692955017,-1.9755654335021973,-1.9285008311271667,-1.9933799505233765,-1.863621711730957
YMR291W,val,True,True,1.1983228921890259,0.8471986651420593,0.8020010590553284,1.2067687511444092,0.7312857508659363,1.009782314300537,0.4861554503440857,0.5540848299860954,0.9905325770378113,0.11763708293437958,0.6589450538158417,0.742046058177948,0.5758440494537354,0.8194820880889893,0.8795177936553955,0.759446382522583,0.7692183256149292,0.8122981786727905,0.7261384725570679
YMR292W,val,True,True,-0.12213785946369171,-0.11536637991666794,-0.08998193591833115,-0.0993676483631134,-0.2905089259147644,-0.2324395775794983,0.13546618819236755,0.4024067670106888,0.37220028042793274,0.4326132535934448,-0.05566440522670746,-0.21225965023040771,0.1009308397769928,0.27387621998786926,0.38953229784965515,0.15822014212608337,-0.08017665147781372,0.07682700455188751,-0.23718030750751495
YMR293C,val,True,False,-0.23112674057483673,-1.5123855113983153,-1.5558679103851318,-1.3491182327270508,-1.9874476194381714,-1.4184061288833618,-1.2510876655578613,-1.1415010690689087,-1.0670831203460693,-1.215919017791748,-0.44667430222034454,-0.3824635446071625,-0.5108850598335266,-1.653127372264862,-1.4874235391616821,-1.818831205368042,-1.8420227766036987,-1.8021215200424194,-1.881924033164978
YMR294W,val,False,False,0.19633422791957855,-0.03848244398832321,-0.11240772157907486,-0.34021633863449097,0.20658855140209198,-0.2633994221687317,0.3170227110385895,-1.1415010690689087,-1.0670831203460693,-1.215919017791748,0.6347183585166931,0.635819137096405,0.6336175799369812,-0.20624275505542755,-0.6667478680610657,0.25426235795021057,-0.4667895585298538,-0.7042228579521179,-0.22935625910758972
YMR294W-A,val,False,False,-1.830952525138855,-1.8052534580230712,-2.1204512119293213,-2.1056718826293945,-1.677129864692688,-1.8407469987869263,-1.2822673320770264,-1.1415010690689087,-1.0670831203460693,-1.215919017791748,-2.092726171016693,-2.2995364665985107,-1.8859158754348755,-1.982925534248352,-2.250082015991211,-1.7157690525054932,-1.9150052666664124,-1.9997661113739014,-1.8302444219589233
YMR295C,val,True,True,1.260345697402954,1.4127066612243653,0.9167792201042175,1.7364327907562256,1.7827999591827393,0.996205747127533,1.6313155889511108,1.0171344876289368,0.8405873775482178,1.1936815977096558,0.8535909652709961,1.1790872812271118,0.5280946493148804,0.8848307430744171,0.8229731321334839,0.9466883540153503,1.5314094424247742,1.5264345407485962,1.5363843441009521
YMR296C,val,True,True,1.3691322803497314,0.9395119190216065,0.7674353718757629,0.9084422588348389,1.4326462745666504,0.7178391814231873,0.8711965084075928,0.9193905889987946,1.009131669998169,0.8296495079994202,0.6287497580051422,0.8227124810218811,0.4347870349884033,0.9161337018013,0.6562243700027466,1.1760430335998535,1.2540945410728455,1.2032887935638428,1.3049002885818481
YMR297W,val,True,True,0.5978921055793762,0.9235001325607299,0.8520349860191345,0.7302268147468567,1.351244568824768,0.9595588445663452,0.7244354486465454,0.4299166053533554,0.4937649369239807,0.3660682737827301,0.7139840722084045,1.2524912357330322,0.17547690868377686,0.76969975233078,0.7810148000717163,0.7583847045898438,1.08041313290596,0.9005452990531921,1.260280966758728
YMR298W,val,True,True,1.059086561203003,0.4014627069234848,0.3812817633152008,0.19467319548130035,0.6650186777114868,0.37305742502212524,0.3932824730873108,0.5586095005273819,0.7539356350898743,0.3632833659648895,0.5902402997016907,0.5194876194000244,0.6609929800033569,0.6199929118156433,0.4258608818054199,0.8141249418258667,0.7426493465900421,0.5593938231468201,0.9259048700332642
YMR299C,val,True,True,0.13353563845157623,0.05327563099563122,0.40085119009017944,-0.6480574011802673,0.1646018624305725,0.01837923191487789,0.3306032717227936,0.12569967098534107,0.028877470642328262,0.22252187132835388,0.8643757700920105,1.121768593788147,0.606982946395874,0.15376186557114124,0.26742541790008545,0.04009831324219704,0.20158755034208298,-0.15926899015903473,0.5624440908432007
YMR300C,val,False,True,0.4198794662952423,-0.7247025668621063,-0.5201853513717651,-1.384223222732544,-0.9334710240364075,-0.4574446976184845,-0.32818853855133057,-0.581214964389801,-0.39629554748535156,-0.7661343812942505,-0.44905806332826614,-0.7943236231803894,-0.10379250347614288,-1.445673942565918,-1.8681155443191528,-1.023232340812683,-0.6962828785181046,-1.4189294576644897,0.02636370062828064
YMR301C,val,True,True,0.5229432582855225,0.24801892340183257,0.371021568775177,0.09782758355140686,0.28481966257095337,0.27756884694099426,0.2088569551706314,0.1699923872947693,0.19128462672233582,0.14870014786720276,0.3850969821214676,0.43614622950553894,0.33404773473739624,0.4465465098619461,0.5247921943664551,0.36830082535743713,0.29671742767095566,0.19123394787311554,0.4022009074687958
YMR302C,val,True,True,0.33902794122695923,0.6283845007419586,0.8693007826805115,0.6701028347015381,0.334678053855896,0.8811690211296082,0.3866718113422394,0.5452096611261368,0.6682249903678894,0.42219433188438416,0.9092683792114258,1.1627711057662964,0.6557656526565552,0.6310360431671143,0.6307837963104248,0.6312882900238037,0.4434759318828583,0.41765454411506653,0.46929731965065
YMR303C,val,False,True,-1.6681408882141113,0.19638951420783995,0.00043053925037384033,0.21915781497955322,0.07227632403373718,0.23557524383068085,0.45450764894485474,-0.2952974699437618,-0.011948995292186737,-0.5786459445953369,0.746291309595108,0.5110735297203064,0.9815090894699097,0.2331290878355503,-0.04273306578397751,0.5089912414550781,0.2572857066988945,0.18069078028202057,0.33388063311576843
YMR304C-A,val,False,False,-1.185439944267273,-1.7617191553115845,-2.0449211597442627,-1.734358549118042,-1.878437876701355,-1.6520596742630005,-1.4988185167312622,-1.1415010690689087,-1.0670831203460693,-1.215919017791748,-0.9762737303972244,-1.5997942686080933,-0.3527531921863556,-2.003323256969452,-2.1569817066192627,-1.8496648073196411,-2.07260000705719,-2.2205729484558105,-1.9246270656585693
YMR304W,val,True,True,0.26201075315475464,-0.009582516551017762,-0.22694408893585205,-0.3935641944408417,-0.20674864947795868,0.4830891489982605,0.2962552011013031,0.3366101235151291,0.45334726572036743,0.21987298130989075,-0.04700935631990433,-0.08309817314147949,-0.010920539498329163,0.0648515447974205,0.06486503779888153,0.06483805179595947,-0.2533697113394737,0.11251111328601837,-0.6192505359649658
YMR305C,val,True,True,0.9583210349082947,0.5829904686659575,0.5447540879249573,1.514427900314331,0.02950376830995083,0.4138537645339966,0.4124128222465515,0.9184936285018921,0.7755128145217896,1.0614744424819946,0.39095884561538696,0.3712410032749176,0.4106766879558563,0.8932622373104095,0.9301799535751343,0.8563445210456848,0.7666662931442261,0.5794214010238647,0.9539111852645874
YMR306C-A,val,False,False,-0.6091828942298889,-2.0332867383956907,-2.1314804553985596,-1.9722528457641602,-2.0085530281066895,-1.9302903413772583,-2.123857021331787,-1.1415010690689087,-1.0670831203460693,-1.215919017791748,-1.0932619869709015,-1.572304606437683,-0.6142193675041199,-2.050102710723877,-2.144895553588867,-1.9553098678588867,-2.0892688632011414,-2.22452974319458,-1.9540079832077026
YMR306W,val,True,True,-1.2186403274536133,0.7420231938362122,1.1500974893569946,1.411771297454834,0.8180332183837891,-0.30417340993881226,0.6343873739242554,0.23323528468608856,0.3421926498413086,0.12427791953086853,0.28888918459415436,0.4643486440181732,0.1134297251701355,0.44778217375278473,0.6525347828865051,0.24302956461906433,0.7399942129850388,1.034574031829834,0.44541439414024353
YMR307C-A,val,False,False,-1.748347520828247,-1.3097597360610962,-1.7279349565505981,-1.91058349609375,-0.8012312054634094,-0.8281542658805847,-1.2808947563171387,-1.1415010690689087,-1.0670831203460693,-1.215919017791748,-0.3048509955406189,0.2510685920715332,-0.860770583152771,-1.530496597290039,-1.5900806188583374,-1.4709125757217407,-1.50098317861557,-1.5986418724060059,-1.4033244848251343
YMR307W,val,True,True,1.2915538549423218,1.080266672372818,1.2956703901290894,1.1823914051055908,1.633225679397583,0.4278797209262848,0.862166166305542,1.376676619052887,1.8103195428848267,0.9430336952209473,0.4861724376678467,0.563337504863739,0.40900737047195435,0.8045356273651123,1.1095672845840454,0.4995039701461792,1.054523229598999,1.16880464553833,0.940241813659668
YMR308C,val,True,True,0.5134958624839783,0.25317634642124176,0.4717773199081421,0.18384821712970734,0.4015769958496094,-0.26248812675476074,0.47116732597351074,0.20150094479322433,0.19592128694057465,0.20708060264587402,0.3411720544099808,0.5759730935096741,0.10637101531028748,0.5125475823879242,0.3831695318222046,0.6419256329536438,0.4936777353286743,0.3787357807159424,0.6086196899414062
YMR309C,val,True,True,0.7127715945243835,0.7762460231781005,0.5814773440361023,0.8855978846549988,0.7359907627105713,0.9489310383796692,0.7292330861091614,0.8235874176025391,0.8779613375663757,0.7692134976387024,0.02380932867527008,-0.13112321496009827,0.17874187231063843,0.6795785427093506,0.6372573375701904,0.7218997478485107,1.0436009764671326,0.9402173757553101,1.146984577178955
YMR310C,val,True,True,0.9077504277229309,0.7160642862319946,0.4871770739555359,0.6162108778953552,0.9550133347511292,0.811445415019989,0.7104747295379639,0.6060644835233688,0.7147035002708435,0.49742546677589417,0.6551801860332489,0.7222419381141663,0.5881184339523315,0.7931666374206543,0.23083925247192383,1.3554940223693848,0.6375554502010345,0.5858482718467712,0.6892626285552979
YMR311C,val,True,True,2.047468423843384,1.0233757138252257,0.9814733862876892,0.7256416082382202,1.336829423904419,1.3882883787155151,0.6846457719802856,0.5233616083860397,0.5660666227340698,0.48065659403800964,0.8248928189277649,0.9129236340522766,0.7368620038032532,0.6296946555376053,0.44063761830329895,0.8187516927719116,1.0344904065132141,1.0491687059402466,1.0198121070861816
YMR312W,val,True,False,0.1539740115404129,-0.8218972206115722,-0.38578081130981445,-1.186523675918579,-0.4585270881652832,-0.7823069095611572,-1.2963476181030273,-1.1415010690689087,-1.0670831203460693,-1.215919017791748,-0.05888390354812145,-0.15918505191802979,0.04141724482178688,-0.5502187311649323,-0.3702608346939087,-0.7301766276359558,-0.7369878143072128,-0.9798476696014404,-0.49412795901298523
YMR313C,val,False,True,0.13505719602108002,-0.0840474620461464,0.20218461751937866,-0.012350507080554962,-0.47937071323394775,-0.0422104150056839,-0.08849029242992401,0.368266336619854,0.24538017809391022,0.49115249514579773,0.5535431802272797,0.5559741854667664,0.551112174987793,0.15464876219630241,0.10419874638319016,0.20509877800941467,-0.34071025252342224,-0.9842900037765503,0.3028694987297058
YMR314W,val,True,True,0.9577714800834656,0.3575992420315742,0.033307529985904694,0.5313504934310913,0.507832944393158,0.3487800359725952,0.36672520637512207,-0.0420573428273201,0.14894543588161469,-0.23306012153625488,0.2512390613555908,0.15406236052513123,0.3484157621860504,0.21136432886123657,0.1902475655078888,0.23248109221458435,0.5046147257089615,0.42326000332832336,0.5859694480895996
YMR315W,val,True,True,0.4025475084781647,0.30526124238967894,0.47215181589126587,-0.2793521285057068,0.42237618565559387,0.6568521857261658,0.25427815318107605,0.42176535725593567,0.7371676564216614,0.10636305809020996,0.08351640403270721,-0.05362457036972046,0.2206573784351349,0.06095721572637558,0.25138458609580994,-0.12947015464305878,0.45366649329662323,0.6074488759040833,0.2998841106891632
YMR315W-A,val,True,True,-1.5396182537078857,-1.9282761335372924,-1.746368646621704,-2.0094854831695557,-2.2468478679656982,-1.734850287437439,-1.9038283824920654,-1.3014518022537231,-1.1291950941085815,-1.4737085103988647,-1.4039598107337952,-1.5484472513198853,-1.259472370147705,-1.8558234572410583,-1.8051716089248657,-1.906475305557251,-1.918790876865387,-1.8199564218521118,-2.017625331878662
YMR316C-A,val,True,True,-1.4384541511535645,-0.7726031422615052,-1.1390079259872437,-0.31621623039245605,-1.4467723369598389,-0.6363160014152527,-0.3247032165527344,-0.5766548961400986,-0.49673858284950256,-0.6565712094306946,0.08629881590604782,0.029970988631248474,0.14262664318084717,-0.3498178720474243,-0.5250232815742493,-0.17461246252059937,-0.11151986941695213,-0.08703642338514328,-0.136003315448761
YMR316C-B,val,False,False,-0.9238943457603455,-0.2088635593652725,-1.167275309562683,-0.5671721696853638,0.2851138412952423,-0.0312780886888504,0.43629392981529236,-1.1415010690689087,-1.0670831203460693,-1.215919017791748,0.09188667684793472,0.398621529340744,-0.21484817564487457,-0.15091683343052864,-0.20133361220359802,-0.10050005465745926,-0.5475478172302246,-0.9010129570960999,-0.19408267736434937
YMR316W,val,True,True,-0.30051693320274353,-0.3248089998960495,0.18085280060768127,-0.46338698267936707,-0.9013381004333496,-0.6245473623275757,0.1843746453523636,0.0689388345927,0.006721165031194687,0.13115650415420532,-0.17992471158504486,-0.6763797402381897,0.3165303170681,-0.8405771553516388,-0.70987468957901,-0.9712796211242676,-0.6996226608753204,-1.4200359582901,0.02079063653945923
YMR317W,val,False,True,-0.3418288826942444,-0.0012303486466407776,0.4342910647392273,-0.0588013157248497,-0.424346923828125,0.24578675627708435,-0.20308132469654083,0.03605532646179199,-0.6188021302223206,0.6909127831459045,0.3654559552669525,0.6243136525154114,0.10659825801849365,-0.35066744685173035,-0.22436928749084473,-0.47696560621261597,-0.23940938711166382,-1.2198699712753296,0.741051197052002
YMR318C,val,True,True,1.220029592514038,0.17667223513126373,0.7985794544219971,0.09378933906555176,0.23509283363819122,0.39701277017593384,-0.6411132216453552,-0.015623927116394043,-0.15498775243759155,0.12373989820480347,0.8641585111618042,1.1835874319076538,0.5447295904159546,0.03251689672470093,0.18922418355941772,-0.12419039011001587,0.39100397378206253,0.16140295565128326,0.6206049919128418
YMR319C,val,False,True,0.9081791043281555,-0.07593796923756599,0.9019514918327332,-0.5622180104255676,-0.04464009776711464,-1.0226765871047974,0.3478933572769165,0.7960101962089539,0.6022977232933044,0.9897226691246033,-0.639988973736763,-0.45600125193595886,-0.8239766955375671,-0.325553759932518,-0.21422362327575684,-0.4368838965892792,0.6554216295480728,0.913020670413971,0.3978225886821747
YMR320W,val,False,False,-0.8276805877685547,-1.1708087086677552,-1.2173367738723755,-1.366025447845459,-0.5384184718132019,-1.5054327249526978,-1.2268301248550415,-1.1415010690689087,-1.0670831203460693,-1.215919017791748,0.6739258021116257,1.0678218603134155,0.2800297439098358,-1.2701990604400635,-1.3051929473876953,-1.2352051734924316,-1.2781883478164673,-1.7642724514007568,-0.7921042442321777
YMR321C,val,False,False,-1.9889980554580688,-1.6413923025131225,-1.378012776374817,-1.9557416439056396,-1.9392211437225342,-1.7527607679367065,-1.1812251806259155,-1.1415010690689087,-1.0670831203460693,-1.215919017791748,0.06491854414343834,0.01561475545167923,0.11422233283519745,-1.9923996925354004,-1.9616661071777344,-2.0231332778930664,-1.9042341113090515,-1.904433012008667,-1.904035210609436
YMR322C,val,True,True,-2.0193636417388916,-0.2139010936021805,-0.20094990730285645,-0.08591106534004211,-0.5491636395454407,0.13581575453281403,-0.3692966103553772,0.10443119145929813,-0.040924977511167526,0.2497873604297638,-0.8387755751609802,-1.397415041923523,-0.2801361083984375,-0.16395325772464275,-0.3473374545574188,0.019430939108133316,0.18589747324585915,0.07247094064950943,0.29932400584220886
YMR323W,val,True,True,-2.0029969215393066,-1.1231374263763427,-1.351847767829895,-1.3756399154663086,-0.616707444190979,-1.3875670433044434,-0.8839249610900879,-0.7551013827323914,-0.7487342953681946,-0.7614684700965881,-0.3218686953186989,-0.7804862856864929,0.13674889504909515,-0.9707783460617065,-1.3658655881881714,-0.5756911039352417,-1.154660776257515,-1.8916712999343872,-0.4176502525806427
YMR324C,val,False,False,-2.088510751724243,-2.085998296737671,-2.210239887237549,-2.0602588653564453,-2.1756503582000732,-2.003140687942505,-1.9807016849517822,-1.1415010690689087,-1.0670831203460693,-1.215919017791748,-1.7712225914001465,-2.2953407764434814,-1.2471044063568115,-2.0740538835525513,-2.1064915657043457,-2.041616201400757,-2.1026370525360107,-2.2579638957977295,-1.947310209274292
YMR325W,val,False,True,-2.088510751724243,-0.8076411008834838,-0.9077091813087463,-1.2463164329528809,-0.7303649187088013,-0.502389132976532,-0.651425838470459,-1.663236677646637,-1.4984681606292725,-1.8280051946640015,-0.8189480304718018,-0.7369360327720642,-0.9009600281715393,-1.078983873128891,-0.8252007365226746,-1.3327670097351074,-1.1930135488510132,-1.6135005950927734,-0.7725265026092529
YMR326C,val,False,False,-2.088510751724243,-2.1217586040496825,-2.072094202041626,-2.197458505630493,-2.3085873126983643,-1.9565198421478271,-2.0741331577301025,-1.1415010690689087,-1.0670831203460693,-1.215919017791748,-2.0040462613105774,-2.1995933055877686,-1.8084992170333862,-2.157347559928894,-2.1892294883728027,-2.1254656314849854,-2.2207106351852417,-2.463526725769043,-1.9778945446014404
YNL001W,val,True,True,-0.035571008920669556,0.629284891486168,0.78022301197052,0.18306325376033783,0.5848537087440491,0.7134811878204346,0.884803295135498,0.47573280334472656,0.5434515476226807,0.40801405906677246,0.4566066414117813,0.6787911057472229,0.23442217707633972,0.8408872336149216,1.4734331369400024,0.2083413302898407,0.7145973742008209,0.8945876955986023,0.5346070528030396
YNL002C,val,True,True,1.3962785005569458,0.9162845849990845,0.6728159189224243,0.7194793820381165,1.5196123123168945,0.7036809325218201,0.965834379196167,0.866547018289566,0.822695255279541,0.9103987812995911,0.4663514979183674,0.003181375563144684,0.9295216202735901,0.8868674039840698,0.6711645126342773,1.1025702953338623,0.7824920415878296,0.7164047956466675,0.8485792875289917
YNL003C,val,False,True,0.37977343797683716,0.6338743448257447,0.6500437259674072,0.9598811268806458,0.46043670177459717,0.5757082104682922,0.5233019590377808,0.3617991954088211,0.4154301881790161,0.3081682026386261,-0.006009206175804138,-0.1969185173511505,0.18490010499954224,0.5552592873573303,0.6996310949325562,0.4108874797821045,0.5376101434230804,0.35780972242355347,0.7174105644226074
YNL004W,val,True,True,1.212237000465393,0.17016808912158013,0.41076594591140747,0.22705787420272827,0.1137811541557312,0.07591769099235535,0.02331778034567833,0.7240686416625977,0.7708815336227417,0.6772557497024536,-1.3139188289642334,-1.0740045309066772,-1.5538331270217896,0.10109679773449898,-0.09758492559194565,0.2997785210609436,0.47432446479797363,0.5663264393806458,0.3823224902153015
YNL005C,val,True,True,0.5551990866661072,0.546838927268982,0.5563614368438721,0.4726691246032715,0.7810636162757874,0.5682019591331482,0.35589849948883057,0.3992116451263428,0.4174261689186096,0.3809971213340759,0.5013318955898285,0.40405601263046265,0.5986077785491943,0.5878268778324127,0.6046738028526306,0.5709799528121948,0.468945637345314,0.41455987095832825,0.5233314037322998
YNL006W,val,True,True,0.7160155177116394,0.841520118713379,0.747345507144928,0.7540181279182434,1.3001768589019775,0.8300950527191162,0.5759650468826294,0.9695017635822296,1.113561749458313,0.8254417777061462,0.47710517048835754,0.6685666441917419,0.28564369678497314,1.0750638842582703,1.1493479013442993,1.0007798671722412,0.9235775470733643,1.0399361848831177,0.8072189092636108
YNL007C,val,True,True,1.5182918310165405,0.6773748278617859,0.3668537735939026,0.9779937863349915,0.5966124534606934,0.5794950127601624,0.8659191131591797,0.9463738203048706,1.0644103288650513,0.8283373117446899,0.03277777135372162,0.3019588589668274,-0.23640331625938416,0.6012970209121704,0.6678971648216248,0.5346968770027161,0.47240103781223297,0.5720025897026062,0.37279948592185974
YNL008C,val,True,True,-0.054346714168787,0.6857055306434632,0.5330832004547119,0.5905707478523254,0.7136408686637878,0.9614483118057251,0.6297845244407654,0.6675504595041275,0.867111325263977,0.46798959374427795,0.5213878750801086,0.5368018746376038,0.5059738755226135,0.8142625987529755,1.025390863418579,0.6031343340873718,0.6346511393785477,0.8286511301994324,0.44065114855766296
YNL009W,val,True,True,-0.5654477477073669,-0.08860732465982438,-0.09500285238027573,-0.3993094861507416,0.09183871746063232,-0.1230764240026474,0.08251342177391052,0.3752179890871048,0.6029956936836243,0.14744028449058533,-0.10437680780887604,-0.4502350389957428,0.24148142337799072,-0.1988098844885826,-0.2251497209072113,-0.17247004806995392,-0.07066593691706657,0.07271648198366165,-0.2140483558177948
YNL010W,val,True,True,0.19420987367630005,0.870842008292675,0.06943001598119736,0.8428366780281067,1.7324285507202148,0.3859531283378601,1.323561668395996,0.7807906568050385,0.8191627860069275,0.7424185276031494,0.6646463721990585,0.8508891463279724,0.47840359807014465,0.2888953350484371,0.0022055432200431824,0.575585126876831,0.9947067201137543,0.5808131098747253,1.4086003303527832
YNL011C,val,True,True,-0.5837332606315613,0.6084568738937378,0.42441391944885254,0.8298224210739136,0.7225635647773743,0.4114190936088562,0.6540653705596924,0.44204115867614746,0.640001118183136,0.24408119916915894,1.4065693020820618,1.3579217195510864,1.455216884613037,0.45249272882938385,0.3886588513851166,0.5163266062736511,0.8378732204437256,0.7894439697265625,0.8863024711608887
YNL012W,val,False,True,-1.4094219207763672,-1.1559535622596742,-1.4248119592666626,-1.2599456310272217,-0.934853732585907,-1.5441361665725708,-0.6160203218460083,-0.8470252752304077,-0.9293035864830017,-0.7647469639778137,-0.4894459396600723,-0.34602299332618713,-0.6328688859939575,-1.1494715511798859,-1.5299087762832642,-0.7690343260765076,-0.9553789496421814,-1.1745225191116333,-0.7362353801727295
YNL013C,val,False,False,-2.011209011077881,-1.6900187492370606,-1.9927663803100586,-1.7733657360076904,-1.802161455154419,-1.784328579902649,-1.0974715948104858,-1.1415010690689087,-1.0670831203460693,-1.215919017791748,-1.6473854780197144,-1.9598549604415894,-1.3349159955978394,-1.8090996742248535,-1.8633887767791748,-1.7548105716705322,-1.9123765230178833,-1.8987330198287964,-1.9260200262069702
YNL014W,val,True,True,-0.8538224697113037,-0.6693421959877014,-0.823179304599762,-0.6173298358917236,-0.17022645473480225,-1.3203867673873901,-0.4155886173248291,-0.3139776885509491,-0.27063867449760437,-0.3573167026042938,-1.7454261183738708,-1.3268829584121704,-2.1639692783355713,-1.1011930406093597,-1.2425857782363892,-0.9598003029823303,-1.3928582668304443,-1.4141138792037964,-1.3716026544570923
YNL015W,val,True,True,1.136850357055664,1.1224493622779845,1.24420964717865,0.6431636214256287,1.2371975183486938,1.8097535371780396,0.6779224872589111,0.6965266466140747,0.7672951817512512,0.6257581114768982,0.21995140612125397,0.3216721713542938,0.11823064088821411,0.7496631443500519,1.2108632326126099,0.2884630560874939,1.081809401512146,1.1821712255477905,0.9814475774765015
YNL016W,val,True,True,1.3561537265777588,0.7705532670021057,0.7963621020317078,0.5204711556434631,0.8954749703407288,0.7485966682434082,0.8918614387512207,0.5484212636947632,0.547868549823761,0.5489739775657654,0.4392515867948532,-0.15243986248970032,1.0309430360794067,1.0805628895759583,1.07414972782135,1.0869760513305664,0.8386380970478058,0.7996520400047302,0.8776241540908813
YNL017C,val,False,False,-1.7666864395141602,-1.190554714202881,-0.27736616134643555,-1.4661169052124023,-1.7916123867034912,-1.4567402601242065,-0.9609378576278687,-1.1415010690689087,-1.0670831203460693,-1.215919017791748,-0.18497975170612335,0.19581881165504456,-0.5657783150672913,-0.647531159222126,-0.07520534098148346,-1.2198569774627686,-1.3650642931461334,-0.8352189660072327,-1.8949096202850342
YNL018C,val,True,True,-1.7274969816207886,-1.1633181929588319,-1.3645856380462646,-0.5964473485946655,-1.5193334817886353,-0.8082501292228699,-1.5279743671417236,-1.0397118031978607,-1.2716599702835083,-0.8077636361122131,-0.9874790757894516,-2.0778276920318604,0.10286954045295715,-1.2424649596214294,-1.6611828804016113,-0.8237470388412476,-0.960741713643074,-1.5693981647491455,-0.35208526253700256
YNL019C,val,False,False,-1.8565279245376587,-0.8749289125204086,-1.3362716436386108,-0.6641289591789246,-0.15041925013065338,-0.16143867373466492,-2.0623860359191895,-1.1415010690689087,-1.0670831203460693,-1.215919017791748,-0.036580175161361694,-0.02765645831823349,-0.0455038920044899,-0.8335943818092346,-0.895088791847229,-0.7720999717712402,-1.5515709519386292,-1.9499236345291138,-1.1532182693481445
YNL020C,val,True,True,0.040595393627882004,0.6309121906757355,0.1404893398284912,0.26430878043174744,1.6720564365386963,0.5394185781478882,0.5382878184318542,0.4827682375907898,0.5283227562904358,0.4372137188911438,0.12817338854074478,0.348827987909317,-0.09248121082782745,0.6932314932346344,0.7222949862480164,0.6641680002212524,0.14042825251817703,0.30885475873947144,-0.02799825370311737
YNL021W,val,False,True,0.32697996497154236,-0.14047216773033142,0.5606300234794617,-0.37680572271347046,-0.12392327189445496,-0.2983121871948242,-0.46394968032836914,0.12796769104897976,-0.022555846720933914,0.27849122881889343,0.48473013937473297,0.5093978047370911,0.4600624740123749,-0.3627569377422333,-0.06494301557540894,-0.6605708599090576,0.01032499223947525,0.09906426072120667,-0.07841427624225616
YNL022C,val,True,True,0.34461095929145813,-0.03531061343383044,0.14044365286827087,0.1432591676712036,-0.0008042271947488189,-0.2193317711353302,-0.24011988937854767,0.3727278560400009,0.3937632739543915,0.35169243812561035,0.04142560064792633,-0.21351876854896545,0.2963699698448181,-0.13553160429000854,-0.20379957556724548,-0.0672636330127716,-0.11244133859872818,-0.05818486213684082,-0.16669781506061554
YNL023C,val,True,True,-0.11045503616333008,0.15700534097850322,0.42531588673591614,0.01974508911371231,0.19474218785762787,0.029391048476099968,0.11583249270915985,0.5597774088382721,0.5651090145111084,0.5544458031654358,-0.04097697138786316,0.13271361589431763,-0.21466755867004395,0.2918621301651001,0.2785875201225281,0.3051367402076721,0.545080378651619,0.28647759556770325,0.8036831617355347
YNL024C,val,True,True,-0.6224712133407593,0.1217542052268982,0.42990872263908386,-0.17102769017219543,-0.3887854218482971,0.46773576736450195,0.2709396481513977,0.1380133479833603,0.48556166887283325,-0.20953497290611267,0.421096071600914,0.576350748538971,0.26584139466285706,0.27062954753637314,0.6130786538124084,-0.07181955873966217,0.3160952627658844,0.4164068400859833,0.21578368544578552
YNL024C-A,val,True,True,0.6050536036491394,0.7625140070915222,0.8779429793357849,0.8415248394012451,0.9206605553627014,0.5579052567481995,0.6145364046096802,0.5053257793188095,0.6745502352714539,0.33610132336616516,0.33454729616642,0.44696757197380066,0.2221270203590393,1.0132886171340942,0.9879156351089478,1.0386615991592407,0.7001970410346985,0.6158624887466431,0.7845315933227539
YNL025C,val,True,True,0.03835966810584068,0.8990903258323669,1.438297986984253,0.6853700876235962,1.2224715948104858,0.5921692252159119,0.5571427345275879,0.6668529510498047,0.7198227643966675,0.6138831377029419,0.43156352639198303,0.20607036352157593,0.6570566892623901,1.0030277967453003,1.2784925699234009,0.7275630235671997,0.8336849957704544,0.4538935720920563,1.2134764194488525
YNL026W,val,False,True,0.4478961229324341,0.2266834918409586,0.646454393863678,0.04309467971324921,0.3496290445327759,-0.0011594127863645554,0.09539875388145447,0.35520386695861816,0.35507065057754517,0.35533708333969116,0.4872581362724304,0.7999401688575745,0.17457610368728638,0.5152460336685181,0.7528461813926697,0.27764588594436646,0.14393379539251328,0.11447818577289581,0.17338940501213074
YNL027W,val,True,True,0.5223512649536133,0.21481096521019935,1.0237312316894531,-0.021176517009735107,0.18475115299224854,-0.09303762763738632,-0.02021341398358345,-0.027057841420173645,-0.41341617703437805,0.35930049419403076,0.7582734525203705,0.7119670510292053,0.8045798540115356,-0.053770845755934715,-0.08059491217136383,-0.0269467793405056,0.505835048854351,0.20809875428676605,0.803571343421936
YNL028W,val,False,False,-1.8227514028549194,-1.561275601387024,-1.1863970756530762,-1.7455649375915527,-1.9961435794830322,-1.7272974252700806,-1.150974988937378,-1.1415010690689087,-1.0670831203460693,-1.215919017791748,-0.3405002858489752,-0.7209112048149109,0.039910633116960526,-1.7716193795204163,-1.8614555597305298,-1.6817831993103027,-1.4939854741096497,-2.0198616981506348,-0.9681092500686646
YNL029C,val,True,True,-0.07376231998205185,-0.4232269965112209,-0.7706246376037598,-0.021542035043239594,-1.560446858406067,0.26369836926460266,-0.027219820767641068,0.10754244960844517,0.03893493488430977,0.17614996433258057,-0.2712355703115463,-0.19735363125801086,-0.3451175093650818,0.1499316357076168,0.00011073797941207886,0.29975253343582153,0.21282021701335907,0.5179534554481506,-0.0923130214214325
YNL030W,val,False,True,2.047914505004883,0.9081769585609436,0.9378783106803894,1.3426105976104736,1.3272024393081665,0.31898272037506104,0.6142107248306274,0.8735587894916534,0.9659264087677002,0.7811911702156067,0.5194887220859528,0.5010782480239868,0.5378991961479187,1.1895915269851685,1.1319113969802856,1.2472716569900513,1.2765746712684631,1.3209468126296997,1.2322025299072266
YNL031C,val,True,True,2.6965103149414062,1.1229084610939026,1.3349288702011108,1.5470912456512451,1.21787428855896,0.6090354323387146,0.9056124687194824,0.8878565430641174,1.0669639110565186,0.7087491750717163,1.185992181301117,1.1391937732696533,1.2327905893325806,1.6338056325912476,1.952165126800537,1.315446138381958,1.2087772488594055,1.3410052061080933,1.0765492916107178
YNL032W,val,False,True,0.9412086009979248,0.245770463347435,0.21359556913375854,0.19088301062583923,0.44034162163734436,0.18980243802070618,0.19422967731952667,-0.007219322025775909,0.24376697838306427,-0.2582056224346161,0.2944483608007431,0.35816770792007446,0.23072901368141174,0.24340783059597015,0.13843736052513123,0.3483783006668091,0.29433823376893997,0.16797219216823578,0.42070427536964417
YNL033W,val,False,False,-1.5681309700012207,-0.9196736216545105,-1.2060765027999878,-0.4203234910964966,-0.5943208336830139,-0.3133162260055542,-2.0643310546875,-1.1415010690689087,-1.0670831203460693,-1.215919017791748,-0.18593120574951172,-0.30700093507766724,-0.0648614764213562,-0.5850822925567627,-0.7132805585861206,-0.4568840265274048,-1.2415406107902527,-1.8551169633865356,-0.6279642581939697
YNL034W,val,True,True,-1.8289538621902466,-2.111237096786499,-2.276360034942627,-1.9707064628601074,-2.4572854042053223,-2.073267936706543,-1.7785656452178955,-1.8542466163635254,-1.6254701614379883,-2.0830230712890625,-1.3383775055408478,-2.1243178844451904,-0.5524371266365051,-1.5331095457077026,-1.7689714431762695,-1.2972476482391357,-2.1076207756996155,-2.313692569732666,-1.901548981666565
YNL035C,val,True,True,0.20346978306770325,-0.4000341922044754,-0.719759464263916,-0.03792083263397217,-0.4970136284828186,-0.5983766913414001,-0.14710034430027008,0.0692523643374443,-0.1951005905866623,0.3336053192615509,-0.1477048695087433,0.024357229471206665,-0.31976696848869324,-0.845243513584137,-1.1958608627319336,-0.49462616443634033,-0.9879982471466064,-1.0168594121932983,-0.9591370820999146
YNL036W,val,True,True,1.2369041442871094,0.4877825498580933,0.17842334508895874,0.480407178401947,0.6912185549736023,0.3834017515182495,0.7054619193077087,0.5402249991893768,0.6442367434501648,0.43621325492858887,-0.4954024404287338,-1.2461410760879517,0.255336195230484,0.4438392072916031,0.26746323704719543,0.6202151775360107,0.10911579430103302,-0.23770403861999512,0.45593562722206116
YNL037C,val,True,True,1.1436055898666382,-0.10453206300735474,-0.7080898880958557,-0.5922304391860962,0.3683234453201294,0.09703025221824646,0.31230631470680237,0.9214756786823273,1.0556120872497559,0.7873392701148987,-0.759939281269908,-1.5740810632705688,0.054202500730752945,0.36930514872074127,0.29464641213417053,0.443963885307312,0.27811160311102867,0.5635524392127991,-0.00732923299074173
YNL038W,val,True,True,0.5359451174736023,0.11625586748123169,0.0033172592520713806,-0.11273989826440811,0.3482687771320343,0.23384320735931396,0.10858999192714691,0.39114388823509216,0.4159463047981262,0.3663414716720581,-0.9126733243465424,-0.8784105777740479,-0.9469360709190369,0.1866611260920763,0.3544016182422638,0.01892063394188881,0.23123808205127716,0.20123225450515747,0.26124390959739685
YNL039W,val,False,False,0.6539257764816284,-1.4439465641975402,-1.2584974765777588,-1.7651886940002441,-0.9363328814506531,-1.7474042177200317,-1.5123095512390137,-1.1415010690689087,-1.0670831203460693,-1.215919017791748,0.7759168595075607,1.0548783540725708,0.49695536494255066,-1.1681959331035614,-0.6915519833564758,-1.644839882850647,-1.5441899299621582,-1.3715535402297974,-1.716826319694519
YNL040W,val,True,False,-0.01833152584731579,-1.0958090424537659,-1.262481451034546,-1.4395060539245605,-0.8568363189697266,-0.6796684861183167,-1.2405529022216797,-1.1415010690689087,-1.0670831203460693,-1.215919017791748,0.23199856281280518,0.15718308091163635,0.306814044713974,-1.266745388507843,-1.3992964029312134,-1.1341943740844727,-1.2972926497459412,-1.7155967950820923,-0.87898850440979
YNL041C,val,True,True,0.6214338541030884,0.6471626043319703,1.0801405906677246,0.26759859919548035,1.0483169555664062,0.3961229622364044,0.44363391399383545,0.4247709959745407,0.4501190185546875,0.3994229733943939,1.3407459259033203,1.6705659627914429,1.0109258890151978,0.9221131205558777,1.1119548082351685,0.7322714328765869,0.47972624003887177,0.3454607427120209,0.6139917373657227
YNL042W,val,True,True,0.4089664816856384,-0.6393809676170349,-0.8177894949913025,-0.7104179859161377,-0.4631737470626831,-0.5156828761100769,-0.6898407340049744,-0.12064130418002605,-0.06119462475180626,-0.18008798360824585,-0.8688606321811676,-0.3942562937736511,-1.343464970588684,-0.9112868010997772,-0.9616541266441345,-0.8609194755554199,-0.7631472274661064,-1.4295501708984375,-0.09674428403377533
YNL042W-B,val,True,True,-1.3560808897018433,-0.0840383842587471,-0.06332464516162872,0.021973595023155212,-0.3022325336933136,0.0652359202504158,-0.1418442577123642,-0.21284864097833633,0.18460963666439056,-0.6103069186210632,0.10462386906147003,-0.19513371586799622,0.4043814539909363,0.23988215625286102,0.14406096935272217,0.3357033431529999,-0.26775992289185524,-0.4943869411945343,-0.04113290458917618
YNL043C,val,False,False,-0.830163836479187,-1.0753614068031312,-1.91946542263031,-0.860295295715332,-1.1279950141906738,-0.23056858777999878,-1.2384827136993408,-1.1415010690689087,-1.0670831203460693,-1.215919017791748,-0.3529987931251526,-1.4378604888916016,0.7318629026412964,-0.8675250709056854,-1.17852783203125,-0.5565223097801208,-1.6652365922927856,-1.6910426616668701,-1.6394305229187012
YNL044W,val,True,True,1.607158899307251,0.7395445942878723,0.6822766065597534,0.288846492767334,1.1206735372543335,0.8322338461875916,0.7736924886703491,0.6263982653617859,0.738202691078186,0.5145938396453857,0.23323796689510345,0.27899813652038574,0.18747779726982117,0.5222015827894211,0.4497753083705902,0.594627857208252,0.7483005225658417,0.8015044331550598,0.6950966119766235
YNL045W,val,True,True,0.025444548577070236,-0.1459233894944191,0.08722247183322906,-0.001729138195514679,-0.1913609355688095,-0.3476290702819824,-0.27612027525901794,0.12222068570554256,-0.05341650918126106,0.2978578805923462,-0.7972651813179255,-1.6478898525238037,0.053359489887952805,-0.23276306688785553,-0.646771252155304,0.1812451183795929,-0.00268511101603508,-0.12036571651697159,0.11499549448490143
YNL046W,val,True,True,0.14163082838058472,0.8044668078422547,1.1405245065689087,1.1027460098266602,0.9759790301322937,0.31879857182502747,0.4842859208583832,0.7934003174304962,1.0181410312652588,0.5686596035957336,0.2967638224363327,-0.20667675137519836,0.8002043962478638,0.8295288681983948,0.6245578527450562,1.0344998836517334,1.0672492384910583,1.2482556104660034,0.8862428665161133
YNL047C,val,True,True,0.49926868081092834,0.6275067329406738,0.5265921354293823,0.4994853138923645,0.9859217405319214,0.6187199354171753,0.5068145394325256,0.7491711974143982,0.7041545510292053,0.7941878437995911,-0.1470821499824524,-0.26907995343208313,-0.025084346532821655,0.4597720503807068,0.25466251373291016,0.6648815870285034,0.5956757664680481,0.6664913892745972,0.524860143661499
YNL048W,val,True,True,-0.08483710139989853,0.6269106805324555,0.5990585684776306,1.0148839950561523,0.7991373538970947,0.4112885296344757,0.31018495559692383,0.5983768403530121,0.5948629379272461,0.6018907427787781,0.6476300805807114,0.3098066747188568,0.9854534864425659,0.844062477350235,0.7059900164604187,0.9821349382400513,0.6821463108062744,0.6821614503860474,0.6821311712265015
YNL049C,val,True,True,0.24862146377563477,0.33363099582493305,0.3242507576942444,0.3571130633354187,0.7282585501670837,-0.0073930080980062485,0.2659256160259247,0.4464928060770035,0.512174665927887,0.38081094622612,-0.19850333034992218,-0.5313437581062317,0.13433709740638733,0.24218346178531647,0.27785274386405945,0.2065141797065735,0.3282163292169571,0.3758452236652374,0.28058743476867676
YNL050C,val,True,True,0.7491161823272705,0.4453951597213745,0.8804120421409607,0.3586115837097168,0.4257538914680481,0.15896236896514893,0.40323591232299805,0.3917972445487976,0.39671385288238525,0.38688063621520996,0.7202218919992447,1.0021840333938599,0.4382597506046295,0.582621693611145,0.627403199672699,0.5378401875495911,0.3840680196881294,0.2263493686914444,0.5417866706848145
YNL051W,val,True,False,0.14159834384918213,-0.6236903846263886,-0.24775364995002747,-0.759262204170227,-0.8509169220924377,-0.9352728128433228,-0.32524633407592773,-1.1415010690689087,-1.0670831203460693,-1.215919017791748,0.5691750049591064,0.8251422047615051,0.31320780515670776,-0.47285160422325134,-0.19938057661056519,-0.7463226318359375,-1.0136105120182037,-0.9185981154441833,-1.1086229085922241
YNL052W,val,True,True,0.9110888242721558,0.6347509622573853,0.6520552039146423,0.5410018563270569,0.9000753164291382,0.5952803492546082,0.4853420853614807,0.6203445941209793,0.21485641598701477,1.0258327722549438,0.2341151237487793,0.3605622351169586,0.10766801238059998,0.5089555084705353,0.8398284316062927,0.17808258533477783,0.5021626651287079,0.7287536859512329,0.27557164430618286
YNL053W,val,True,True,0.36885330080986023,0.4936681747436523,1.2580879926681519,0.4718809723854065,0.24827918410301208,0.18084624409675598,0.3092464804649353,0.5862476229667664,0.577061116695404,0.5954341292381287,-0.23127727210521698,-0.7265864014625549,0.26403185725212097,0.5638033151626587,0.584488570690155,0.5431180596351624,0.42729947715997696,0.19632942974567413,0.6582695245742798
YNL054W,val,True,True,0.6234725713729858,0.505521833896637,0.5058899521827698,0.33795344829559326,0.6320193409919739,0.5008192658424377,0.5509271621704102,0.5715777575969696,0.6233905553817749,0.5197649598121643,0.5412889271974564,0.633004367351532,0.44957348704338074,0.4215509220957756,0.6643999218940735,0.17870192229747772,0.5175130814313889,0.49862655997276306,0.5363996028900146
YNL055C,val,True,True,1.0045527219772339,0.6814694821834564,0.733841598033905,0.6892561912536621,1.110056757926941,0.6672717332839966,0.20692113041877747,0.4119342118501663,0.4467260241508484,0.37714239954948425,0.6449105441570282,0.5169082880020142,0.7729128003120422,0.9494878053665161,0.9976967573165894,0.9012788534164429,0.7491025030612946,0.6786666512489319,0.8195383548736572
YNL056W,val,True,True,0.46563124656677246,0.6211016714572907,0.4718034267425537,0.9470553994178772,1.2569856643676758,0.5827299952507019,-0.15306612849235535,0.9053634107112885,0.7925097346305847,1.0182170867919922,0.8481647372245789,1.1478742361068726,0.5484552383422852,0.6575507670640945,0.2781865894794464,1.0369149446487427,1.0770101249217987,0.598447859287262,1.5555723905563354
YNL057W,val,False,False,-1.3411636352539062,-1.3770930528640748,-0.39355194568634033,-1.8893563747406006,-1.1669435501098633,-1.823394536972046,-1.6122188568115234,-1.1415010690689087,-1.0670831203460693,-1.215919017791748,-0.015358362346887589,-0.010676678270101547,-0.02004004642367363,-1.235832929611206,-0.7931358814239502,-1.678529977798462,-1.4999979734420776,-1.3053971529006958,-1.6945987939834595
YNL058C,val,True,True,0.6128761768341064,0.04957864880561828,0.5284602046012878,0.03843128681182861,0.4095502495765686,0.3292218744754791,-1.0577703714370728,0.5614705085754395,0.7009784579277039,0.42196255922317505,-0.34130124747753143,-0.4629214107990265,-0.21968108415603638,-0.16986526548862457,0.14256194233894348,-0.4822924733161926,0.49735618755221367,-0.0852648988366127,1.07997727394104
YNL059C,val,True,True,0.5145392417907715,0.5437633693218231,0.39371299743652344,0.6054270267486572,1.1988816261291504,0.15480771660804749,0.36598747968673706,0.6404876112937927,0.7101495265960693,0.5708256959915161,0.5039405971765518,0.38065555691719055,0.6272256374359131,0.8797740936279297,0.6150538921356201,1.1444942951202393,0.5494607985019684,0.27855807542800903,0.8203635215759277
YNL061W,val,True,True,0.8718608617782593,0.6036537885665894,0.7112510204315186,0.21488571166992188,1.0632222890853882,0.5871315002441406,0.44177842140197754,0.6944063752889633,0.9112869501113892,0.4775258004665375,0.5198017805814743,0.9580129981040955,0.08159056305885315,0.6423179507255554,0.8553488254547119,0.4292870759963989,0.5655876696109772,0.5637949109077454,0.567380428314209
YNL062C,val,False,True,0.263689786195755,0.03978489190340042,0.05045592039823532,-0.6738438010215759,0.517789363861084,0.11130249500274658,0.19322048127651215,0.4961201399564743,0.649384081363678,0.34285619854927063,-0.5111271496862173,-0.984819769859314,-0.03743452951312065,0.026116792112588882,-0.0975465402007103,0.14978012442588806,0.5512498021125793,0.5617066621780396,0.5407929420471191
YNL063W,val,True,True,-0.16145411133766174,0.6361465431749821,0.00041483715176582336,0.6685239672660828,0.6435225605964661,1.1719948053359985,0.6962765455245972,0.5192620754241943,0.6546009182929993,0.3839232325553894,0.7170901149511337,0.9604228734970093,0.4737573564052582,0.7213787734508514,0.5321136713027954,0.9106438755989075,0.36086349189281464,0.5218826532363892,0.1998443305492401
YNL064C,val,True,True,1.442704677581787,0.59874147772789,0.29763346910476685,0.854101836681366,0.6340986490249634,0.3870374858379364,0.8208359479904175,0.6825594455003738,0.8897106051445007,0.47540828585624695,0.7714586853981018,0.6161389946937561,0.9267783761024475,0.856862336397171,0.68192058801651,1.031804084777832,0.6565103828907013,0.7441608309745789,0.5688599348068237
YNL065W,val,True,True,0.36550840735435486,0.27848382741212846,0.28433868288993835,0.17242436110973358,0.4200562834739685,0.1097949966788292,0.4058048129081726,0.6450665146112442,0.27543798089027405,1.0146950483322144,0.8063434362411499,0.7102587223052979,0.902428150177002,0.6504083871841431,0.8241378664970398,0.47667890787124634,0.3523391271010041,0.010424213483929634,0.6942540407180786
YNL066W,val,True,True,1.2121378183364868,0.6311530590057373,0.2904021739959717,0.2026141881942749,1.434248685836792,0.45321977138519287,0.7752804756164551,0.8629812151193619,1.2289701700210571,0.4969922602176666,0.359997034072876,0.4742078483104706,0.24578621983528137,0.4024125784635544,0.677018940448761,0.12780621647834778,0.7408206611871719,1.0189484357833862,0.46269288659095764
YNL067W,val,True,True,0.5490267276763916,0.7392826318740845,0.6593726873397827,0.32747572660446167,1.1907274723052979,1.0756571292877197,0.4431801438331604,0.7278983443975449,0.3444368541240692,1.1113598346710205,1.2249258160591125,1.1365230083465576,1.3133286237716675,0.3052133470773697,0.16396287083625793,0.44646382331848145,1.1735338121652603,0.48720887303352356,1.859858751296997
YNL067W-A,val,False,False,-1.4819650650024414,-1.2453168749809265,-1.6114025115966797,-1.3221728801727295,-0.8194714188575745,-1.200295329093933,-1.2732422351837158,-1.1415010690689087,-1.0670831203460693,-1.215919017791748,-0.09338941797614098,-0.168473482131958,-0.018305353820323944,-0.9478014707565308,-1.2313275337219238,-0.6642754077911377,-1.5750564932823181,-1.688835859298706,-1.4612771272659302
YNL067W-B,val,False,True,-1.7688977718353271,-0.04432429820299148,0.05996885150671005,-0.7162415385246277,0.36058953404426575,-0.10219040513038635,0.1762520670890808,-0.6109329238533974,0.11992232501506805,-1.3417881727218628,0.6840517520904541,0.7961956262588501,0.5719078779220581,-0.18020711839199066,-0.19851404428482056,-0.16190019249916077,0.10802843421697617,0.13907556235790253,0.0769813060760498
YNL068C,val,True,True,0.6730855703353882,0.10900738686323166,0.08051811158657074,-0.4499378800392151,0.29082828760147095,0.06042996793985367,0.563198447227478,0.31509270519018173,0.24950416386127472,0.38068124651908875,0.2912238836288452,0.4089643657207489,0.17348340153694153,0.14568506553769112,-0.008943639695644379,0.3003137707710266,0.23354970663785934,0.18771754205226898,0.2793818712234497
YNL069C,val,True,True,1.262910008430481,1.5359804153442382,1.2198154926300049,0.9082258939743042,2.0332119464874268,1.7096210718154907,1.8090276718139648,1.7002708315849304,1.8807039260864258,1.519837737083435,-0.6537095792591572,-1.2139958143234253,-0.09342334419488907,0.9130008816719055,1.044108271598816,0.7818934917449951,1.717832863330841,1.7315645217895508,1.7041012048721313
YNL070W,val,True,True,1.2316409349441528,0.7706018507480621,0.6883583664894104,0.9431269764900208,0.989854097366333,0.45062586665153503,0.7810439467430115,0.810648500919342,0.8419159650802612,0.7793810367584229,-0.20158535987138748,-0.2788863480091095,-0.12428437173366547,0.5178439915180206,0.5186356902122498,0.5170522928237915,1.0030832290649414,0.7011114358901978,1.305055022239685
YNL071W,val,True,True,0.2989213466644287,1.019193983078003,1.0450998544692993,0.8314937353134155,1.330338478088379,1.105633020401001,0.7834048271179199,0.7007648944854736,0.7186328768730164,0.6828969120979309,1.5640548467636108,1.7806702852249146,1.3474394083023071,1.32267564535141,1.2126535177230835,1.4326977729797363,0.7915184199810028,0.7610124945640564,0.8220243453979492
YNL072W,val,True,True,0.6809054017066956,0.18118976056575775,0.18949639797210693,-0.0858156830072403,0.3366008698940277,0.24423694610595703,0.22143027186393738,0.20110895484685898,0.21085916459560394,0.191358745098114,0.12766610085964203,-0.4320004880428314,0.6873326897621155,0.5078976899385452,0.27609333395957947,0.739702045917511,0.234202079474926,0.04335339367389679,0.4250507652759552
YNL073W,val,True,True,0.10813494771718979,0.35183281898498536,0.6807997226715088,0.7389608025550842,-0.19660089910030365,0.4722856879234314,0.063718780875206,-0.17768375016748905,-0.3778233230113983,0.022455822676420212,1.1553773283958435,1.2168525457382202,1.0939021110534668,0.9674188494682312,1.0240440368652344,0.910793662071228,0.4820994883775711,0.4075808823108673,0.5566180944442749
YNL074C,val,True,True,0.921829342842102,0.09593644738197327,0.572484016418457,0.13036391139030457,-0.8887887597084045,0.404806911945343,0.26081615686416626,0.27271134592592716,0.048076022416353226,0.4973466694355011,-0.30497485399246216,-1.1125906705856323,0.502640962600708,0.17345350980758667,0.12805107235908508,0.21885594725608826,-0.20621681958436966,-0.4330204129219055,0.0205867737531662
YNL075W,val,True,True,0.5722052454948425,0.23028628826141356,0.1850113868713379,0.20371881127357483,0.5460541248321533,-0.10038813948631287,0.3170352578163147,0.49632076919078827,0.5743213295936584,0.4183202087879181,0.3108408860862255,-0.005939580500125885,0.6276213526725769,0.746860533952713,0.5333556532859802,0.9603654146194458,0.25653448700904846,0.38291412591934204,0.13015484809875488
YNL076W,val,True,True,0.7554479241371155,0.3585712820291519,0.424910306930542,0.026597917079925537,0.705398678779602,0.5017218589782715,0.13422764837741852,0.4287192076444626,0.4793005585670471,0.37813785672187805,0.8833772242069244,0.8585702776908875,0.9081841707229614,0.5463090389966965,0.4760046899318695,0.6166133880615234,0.37462741881608963,0.6051074862480164,0.1441473513841629
YNL077W,val,True,True,0.09056374430656433,0.7987458825111389,0.7984343767166138,0.5246455073356628,1.4916009902954102,0.43369656801223755,0.7453519701957703,1.0685621798038483,1.1831610202789307,0.9539633393287659,0.48148809373378754,0.46059539914131165,0.5023807883262634,0.5540810972452164,0.3562227785587311,0.7519394159317017,0.6696670353412628,0.6447775959968567,0.694556474685669
YNL078W,val,True,True,1.1676056385040283,1.030358076095581,1.4828757047653198,0.5427600145339966,1.0796809196472168,1.4359424114227295,0.6105313301086426,0.8717664778232574,0.845059335231781,0.8984736204147339,0.4688510447740555,0.582129955291748,0.3555721342563629,0.8759577572345734,0.9202925562858582,0.8316229581832886,1.05922532081604,1.0818120241165161,1.036638617515564
YNL079C,val,True,True,1.5543166399002075,1.3118084788322448,0.715283989906311,1.3256652355194092,2.2686867713928223,1.3301067352294922,0.9192996621131897,0.92930868268013,1.1151504516601562,0.7434669137001038,1.0206932127475739,0.9821650385856628,1.0592213869094849,1.3642114996910095,1.3424662351608276,1.3859567642211914,1.7180246710777283,1.1583069562911987,2.277742385864258
YNL080C,val,False,True,0.8260557055473328,0.5094151616096496,0.6846303343772888,0.375252902507782,0.6854429841041565,0.34668928384780884,0.45506030321121216,0.5832795053720474,0.774496853351593,0.39206215739250183,0.5047589987516403,0.3692168891429901,0.6403011083602905,0.6412518918514252,0.5306217074394226,0.7518820762634277,0.5902605056762695,0.791959285736084,0.3885617256164551
YNL081C,val,True,True,1.3074750900268555,0.7687880754470825,0.5850409865379333,0.8369415402412415,0.961726725101471,0.9691192507743835,0.4911118745803833,0.7388952076435089,0.8112266063690186,0.6665638089179993,0.45189516246318817,0.5629439949989319,0.34084632992744446,1.011589527130127,0.7449581623077393,1.2782208919525146,0.9905851483345032,0.8227252960205078,1.1584450006484985
YNL082W,val,True,True,-0.2570878565311432,0.19187695384025574,0.20222562551498413,0.29631128907203674,0.2783603072166443,-0.1292095184326172,0.3116970658302307,0.3813750743865967,0.36682966351509094,0.3959204852581024,-0.6489284783601761,-0.2801474630832672,-1.017709493637085,0.48242253065109253,0.4655727744102478,0.49927228689193726,0.30860573053359985,0.37628427147865295,0.24092718958854675
YNL083W,val,True,True,0.05504240840673447,0.6782747983932496,0.4969012141227722,0.635067880153656,1.0980780124664307,0.7622950673103333,0.3990318179130554,0.5121724456548691,0.5630131363868713,0.4613317549228668,0.3777340203523636,0.3880898058414459,0.36737823486328125,0.9166209101676941,0.8830279111862183,0.9502139091491699,0.44576482474803925,0.33653363585472107,0.5549960136413574
YNL084C,val,True,True,0.6095587611198425,0.46957031488418577,0.37596553564071655,0.38668712973594666,0.6973859667778015,0.4294942319393158,0.45831871032714844,0.5975993573665619,0.6611002087593079,0.5340985059738159,-0.1459457203745842,-0.440993994474411,0.14910255372524261,0.46599180996418,0.6074344515800476,0.3245491683483124,0.5503134280443192,0.6037557721138,0.49687108397483826
YNL085W,val,True,True,0.3905082941055298,0.6083724141120911,0.4658297896385193,0.5940732955932617,0.8373650312423706,0.7105895280838013,0.43400442600250244,0.5058822631835938,0.4813928008079529,0.5303717255592346,0.9469185173511505,1.3204549551010132,0.5733820796012878,0.7258708477020264,0.5680655241012573,0.8836761713027954,0.46877075731754303,0.39656713604927063,0.5409743785858154
YNL086W,val,True,True,0.06431738287210464,0.006145142018795013,-0.004782639443874359,0.019226953387260437,0.10893861949443817,-0.23399555683135986,0.14133833348751068,0.2887289747595787,0.21553365886211395,0.36192429065704346,0.37610000744462013,0.03300727158784866,0.7191927433013916,-0.07500464841723442,-0.004301510751247406,-0.14570778608322144,0.2375655472278595,0.08222886919975281,0.3929022252559662
YNL087W,val,True,True,0.2273663580417633,0.12651043720543384,0.12752032279968262,0.49930447340011597,-0.21478042006492615,0.008618587628006935,0.21188922226428986,0.41255591809749603,0.4315858483314514,0.39352598786354065,-0.02978658676147461,-0.6824038028717041,0.6228306293487549,0.4434461258351803,0.10887544602155685,0.7780168056488037,0.2569500058889389,0.2561563551425934,0.2577436566352844
YNL088W,val,True,True,0.20635782182216644,0.16756210774183272,-0.019069261848926544,-0.0007221698760986328,0.4499265253543854,-0.08745604753494263,0.4951314926147461,0.3758655786514282,0.4310898184776306,0.32064133882522583,0.5550450533628464,0.4728523790836334,0.6372377276420593,0.23698396980762482,0.30074867606163025,0.17321926355361938,0.32836486399173737,0.36946865916252136,0.28726106882095337
YNL089C,val,False,False,-1.59152090549469,-1.426223623752594,-1.2350062131881714,-1.9425671100616455,-0.9631868004798889,-1.1612657308578491,-1.829092264175415,-1.1415010690689087,-1.0670831203460693,-1.215919017791748,-0.5402972176671028,-0.9994757771492004,-0.08111865818500519,-1.5360409617424011,-1.21514093875885,-1.8569409847259521,-1.9072874784469604,-1.9280670881271362,-1.8865078687667847
YNL090W,val,True,True,1.1478513479232788,0.6162073075771332,0.5248314142227173,0.5830541253089905,1.1710363626480103,0.5322023034095764,0.26991233229637146,0.5839440822601318,0.6132864952087402,0.5546016693115234,0.6198693662881851,0.8425431251525879,0.39719560742378235,0.5819326043128967,0.40992438793182373,0.7539408206939697,0.3833598494529724,0.26600873470306396,0.5007109642028809
YNL091W,val,True,True,0.8878450393676758,0.7745876789093018,0.9113591313362122,0.5581787824630737,0.8372780680656433,1.0714915990829468,0.4946308135986328,0.41472896933555603,0.488524854183197,0.34093308448791504,0.38410230726003647,0.8649858832359314,-0.09678126871585846,0.9145607352256775,1.1953606605529785,0.6337608098983765,0.7386110126972198,0.7388703227043152,0.7383517026901245
YNL092W,val,True,True,-0.45936596393585205,0.3066409856081009,0.2764546573162079,0.6342495679855347,0.42458823323249817,0.31301426887512207,-0.11510179936885834,0.5365213304758072,0.7860777974128723,0.28696486353874207,-0.32054442912340164,-0.8456956744194031,0.2046068161725998,0.16914599761366844,0.08561655133962631,0.25267544388771057,0.5985426008701324,0.6563437581062317,0.5407414436340332
YNL093W,val,True,True,-1.1014119386672974,-0.13907187283039094,-0.47340598702430725,-0.40194451808929443,0.2701599895954132,-0.3168526291847229,0.22668378055095673,-0.3732328489422798,-0.126832976937294,-0.6196327209472656,0.27114810049533844,0.1791067123413086,0.3631894886493683,-0.45084093511104584,-0.3690483272075653,-0.5326335430145264,-0.6601098105311394,-1.1439439058303833,-0.17627571523189545
YNL094W,val,True,True,0.43217915296554565,0.31702067255973815,0.4066697955131531,0.1404404640197754,0.43959999084472656,0.20555230975151062,0.39284080266952515,0.04862681031227112,-0.13001587986946106,0.2272695004940033,0.8129881173372269,1.2737736701965332,0.35220256447792053,0.8052718937397003,0.8930602669715881,0.7174835205078125,0.061931759119033813,-0.11482885479927063,0.23869237303733826
YNL095C,val,True,True,-0.3752778172492981,0.08193507939577102,0.10920652002096176,0.03637801110744476,0.3390114903450012,-0.44395554065704346,0.36903491616249084,0.5610145777463913,0.681270182132721,0.44075897336006165,0.11883492022752762,0.34273120760917664,-0.1050613671541214,0.36772236227989197,0.44947415590286255,0.2859705686569214,0.15112057328224182,0.15554110705852509,0.14670003950595856
YNL096C,val,True,True,1.1574946641921997,1.6938164949417114,1.5588699579238892,1.8849360942840576,1.9814488887786865,1.4060781002044678,1.637749433517456,1.5479479432106018,1.6385849714279175,1.4573109149932861,0.18630313873291016,-0.18199455738067627,0.5546008348464966,1.37295264005661,1.3163901567459106,1.4295151233673096,1.6086233854293823,1.5471659898757935,1.6700807809829712
YNL097C,val,True,True,0.8346375823020935,0.7786905646324158,0.9113577008247375,0.7858806252479553,0.9353234767913818,0.6674715876579285,0.5934194326400757,0.5569776743650436,0.6873245239257812,0.42663082480430603,1.0642454028129578,1.0232611894607544,1.1052296161651611,0.9094890654087067,0.724678099155426,1.0943000316619873,0.6910774111747742,0.5712791681289673,0.810875654220581
YNL097C-B,val,False,True,-0.026914997026324272,0.5006946384906769,0.421787828207016,0.8512540459632874,0.5487339496612549,0.4066685438156128,0.2750288248062134,0.6248234212398529,0.5720698237419128,0.677577018737793,0.973404049873352,1.0777099132537842,0.8690981864929199,0.5772919058799744,0.6584304571151733,0.4961533546447754,0.8968141973018646,0.8869919180870056,0.9066364765167236
YNL097W-A,val,False,False,-0.08521169424057007,-2.120869207382202,-2.2160942554473877,-2.1990323066711426,-2.2649734020233154,-1.8987798690795898,-2.025466203689575,-1.1415010690689087,-1.0670831203460693,-1.215919017791748,-1.924125850200653,-1.5572456121444702,-2.291006088256836,-2.185538172721863,-2.2622909545898438,-2.108785390853882,-2.2203439474105835,-2.4837307929992676,-1.9569571018218994
YNL098C,val,True,True,1.2700225114822388,0.8088838219642639,0.8481329679489136,1.060068130493164,0.8509470820426941,0.7445210218429565,0.5407499074935913,0.994703859090805,0.866566002368927,1.122841715812683,0.9362042844295502,1.3604915142059326,0.5119170546531677,0.7816902995109558,0.9655272960662842,0.5978533029556274,1.3156525492668152,1.7274366617202759,0.9038684368133545
YNL099C,val,True,True,0.7393008470535278,0.3262569710612297,0.017154507339000702,0.43976956605911255,0.5168871283531189,0.3341211974620819,0.3233524560928345,0.28537166118621826,0.20738360285758972,0.3633597195148468,-0.13916530087590218,-0.2776733338832855,-0.0006572678685188293,0.31558747217059135,0.0770050510764122,0.5541698932647705,0.5968397855758667,0.5596771240234375,0.6340024471282959
YNL100W,val,True,True,0.3961368501186371,0.3340859651565552,0.3836888074874878,-0.010890543460845947,0.4482543170452118,0.5661603808403015,0.2832168638706207,0.4844280481338501,0.6224492192268372,0.34640687704086304,0.40649932622909546,0.46815070509910583,0.3448479473590851,0.16638195887207985,0.11335504800081253,0.21940886974334717,0.26373398303985596,0.253117173910141,0.2743507921695709
YNL101W,val,True,True,-0.038440097123384476,0.47099809944629667,0.8177013993263245,0.4592247009277344,0.7089198231697083,0.23399049043655396,0.13515408337116241,0.476386234164238,0.5942258238792419,0.358546644449234,0.31934042274951935,0.16060250997543335,0.47807833552360535,0.2894172742962837,0.00674988329410553,0.5720846652984619,0.020662590861320496,-0.40489280223846436,0.44621798396110535
YNL102W,val,True,True,0.026677118614315987,0.21828300803899764,0.2458818554878235,-0.0008293837308883667,0.6785340309143066,0.07305854558944702,0.09476999193429947,0.2341686636209488,0.2782006859779358,0.1901366412639618,0.6890286207199097,1.009702205657959,0.36835503578186035,0.24604249745607376,0.37732642889022827,0.11475856602191925,0.016156919300556183,0.2455313354730606,-0.21321749687194824
YNL103W,val,True,True,1.0904866456985474,0.6816583156585694,0.7148742079734802,0.7566264271736145,1.0803546905517578,-0.06351727247238159,0.9199535250663757,0.6150048673152924,0.48640871047973633,0.7436010241508484,0.3514009974896908,0.07124876230955124,0.6315532326698303,0.7675292491912842,0.7343593239784241,0.8006991744041443,0.47180839627981186,0.059268519282341,0.8843482732772827
YNL103W-A,val,False,False,-1.8047124147415161,-1.4015557527542115,-1.4058550596237183,-1.5784733295440674,-1.1779122352600098,-1.2089245319366455,-1.6366136074066162,-1.1415010690689087,-1.0670831203460693,-1.215919017791748,0.23293540626764297,0.39547744393348694,0.07039336860179901,-1.574713110923767,-1.3662070035934448,-1.7832192182540894,-1.8234261274337769,-1.9157720804214478,-1.731080174446106
YNL104C,val,False,True,0.5488005876541138,0.966698044538498,0.7561147809028625,0.9594810605049133,1.750223159790039,0.3924883306026459,0.9751828908920288,0.927217423915863,0.9886767268180847,0.8657581210136414,0.14771508798003197,0.2867055833339691,0.008724592626094818,0.8466720581054688,0.6008658409118652,1.0924782752990723,0.8284816443920135,0.6219610571861267,1.0350022315979004
YNL105W,val,False,False,-2.088510751724243,-1.9645946979522706,-2.1080098152160645,-1.9296600818634033,-2.0772387981414795,-1.8045153617858887,-1.9035494327545166,-1.1415010690689087,-1.0670831203460693,-1.215919017791748,-1.5415388345718384,-1.6391500234603882,-1.4439276456832886,-1.9106305241584778,-1.7584751844406128,-2.0627858638763428,-1.9000554084777832,-1.907236933708191,-1.8928738832473755
YNL106C,val,True,True,-0.06440805643796921,0.1969593963585794,0.34302347898483276,0.3493024408817291,-0.006560970563441515,0.11411488056182861,0.184917151927948,0.4155014604330063,0.5696585178375244,0.26134440302848816,0.40034817159175873,0.5139743089675903,0.2867220342159271,0.26280852034687996,-0.02083953469991684,0.5464565753936768,0.2554823085665703,0.20870031416416168,0.3022643029689789
YNL107W,val,True,True,0.40655961632728577,0.6404707372188568,0.7603760957717896,0.7665334343910217,0.9056385159492493,0.40031948685646057,0.36948615312576294,0.5288194566965103,0.6267708539962769,0.4308680593967438,0.2567978911101818,-0.08924166113138199,0.6028374433517456,0.534761592745781,0.4235897958278656,0.6459333896636963,0.4837125390768051,0.3853622376918793,0.582062840461731
YNL108C,val,True,True,0.2613501250743866,0.2579429119825363,0.4975636601448059,-0.0756591260433197,0.37912529706954956,0.16396506130695343,0.3247196674346924,0.4992120712995529,0.6759781837463379,0.32244595885276794,0.1777804270386696,0.24200889468193054,0.11355195939540863,0.2618099246174097,0.47737768292427063,0.04624216631054878,0.09171158820390701,0.19681081175804138,-0.013387635350227356
YNL109W,val,False,False,-1.8193528652191162,-1.3231982588768005,-1.690685510635376,-1.0638198852539062,-0.5817998051643372,-1.285831093788147,-1.9938549995422363,-1.1415010690689087,-1.0670831203460693,-1.215919017791748,-0.006923764944076538,-0.32940664887428284,0.31555911898612976,-1.3017269372940063,-1.7837820053100586,-0.8196718692779541,-0.6705361008644104,-1.136328935623169,-0.20474326610565186
YNL110C,val,True,True,1.172208547592163,0.846589183807373,0.6386608481407166,0.7764464020729065,1.3531663417816162,1.026208519935608,0.43846380710601807,0.5406913757324219,0.573082685470581,0.5083000659942627,0.8634048998355865,0.7259113192558289,1.0008984804153442,1.2411335110664368,1.0291576385498047,1.4531093835830688,0.6817352175712585,0.41070854663848877,0.9527618885040283
YNL111C,val,True,True,0.392486572265625,0.6373294591903687,0.3004041910171509,0.46694058179855347,0.9880775213241577,0.5824961066246033,0.8487288951873779,0.780476912856102,1.0765626430511475,0.4843911826610565,-0.0028872042894363403,-0.15264081954956055,0.14686641097068787,0.8993776738643646,1.1188191175460815,0.6799362301826477,0.4906029850244522,0.7558064460754395,0.22539952397346497
YNL112W,val,True,True,0.6211404204368591,0.8238479971885682,0.513423502445221,0.9208332300186157,1.0958189964294434,0.7774868011474609,0.8116774559020996,0.8192941844463348,0.9334904551506042,0.7050979137420654,0.6888894736766815,0.5137966871261597,0.8639822602272034,1.041795700788498,0.7630862593650818,1.320505142211914,0.9394696950912476,0.6472238302230835,1.2317155599594116
YNL113W,val,True,True,1.50784170627594,0.7431927800178528,1.0104176998138428,0.6499477624893188,0.8057177066802979,0.42280203104019165,0.8270787000656128,0.671038955450058,0.801102340221405,0.5409755706787109,0.6188535690307617,0.5038020610809326,0.7339050769805908,1.1892383694648743,1.3617757558822632,1.0167009830474854,0.8080886006355286,0.9304580688476562,0.6857191324234009
YNL114C,val,False,False,-1.3886771202087402,-1.8326837301254273,-1.8264408111572266,-1.9665846824645996,-1.8629345893859863,-1.458541989326477,-2.0489165782928467,-1.1415010690689087,-1.0670831203460693,-1.215919017791748,-0.765540599822998,-1.3529794216156006,-0.1781017780303955,-2.098484992980957,-2.11527681350708,-2.081693172454834,-2.029947817325592,-2.107992649078369,-1.951902985572815
YNL115C,val,True,True,0.03967065364122391,-0.5756432980298996,-1.3711711168289185,-0.654333233833313,0.09230206906795502,-0.557852566242218,-0.38716164231300354,0.19506501592695713,0.34661900997161865,0.04351102188229561,-0.37180207669734955,-0.732149600982666,-0.011454552412033081,-0.9101776778697968,-0.5121373534202576,-1.308218002319336,-0.7708173915743828,-1.3586344718933105,-0.18300031125545502
YNL116W,val,True,True,0.4615919291973114,0.138476025685668,0.32522812485694885,-0.13059702515602112,-0.018411602824926376,-0.027937209233641624,0.5440978407859802,0.5202391147613525,0.4893750548362732,0.5511031746864319,-0.0550965815782547,0.494686096906662,-0.6048792600631714,0.33061058819293976,0.33884358406066895,0.32237759232521057,0.026595480740070343,0.16968916356563568,-0.116498202085495
YNL117W,val,True,True,-1.7136286497116089,-0.7597880613058805,-0.5469145178794861,-1.2003803253173828,-1.0260789394378662,-0.005343383178114891,-1.0202231407165527,-0.44485361129045486,-0.9825025200843811,0.09279529750347137,-0.27492310106754303,-0.4336356222629547,-0.11621057987213135,-0.9636306166648865,-1.374284267425537,-0.5529769659042358,-0.15753579884767532,-0.13307037949562073,-0.18200121819972992
YNL118C,val,True,True,0.7571046948432922,0.652187168598175,0.4070606827735901,0.45867735147476196,1.121821641921997,0.6075600981712341,0.665816068649292,0.6438288986682892,0.7244719862937927,0.5631858110427856,0.22365831583738327,0.29045477509498596,0.15686185657978058,0.7645089030265808,1.0286643505096436,0.5003534555435181,0.8681451380252838,0.9563631415367126,0.779927134513855
YNL119W,val,True,True,-0.2847636044025421,0.22756571173667908,0.3810688555240631,0.05662073940038681,0.308925062417984,0.11597535759210587,0.2752385437488556,0.8272681534290314,0.6482308506965637,1.006305456161499,-1.3582512736320496,-1.0368341207504272,-1.6796684265136719,-0.2070414423942566,0.3034433126449585,-0.7175261974334717,0.0031330138444900513,0.28513410687446594,-0.27886807918548584
YNL120C,val,False,False,-2.0475821495056152,-2.0217897415161135,-2.040149688720703,-2.01824688911438,-2.0731377601623535,-1.921800136566162,-2.0556142330169678,-1.1415010690689087,-1.0670831203460693,-1.215919017791748,-1.0001378506422043,-1.8031922578811646,-0.19708344340324402,-1.7002924084663391,-1.9427367448806763,-1.457848072052002,-1.9084666967391968,-1.9472533464431763,-1.8696800470352173
YNL121C,val,True,True,1.314762830734253,1.0867241621017456,1.304880976676941,0.5438570976257324,1.1399661302566528,1.6935681104660034,0.7513484954833984,0.9267129600048065,0.9678572416305542,0.8855686783790588,0.17247645184397697,-0.06593204289674759,0.41088494658470154,0.8863423764705658,0.9399157762527466,0.832768976688385,0.9485534727573395,0.9518737196922302,0.9452332258224487
YNL122C,val,True,True,0.43578651547431946,-0.0793914943933487,-0.011230714619159698,-0.1633090376853943,0.22570094466209412,0.06463190168142319,-0.5127505660057068,0.15063820034265518,0.1798963099718094,0.12138009071350098,-0.3720664978027344,-0.3293294608592987,-0.41480353474617004,0.23587512224912643,0.0006076544523239136,0.47114259004592896,-0.031318262219429016,-0.3605602979660034,0.2979237735271454
YNL123W,val,True,True,0.4790691137313843,0.859743732213974,0.8844856023788452,1.0575003623962402,1.081834316253662,0.48534199595451355,0.7895563840866089,0.8205749690532684,0.9165723919868469,0.7245775461196899,1.0943896770477295,1.2205249071121216,0.9682544469833374,1.0012101829051971,0.8982775807380676,1.1041427850723267,0.854238748550415,0.7597798109054565,0.9486976861953735
YNL124W,val,True,True,0.9931532740592957,0.7160471439361572,1.1769369840621948,0.6152548789978027,0.4941486120223999,0.739073634147644,0.5548216104507446,0.8554579615592957,0.9581449627876282,0.7527709603309631,0.8930204510688782,1.1779258251190186,0.6081150770187378,0.6789253950119019,0.8414249420166016,0.5164258480072021,0.8271122872829437,0.9784359335899353,0.6757886409759521
YNL125C,val,False,True,0.21121209859848022,0.10000365972518921,0.5546208620071411,0.08229011297225952,-0.6999638676643372,0.21453946828842163,0.34853172302246094,0.22144969552755356,0.3776048719882965,0.06529451906681061,0.08432361483573914,-0.49436408281326294,0.6630113124847412,0.13680807873606682,-0.1176222637295723,0.39123842120170593,0.3642195090651512,0.14157752692699432,0.5868614912033081
YNL126W,val,True,True,-0.1635044366121292,0.2489111740142107,0.21453487873077393,0.2953811585903168,0.4656345844268799,-0.027128031477332115,0.29613327980041504,0.7502382695674896,0.9771739840507507,0.5233025550842285,-0.6433678325265646,-1.3123425245285034,0.025606859475374222,0.14313634112477303,-0.05856897681951523,0.3448416590690613,0.47937828302383423,0.49651268124580383,0.4622438848018646
YNL127W,val,False,True,-0.06964904814958572,0.21935419738292694,0.4001569449901581,-0.2808571457862854,0.19240997731685638,0.23591920733451843,0.5491420030593872,0.2996815890073776,0.2852620482444763,0.31410112977027893,0.5336834490299225,0.2247524857521057,0.8426144123077393,0.216649878770113,0.08720449358224869,0.3460952639579773,0.2897152528166771,0.18138600885868073,0.39804449677467346
YNL128W,val,True,False,-1.1222914457321167,-0.6993523627519608,-0.8442757725715637,-1.1328930854797363,0.24098323285579681,-0.8960432410240173,-0.8645329475402832,-1.1415010690689087,-1.0670831203460693,-1.215919017791748,-0.4205316826701164,-0.7769145369529724,-0.06414882838726044,-1.2498950362205505,-1.8490630388259888,-0.6507270336151123,-0.8704094737768173,-1.5307618379592896,-0.2100571095943451
YNL129W,val,True,True,0.11529942601919174,0.8157313942909241,0.626337468624115,1.094879150390625,0.9756631255149841,0.6391066312789917,0.7426705956459045,0.7248322367668152,0.8457246422767639,0.6039398312568665,0.44626079499721527,0.674917459487915,0.2176041305065155,1.0322410464286804,1.024126648902893,1.0403554439544678,0.9526075422763824,0.884647786617279,1.0205672979354858
YNL130C,val,True,True,0.7602538466453552,0.4268354833126068,0.3359364867210388,0.33658620715141296,0.5177292823791504,0.35642409324645996,0.5875013470649719,0.7636608183383942,1.1154910326004028,0.4118306040763855,-1.7037096619606018,-2.1102023124694824,-1.2972170114517212,0.36804667115211487,0.4073682129383087,0.328725129365921,0.4069529324769974,0.15708985924720764,0.6568160057067871
YNL130C-A,val,False,False,-1.7304389476776123,-1.601667881011963,-1.6738148927688599,-1.9644396305084229,-1.5117297172546387,-1.3985146284103394,-1.4598405361175537,-1.1415010690689087,-1.0670831203460693,-1.215919017791748,-0.6379918083548546,-1.1256743669509888,-0.1503092497587204,-1.70865136384964,-1.7662701606750488,-1.651032567024231,-1.8067258596420288,-1.9739142656326294,-1.6395374536514282
YNL131W,val,True,True,1.2854560613632202,0.36689816117286683,0.2927265167236328,0.3982986807823181,0.6514305472373962,0.12023907899856567,0.37179598212242126,0.5481981188058853,0.634714663028717,0.4616815745830536,0.7315340638160706,0.8979761600494385,0.5650919675827026,0.6748290061950684,0.443642258644104,0.9060157537460327,0.44811244308948517,0.2547648251056671,0.6414600610733032
YNL132W,val,True,True,0.13305790722370148,0.8201640605926513,0.6346010565757751,0.5719640254974365,1.2233080863952637,1.1799266338348389,0.4910205006599426,0.7019640505313873,0.7945952415466309,0.6093328595161438,0.37145768105983734,0.37304946780204773,0.36986589431762695,0.6302770972251892,0.5917766094207764,0.668777585029602,0.8676163852214813,0.7840680480003357,0.951164722442627
YNL133C,val,True,True,0.9258350133895874,0.8899605631828308,0.7722114324569702,1.02463698387146,0.8585203886032104,1.3262089490890503,0.46822506189346313,0.6512318253517151,0.5751850008964539,0.7272786498069763,0.11568132415413857,0.055990107357501984,0.17537254095077515,0.7377574741840363,0.5493436455726624,0.9261713027954102,0.958108127117157,1.084609866142273,0.831606388092041
YNL134C,val,True,True,2.213940382003784,0.9917209923267365,1.288588047027588,0.6659730076789856,1.5584635734558105,1.1553584337234497,0.2902218997478485,0.7175553143024445,0.5744656324386597,0.8606449961662292,0.5857358574867249,0.5582857131958008,0.6131860017776489,0.8328164517879486,1.084426999092102,0.5812059044837952,1.1325299441814423,0.6481385827064514,1.616921305656433
YNL135C,val,True,True,1.4651789665222168,0.8296275675296784,0.7412828803062439,0.36364805698394775,1.2152469158172607,1.385890245437622,0.44206973910331726,0.6465295553207397,0.770155131816864,0.5229039788246155,0.7302047908306122,0.7804433703422546,0.6799662113189697,0.9414135217666626,1.1855987310409546,0.6972283124923706,0.6228298842906952,0.3992846608161926,0.8463751077651978
YNL136W,val,False,True,1.0305359363555908,0.838670527935028,0.9080660343170166,0.8675290942192078,1.3584766387939453,0.7052122354507446,0.3540686368942261,0.5284124910831451,0.607373058795929,0.44945192337036133,0.7292744219303131,0.8928040862083435,0.5657447576522827,1.0827894806861877,0.805016279220581,1.3605626821517944,0.618879422545433,0.4041156470775604,0.8336431980133057
YNL137C,val,True,True,0.5670262575149536,0.35532636679708957,0.4412599802017212,0.29920822381973267,0.7301308512687683,-0.03073468618094921,0.3367674648761749,0.6329671144485474,0.6055663228034973,0.6603679060935974,0.1894126459956169,0.22245708107948303,0.1563682109117508,0.32316605746746063,0.2560026943683624,0.39032942056655884,0.6380128562450409,0.6263092160224915,0.6497164964675903
YNL138W,val,True,True,0.9297112822532654,0.5829673945903778,0.9751027226448059,0.17138424515724182,0.8666085600852966,0.4835023283958435,0.41823911666870117,0.46607954800128937,0.5709932446479797,0.361165851354599,0.38035567104816437,0.3732818067073822,0.38742953538894653,0.3670261353254318,0.40186724066734314,0.3321850299835205,0.7069276869297028,0.6418761610984802,0.7719792127609253
YNL138W-A,val,True,True,0.08933933824300766,0.057305571436882016,0.13955208659172058,-0.08682059496641159,0.18331637978553772,-0.07191494852304459,0.12239493429660797,0.33272993564605713,0.4553610384464264,0.21009883284568787,-0.023815792053937912,-0.035698339343070984,-0.01193324476480484,0.12149776518344879,0.08673745393753052,0.15625807642936707,0.06500193104147911,-0.12131214886903763,0.25131601095199585
YNL139C,val,True,True,0.13779543340206146,0.008842321485280991,0.06321599334478378,-0.7750347852706909,0.47232383489608765,0.2531304359436035,0.030576128512620926,0.18135827220976353,0.4183233380317688,-0.055606793612241745,0.22847610712051392,0.3466239273548126,0.11032828688621521,-0.053318265825510025,0.05801501125097275,-0.1646515429019928,0.0637936620041728,0.0018244143575429916,0.1257629096508026
YNL140C,val,False,False,-1.7529467344284058,-0.602731691300869,-0.053884975612163544,-0.35053884983062744,-0.7426961064338684,-0.9406028985977173,-0.9259356260299683,-1.1415010690689087,-1.0670831203460693,-1.215919017791748,0.8192840814590454,0.9640815854072571,0.6744865775108337,0.0984160490334034,0.2431047558784485,-0.04627265781164169,-0.0639084130525589,0.3249558210372925,-0.4527726471424103
YNL141W,val,False,True,0.15404415130615234,0.5299372151494026,0.10462787002325058,0.8671382069587708,1.267667531967163,-0.055979952216148376,0.46623241901397705,0.5961672365665436,0.6919211745262146,0.5004132986068726,0.2492855340242386,0.0005736351013183594,0.4979974329471588,0.32567112520337105,-0.008845709264278412,0.6601879596710205,0.6473682969808578,0.17982527613639832,1.1149113178253174
YNL142W,val,True,True,-0.8038759827613831,-1.0625770270824433,-1.3855198621749878,-1.8858325481414795,-0.8753799200057983,-1.2637476921081543,0.09759488701820374,-0.0853190366178751,-0.15366892516613007,-0.016969148069620132,-0.4828951209783554,-0.8506719470024109,-0.11511829495429993,-1.8770093321800232,-1.90159010887146,-1.8524285554885864,-2.1202619671821594,-2.2710278034210205,-1.9694961309432983
YNL143C,val,True,False,-0.27845868468284607,-0.5512824714183807,-0.3104490637779236,-0.19216158986091614,-0.7054603695869446,-0.4604179263114929,-1.0879234075546265,-1.1415010690689087,-1.0670831203460693,-1.215919017791748,0.24463887512683868,0.21351829171180725,0.2757594585418701,-0.14256697334349155,-0.3013734519481659,0.016239505261182785,-0.7583012804389,-1.2716325521469116,-0.24497000873088837
YNL144C,val,True,True,-0.4359046518802643,-0.46245698630809784,-0.7382607460021973,-0.7406774163246155,-0.3636336028575897,-0.5458977818489075,0.07618461549282074,0.5827515721321106,0.6467762589454651,0.5187268853187561,-0.38147421181201935,-1.134639024734497,0.3716906011104584,-0.30765462666749954,-0.7688404321670532,0.15353117883205414,-0.06353019177913666,-0.6219847202301025,0.4949243366718292
YNL144W-A,val,False,False,-1.8805924654006958,-1.991127324104309,-1.6593185663223267,-2.2388503551483154,-2.1778697967529297,-1.812983512878418,-2.0666143894195557,-1.1415010690689087,-1.0670831203460693,-1.215919017791748,-1.3647858500480652,-0.9017153978347778,-1.8278563022613525,-1.7194631695747375,-1.3275266885757446,-2.1113996505737305,-1.9744619727134705,-1.9950419664382935,-1.9538819789886475
YNL145W,val,True,True,-1.2198970317840576,-0.6918345727026463,-0.8820421695709229,-0.9491659998893738,0.057891231030225754,-0.3479411005973816,-1.3379148244857788,-0.17048492468893528,-0.38023731112480164,0.039267461746931076,0.02720838040113449,0.19737300276756287,-0.14295624196529388,-0.46970386803150177,-0.4054994285106659,-0.5339083075523376,-0.6919235736131668,-1.0306388139724731,-0.3532083332538605
YNL146C-A,val,True,True,-1.2736269235610962,-1.066369077563286,-0.3811413645744324,-1.7118043899536133,-0.9863992929458618,-0.21734313666820526,-2.0351572036743164,-0.2942194193601608,-0.3497299253940582,-0.23870891332626343,-0.9008638858795166,-0.2266150712966919,-1.5751127004623413,-1.0027086734771729,-0.5381186008453369,-1.4672987461090088,-0.9971463680267334,-1.4386810064315796,-0.5556117296218872
YNL146W,val,True,True,0.49738049507141113,0.417599493265152,0.4722543954849243,0.05961403250694275,0.7973335981369019,0.34419918060302734,0.4145962595939636,0.22099924832582474,0.2318590134382248,0.21013948321342468,0.1971773561090231,0.392568975687027,0.0017857365310192108,0.5289251804351807,0.66362464427948,0.39422571659088135,0.26055754721164703,0.37153080105781555,0.14958429336547852
YNL147W,val,True,True,0.6310379505157471,0.5517846763134002,0.5667470693588257,0.691434919834137,0.4574809670448303,0.7076193690299988,0.3356410562992096,0.623136967420578,0.5338078141212463,0.7124661207199097,0.9242025017738342,0.9358544945716858,0.9125505089759827,0.648998349905014,0.5054791569709778,0.7925175428390503,0.8340008556842804,0.4209746718406677,1.247027039527893
YNL148C,val,True,True,0.9021358489990234,0.3624658644199371,0.235009104013443,0.14107006788253784,0.7508116364479065,0.3299025893211365,0.35553592443466187,0.5351069867610931,0.4294669032096863,0.6407470703125,-0.2555558644235134,-0.03336682170629501,-0.4777449071407318,0.18383502587676048,0.011698685586452484,0.3559713661670685,0.5372377783060074,0.324783593416214,0.7496919631958008
YNL149C,val,True,True,1.4690465927124023,0.8127188920974732,0.9980451464653015,0.7962310910224915,0.9890361428260803,0.45962196588516235,0.8206601142883301,0.36557236313819885,0.29238343238830566,0.43876129388809204,0.678858682513237,0.4328594505786896,0.9248579144477844,0.7711219638586044,1.1162950992584229,0.425948828458786,1.0674680769443512,0.9735793471336365,1.161356806755066
YNL150W,val,False,False,-1.7792441844940186,-1.0037585020065307,-0.9680602550506592,-1.3233675956726074,-0.7179765701293945,-0.5354185104370117,-1.473969578742981,-1.1415010690689087,-1.0670831203460693,-1.215919017791748,-1.3157938718795776,-1.530420184135437,-1.1011675596237183,-0.4485783576965332,-0.524149477481842,-0.37300723791122437,-1.356461763381958,-2.096339225769043,-0.616584300994873
YNL151C,val,True,True,0.8934763073921204,0.37052564322948456,0.24708276987075806,0.2890152931213379,0.6929351687431335,0.24903301894664764,0.37456196546554565,0.28065113723278046,0.29077011346817017,0.27053216099739075,0.5988394767045975,0.8430400490760803,0.3546389043331146,0.6676833927631378,0.8697379231452942,0.46562886238098145,0.3427640348672867,-0.04663047194480896,0.7321585416793823
YNL152W,val,True,True,0.1922348439693451,0.42938993871212006,0.3492084741592407,0.442126989364624,1.0292129516601562,0.19337117671966553,0.13303010165691376,0.25221193581819534,0.40444087982177734,0.09998299181461334,-0.4477182701230049,-0.757784366607666,-0.1376521736383438,0.2582554519176483,-0.28481441736221313,0.8013253211975098,0.4021792709827423,0.439798504114151,0.3645600378513336
YNL153C,val,True,True,1.381130337715149,-0.1644699987024069,0.17445725202560425,0.024045780301094055,-0.2678595185279846,-0.015318376943469048,-0.737675130367279,-0.04081292450428009,-0.2946765124797821,0.21305066347122192,0.2810780219733715,0.11704915016889572,0.4451068937778473,0.03034217655658722,-0.4097360074520111,0.47042036056518555,0.40176258981227875,0.038049906492233276,0.7654752731323242
YNL154C,val,True,True,1.2159641981124878,-0.14255363047122954,0.2099311351776123,-0.6156039237976074,0.13684307038784027,-0.8419223427772522,0.3979839086532593,0.20891361124813557,0.3841054439544678,0.03372177854180336,0.32716965675354004,0.4233448803424835,0.23099443316459656,0.32731178402900696,0.32999730110168457,0.32462626695632935,0.48174212872982025,0.3553238809108734,0.6081603765487671
YNL155W,val,True,True,0.8109879493713379,0.7420076131820679,0.752824604511261,0.6128405928611755,0.675494909286499,1.0825879573822021,0.5862900018692017,0.37399886548519135,0.3516013026237488,0.3963964283466339,0.812329888343811,0.5666879415512085,1.0579718351364136,0.9196643233299255,1.131149411201477,0.708179235458374,0.6665422022342682,0.8272866606712341,0.5057977437973022
YNL156C,val,True,True,0.7452422380447388,0.5751466125249862,0.7364142537117004,1.0464036464691162,0.224750354886055,0.3767966628074646,0.4913681447505951,0.3714442700147629,0.2764488458633423,0.46643969416618347,0.17072946578264236,0.2689967453479767,0.07246218621730804,0.646377757191658,0.3168920576572418,0.9758634567260742,0.803729921579361,0.6513387560844421,0.9561210870742798
YNL157W,val,True,True,0.9043031930923462,0.9192506790161132,0.7559995651245117,1.0987253189086914,1.2227387428283691,0.7140848636627197,0.8047049045562744,0.8447915315628052,0.8447749018669128,0.8448081612586975,0.5185813307762146,0.5360694527626038,0.5010932087898254,0.832285463809967,1.0300689935684204,0.6345019340515137,0.734868973493576,0.8856622576713562,0.5840756893157959
YNL158W,val,True,True,0.7158388495445251,0.18358311280608178,-0.18144491314888,0.27420252561569214,0.13747963309288025,0.6760048270225525,0.011673491448163986,0.5008604675531387,0.5757853388786316,0.4259355962276459,0.19296103343367577,0.07331668585538864,0.3126053810119629,0.32597558200359344,0.5120893716812134,0.1398617923259735,0.006085336208343506,0.28859347105026245,-0.27642279863357544
YNL159C,val,True,True,0.7978104948997498,0.3958656683564186,-0.0789337083697319,0.6177204251289368,0.9957106113433838,0.3614487946033478,0.08338221907615662,0.29409171640872955,0.3079107403755188,0.2802726924419403,0.7808768451213837,0.847866952419281,0.7138867378234863,0.8378459215164185,0.8593732118606567,0.8163186311721802,0.26756203174591064,0.18012049794197083,0.35500356554985046
YNL160W,val,False,True,0.19038723409175873,-0.0561867892742157,0.8450799584388733,-0.054304033517837524,-0.7230711579322815,0.16670656204223633,-0.5153452754020691,0.559884250164032,0.61724454164505,0.5025239586830139,0.13096526265144348,0.5606967806816101,-0.29876625537872314,0.23829606175422668,0.8048027157783508,-0.32821059226989746,0.08169237524271011,0.04811577498912811,0.11526897549629211
YNL161W,val,True,True,1.0711016654968262,0.630264687538147,0.4892919659614563,0.4576006531715393,1.0276563167572021,0.5788600444793701,0.597914457321167,0.5191973745822906,0.5041636824607849,0.5342310667037964,0.06100375950336456,-0.4360133111476898,0.558020830154419,0.4638652354478836,0.5877905488014221,0.3399399220943451,0.4382929652929306,0.29579493403434753,0.5807909965515137
YNL162W,val,True,True,1.2499512434005737,1.0187332510948182,1.4208695888519287,0.858380138874054,1.2204556465148926,0.5625572204589844,1.031403660774231,1.2068113684654236,1.3213857412338257,1.0922369956970215,0.42841769754886627,0.45030686259269714,0.4065285325050354,1.3882785439491272,1.4800642728805542,1.2964928150177002,0.9704257249832153,0.6987999677658081,1.2420514822006226
YNL162W-A,val,True,True,0.4078519344329834,-0.13305999673902988,-0.19735395908355713,-0.19676297903060913,-0.05049820616841316,-0.023068604990839958,-0.19761623442173004,0.22274525463581085,0.2522215247154236,0.19326898455619812,0.01828455924987793,-0.014373701065778732,0.05094281956553459,-0.23666378110647202,-0.34870222210884094,-0.12462534010410309,0.018858686089515686,-0.059860020875930786,0.09757739305496216
YNL163C,val,True,True,0.1458379179239273,-0.008142281323671341,-0.06142187863588333,-0.17815664410591125,0.14523528516292572,0.10895099490880966,-0.0553191639482975,0.05223871022462845,0.33754876255989075,-0.23307134211063385,-0.17204281501471996,-0.40383079648017883,0.05974516645073891,-0.00925794243812561,-0.19411128759384155,0.17559540271759033,0.20250944048166275,0.17167328298091888,0.23334559798240662
YNL164C,val,True,True,0.5986812114715576,0.14082142524421215,0.34034082293510437,-0.009196169674396515,0.3790731430053711,0.02489594556391239,-0.031006615608930588,0.15628358721733093,0.22177954018115997,0.09078763425350189,0.32226768136024475,0.1357271671295166,0.5088081955909729,0.4561850130558014,0.5041223764419556,0.4082476496696472,0.23731731623411179,0.12210191786289215,0.3525327146053314
YNL165W,val,True,True,-0.05358738452196121,0.4147674649953842,0.39263826608657837,0.45247137546539307,0.6366506218910217,0.16613350808620453,0.4259435534477234,0.4621179848909378,0.5734546780586243,0.35078129172325134,-0.12002333998680115,-0.653616726398468,0.4135700464248657,0.2980112060904503,0.5298336148262024,0.06618879735469818,0.41824473440647125,0.49008408188819885,0.34640538692474365
YNL166C,val,True,True,0.9413382411003113,0.5632404565811158,1.0083600282669067,-0.16384238004684448,0.8379443287849426,0.7636435627937317,0.37009674310684204,0.5096070468425751,0.5106226801872253,0.5085914134979248,0.8978175520896912,0.846008837223053,0.9496262669563293,0.47791701555252075,1.0283657312393188,-0.07253170013427734,0.525950089097023,0.5811851620674133,0.4707150161266327
YNL167C,val,True,True,0.6226072907447815,0.5923523068428039,0.7647380232810974,0.2985135614871979,0.612433135509491,0.9639808535575867,0.32209596037864685,0.452018067240715,0.4543292224407196,0.44970691204071045,0.1447777897119522,0.15364181995391846,0.13591375946998596,0.4145573824644089,0.2365383803844452,0.5925763845443726,0.5849363505840302,0.3874432444572449,0.7824294567108154
YNL168C,val,True,True,0.6433018445968628,0.35862175822257997,0.2990263104438782,0.26224663853645325,0.722266435623169,0.38185691833496094,0.12771248817443848,0.3274258226156235,0.3624514639377594,0.29240018129348755,1.2983922958374023,1.8705869913101196,0.7261976003646851,0.32397396489977837,-0.026679731905460358,0.6746276617050171,0.18291585892438889,0.049493685364723206,0.31633803248405457
YNL169C,val,True,True,1.1762245893478394,0.9859370231628418,0.9615213871002197,1.1389861106872559,0.978619396686554,1.2278691530227661,0.6226890683174133,0.6794735640287399,0.9970728754997253,0.3618742525577545,0.398889422416687,0.3921249210834503,0.4056539237499237,0.9371409118175507,1.0713980197906494,0.8028838038444519,0.8220719397068024,0.9043853878974915,0.7397584915161133
YNL170W,val,False,False,-0.6902536749839783,-1.176499080657959,-0.8381157517433167,-1.6381263732910156,-1.5603797435760498,-0.528355062007904,-1.3175184726715088,-1.1415010690689087,-1.0670831203460693,-1.215919017791748,-0.24435414373874664,-0.44814929366111755,-0.04055899381637573,-1.1361072659492493,-1.1207846403121948,-1.1514298915863037,-1.7355557084083557,-1.7393348217010498,-1.7317765951156616
YNL171C,val,False,False,-1.8906028270721436,-1.2574375867843628,-1.346154808998108,-0.48504674434661865,-1.975684642791748,-0.7141228914260864,-1.766178846359253,-1.1415010690689087,-1.0670831203460693,-1.215919017791748,0.15787741541862488,-0.04709699749946594,0.3628518283367157,-1.211874097585678,-1.5332560539245605,-0.8904921412467957,-0.904892772436142,-0.7977260947227478,-1.0120594501495361
YNL172W,val,True,True,-0.26375171542167664,0.011781069636344909,-0.18973112106323242,0.08363048732280731,0.16686999797821045,-0.3577653467655182,0.3559013307094574,0.228240467607975,0.3592715859413147,0.09720934927463531,0.07893120311200619,0.16888606548309326,-0.011023659259080887,0.30630363523960114,-0.09132853150367737,0.7039358019828796,0.19100365415215492,0.03919733315706253,0.3428099751472473
YNL173C,val,True,True,0.6553952097892761,0.19253896698355674,0.21187078952789307,0.19450311362743378,0.057527970522642136,0.09994389116764069,0.3988490700721741,0.3323996141552925,0.22315745055675507,0.44164177775382996,0.3547402322292328,0.20263510942459106,0.5068453550338745,0.5857905447483063,0.5378732085227966,0.6337078809738159,0.2741207852959633,0.10801710188388824,0.44022446870803833
YNL174W,val,False,False,-1.7862228155136108,-2.0227044820785522,-1.82249116897583,-2.16522216796875,-2.117492437362671,-1.9435466527938843,-2.064769983291626,-1.1415010690689087,-1.0670831203460693,-1.215919017791748,-2.1073153614997864,-1.98672354221344,-2.227907180786133,-2.0078853368759155,-1.9905810356140137,-2.0251896381378174,-2.160944163799286,-2.3466262817382812,-1.9752620458602905
YNL175C,val,True,True,0.9754911661148071,0.9864558100700378,1.276800513267517,0.46090102195739746,1.30800461769104,0.8490793108940125,1.0374935865402222,0.9549458920955658,1.0362319946289062,0.8736597895622253,0.9839955121278763,1.512168526649475,0.45582249760627747,1.2011046409606934,1.4351648092269897,0.967044472694397,0.9065051376819611,0.724850594997406,1.0881596803665161
YNL176C,val,True,True,0.8756247162818909,0.17998207360506058,0.028991080820560455,-0.2692156434059143,0.8232009410858154,0.20593997836112976,0.11099401116371155,0.20934570580720901,0.2606060802936554,0.15808533132076263,0.5005732029676437,0.3882514536380768,0.6128949522972107,0.3269657492637634,0.42945626378059387,0.22447523474693298,0.0451290151104331,-0.01544058509171009,0.1056986153125763
YNL177C,val,True,True,0.981804370880127,0.18517391309142112,0.2272389531135559,0.38337862491607666,-0.04920731857419014,0.051792263984680176,0.31266704201698303,0.3747718930244446,0.3123916685581207,0.43715211749076843,-0.505659744143486,0.25039055943489075,-1.2617100477218628,0.3970817066729069,0.10480112582445145,0.6893622875213623,0.009795557707548141,-0.061042435467243195,0.08063355088233948
YNL178W,val,True,True,1.3130550384521484,1.362230658531189,1.0286506414413452,1.2687716484069824,1.8040834665298462,1.307050108909607,1.402597427368164,0.9943021833896637,1.0296173095703125,0.9589870572090149,1.0419434905052185,0.9348825216293335,1.1490044593811035,1.2470992803573608,1.18668794631958,1.3075106143951416,1.5212454795837402,1.7073359489440918,1.3351550102233887
YNL179C,val,False,False,1.45663321018219,-1.4693711757659913,-1.2642768621444702,-1.866128921508789,-1.0384721755981445,-1.5277541875839233,-1.650223731994629,-1.1415010690689087,-1.0670831203460693,-1.215919017791748,-0.4368371367454529,-0.5856073498725891,-0.28806692361831665,-1.6758116483688354,-1.606475591659546,-1.745147705078125,-1.6198445558547974,-1.552327036857605,-1.6873620748519897
YNL180C,val,True,True,1.5195674896240234,-1.0139349102973938,-1.2694116830825806,-1.1047697067260742,-0.9419718384742737,-1.354056715965271,-0.39946460723876953,-0.2372377458959818,-0.41227424144744873,-0.06220125034451485,0.20606166124343872,0.17845287919044495,0.2336704432964325,-0.034227028489112854,0.2261519432067871,-0.2946060001850128,-0.8575641363859177,-1.3094910383224487,-0.4056372344493866
YNL181W,val,False,True,0.35125741362571716,-0.21592288315296174,0.5536620616912842,-0.654746949672699,0.17200003564357758,-0.3449022173881531,-0.8056273460388184,-1.4138389229774475,-1.2619608640670776,-1.5657169818878174,0.6785084158182144,0.9057955741882324,0.4512212574481964,0.1451655589044094,0.35626116394996643,-0.06593004614114761,-0.7821350991725922,-0.6607212424278259,-0.9035489559173584
YNL182C,val,True,True,0.2053230255842209,0.18020586371421815,0.25307098031044006,0.3530009090900421,-0.2530421018600464,0.3848333954811096,0.1631661355495453,0.6948587000370026,0.47927016019821167,0.9104472398757935,0.7788979113101959,0.6815711855888367,0.8762246370315552,0.2586528807878494,0.39893826842308044,0.11836749315261841,-0.452659547328949,-0.7210805416107178,-0.18423855304718018
YNL183C,val,True,True,0.23071187734603882,0.32623607516288755,0.5969395637512207,-0.24598634243011475,0.5232371687889099,0.43889254331588745,0.31809744238853455,0.14705578237771988,0.13034705817699432,0.16376450657844543,0.42104047536849976,0.5764859318733215,0.265595018863678,0.43689821660518646,0.4956762492656708,0.37812018394470215,0.35907652974128723,0.5446605682373047,0.17349249124526978
YNL184C,val,False,True,-1.9120826721191406,-0.47224652767181396,-0.7950976490974426,-0.4251953959465027,-1.2256746292114258,-0.14904901385307312,0.2337840497493744,-0.4967058002948761,-0.7246905565261841,-0.2687210440635681,0.12255631946027279,0.014723401516675949,0.23038923740386963,-0.3903682976961136,-0.6221238374710083,-0.15861275792121887,-0.16266153380274773,-0.09273604303598404,-0.2325870245695114
YNL185C,val,True,True,0.14001749455928802,0.17033114060759544,0.24769270420074463,0.09964236617088318,0.024653833359479904,0.21419474482536316,0.26547205448150635,0.4232310652732849,0.323062002658844,0.5234001278877258,0.7607241421937943,0.44670549035072327,1.0747427940368652,0.2464083693921566,0.0015818402171134949,0.4912348985671997,0.2634706450626254,-0.008244642987847328,0.5351859331130981
YNL186W,val,True,True,0.6319872736930847,-0.24095162153244018,-0.34753507375717163,-0.5796127915382385,-0.4913737177848816,-0.3090752363204956,0.5228387117385864,-0.14063962548971176,-0.43935462832450867,0.15807537734508514,0.25282417237758636,0.17443108558654785,0.3312172591686249,-0.35135798156261444,-0.3482342064380646,-0.3544817566871643,-0.6325579285621643,-0.648603081703186,-0.6165127754211426
YNL187W,val,True,True,0.36328914761543274,-0.017747460305690764,-0.1416897475719452,-0.32815152406692505,0.08605412393808365,0.1316806972026825,0.16336914896965027,0.17000724375247955,0.17289617657661438,0.16711831092834473,-0.026043489575386047,-0.40447989106178284,0.35239291191101074,-0.13456407561898232,0.09889679402112961,-0.36802494525909424,-0.07920341938734055,-0.1972118467092514,0.03880500793457031
YNL188W,val,True,True,0.4919235110282898,0.5133444666862488,0.6611508727073669,0.41455739736557007,0.6433851718902588,0.31393635272979736,0.5336925387382507,0.7458777725696564,0.9093424677848816,0.5824130773544312,0.05720178037881851,0.3298695683479309,-0.21546600759029388,0.4351310431957245,0.46449315547943115,0.4057689309120178,0.878897488117218,0.7394254207611084,1.0183695554733276
YNL189W,val,True,True,0.4675906002521515,0.8522305369377137,0.7385373711585999,0.645220935344696,1.445424199104309,0.9974204301834106,0.4345497488975525,0.47104620933532715,0.40577083826065063,0.5363215804100037,0.5470576286315918,0.2227236032485962,0.8713916540145874,0.6904897689819336,0.6438618898391724,0.7371176481246948,0.8909215033054352,0.6601662039756775,1.1216768026351929
YNL190W,val,False,True,2.104459047317505,1.2499284148216248,0.9753813147544861,1.3427886962890625,1.5447485446929932,1.0792664289474487,1.3074570894241333,1.0055931508541107,0.9839113354682922,1.0272749662399292,1.4798266887664795,1.2537070512771606,1.7059463262557983,1.3196773529052734,1.0376583337783813,1.6016963720321655,1.1432265043258667,1.2637251615524292,1.0227278470993042
YNL191W,val,True,True,0.2917315661907196,-1.4863938093185425,-1.4401440620422363,-1.1727049350738525,-1.8874984979629517,-1.313524603843689,-1.618096947669983,-0.6223913282155991,-0.7712352871894836,-0.4735473692417145,-0.425692742690444,-0.8500953912734985,-0.00129009410738945,-1.1401919424533844,-1.5874472856521606,-0.6929365992546082,-1.5381446480751038,-2.378460168838501,-0.6978291273117065
YNL192W,val,True,True,0.641665518283844,0.4889520645141602,0.9479544758796692,-0.3209388256072998,0.8502922654151917,0.3849033713340759,0.5825490355491638,0.8350686728954315,1.0482369661331177,0.6219003796577454,-0.33230508863925934,0.3381824195384979,-1.0027925968170166,0.7255391180515289,0.5875264406204224,0.8635517954826355,0.6479918211698532,1.0585538148880005,0.23742982745170593
YNL193W,val,True,True,-0.20411719381809235,0.11744345575571061,-0.07408937811851501,-0.10948214679956436,0.1512964516878128,0.21277666091918945,0.4067156910896301,0.17039289139211178,0.03794411942362785,0.3028416633605957,-1.1185116171836853,-1.0135841369628906,-1.22343909740448,0.36115480959415436,0.4884093701839447,0.233900249004364,0.4121680185198784,0.2108849138021469,0.6134511232376099
YNL194C,val,True,True,-1.6589009761810303,-0.11710002645850182,-0.21179571747779846,-0.3726528286933899,0.22479987144470215,-0.24342674016952515,0.017575282603502274,0.045256925746798515,-0.006679181009531021,0.09719303250312805,-0.5051487237215042,-0.2517264783382416,-0.7585709691047668,-0.24337112717330456,-0.45048901438713074,-0.03625323995947838,-0.4703487306833267,-1.2121896743774414,0.27149221301078796
YNL195C,val,True,True,-1.1441432237625122,0.3123040318489075,0.3718087673187256,0.44868361949920654,0.5512267351150513,0.6378845572471619,-0.4480835199356079,0.3074360340833664,0.21487495303153992,0.39999711513519287,0.6765516698360443,0.5996893048286438,0.7534140348434448,0.42099420726299286,0.3860418498516083,0.45594656467437744,0.410682812333107,-0.30587026476860046,1.1272358894348145
YNL196C,val,True,True,-1.8399617671966553,-0.24017179012298584,0.23401126265525818,-0.2591959834098816,0.20817115902900696,-0.5053226351737976,-0.8785227537155151,-0.6884190738201141,-0.5492786169052124,-0.8275595307350159,1.0082464218139648,1.443973183631897,0.5725196599960327,0.2703186720609665,0.3269062340259552,0.21373111009597778,-0.3116919845342636,-0.379462867975235,-0.24392110109329224
YNL197C,val,True,True,1.336402177810669,0.7893887281417846,1.1642968654632568,0.674361526966095,0.9312049150466919,0.6635451316833496,0.51353520154953,0.7263497114181519,0.7956762909889221,0.6570231318473816,0.47786884009838104,0.5806574821472168,0.3750801980495453,1.1708952188491821,1.3638896942138672,0.9779007434844971,1.0236016511917114,1.0365623235702515,1.0106409788131714
YNL198C,val,False,False,-1.49843430519104,-1.767273211479187,-1.6110444068908691,-2.0382635593414307,-1.9138100147247314,-1.7354966402053833,-1.5377514362335205,-1.1415010690689087,-1.0670831203460693,-1.215919017791748,-0.3328113313764334,-0.6234622597694397,-0.04216040298342705,-1.7275687456130981,-1.7509374618530273,-1.704200029373169,-1.8039464950561523,-1.8270877599716187,-1.780805230140686
YNL199C,val,True,True,0.7684245705604553,0.5828131556510925,1.222489356994629,0.6008130311965942,0.5525956153869629,0.17110174894332886,0.36706602573394775,0.5457378029823303,0.5150498747825623,0.5764257311820984,0.26284657418727875,0.3017292320728302,0.2239639163017273,0.6014207601547241,0.6183463335037231,0.5844951868057251,0.8698048293590546,0.8807503581047058,0.8588593006134033
YNL200C,val,True,True,0.18828248977661133,0.43851704001426695,0.6067231893539429,0.09483605623245239,0.5825625061988831,0.3036014139652252,0.6048620343208313,0.28594549000263214,0.37803706526756287,0.19385391473770142,0.32375338673591614,0.4773741066455841,0.17013266682624817,0.41153502464294434,0.1625734567642212,0.6604965925216675,0.22198278456926346,0.11635918915271759,0.3276063799858093
YNL201C,val,False,True,0.3969685435295105,0.42100036442279815,0.34854787588119507,-0.044570788741111755,0.9645488858222961,0.5529465079307556,0.2835293412208557,0.494575098156929,0.6917766332626343,0.29737356305122375,0.8088484853506088,1.2136547565460205,0.40404221415519714,0.2744661867618561,0.21224600076675415,0.336686372756958,0.5400436818599701,0.5337578654289246,0.5463294982910156
YNL202W,val,True,True,-0.8930792212486267,-0.8320730030536652,-0.39884278178215027,-0.7528242468833923,-1.5921571254730225,-0.42761003971099854,-0.9889308214187622,-1.5738946795463562,-1.4804255962371826,-1.6673637628555298,0.09774848632514477,-0.023007724434137344,0.21850469708442688,-0.27284084260463715,-0.23852595686912537,-0.3071557283401489,-0.9006108045578003,-1.1355730295181274,-0.6656485795974731
YNL203C,val,False,False,-0.7263017296791077,-1.5204945802688599,-1.7651010751724243,-1.9122576713562012,-1.0239044427871704,-1.189740538597107,-1.7114691734313965,-1.1415010690689087,-1.0670831203460693,-1.215919017791748,-0.9209693670272827,-0.3608924150466919,-1.4810463190078735,-1.9083258509635925,-2.1845335960388184,-1.6321181058883667,-2.0216797590255737,-2.1682233810424805,-1.875136137008667
YNL204C,val,True,True,-1.0351171493530273,-0.7682257950305938,-0.22892895340919495,-1.0368919372558594,-1.472031593322754,-0.7545177340507507,-0.3487587571144104,-1.2074734270572662,-1.5698097944259644,-0.8451370596885681,0.11853136122226715,-0.21993619203567505,0.45699891448020935,-0.6583116352558136,-0.6467525959014893,-0.6698706746101379,-1.8429605960845947,-2.067262649536133,-1.6186585426330566
YNL205C,val,False,False,-2.088510751724243,-1.0015620648860932,-1.2409169673919678,-1.5933730602264404,-0.48657235503196716,-1.2139219045639038,-0.4730260372161865,-1.1415010690689087,-1.0670831203460693,-1.215919017791748,0.4333226978778839,0.490141898393631,0.37650349736213684,-1.4024893045425415,-1.2869824171066284,-1.5179961919784546,-1.1989405155181885,-1.359965443611145,-1.037915587425232
YNL206C,val,True,True,0.3248569667339325,0.5312412858009339,0.3513892889022827,0.7151287794113159,0.9803847670555115,0.17871922254562378,0.4305843710899353,0.5311177968978882,0.5224685072898865,0.5397670865058899,0.7431555837392807,1.228175401687622,0.25813576579093933,0.5329610407352448,0.2461128830909729,0.8198091983795166,0.056685686111450195,0.2628241181373596,-0.14945274591445923
YNL207W,val,True,True,0.8376181125640869,0.47423809468746186,0.5091432929039001,0.1817670315504074,0.653377115726471,0.6835073232650757,0.3433957099914551,0.622988149523735,0.8231708407402039,0.42280545830726624,-0.12125098705291748,0.5640219449996948,-0.8065239191055298,0.6574192196130753,0.9011443257331848,0.4136941134929657,0.6647737920284271,0.43726974725723267,0.8922778367996216
YNL208W,val,True,True,0.9906945824623108,1.2203807651996612,1.2671160697937012,1.5366344451904297,1.6404008865356445,1.2361088991165161,0.42164352536201477,0.5679463744163513,0.3121366500854492,0.8237560987472534,0.9426304399967194,0.9403899908065796,0.9448708891868591,0.8452107012271881,1.21728515625,0.4731362462043762,0.9172143191099167,0.362669438123703,1.4717592000961304
YNL209W,val,True,True,0.8348097205162048,0.7716704607009888,0.7181193232536316,0.7761841416358948,1.0267150402069092,0.7038760185241699,0.6334577798843384,0.3759533166885376,0.4253793954849243,0.3265272378921509,1.2420178055763245,1.3804798126220703,1.1035557985305786,1.06432044506073,1.1495671272277832,0.9790737628936768,1.0805113911628723,1.047747015953064,1.1132757663726807
YNL210W,val,False,True,-1.9878569841384888,-1.0476723551750182,-0.7295203804969788,-1.311763048171997,-1.290858268737793,-0.7580840587615967,-1.148136019706726,-1.2959104776382446,-1.3643449544906616,-1.2274760007858276,-0.04552960395812988,-0.46176010370254517,0.3707008957862854,-0.5232704877853394,-0.5516411066055298,-0.4948998689651489,-1.176444947719574,-1.2586349248886108,-1.094254970550537
YNL211C,val,True,True,0.15722167491912842,0.010582727193832398,-0.3524593114852905,0.061566710472106934,0.19601786136627197,0.5516191720962524,-0.40383079648017883,-0.08002485148608685,-0.013217370957136154,-0.14683233201503754,0.5705886483192444,0.8712339997291565,0.2699432969093323,-0.16598404943943024,-0.179068922996521,-0.15289917588233948,-0.14429834112524986,-0.06067376583814621,-0.22792291641235352
YNL212W,val,True,True,0.30912071466445923,0.6661951959133148,0.985496461391449,0.6568642854690552,0.8293159604072571,0.5646060705184937,0.2946932017803192,0.5600885152816772,0.705256998538971,0.41492003202438354,0.499054953455925,0.5916389226913452,0.40647098422050476,0.8577920496463776,0.6457855105400085,1.0697985887527466,0.5051751732826233,0.3445836305618286,0.665766716003418
YNL213C,val,True,True,0.7516156435012817,0.6369507908821106,0.7286261320114136,0.6629247665405273,0.8390635251998901,0.5551975965499878,0.39894193410873413,0.5429463088512421,0.6654271483421326,0.42046546936035156,0.46675752103328705,0.3052477538585663,0.6282672882080078,0.8170442283153534,0.6335349678993225,1.0005534887313843,0.5835959762334824,0.46144160628318787,0.7057503461837769
YNL214W,val,False,True,0.04074215888977051,0.1900940418243408,0.2853931784629822,-0.419718861579895,0.15539729595184326,0.5839069485664368,0.3454916477203369,0.2796418070793152,0.3718140721321106,0.18746954202651978,0.07090041786432266,0.22149616479873657,-0.07969532907009125,-0.1369989775121212,-0.01487191766500473,-0.25912603735923767,-0.03345624357461929,-0.2138751894235611,0.1469627022743225
YNL215W,val,True,True,0.9470334053039551,0.705787992477417,0.5373784303665161,0.6667221188545227,1.0627002716064453,0.7547094225883484,0.5074297189712524,0.23644226044416428,0.23379941284656525,0.2390851080417633,1.095656931400299,1.1591119766235352,1.032201886177063,0.9211523532867432,0.6033539772033691,1.2389507293701172,0.5803657472133636,0.5408850312232971,0.6198464632034302
YNL216W,val,True,True,0.513190507888794,1.1459907412528991,0.6713098883628845,1.1530125141143799,1.6149709224700928,1.1506155729293823,1.1400448083877563,0.7598424255847931,1.0064623355865479,0.5132225155830383,1.1872346997261047,1.1307533979415894,1.2437160015106201,1.235792726278305,0.6627123951911926,1.8088730573654175,1.242176592350006,1.0177112817764282,1.466641902923584
YNL217W,val,True,True,0.8121317625045776,0.666660463809967,0.45150792598724365,0.7851330041885376,1.2094087600708008,0.314936101436615,0.5723165273666382,0.455350786447525,0.5447391867637634,0.3659623861312866,0.38647301495075226,0.6004589200019836,0.17248710989952087,0.7446475028991699,0.4643937349319458,1.024901270866394,0.727709174156189,0.6812740564346313,0.7741442918777466
YNL218W,val,True,True,-0.17180387675762177,0.2672399815171957,0.28381115198135376,-0.16459199786186218,0.5645664930343628,0.006761012598872185,0.645653247833252,0.48529042303562164,0.5295937657356262,0.44098708033561707,-0.014232832938432693,-0.09456738084554672,0.06610171496868134,0.30174005031585693,0.3691216707229614,0.23435842990875244,0.38243090361356735,0.18175826966762543,0.5831035375595093
YNL219C,val,True,True,0.19063109159469604,0.2708294868469238,0.4682353138923645,0.343681275844574,0.22070740163326263,0.2551838457584381,0.06633959710597992,0.4022374302148819,0.5749925971031189,0.2294822633266449,0.6178741380572319,1.0416914224624634,0.19405685365200043,0.3747803419828415,0.5804118514060974,0.16914883255958557,0.24194476008415222,0.1575484573841095,0.32634106278419495
YNL220W,val,True,True,-0.14409035444259644,0.18532245382666587,-0.031926367431879044,0.3348575830459595,0.5609712600708008,0.23274067044258118,-0.170030876994133,0.5187534689903259,0.2540386915206909,0.7834682464599609,-0.2893771827220917,-0.2788456678390503,-0.29990869760513306,0.48247453570365906,0.05829697847366333,0.9066520929336548,0.5608130991458893,0.2810710072517395,0.8405551910400391
YNL221C,val,True,True,0.6229610443115234,0.5534272968769074,0.6846354603767395,0.3487406373023987,1.0103679895401,0.12606540322303772,0.5973269939422607,0.5106934010982513,0.6764636635780334,0.34492313861846924,0.23311228305101395,0.4016667306423187,0.06455783545970917,0.6258743703365326,0.41978341341018677,0.8319653272628784,0.5831683129072189,0.696402907371521,0.46993371844291687
YNL222W,val,False,True,0.1261993944644928,0.20491463989019393,0.5639419555664062,0.04738668352365494,0.14841021597385406,-0.0803765058517456,0.34521085023880005,0.4631059020757675,0.46632063388824463,0.4598911702632904,0.2534882016479969,-0.09964748471975327,0.6066238880157471,0.5501417964696884,0.4644770324230194,0.6358065605163574,0.3635397329926491,0.09073348343372345,0.6363459825515747
YNL223W,val,True,True,-0.10316543281078339,-0.23073164522647857,0.19603177905082703,0.18796972930431366,-0.6350651979446411,0.2701428234577179,-1.1727373600006104,0.41583381593227386,0.42734289169311523,0.4043247401714325,0.26809823513031006,0.1987396776676178,0.3374567925930023,0.2433263212442398,0.2523021996021271,0.23435044288635254,0.14368466287851334,-0.06681160628795624,0.3541809320449829
YNL224C,val,False,True,0.39411288499832153,0.34048955962061883,0.7883253693580627,0.22279348969459534,0.16917847096920013,0.5731596946716309,-0.051009226590394974,0.29354262351989746,0.2529917061328888,0.33409354090690613,1.028601050376892,1.2444947957992554,0.8127073049545288,0.6540873348712921,0.7683678865432739,0.5398067831993103,0.3930409848690033,0.356749027967453,0.4293329417705536
YNL225C,val,False,True,0.047325894236564636,0.32040166556835176,0.4018968939781189,0.20835435390472412,0.6293419599533081,0.17947962880134583,0.18293549120426178,0.3844102770090103,0.4647884964942932,0.3040320575237274,-0.2992123272269964,-0.5758015513420105,-0.022623103111982346,0.21976609528064728,0.17522630095481873,0.26430588960647583,0.20241720229387283,0.1723961979150772,0.23243820667266846
YNL226W,val,False,False,-2.0334925651550293,-1.2173956274986266,-1.320125937461853,-1.3229119777679443,-1.72585928440094,-0.4852674603462219,-1.2328134775161743,-1.1415010690689087,-1.0670831203460693,-1.215919017791748,0.1787815559655428,0.33792415261268616,0.01963895931839943,-1.8665860891342163,-2.047837972640991,-1.6853342056274414,-1.1122331619262695,-1.2917617559432983,-0.9327045679092407
YNL227C,val,True,False,0.427496075630188,-0.4766361527144909,-0.6097829937934875,-0.7012894749641418,0.04590949788689613,-0.27064579725265503,-0.8473719954490662,-1.1415010690689087,-1.0670831203460693,-1.215919017791748,-0.11554376408457756,-0.1207653358578682,-0.11032219231128693,-0.3088364601135254,-0.6808128356933594,0.0631399154663086,-1.0440366715192795,-1.7887167930603027,-0.2993565499782562
YNL228W,val,False,False,-1.823995590209961,-1.6356877565383912,-1.6027202606201172,-1.9678387641906738,-1.6323938369750977,-1.4589165449142456,-1.5165693759918213,-1.1415010690689087,-1.0670831203460693,-1.215919017791748,-1.1130411028862,-1.4547362327575684,-0.7713459730148315,-1.8697370290756226,-1.983586072921753,-1.7558879852294922,-1.8083097338676453,-1.895200490951538,-1.7214189767837524
YNL229C,val,True,True,1.1817457675933838,0.47289590537548065,0.47243720293045044,0.8812339901924133,0.3425113260746002,0.48379015922546387,0.1845068484544754,0.6856512725353241,0.6329576969146729,0.7383448481559753,0.43355330266058445,-0.030750822275877,0.8978574275970459,0.6184632182121277,0.45117032527923584,0.7857561111450195,0.5619484484195709,0.5606253743171692,0.5632715225219727
YNL230C,val,True,True,0.5755627155303955,0.19955488443374633,-0.17871493101119995,0.37770235538482666,0.4890099763870239,-0.2673078775405884,0.5770848989486694,0.35495272278785706,0.4142930209636688,0.2956124246120453,0.16771449148654938,-0.2884703576564789,0.6238993406295776,0.6288410276174545,0.31435897946357727,0.9433230757713318,0.3505248874425888,-0.05595007538795471,0.7569998502731323
YNL231C,val,True,True,1.4107857942581177,1.061518520116806,1.4499341249465942,0.9696653485298157,1.645524024963379,0.38167867064476013,0.8607904314994812,0.9546180069446564,1.1595892906188965,0.7496467232704163,0.6947733461856842,0.8224870562553406,0.5670596361160278,0.9931814670562744,1.0158361196517944,0.9705268144607544,1.4338798522949219,1.482910394668579,1.3848493099212646
YNL232W,val,True,True,0.9582125544548035,0.6828678786754608,0.39777281880378723,1.1589415073394775,0.9120388627052307,0.2185496687889099,0.7270365357398987,0.8928272128105164,1.0412828922271729,0.7443715333938599,0.15645329281687737,0.04493289440870285,0.2679736912250519,1.1037278175354004,1.14938223361969,1.0580734014511108,1.0447808504104614,1.1301721334457397,0.9593895673751831
YNL233W,val,False,True,0.4551020860671997,0.12983996123075486,-0.11452391743659973,0.00969807431101799,0.4368239641189575,0.29911503195762634,0.01808665320277214,0.3550536334514618,0.357819527387619,0.35228773951530457,0.3708617836236954,0.295958548784256,0.44576501846313477,0.11606043204665184,0.05275978893041611,0.17936107516288757,0.030015784315764904,-0.01707116700708866,0.07710273563861847
YNL234W,val,True,True,-0.15027391910552979,0.008323141932487487,-0.4890212416648865,-0.0059803202748298645,0.37150102853775024,0.057069770991802216,0.10804647207260132,0.27807116508483887,0.31650790572166443,0.2396344244480133,0.4136711359024048,0.4911036789417267,0.3362385928630829,0.18234464526176453,0.6217711567878723,-0.25708186626434326,0.3395688235759735,0.385415643453598,0.293722003698349
YNL235C,val,False,False,-1.9879891872406006,-1.627868127822876,-1.2245043516159058,-2.130979299545288,-1.7066051959991455,-1.2726107835769653,-1.8046410083770752,-1.1415010690689087,-1.0670831203460693,-1.215919017791748,-1.1393407881259918,-1.2842341661453247,-0.9944474101066589,-1.7518779635429382,-1.5939217805862427,-1.9098341464996338,-1.9608483910560608,-2.0816397666931152,-1.8400570154190063
YNL236W,val,False,True,0.26611050963401794,0.3455158356577158,0.6216867566108704,0.27021509408950806,0.5126733183860779,0.026717843487858772,0.2962861657142639,0.6212906837463379,0.700036346912384,0.5425450205802917,-0.25037311017513275,0.40981367230415344,-0.910559892654419,0.41301168501377106,0.5506236553192139,0.27539971470832825,0.49246467649936676,0.33524373173713684,0.6496856212615967
YNL237W,val,False,True,-0.008035257458686829,0.0747268758714199,0.14078348875045776,-0.15256908535957336,0.24610036611557007,0.15010502934455872,-0.01078541949391365,0.2569158375263214,0.3526141345500946,0.16121754050254822,-0.7726526707410812,-0.4225674569606781,-1.1227378845214844,-0.1427239067852497,-0.06438746303319931,-0.2210603505373001,0.0448770672082901,-0.22487035393714905,0.31462448835372925
YNL238W,val,False,True,0.33610737323760986,0.26335431188344954,0.6205011010169983,-0.05821182578802109,0.21276919543743134,0.2751167118549347,0.26659637689590454,0.3324054330587387,0.42377132177352905,0.24103954434394836,0.2257401943206787,-0.21396595239639282,0.6654463410377502,0.5291212946176529,0.47068318724632263,0.5875594019889832,0.32534220814704895,0.13169080018997192,0.518993616104126
YNL239W,val,True,True,0.2627109885215759,0.3208135612308979,0.5181185603141785,0.43703147768974304,0.0458800233900547,0.3141734004020691,0.2888643443584442,0.48491427302360535,0.4488410949707031,0.5209874510765076,-0.07815155200660229,-0.182020366191864,0.02571726217865944,0.5035886317491531,0.4499780833721161,0.5571991801261902,0.5182982981204987,0.3756076693534851,0.6609889268875122
YNL240C,val,True,True,0.2914676070213318,0.5499077022075654,0.4641662836074829,0.6126519441604614,0.8132629990577698,0.44588717818260193,0.4135701060295105,0.6175045967102051,0.4931582808494568,0.7418509125709534,0.08501022309064865,0.2726510465145111,-0.1026306003332138,0.9802580177783966,0.8652579188346863,1.095258116722107,0.6133916527032852,0.4185892641544342,0.8081940412521362
YNL241C,val,True,True,1.3587135076522827,0.9586167991161346,0.9756157994270325,1.3824970722198486,1.2743858098983765,0.2202531397342682,0.9403321743011475,0.8490793704986572,0.941180408000946,0.7569783329963684,0.7701510488986969,0.6031065583229065,0.9371955394744873,0.48942460119724274,0.49516937136650085,0.4836798310279846,0.7970789670944214,0.8974330425262451,0.6967248916625977
YNL242W,val,True,True,-0.09978364408016205,-0.023614580929279327,0.15503492951393127,0.2629964351654053,0.10079189389944077,-0.2532769739627838,-0.38361918926239014,-0.03295575827360153,0.13302947580814362,-0.19894099235534668,-0.018269769847393036,-0.22436898946762085,0.18782944977283478,-0.26668836921453476,-0.6465579271316528,0.11318118870258331,-0.2834826111793518,-1.083536148071289,0.5165709257125854
YNL243W,val,True,True,0.7437047958374023,0.48013622164726255,0.6668592691421509,0.4009762108325958,0.6443433165550232,0.6003208756446838,0.08818143606185913,0.6801553964614868,0.7237257361412048,0.6365850567817688,0.41213073395192623,0.8074588775634766,0.0168025903403759,0.5198574960231781,0.5969893932342529,0.44272559881210327,0.8146863877773285,0.928936779499054,0.700435996055603
YNL244C,val,True,True,1.6833387613296509,0.9105119585990906,0.7236372828483582,1.233591079711914,0.7850754261016846,1.1340126991271973,0.6762433052062988,0.7694237530231476,0.921312153339386,0.6175353527069092,0.4541855603456497,0.5362357497215271,0.37213537096977234,0.6801683008670807,1.0314970016479492,0.32883960008621216,1.024845153093338,0.91551274061203,1.134177565574646
YNL245C,val,True,True,0.6006850600242615,0.6700043439865112,0.5592588782310486,0.6056733727455139,0.7801231741905212,0.9699406027793884,0.435025691986084,0.27081235498189926,0.1938948780298233,0.3477298319339752,0.7136146724224091,0.8331193327903748,0.5941100120544434,0.9998835921287537,0.5447193384170532,1.455047845840454,0.9225565493106842,0.5977402329444885,1.2473728656768799
YNL246W,val,True,True,0.766903281211853,0.5295506596565247,0.9117481708526611,0.31968262791633606,0.639687180519104,0.16484734416007996,0.6117879748344421,0.4133892357349396,0.4514806866645813,0.37529778480529785,0.5024140626192093,0.6509522795677185,0.3538758456707001,0.6785504817962646,0.8392224311828613,0.517878532409668,0.9346471428871155,0.7416974306106567,1.1275968551635742
YNL247W,val,True,True,0.48968783020973206,0.23689239621162414,0.22381240129470825,0.3910049796104431,0.1617279052734375,0.2543851137161255,0.15353158116340637,0.5664307028055191,0.6908671259880066,0.4419942796230316,0.6794819235801697,0.6520392298698425,0.7069246172904968,0.41980984807014465,0.41375941038131714,0.42586028575897217,0.49065884947776794,0.35594338178634644,0.6253743171691895
YNL248C,val,True,True,0.5348115563392639,0.1012548789381981,-0.13906694948673248,0.1047302633523941,0.1489376723766327,-0.07461056858301163,0.46628397703170776,0.3418660908937454,0.40444135665893555,0.2792908251285553,-1.3498116731643677,-1.7763041257858276,-0.9233192205429077,-0.2938067764043808,-0.4728970229625702,-0.1147165298461914,0.11876074224710464,-0.18195416033267975,0.41947564482688904
YNL249C,val,True,True,-0.7182902693748474,0.017066368460655214,-0.19418156147003174,0.012807253748178482,0.10001052170991898,0.14038638770580292,0.026309240609407425,0.2201886624097824,0.1832132339477539,0.2571640908718109,-0.6650584787130356,-0.9524379968643188,-0.3776789605617523,-0.11232069879770279,-0.1297924816608429,-0.09484891593456268,0.17031598556786776,0.016552308574318886,0.3240796625614166
YNL250W,val,False,False,-0.3294534981250763,-1.482797133922577,-1.7121235132217407,-1.6056435108184814,-1.9893215894699097,-0.4807214140892029,-1.6261756420135498,-1.1415010690689087,-1.0670831203460693,-1.215919017791748,-1.1094739139080048,-0.696200430393219,-1.5227473974227905,-1.6002254486083984,-1.3514291048049927,-1.8490217924118042,-1.9275217056274414,-1.9460116624832153,-1.9090317487716675
YNL251C,val,True,True,1.0345081090927124,0.5764216005802154,0.44608432054519653,0.7761935591697693,0.3081875443458557,0.9078918099403381,0.4437507688999176,0.6065074503421783,0.44436269998550415,0.7686522006988525,0.1939469799399376,-0.006972953677177429,0.3948669135570526,0.31242137029767036,-0.058601461350917816,0.6834442019462585,0.42855338752269745,0.2855733335018158,0.5715334415435791
YNL252C,val,False,True,0.42497923970222473,0.4267129242420197,0.38944149017333984,0.4183846712112427,0.670150101184845,0.3734651803970337,0.2821231782436371,0.3808913230895996,0.3573372960090637,0.4044453501701355,0.5265455096960068,0.5870250463485718,0.4660659730434418,0.5956260561943054,0.5797199010848999,0.6115322113037109,0.49388672411441803,0.41496995091438293,0.5728034973144531
YNL253W,val,True,True,-0.32477042078971863,0.6930204927921295,0.9682198166847229,0.5996821522712708,1.081254482269287,0.2616722285747528,0.554273784160614,0.4681212157011032,0.5915501713752747,0.34469226002693176,-0.1309373751282692,-0.3928907811641693,0.13101603090763092,0.9648222327232361,1.1946178674697876,0.7350265979766846,0.6586873978376389,0.3710411489009857,0.946333646774292
YNL254C,val,True,True,0.5609113574028015,0.08195753991603852,0.19869932532310486,-0.28285926580429077,0.1976204663515091,0.21668043732643127,0.07964673638343811,0.1354948654770851,0.16753581166267395,0.10345391929149628,0.23653660342097282,0.09182184189558029,0.38125136494636536,0.11369751393795013,-0.17609068751335144,0.4034857153892517,0.05980437994003296,-0.3493262231349945,0.4689349830150604
YNL255C,val,True,True,1.4108281135559082,0.642335045337677,0.6122829914093018,0.9915263056755066,0.602590024471283,0.432109534740448,0.5731663703918457,0.6774649918079376,0.7533552050590515,0.6015747785568237,1.0007327497005463,0.6379380822181702,1.3635274171829224,0.8589291572570801,0.7239269018173218,0.9939314126968384,0.7787996828556061,0.7086940407752991,0.8489053249359131
YNL256W,val,True,True,0.297267347574234,0.2587295137345791,-0.16032373905181885,0.49309247732162476,0.5469215512275696,0.45010361075401306,-0.03614633157849312,0.4989570379257202,0.4954409599304199,0.5024731159210205,-0.05632296949625015,-0.28706446290016174,0.17441852390766144,0.07585623860359192,-0.19499999284744263,0.34671247005462646,-0.3974462151527405,-0.7118786573410034,-0.08301377296447754
YNL257C,val,True,True,0.11426178365945816,0.3721920967102051,0.30669814348220825,0.689708948135376,0.7161521315574646,0.21463531255722046,-0.0662340521812439,0.4822327047586441,0.5358648300170898,0.42860057950019836,0.2705788314342499,0.365695983171463,0.17546167969703674,0.629289984703064,0.26774775981903076,0.9908322095870972,-0.030492231249809265,-0.3050693869590759,0.2440849244594574
YNL258C,val,True,True,0.13815775513648987,0.37144931554794314,0.6917486786842346,0.44803866744041443,0.42172443866729736,0.07808321714401245,0.2176515758037567,0.5212956815958023,0.611426055431366,0.43116530776023865,0.4728531390428543,0.401129812002182,0.5445764660835266,0.4478195458650589,0.42936083674430847,0.4662782549858093,0.540229544043541,0.38131436705589294,0.699144721031189
YNL259C,val,False,True,0.9542680382728577,0.023985906317830086,0.3083176016807556,0.2253786027431488,0.11449433863162994,-0.03099704347550869,-0.49726396799087524,0.44241832196712494,0.43881094455718994,0.44602569937705994,-0.8384710550308228,-0.7731407880783081,-0.9038013219833374,0.27212008833885193,0.1851578652858734,0.35908231139183044,0.45423953235149384,0.3577997386455536,0.5506793260574341
YNL260C,val,True,True,0.855761706829071,-0.18178711757063865,-0.15829497575759888,-0.7496452927589417,0.20017558336257935,-0.1903834491968155,-0.01078745350241661,-0.11948531866073608,-0.11982260644435883,-0.11914803087711334,-0.008006289601325989,-0.15357744693756104,0.13756486773490906,-1.2955127954483032,-1.2454947233200073,-1.3455308675765991,-0.350359495729208,-0.0479574128985405,-0.6527615785598755
YNL261W,val,True,True,0.053039371967315674,0.37623207569122313,0.35370054841041565,0.29183024168014526,0.5454084873199463,0.2846269905567169,0.4055941104888916,0.7915631234645844,0.8876468539237976,0.6954793930053711,-0.12258154898881912,-0.4141594469547272,0.16899634897708893,0.4117434173822403,0.2991252839565277,0.5243615508079529,0.5653850734233856,0.5666022896766663,0.564167857170105
YNL262W,val,True,True,-0.06449896842241287,-0.07754502967000007,-0.9401552081108093,-0.40507543087005615,0.6732290387153625,0.2527308166027069,0.03154563531279564,0.3526954650878906,0.26445481181144714,0.4409361183643341,0.04909589886665344,-0.2943420708179474,0.3925338685512543,-0.19948191568255424,0.037070132791996,-0.4360339641571045,-0.2126263976097107,-0.1052064597606659,-0.3200463354587555
YNL263C,val,True,True,0.725125789642334,0.18754149749875068,0.04376771301031113,-0.017231255769729614,0.4326477348804474,0.4318891167640686,0.04663417860865593,0.44888145476579666,0.23121775686740875,0.6665451526641846,0.7578065097332001,0.7177079319953918,0.7979050874710083,0.26578421890735626,0.31613966822624207,0.21542876958847046,0.24519507586956024,0.33824536204338074,0.15214478969573975
YNL264C,val,True,True,0.1310872733592987,0.023489132523536682,-0.1757705807685852,0.24093809723854065,-0.37101033329963684,0.12809528410434723,0.2951931953430176,0.22774013876914978,0.5243434309959412,-0.0688631534576416,0.2331337183713913,0.30730384588241577,0.15896359086036682,0.4529975354671478,0.4504062533378601,0.45558881759643555,0.18176294490695,-0.06345520168542862,0.4269810914993286
YNL265C,val,True,True,0.16846270859241486,-0.05321399047970772,-0.4370400011539459,0.18414384126663208,0.13317124545574188,-0.13463377952575684,-0.011711258441209793,0.2786998450756073,0.3420063853263855,0.2153933048248291,0.3301759362220764,0.13276970386505127,0.5275821685791016,0.14168038964271545,0.1620783805847168,0.12128239870071411,-0.10383914411067963,-0.14540371298789978,-0.06227457523345947
YNL266W,val,False,False,-1.407678246498108,-1.7469468593597413,-1.3205944299697876,-2.143770933151245,-1.9446051120758057,-1.6661003828048706,-1.659663438796997,-1.1415010690689087,-1.0670831203460693,-1.215919017791748,-0.9662384688854218,-0.7600992321968079,-1.1723777055740356,-1.5746100544929504,-1.1539424657821655,-1.9952776432037354,-2.047632157802582,-2.1583352088928223,-1.9369291067123413
YNL267W,val,True,True,0.40016523003578186,0.25492554903030396,0.31693804264068604,-0.06732003390789032,0.49513596296310425,0.1236996203660965,0.4061741530895233,0.3389842361211777,0.40700751543045044,0.2709609568119049,0.07151220366358757,-0.025629110634326935,0.16865351796150208,0.17969755083322525,0.19172686338424683,0.16766823828220367,0.30003586411476135,0.30312207341194153,0.2969496548175812
YNL268W,val,False,True,0.5060931444168091,1.0302524447441102,1.060538411140442,1.8137974739074707,0.792560875415802,0.6411313414573669,0.843234121799469,1.135203778743744,1.3963370323181152,0.8740705251693726,0.6139581203460693,0.3400278091430664,0.8878884315490723,1.310232937335968,1.4580299854278564,1.1624358892440796,1.4075274467468262,1.2282618284225464,1.586793065071106
YNL269W,val,False,False,-1.7509758472442627,-1.0729386389255524,-0.2789885699748993,-1.7460083961486816,-1.1560392379760742,-1.3761484622955322,-0.8075085282325745,-1.1415010690689087,-1.0670831203460693,-1.215919017791748,-0.8357298076152802,-0.611445963382721,-1.0600136518478394,-1.2343987822532654,-0.5552955865859985,-1.9135019779205322,-1.657694399356842,-1.5671981573104858,-1.7481906414031982
YNL270C,val,True,True,-0.9911469221115112,0.1404664158821106,0.6032060980796814,0.24311530590057373,-0.9310737252235413,0.421620637178421,0.3654637634754181,0.3949126899242401,0.5592709183692932,0.230554461479187,0.6152175813913345,0.8546143174171448,0.3758208453655243,0.42210663855075836,0.16327819228172302,0.6809350848197937,0.5522632077336311,0.11696602404117584,0.9875603914260864
YNL271C,val,True,True,0.7224316000938416,0.20857371687889098,0.2831496596336365,0.10930776596069336,0.49480384588241577,-0.1562533676624298,0.31186068058013916,0.3532392978668213,0.4864892363548279,0.2199893593788147,-0.2732012253254652,-0.5915911197662354,0.04518866911530495,-0.14615699648857117,-0.5091527700424194,0.2168387770652771,0.13720055669546127,-0.05523185431957245,0.329632967710495
YNL272C,val,True,True,0.27734076976776123,0.20521997213363646,0.6610086560249329,-0.39953291416168213,0.1162162721157074,0.2512255907058716,0.39718225598335266,0.2435455396771431,0.34843236207962036,0.13865871727466583,-0.3667178079485893,-0.5685611963272095,-0.16487441956996918,0.12393946945667267,0.38645151257514954,-0.1385725736618042,0.020393118262290955,-0.18470227718353271,0.22548851370811462
YNL273W,val,True,True,-0.3935840129852295,0.07445128113031388,0.23253172636032104,-0.2132652997970581,0.17184434831142426,-0.05248510092496872,0.2336307317018509,0.41944047808647156,0.331203818321228,0.5076771378517151,0.3748672157526016,0.2820431590080261,0.4676912724971771,-0.11142458021640778,0.24467018246650696,-0.4675193428993225,-0.2637707218527794,-0.1626865416765213,-0.3648549020290375
YNL274C,val,True,True,-0.48088008165359497,-0.1284414440393448,-0.35289162397384644,-0.3072730600833893,0.2752538323402405,0.040699347853660583,-0.2979957163333893,0.296846479177475,0.27808311581611633,0.3156098425388336,0.3534279279410839,0.11884250491857529,0.5880133509635925,-0.033988118171691895,-0.20155131816864014,0.13357508182525635,0.002020038664340973,0.23263151943683624,-0.2285914421081543
YNL275W,val,True,True,-0.4516962170600891,0.2541505217552185,0.21074384450912476,0.43747174739837646,0.3695521056652069,-0.0431692898273468,0.2961542010307312,0.22179238498210907,0.1518101692199707,0.29177460074424744,0.1369023583829403,0.06871605664491653,0.20508866012096405,0.49917952716350555,0.342212051153183,0.6561470031738281,0.43094200640916824,0.052929773926734924,0.8089542388916016
YNL276C,val,False,False,-0.6934682130813599,-1.6590434789657593,-1.063007116317749,-2.093390464782715,-1.8811068534851074,-1.560296654701233,-1.6974163055419922,-1.1415010690689087,-1.0670831203460693,-1.215919017791748,-0.9088239669799805,0.2575230598449707,-2.0751709938049316,-1.3800190687179565,-0.9639722108840942,-1.7960659265518188,-1.5154485702514648,-1.7870618104934692,-1.2438353300094604
YNL277W,val,True,True,-0.6473166942596436,0.16062141321599482,0.15310901403427124,0.6087302565574646,0.12057536840438843,-0.01134573109447956,-0.06796184182167053,0.1374302115291357,0.288718044757843,-0.01385762169957161,0.3705003410577774,0.39508572220802307,0.34591495990753174,0.28594233095645905,-0.0051336586475372314,0.5770183205604553,0.05995596293359995,-0.0026660840958356857,0.12257800996303558
YNL277W-A,val,False,True,-1.4548627138137817,-1.0694057106971742,-1.0636096000671387,-0.5365229249000549,-2.2535407543182373,-0.8166998624801636,-0.6766554117202759,-1.2527379393577576,-1.0223907232284546,-1.4830851554870605,0.5924343764781952,0.6114345192909241,0.5734342336654663,-0.6178742609918118,-1.1650923490524292,-0.0706561729311943,-0.7188236713409424,-1.3299565315246582,-0.10769081115722656
YNL278W,val,True,True,0.7771170139312744,0.83682781457901,0.7660553455352783,1.0859375,0.8137748837471008,0.809258222579956,0.7091131210327148,0.8284320831298828,0.7001921534538269,0.9566720128059387,0.5661123245954514,0.6342810988426208,0.49794355034828186,0.72175332903862,0.9532060027122498,0.49030065536499023,1.0329993963241577,1.1838027238845825,0.8821960687637329
YNL279W,val,False,True,-0.6630777716636658,-0.8788142949342728,-1.8091803789138794,-1.8299388885498047,-0.33961614966392517,-0.3108760118484497,-0.10446004569530487,-0.5254466328769922,0.038696449249982834,-1.0895897150039673,-0.5951075702905655,-0.9539117813110352,-0.23630335927009583,-1.062394917011261,-0.7178372144699097,-1.4069526195526123,-0.7966471835970879,-1.6549724340438843,0.06167806684970856
YNL280C,val,True,True,0.12458529323339462,-0.14176060855388642,0.131300687789917,-0.8396645188331604,0.41645151376724243,-0.20214366912841797,-0.21474705636501312,0.2300480604171753,0.3613974452018738,0.0986986756324768,-0.2930527199059725,-0.6332507729530334,0.047145333141088486,-0.03886879049241543,-0.08177520334720612,0.004037622362375259,-0.14045482128858566,0.1346394270658493,-0.41554906964302063
YNL281W,val,False,True,1.0885035991668701,0.6008955955505371,0.19314810633659363,0.7450515627861023,0.8390803933143616,0.7731451988220215,0.45405271649360657,0.430974205955863,0.06157020851969719,0.8003782033920288,0.4839356988668442,0.573253333568573,0.39461806416511536,0.5466683506965637,0.3902238607406616,0.7031128406524658,0.5992662012577057,0.5278800129890442,0.6706523895263672
YNL282W,val,True,True,0.27146589756011963,0.8485246539115906,0.6025345921516418,1.071455478668213,1.1096575260162354,0.7398767471313477,0.7190989255905151,0.9206834137439728,1.152632236480713,0.6887345910072327,0.29608914256095886,0.21491995453834534,0.3772583305835724,0.9251431226730347,1.1621665954589844,0.688119649887085,0.455736368894577,0.10928076505661011,0.802191972732544
YNL283C,val,True,True,0.7707639932632446,0.6750750333070755,0.8115727305412292,0.9810321927070618,0.7286904454231262,0.20403476059436798,0.6500450372695923,0.8677034676074982,0.9849991202354431,0.7504078149795532,0.2915843576192856,0.3753032088279724,0.20786550641059875,0.9940653443336487,1.0646220445632935,0.9235086441040039,0.7639698088169098,0.9002946019172668,0.6276450157165527
YNL284C,val,True,True,0.505595326423645,0.366285240650177,0.06459346413612366,0.3101026117801666,0.2831420600414276,0.836692750453949,0.33689531683921814,0.3180729076266289,0.15846915543079376,0.477676659822464,-0.23814194090664387,-0.47632572054862976,4.183873534202576e-05,0.4238519221544266,0.19207820296287537,0.6556256413459778,0.09181724488735199,0.3525983393192291,-0.16896384954452515
YNL285W,val,False,False,-1.8435794115066528,-1.4741574048995971,-1.3736859560012817,-2.02817440032959,-1.6377744674682617,-1.1461344957351685,-1.185017704963684,-1.1415010690689087,-1.0670831203460693,-1.215919017791748,-0.028952011838555336,-0.11710511893033981,0.05920109525322914,-1.6013597249984741,-1.1266849040985107,-2.0760345458984375,-1.3952668905258179,-1.043225646018982,-1.7473081350326538
YNL286W,val,True,False,0.5810152292251587,-0.8320992410182952,-0.8478716015815735,-0.996577799320221,-0.7187203764915466,-0.3818782866001129,-1.2154481410980225,-1.1415010690689087,-1.0670831203460693,-1.215919017791748,0.19963015988469124,0.008643992245197296,0.3906163275241852,-1.091588020324707,-1.56574285030365,-0.6174331903457642,-0.7900201231241226,-1.37220299243927,-0.20783725380897522
YNL287W,val,False,True,0.6013215184211731,0.8636836647987366,0.962562620639801,0.9498852491378784,0.7923426032066345,0.8423358798027039,0.771291971206665,0.5701238960027695,0.6823243498802185,0.45792344212532043,0.29865020513534546,0.19582512974739075,0.40147528052330017,0.7447876632213593,0.8096728920936584,0.6799024343490601,0.8186406195163727,0.7848994135856628,0.8523818254470825
YNL288W,val,True,True,0.9483311176300049,-0.08767437040805817,0.7491409182548523,0.16208603978157043,-0.0900251716375351,-0.34108293056488037,-0.9184907078742981,-0.11002784967422485,0.4609464406967163,-0.681002140045166,0.02735932171344757,-0.0826466828584671,0.13736532628536224,-0.3922189772129059,-0.45373761653900146,-0.3307003378868103,0.8297311663627625,0.9109681844711304,0.7484941482543945
YNL289W,val,True,True,1.0956758260726929,0.9378419905900955,0.6351551413536072,1.580357551574707,0.22804893553256989,1.5613502264022827,0.6842980980873108,0.9648557901382446,0.9872062802314758,0.9425053000450134,0.35861335694789886,0.2877453565597534,0.4294813573360443,0.6950983107089996,0.4644630551338196,0.9257335662841797,0.635009415447712,0.23123301565647125,1.0387858152389526
YNL290W,val,True,True,0.7993960380554199,0.0691816508769989,0.12560150027275085,-0.014156214892864227,-0.08456086367368698,0.1703965961933136,0.14862723648548126,0.31448934227228165,0.48647695779800415,0.14250172674655914,0.06740737892687321,0.16602525115013123,-0.03121049329638481,-0.05826960876584053,0.016011230647563934,-0.132550448179245,0.17215324193239212,0.0647525042295456,0.27955397963523865
YNL291C,val,True,True,0.0962563306093216,-0.155578376352787,0.003946073353290558,-0.2919069230556488,0.10269738733768463,-0.4081796705722809,-0.1844487488269806,0.38098540902137756,0.45772072672843933,0.3042500913143158,-0.940218523144722,-1.418709397315979,-0.46172764897346497,-0.11998689919710159,-0.39534664154052734,0.15537284314632416,0.16591409966349602,-0.04048372060060501,0.37231191992759705
YNL292W,val,True,True,0.6294136047363281,-0.07641176581382751,0.18514734506607056,-0.699007511138916,0.18305161595344543,0.17011170089244843,-0.22136197984218597,0.1913927122950554,0.18263749778270721,0.20014792680740356,-0.617391973733902,-0.26235467195510864,-0.9724292755126953,-0.07277549803256989,0.3185901939868927,-0.46414119005203247,0.028243165463209152,-0.04545152932405472,0.10193786025047302
YNL293W,val,True,True,-0.08646665513515472,0.31236936450004577,0.39778652787208557,0.017083600163459778,0.7495831847190857,0.11899687349796295,0.2783966362476349,0.5348744243383408,0.5740094184875488,0.4957394301891327,0.7453177273273468,0.6382296681404114,0.8524057865142822,0.318831667304039,0.1371684968471527,0.5004948377609253,0.9437318444252014,0.5312349796295166,1.3562287092208862
YNL294C,val,False,True,0.4924442768096924,0.07188729494810105,-0.0790460854768753,-0.029379550367593765,0.737989604473114,-0.2517860531806946,-0.018341440707445145,0.16003210097551346,0.1954759806394577,0.12458822131156921,0.30321526527404785,0.2187289297580719,0.3877016007900238,0.014069750905036926,-0.12876160442829132,0.15690110623836517,0.25877044815570116,0.011160695925354958,0.5063802003860474
YNL295W,val,True,True,0.16614027321338654,0.5166606664657593,0.3600378632545471,0.7025842070579529,0.6327267289161682,0.4832087755203247,0.40474575757980347,0.4251133054494858,0.45141562819480896,0.3988109827041626,0.6621270030736923,1.0335606336593628,0.29069337248802185,0.37070465087890625,0.22098499536514282,0.5204243063926697,0.30952662229537964,0.33201006054878235,0.28704318404197693
YNL296W,val,False,False,-1.8294188976287842,-1.179297524690628,-0.6957225203514099,-1.794548749923706,-1.657960057258606,-0.4659455716609955,-1.2823107242584229,-1.1415010690689087,-1.0670831203460693,-1.215919017791748,-0.7531498670578003,-0.6227267384529114,-0.8835729956626892,-1.7130542397499084,-1.6298342943191528,-1.796274185180664,-1.4351248741149902,-1.3236240148544312,-1.5466257333755493
YNL297C,val,True,True,-0.038593001663684845,0.7071978271007537,0.6184249520301819,0.979498565196991,0.912241518497467,0.6446126103401184,0.3812114894390106,0.6119728833436966,0.7298953533172607,0.49405041337013245,0.711094930768013,0.2441258728504181,1.178063988685608,0.8338509798049927,0.9788147211074829,0.6888872385025024,0.5499360263347626,0.5539682507514954,0.5459038019180298
YNL298W,val,True,True,0.6691523194313049,0.9019487977027894,0.34087562561035156,1.5168235301971436,1.4489316940307617,0.6495136618614197,0.55359947681427,0.9610313773155212,0.992209255695343,0.9298534989356995,0.12043105810880661,0.46927860379219055,-0.22841648757457733,0.7384272813796997,0.5910313129425049,0.8858232498168945,0.6662860959768295,0.29471489787101746,1.0378572940826416
YNL299W,val,True,True,0.20887552201747894,0.4277958571910858,0.5374082922935486,0.23435017466545105,0.3410505950450897,0.7679060101509094,0.2582642138004303,0.12641191482543945,0.16235662996768951,0.09046719968318939,0.15545568242669106,0.07606742531061172,0.23484393954277039,0.26343099772930145,0.3081836402416229,0.21867835521697998,0.22938095033168793,0.1389547884464264,0.31980711221694946
YNL300W,val,True,True,2.404932975769043,0.058095406740903854,-0.3119724988937378,0.27073851227760315,0.4399816393852234,-0.10592792928218842,-0.0023426897823810577,0.8585821688175201,0.8959887623786926,0.8211755752563477,0.36418065428733826,-0.08596760034561157,0.8143289089202881,-0.11490795388817787,-0.07876322418451309,-0.15105268359184265,0.3235832452774048,0.17179206013679504,0.4753744304180145
YNL301C,val,True,True,0.8003262281417847,1.1275210738182069,1.1876431703567505,0.9551704525947571,1.396580457687378,0.9438467025756836,1.1543645858764648,1.0101643204689026,1.2908083200454712,0.729520320892334,-0.9877900183200836,-0.5406047701835632,-1.434975266456604,0.5246320366859436,0.6364763379096985,0.4127877354621887,1.2288772463798523,1.314494252204895,1.1432602405548096
YNL302C,val,True,True,1.3683531284332275,1.826412844657898,1.4508823156356812,1.996574878692627,2.1331369876861572,2.022839069366455,1.5286309719085693,1.6742650866508484,1.7745983600616455,1.5739318132400513,0.34956616163253784,0.333425372838974,0.3657069504261017,0.8510435968637466,0.3544887602329254,1.3475984334945679,1.801776111125946,1.7513163089752197,1.8522359132766724
YNL303W,val,False,False,-1.7252048254013062,-1.7821547746658326,-2.168902635574341,-1.8862919807434082,-1.8476181030273438,-1.1976040601730347,-1.8103570938110352,-1.1415010690689087,-1.0670831203460693,-1.215919017791748,-1.02599535882473,-1.860272765159607,-0.1917179524898529,-1.9050140976905823,-2.177687883377075,-1.6323403120040894,-1.7006887793540955,-2.24902606010437,-1.1523514986038208
YNL304W,val,True,True,-0.15835818648338318,0.42741243839263915,0.5244399309158325,0.6571318507194519,0.6505877375602722,-0.0934801697731018,0.39838284254074097,0.3959375321865082,0.4997860789299011,0.29208898544311523,0.8494026958942413,0.9129483699798584,0.7858570218086243,0.6426723301410675,0.9079387187957764,0.37740594148635864,0.9080286622047424,0.7951914072036743,1.0208659172058105
YNL305C,val,True,True,0.440973699092865,0.4802817076444626,0.8644915223121643,0.5603325963020325,0.4038463830947876,0.5061379075050354,0.06660012900829315,0.40893906354904175,0.4497443437576294,0.3681337833404541,0.47134581208229065,0.4729023873806,0.4697892367839813,0.9101763665676117,1.1443902254104614,0.675962507724762,0.9213566482067108,0.9777987599372864,0.8649145364761353
YNL306W,val,True,True,1.0235309600830078,0.7777126133441925,0.7984890341758728,0.9696139693260193,0.7309985756874084,0.3528183400630951,1.036643147468567,0.7921480238437653,0.8950889706611633,0.6892070770263672,0.6634654253721237,0.8474584817886353,0.4794723689556122,0.7722060084342957,0.7959305644035339,0.7484814524650574,0.8689566552639008,0.8639553189277649,0.8739579916000366
YNL307C,val,True,True,0.5912617444992065,0.4598208241164684,0.4450364112854004,0.6508502960205078,-0.02531507983803749,0.3612552285194397,0.8672772645950317,0.5874626636505127,0.5986179709434509,0.5763073563575745,0.4503321647644043,0.28193897008895874,0.6187253594398499,0.2558807283639908,0.252326101064682,0.25943535566329956,0.5523782521486282,0.3755601942539215,0.729196310043335
YNL308C,val,True,True,1.495379090309143,0.6770621955394744,0.8968769907951355,0.43689095973968506,1.2254925966262817,0.5434761047363281,0.282574325799942,0.6066050231456757,0.6301186084747314,0.5830914378166199,0.6047531217336655,0.8828253149986267,0.3266809284687042,0.8879691660404205,0.9167365431785583,0.8592017889022827,0.7560974061489105,0.7526986002922058,0.7594962120056152
YNL309W,val,True,True,0.9561380743980408,-0.11909163594245911,-0.29719269275665283,-0.48207002878189087,0.35493654012680054,-0.23402708768844604,0.06289508938789368,0.24133893847465515,0.25413286685943604,0.22854501008987427,0.6804856061935425,0.7181038856506348,0.6428673267364502,0.08339925110340118,-0.1314237415790558,0.29822224378585815,-0.421829747967422,-0.008825039491057396,-0.8348344564437866
YNL310C,val,True,True,1.0197200775146484,0.07735335901379585,-0.0077911242842674255,0.08087383210659027,0.21759366989135742,0.15423652529716492,-0.05814610794186592,0.18525778502225876,0.22069169580936432,0.1498238742351532,0.0919712521135807,-0.023271746933460236,0.20721425116062164,-0.12728684954345226,-0.23513486981391907,-0.01943882927298546,-0.22489922493696213,-0.1767839640378952,-0.27301448583602905
YNL311C,val,True,True,0.39776426553726196,0.7693889737129211,0.6672050356864929,0.884444534778595,0.9591589570045471,0.7013444900512695,0.6347918510437012,0.7414872646331787,0.8970768451690674,0.58589768409729,0.43193136155605316,0.26873013377189636,0.59513258934021,0.33443987742066383,0.029278464615345,0.6396012902259827,0.7603983879089355,0.652131199836731,0.8686655759811401
YNL312W,val,True,True,0.29177722334861755,0.008870469033718109,0.10069457441568375,-0.1582765132188797,0.1638452261686325,-0.19587403535842896,0.13396309316158295,0.5056610703468323,0.45571935176849365,0.5556027889251709,-0.017540141940116882,-0.29785245656967163,0.26277217268943787,-0.08917048200964928,0.02965710312128067,-0.20799806714057922,-0.32663594279438257,-0.02815362997353077,-0.6251182556152344
YNL313C,val,True,True,0.5700181126594543,0.07398680038750172,-0.31066495180130005,0.3032360076904297,0.32149940729141235,0.01781395636498928,0.03804958239197731,0.618865579366684,0.5913973450660706,0.6463338136672974,0.050481028854846954,-0.08052647113800049,0.1814885288476944,0.20725491642951965,0.15160369873046875,0.26290613412857056,-0.19705288112163544,-0.2631526291370392,-0.1309531331062317
YNL314W,val,False,True,0.1441822052001953,0.3148876458406448,0.6557665467262268,-0.07182419300079346,0.4835955500602722,0.3211764097213745,0.1857239156961441,0.3399820923805237,0.42446282505989075,0.2555013597011566,0.29247819632291794,0.39012303948402405,0.19483335316181183,0.611262634396553,0.9294893741607666,0.2930358946323395,0.05142631754279137,-0.0732119157910347,0.17606455087661743
YNL315C,val,False,True,-0.011071300134062767,0.43019654750823977,0.5527823567390442,0.19557178020477295,0.69391930103302,0.6384657621383667,0.07024353742599487,0.43706341087818146,0.5390812158584595,0.33504560589790344,0.2393241673707962,0.3117358684539795,0.16691246628761292,0.14403480291366577,0.3931190073490143,-0.10504940152168274,0.2966463267803192,0.35488757491111755,0.23840507864952087
YNL316C,val,False,True,0.2268999069929123,0.3534504443407059,0.19594132900238037,0.1687992364168167,0.7582648396492004,0.25125688314437866,0.3929899334907532,0.2174377292394638,0.29171571135520935,0.14315974712371826,0.7114518284797668,0.7359416484832764,0.6869620084762573,0.37937459349632263,0.18836790323257446,0.5703812837600708,0.28086157143116,-0.0818006694316864,0.6435238122940063
YNL317W,val,False,True,0.44729316234588623,-1.8489884376525878,-1.6629282236099243,-2.444074869155884,-2.246652841567993,-1.4987608194351196,-1.3925254344940186,-1.8529229760169983,-1.7650341987609863,-1.9408117532730103,0.4641645848751068,0.3749188780784607,0.5534102916717529,-1.5005990266799927,-1.4062858819961548,-1.5949121713638306,-2.65205717086792,-2.718987464904785,-2.5851268768310547
YNL318C,val,True,True,-2.0581986904144287,-1.7822359800338745,-1.5226651430130005,-2.170701503753662,-2.067012071609497,-1.213122844696045,-1.937678337097168,-1.8789085745811462,-1.8758599758148193,-1.8819571733474731,0.3222567290067673,0.7138615250587463,-0.06934806704521179,-1.615900695323944,-1.6328505277633667,-1.5989508628845215,-2.2948046922683716,-2.1253914833068848,-2.4642179012298584
YNL319W,val,False,False,-1.9463707208633423,-1.6951655387878417,-1.7768555879592896,-2.0234553813934326,-1.8207745552062988,-1.7355049848556519,-1.1192371845245361,-1.1415010690689087,-1.0670831203460693,-1.215919017791748,-0.7701075375080109,-0.6658104658126831,-0.8744046092033386,-1.8492103815078735,-1.670337438583374,-2.028083324432373,-1.9177924990653992,-2.0044710636138916,-1.8311139345169067
YNL320W,val,True,True,-0.7730399370193481,0.20329419076442717,0.29137909412384033,0.09772875905036926,0.38713473081588745,-0.06591741740703583,0.3061457872390747,0.5768067836761475,0.5840697884559631,0.5695437788963318,-0.012504259124398232,-0.06456752121448517,0.039559002965688705,0.2740878649055958,0.1104503646492958,0.43772536516189575,0.3632725477218628,0.3546830117702484,0.3718620836734772
YNL321W,val,True,True,0.6215434670448303,1.0521543741226196,1.2671645879745483,1.0920934677124023,1.1111087799072266,0.9114904999732971,0.8789145350456238,0.5870850533246994,0.83329838514328,0.3408717215061188,0.8640645146369934,1.1403825283050537,0.5877465009689331,1.242749273777008,1.1669148206710815,1.3185837268829346,0.9297994673252106,0.9184827208518982,0.941116213798523
YNL322C,val,True,True,1.0672651529312134,0.7289916396141052,0.7783914804458618,0.5525546669960022,0.8137787580490112,0.8840531706809998,0.6161801218986511,0.7963394224643707,0.9568284153938293,0.6358504295349121,-1.163867473602295,-1.166145920753479,-1.1615890264511108,0.4515635669231415,0.6884808540344238,0.21464627981185913,0.2468099296092987,0.454786092042923,0.03883376717567444
YNL323W,val,True,False,0.28324663639068604,-0.9088246166706085,0.13774201273918152,-0.9878352284431458,-0.5798138976097107,-1.2613810300827026,-1.852834939956665,-1.1415010690689087,-1.0670831203460693,-1.215919017791748,0.2727099359035492,0.349407434463501,0.1960124373435974,-0.08863271959125996,-0.04169914498925209,-0.13556629419326782,-0.4088059104979038,0.06299852579832077,-0.8806103467941284
YNL324W,val,False,False,-1.9863955974578857,-1.7662474870681764,-1.1391854286193848,-1.9867641925811768,-2.1477131843566895,-1.8728867769241333,-1.684687852859497,-1.1415010690689087,-1.0670831203460693,-1.215919017791748,-1.7062602639198303,-1.7961546182632446,-1.616365909576416,-1.7837277054786682,-1.4947654008865356,-2.072690010070801,-1.635689377784729,-1.3752092123031616,-1.8961695432662964
YNL325C,val,True,False,-0.6301618218421936,-0.7187515527009964,-0.353079617023468,-1.2717938423156738,-0.6122488975524902,0.11804060637950897,-1.4746760129928589,-1.1415010690689087,-1.0670831203460693,-1.215919017791748,0.09568586573004723,0.024227075278759003,0.16714465618133545,-0.6721262037754059,-0.5775133371353149,-0.7667390704154968,-0.7782803475856781,-0.7468580603599548,-0.8097026348114014
YNL326C,val,True,True,-0.2399575263261795,-0.34730929136276245,-0.3712919354438782,-0.8046436309814453,-0.1758197695016861,-0.04015110433101654,-0.34464001655578613,-0.5921651422977448,-0.34623825550079346,-0.838092029094696,-0.11530357971787453,-0.24877089262008667,0.018163733184337616,-0.8404577374458313,-0.7673138976097107,-0.9136015772819519,-0.3466544710099697,-0.6473416686058044,-0.04596727341413498
YNL327W,val,False,True,1.55058753490448,1.2762441158294677,1.767511010169983,1.338582992553711,1.0376155376434326,1.436928391456604,0.8005826473236084,0.9873444139957428,1.0016716718673706,0.973017156124115,0.6269505172967911,0.8354721665382385,0.41842886805534363,1.3925062417984009,1.8710678815841675,0.9139446020126343,1.375571370124817,1.3390896320343018,1.412053108215332
YNL328C,val,True,True,0.5453493595123291,-0.828789108991623,-1.0093718767166138,-1.129775047302246,-1.103416085243225,-0.3651154935359955,-0.5362670421600342,-0.15925563126802444,-0.23180989921092987,-0.08670136332511902,-0.36395832896232605,-0.3869190812110901,-0.340997576713562,-0.5056245476007462,-0.34995684027671814,-0.6612922549247742,-0.9677298665046692,-1.428259253501892,-0.5072004795074463
YNL329C,val,True,True,-0.14529965817928314,0.03149682953953743,0.02033284306526184,-0.13597311079502106,0.22959980368614197,0.06545004993677139,-0.021925438195466995,0.26681505888700485,0.17163027822971344,0.36199983954429626,0.1757429949939251,-0.032531507313251495,0.3840174973011017,-0.11076734587550163,-0.01704210788011551,-0.20449258387088776,0.11886484175920486,0.21155332028865814,0.026176363229751587
YNL330C,val,True,True,0.6466089487075806,0.26879800446331503,0.4536544680595398,0.2180405557155609,0.3880559206008911,0.027183378115296364,0.25705569982528687,0.43531474471092224,0.532808780670166,0.33782070875167847,0.3821866661310196,0.6220682263374329,0.14230510592460632,0.5267126709222794,0.7606180310249329,0.29280731081962585,0.291058786213398,0.248109832406044,0.33400774002075195
YNL331C,val,True,False,-0.5127608776092529,-1.857290554046631,-2.2280852794647217,-1.844015121459961,-2.1623008251190186,-1.4078322649002075,-1.6442192792892456,-1.1415010690689087,-1.0670831203460693,-1.215919017791748,-0.884543240070343,-1.2076678276062012,-0.5614186525344849,-2.0572338700294495,-2.2271029949188232,-1.8873647451400757,-1.978902816772461,-2.1152145862579346,-1.8425910472869873
YNL332W,val,False,True,-1.9795371294021606,-1.3351966977119445,-1.2843701839447021,-1.990046739578247,-1.5203123092651367,-1.2344415187835693,-0.6468127369880676,-0.701176106929779,-0.6461053490638733,-0.7562468647956848,-1.9344560503959656,-2.287299394607544,-1.5816127061843872,-1.878025233745575,-1.9859246015548706,-1.7701258659362793,-1.4994947910308838,-1.899732232093811,-1.0992573499679565
YNL333W,val,True,True,-0.8009934425354004,-0.19200949668884276,0.19858163595199585,-0.36202186346054077,-0.13679403066635132,-0.30348730087280273,-0.3563259243965149,-0.20701594837009907,-0.036596838384866714,-0.3774350583553314,-0.7080577462911606,-1.0607318878173828,-0.35538360476493835,-0.1502280943095684,0.08918286114931107,-0.3896390497684479,0.006404423154890537,-0.020080743357539177,0.03288958966732025
YNL334C,val,False,True,-1.0648350715637207,-0.8207072012126446,-1.425221562385559,-0.729671061038971,-0.0101085864007473,-0.816127359867096,-1.1224074363708496,-0.31980970688164234,-0.6789224743843079,0.03930306062102318,-1.122453510761261,-1.1737315654754639,-1.071175456047058,-0.9651988744735718,-1.4761215448379517,-0.4542762041091919,-0.7694564610719681,-1.4493119716644287,-0.08960095047950745
YNL335W,val,False,True,-2.044090509414673,-0.8880371630191803,-1.2382184267044067,-1.6811575889587402,-0.8400906920433044,-0.5199666023254395,-0.16075250506401062,0.04739244282245636,0.22653521597385406,-0.13175033032894135,-2.0720927715301514,-2.013460636138916,-2.1307249069213867,-1.4640215635299683,-1.0383347272872925,-1.889708399772644,-1.4098680019378662,-1.0141159296035767,-1.8056200742721558
YNL336W,val,True,True,-0.9448878169059753,-1.0500639259815217,-1.4810675382614136,-1.1316659450531006,-0.4357468783855438,-0.7564173340797424,-1.4454219341278076,-0.48543309420347214,-1.1079998016357422,0.1371336132287979,-0.8779629170894623,-1.3141568899154663,-0.44176894426345825,-1.1465741991996765,-1.2146782875061035,-1.0784701108932495,-1.447085201740265,-1.6004287004470825,-1.2937417030334473
YNL337W,val,False,False,-2.088510751724243,-2.1832273483276365,-2.2330033779144287,-2.267241954803467,-2.255469799041748,-2.0379977226257324,-2.1224238872528076,-1.1415010690689087,-1.0670831203460693,-1.215919017791748,-2.27888560295105,-2.409503698348999,-2.1482675075531006,-2.115139961242676,-2.2052862644195557,-2.024993658065796,-2.2092772126197815,-2.4429996013641357,-1.9755548238754272
YNL338W,val,False,False,-0.7456964254379272,-1.3829447865486144,-0.6358872056007385,-1.874943494796753,-1.7145936489105225,-1.0848667621612549,-1.6044328212738037,-1.1415010690689087,-1.0670831203460693,-1.215919017791748,-1.5473260879516602,-1.3533645868301392,-1.7412875890731812,-1.3446903824806213,-1.0228655338287354,-1.6665152311325073,-1.6244807243347168,-1.5658081769943237,-1.6831532716751099
YNL339C,val,False,True,-2.088510751724243,-1.716124176979065,-1.9031978845596313,-1.8480300903320312,-1.8749213218688965,-1.9000587463378906,-1.054412841796875,-1.2579424977302551,-1.2683643102645874,-1.2475206851959229,-2.157145380973816,-2.21720552444458,-2.0970852375030518,-1.8162033557891846,-1.74217689037323,-1.8902298212051392,-1.272841215133667,-0.9391921758651733,-1.6064902544021606
YNL339W-A,val,False,False,-2.088510751724243,-2.112434959411621,-2.1742260456085205,-2.194647789001465,-2.236009359359741,-1.9029152393341064,-2.0543763637542725,-1.1415010690689087,-1.0670831203460693,-1.215919017791748,-2.324120879173279,-2.396954298019409,-2.2512874603271484,-2.2312238216400146,-2.243046760559082,-2.2194008827209473,-2.114580512046814,-2.2950222492218018,-1.9341387748718262
YNL339W-B,val,False,False,-2.088510751724243,-2.157426905632019,-2.20593523979187,-2.1735386848449707,-2.2542836666107178,-1.9938246011734009,-2.1595523357391357,-1.1415010690689087,-1.0670831203460693,-1.215919017791748,-2.1658443212509155,-2.092275619506836,-2.239413022994995,-2.160818338394165,-2.1635711193084717,-2.1580655574798584,-2.1234554648399353,-2.2697196006774902,-1.9771913290023804
YNR001C,val,True,True,0.647967517375946,0.2398659184575081,0.10529275983572006,0.1202482283115387,0.756149172782898,-0.20400096476078033,0.42164039611816406,-0.15000909566879272,0.3752102255821228,-0.6752284169197083,0.2565770298242569,0.3307267129421234,0.18242734670639038,0.37328918278217316,0.1324501931667328,0.6141281723976135,-0.006863221526145935,-0.0682477205991745,0.05452127754688263
YNR001W-A,val,False,False,-1.870608925819397,-1.9193809509277344,-2.0532987117767334,-1.5589330196380615,-2.202770948410034,-1.7450084686279297,-2.036893606185913,-1.1415010690689087,-1.0670831203460693,-1.215919017791748,-1.7195151448249817,-1.9966703653335571,-1.4423599243164062,-1.8163766264915466,-1.9190269708633423,-1.713726282119751,-1.718701422214508,-1.586571216583252,-1.8508316278457642
YNR002C,val,False,True,-0.9419748187065125,-0.5764584049582482,-1.1627097129821777,-0.05601748079061508,-0.7657033801078796,-0.1976938545703888,-0.7001675963401794,0.19196331314742565,-0.018321845680475235,0.40224847197532654,-0.08411463722586632,0.033760882914066315,-0.20199015736579895,0.16403014957904816,0.0810689628124237,0.2469913363456726,-0.48934178054332733,-0.897260308265686,-0.08142325282096863
YNR003C,val,True,True,0.14285893738269806,0.23940306454896926,0.4435429573059082,0.03240098059177399,0.32787075638771057,0.10776432603597641,0.2854363024234772,0.3433341681957245,0.3215812146663666,0.3650871217250824,0.5470779091119766,0.42002198100090027,0.674133837223053,0.5704912543296814,0.5289604663848877,0.6120220422744751,0.44381488859653473,0.3305950462818146,0.5570347309112549
YNR003W-A,val,False,False,-1.883122205734253,-1.124491810798645,-0.43038350343704224,-1.6542282104492188,-1.8250333070755005,-0.3152526021003723,-1.3975614309310913,-1.1415010690689087,-1.0670831203460693,-1.215919017791748,-0.04521584510803223,-0.2322058379650116,0.14177414774894714,-1.2086816132068634,-0.9968169331550598,-1.420546293258667,-0.9208848774433136,-0.8684136271476746,-0.9733561277389526
YNR004W,val,True,True,-0.6323053240776062,0.09872196689248085,0.18983474373817444,-0.3432807922363281,0.4953846335411072,0.1375495046377182,0.01412174478173256,0.3192431181669235,0.2634398937225342,0.37504634261131287,0.18711087852716446,0.29028135538101196,0.08394040167331696,0.14283335022628307,0.23454216122627258,0.051124539226293564,0.42716923356056213,0.762833297252655,0.09150516986846924
YNR005C,val,False,False,-2.088510751724243,-1.9487894296646118,-1.818985104560852,-2.061905860900879,-2.0916149616241455,-1.8167963027954102,-1.9546449184417725,-1.1415010690689087,-1.0670831203460693,-1.215919017791748,-0.8246244117617607,-0.024482831358909607,-1.6247659921646118,-2.019253194332123,-1.9652303457260132,-2.0732760429382324,-1.8783761262893677,-2.0641655921936035,-1.6925866603851318
YNR006W,val,False,True,0.5662606954574585,0.35366879738867285,0.7351238131523132,0.5703169703483582,0.08053779602050781,-0.01545858196914196,0.3978239893913269,0.3809557557106018,0.478942334651947,0.2829691767692566,0.4413454681634903,0.5939406752586365,0.2887502610683441,0.8611280620098114,0.8388073444366455,0.8834487795829773,0.39663925021886826,0.17941300570964813,0.6138654947280884
YNR007C,val,True,True,0.1722910851240158,0.21875181794166565,0.3713541030883789,0.17943201959133148,0.2319437712430954,0.1625869870185852,0.14844220876693726,0.20831522345542908,0.21733492612838745,0.1992955207824707,0.5457901209592819,0.6266067028045654,0.4649735391139984,0.2574772797524929,-0.10208351165056229,0.6170380711555481,0.2881915718317032,0.29726240038871765,0.2791207432746887
YNR008W,val,True,True,0.5476353764533997,-0.1735317438840866,-0.40031206607818604,0.03923565149307251,-0.12991271913051605,0.12961697578430176,-0.5062865614891052,0.11230191588401794,0.3499584197998047,-0.1253545880317688,-0.23048925213515759,-0.42027905583381653,-0.04069944843649864,-0.021689370274543762,-0.18028151988983154,0.13690277934074402,-0.10570520721375942,-0.03557009622454643,-0.1758403182029724
YNR009W,val,True,True,1.092413306236267,0.6139771670103074,0.37082183361053467,0.5781547427177429,1.2155460119247437,0.20656470954418182,0.6987985372543335,0.9360193014144897,0.8539053201675415,1.018133282661438,0.7543479949235916,1.255623698234558,0.2530722916126251,0.5491806268692017,0.5606517195701599,0.5377095341682434,0.6749900281429291,0.7963681817054749,0.5536118745803833
YNR010W,val,True,True,0.1531772017478943,0.2123315379023552,0.5726351141929626,-0.06494730710983276,0.17875972390174866,0.05162089318037033,0.3235892653465271,0.38320663571357727,0.4442775845527649,0.32213568687438965,0.32331596314907074,0.24345749616622925,0.40317443013191223,0.5483901500701904,0.578111469745636,0.5186688303947449,0.1156649999320507,-0.09262079745531082,0.32395079731941223
YNR011C,val,True,True,0.14159232378005981,0.6919735491275787,0.5448917746543884,0.3480242192745209,0.9812568426132202,0.9258973002433777,0.6597976088523865,0.4563222676515579,0.5095899701118469,0.4030545651912689,0.389985129237175,0.5033864974975586,0.2765837609767914,0.3448314853012562,0.11742077022790909,0.5722422003746033,0.6147024035453796,0.8195176124572754,0.4098871946334839
YNR012W,val,True,True,-0.09242703020572662,0.6775071382522583,0.5690510869026184,0.6330370306968689,0.594471275806427,0.9766160845756531,0.6143602132797241,0.5241325050592422,0.6732081770896912,0.37505683302879333,0.4918496757745743,0.35299864411354065,0.6307007074356079,0.6811609715223312,0.48521688580513,0.8771050572395325,0.6858102381229401,0.671562135219574,0.7000583410263062
YNR013C,val,False,True,0.5230391025543213,0.9853364586830139,1.060524344444275,0.8266106247901917,1.4773406982421875,0.686299741268158,0.8759068846702576,0.7322617918252945,1.0004390478134155,0.46408453583717346,0.4196806997060776,0.9349641799926758,-0.09560278058052063,0.9999210834503174,1.1780353784561157,0.821806788444519,0.8716552257537842,0.5267684459686279,1.2165420055389404
YNR014W,val,True,True,0.5006635785102844,0.06852595508098602,0.9652443528175354,-0.1113189160823822,0.19624750316143036,-0.2681375741958618,-0.4394055902957916,0.31870218366384506,0.1969870775938034,0.4404172897338867,0.39304275810718536,0.5537605881690979,0.23232492804527283,-0.02219044417142868,-0.2205686867237091,0.17618779838085175,0.6112986505031586,0.5594053864479065,0.6631919145584106
YNR015W,val,True,True,0.41384971141815186,0.3205345213413239,0.3793186545372009,0.4096178114414215,0.20308978855609894,0.237526074051857,0.3731202781200409,0.17212990671396255,0.19164489209651947,0.15261492133140564,0.7743396759033203,0.7372726798057556,0.811406672000885,0.44681574404239655,0.2027551233768463,0.6908763647079468,0.4485504627227783,0.4793029725551605,0.4177979528903961
YNR016C,val,True,True,0.743331253528595,0.9760298728942871,0.9181039929389954,0.750133216381073,1.9342658519744873,0.657018780708313,0.6206275224685669,0.6430978775024414,0.5888887047767639,0.6973070502281189,1.065181851387024,1.3047740459442139,0.825589656829834,1.084254115819931,1.2706307172775269,0.8978775143623352,1.1913768649101257,1.1492884159088135,1.233465313911438
YNR017W,val,False,True,1.145825743675232,0.6773958265781402,-0.18668344616889954,0.9533336758613586,1.2237825393676758,0.8515263795852661,0.5450199842453003,0.8722318708896637,0.9646986126899719,0.7797651290893555,0.11164572834968567,0.4203924834728241,-0.19710102677345276,-0.006202086806297302,-0.32886382937431335,0.31645965576171875,0.2635115534067154,-0.49405011534690857,1.0210732221603394
YNR018W,val,True,True,1.053863525390625,0.9728116691112518,0.8945140242576599,1.151975154876709,1.500236988067627,0.36957135796546936,0.947760820388794,1.0445413291454315,1.2533578872680664,0.8357247710227966,-0.6560342311859131,-1.6108285188674927,0.2987600564956665,1.005713015794754,1.2125204801559448,0.7989055514335632,0.9879394769668579,1.2240248918533325,0.7518540620803833
YNR019W,val,True,True,0.8125473856925964,0.8064172148704529,0.6733034253120422,0.6638472676277161,1.310395359992981,0.727300226688385,0.6572397947311401,0.27579817175865173,0.2731177806854248,0.27847856283187866,1.3144185543060303,1.4986993074417114,1.1301378011703491,0.6047715544700623,0.8152176737785339,0.3943254351615906,0.7990794628858566,0.4726867377758026,1.1254721879959106
YNR020C,val,False,True,0.6832398772239685,0.41543573439121245,0.5115669369697571,0.02076326310634613,0.6508188843727112,0.604243814945221,0.289785772562027,0.39916715025901794,0.4184541702270508,0.3798801302909851,0.6881265938282013,0.7305348515510559,0.6457183361053467,0.27856238558888435,0.09719745069742203,0.4599273204803467,0.44293659925460815,0.45314496755599976,0.43272823095321655
YNR021W,val,True,True,0.22206538915634155,0.6826288819313049,0.7398820519447327,0.5074219107627869,0.9196154475212097,0.7481118440628052,0.49811315536499023,0.8435117900371552,0.8838218450546265,0.8032017350196838,0.23222020268440247,0.1458095908164978,0.31863081455230713,0.5167908072471619,0.656636655330658,0.37694495916366577,0.779066413640976,0.7727449536323547,0.7853878736495972
YNR022C,val,True,True,0.8763889074325562,0.19085011184215545,0.24976378679275513,0.2749311327934265,0.1629963517189026,0.15321630239486694,0.11334298551082611,0.3471682667732239,0.293083131313324,0.4012534022331238,0.400087833404541,0.33284392952919006,0.46733173727989197,0.3651990443468094,0.40767809748649597,0.3227199912071228,0.19425268471240997,0.04169106483459473,0.3468143045902252
YNR023W,val,False,True,0.48324573040008545,0.3035403091460466,0.16853246092796326,0.10132314264774323,0.7248210310935974,0.019496852532029152,0.5035280585289001,0.31327690184116364,0.2538175880908966,0.37273621559143066,0.16811329126358032,0.002654433250427246,0.3335721492767334,0.32311612367630005,0.4916061460971832,0.15462610125541687,0.18708667159080505,0.2391882687807083,0.1349850744009018
YNR024W,val,True,True,1.1504887342453003,0.3958259217441082,0.395116925239563,0.3953171968460083,0.3620832860469818,0.8189835548400879,0.007628645747900009,-0.06047886051237583,-0.173602893948555,0.05264517292380333,0.803777813911438,0.7259011268615723,0.8816545009613037,0.32650478556752205,-0.12014486640691757,0.7731544375419617,0.16436191648244858,-0.18563611805438995,0.5143599510192871
YNR025C,val,False,False,-0.8495836853981018,-1.4928561687469482,-0.6413065195083618,-2.025151491165161,-1.6229710578918457,-1.3468481302261353,-1.8280036449432373,-1.1415010690689087,-1.0670831203460693,-1.215919017791748,-1.2688525021076202,-0.7071947455406189,-1.8305102586746216,-1.1489883065223694,-0.5348901748657227,-1.7630864381790161,-1.9840205311775208,-2.0081398487091064,-1.959901213645935
YNR026C,val,False,True,0.4278866648674011,0.3597108945250511,0.3116968274116516,0.3102782666683197,0.31042546033859253,0.7601830959320068,0.1059708222746849,0.5914200842380524,0.6439706683158875,0.5388695001602173,0.3093858063220978,0.4152549207210541,0.20351669192314148,0.3436348885297775,0.3784312903881073,0.30883848667144775,0.6177289932966232,0.47055384516716003,0.7649041414260864
YNR027W,val,True,True,0.24106691777706146,0.2839538902044296,0.3803878724575043,0.2532186508178711,0.30071496963500977,0.223166361451149,0.262281596660614,0.4906313270330429,0.5456804633140564,0.4355821907520294,0.3738098740577698,0.49296364188194275,0.2546561062335968,0.4198007732629776,0.21047785878181458,0.6291236877441406,0.6341570466756821,0.4973721206188202,0.770941972732544
YNR028W,val,True,True,1.0218532085418701,0.3184856168925762,-0.06053481996059418,0.7415400147438049,0.6123808026313782,0.29909199476242065,-4.990771412849426e-05,0.42846129834651947,0.2705273926258087,0.5863952040672302,0.23671092465519905,-0.04108842462301254,0.5145102739334106,0.9786279797554016,1.003819227218628,0.9534367322921753,0.7685007452964783,0.8503258228302002,0.6866756677627563
YNR029C,val,True,True,0.42870786786079407,0.20498933345079423,0.46747419238090515,-0.05286812037229538,0.40869128704071045,0.28885290026664734,-0.08720359206199646,0.4367459565401077,0.44741392135620117,0.4260779917240143,0.45324330031871796,0.5404952168464661,0.36599138379096985,0.06396720558404922,-0.0989786833524704,0.22691309452056885,0.13980204239487648,-0.07506384700536728,0.35466793179512024
YNR030W,val,True,True,0.037853650748729706,-0.29211867302656175,0.07236436754465103,-0.23413732647895813,-0.781295120716095,-0.15372911095619202,-0.3637961745262146,-0.13342622481286526,-0.047212835401296616,-0.2196396142244339,0.5621643383055925,1.091269612312317,0.03305906429886818,0.0782189778983593,0.049955613911151886,0.10648234188556671,-0.26813554018735886,-0.47272494435310364,-0.06354613602161407
YNR031C,val,False,True,0.3707766532897949,0.4232779234647751,0.6500070691108704,0.27767014503479004,0.7042694687843323,0.1581072062253952,0.32633572816848755,0.06213010847568512,0.22691379487514496,-0.10265357792377472,0.5738672465085983,0.8139254450798035,0.3338090479373932,0.4517303705215454,0.6173734068870544,0.2860873341560364,0.12756725307554007,-0.023215102031826973,0.2783496081829071
YNR032C-A,val,True,True,0.5066646933555603,-0.06940054446458817,-0.11801937967538834,-0.13289669156074524,0.12761329114437103,-0.2951933443546295,0.07149340212345123,0.14145579189062119,0.16636431217193604,0.11654727160930634,-0.8635415732860565,-1.0236291885375977,-0.7034539580345154,0.06637826561927795,0.2069040834903717,-0.0741475522518158,-0.3646734803915024,-0.45984211564064026,-0.2695048451423645
YNR032W,val,True,True,0.23875446617603302,0.2814891695976257,0.7633771300315857,0.21894392371177673,-0.2544035017490387,0.3391020894050598,0.3404262065887451,0.468817800283432,0.5588135719299316,0.3788220286369324,0.20618654787540436,0.1993672251701355,0.21300587058067322,0.601251482963562,0.6657677888870239,0.5367351770401001,0.32766683399677277,0.2601766884326935,0.39515697956085205
YNR033W,val,False,True,0.27789831161499023,-0.16257627606391906,-0.13573193550109863,-0.5294110774993896,0.0653432309627533,-0.07276296615600586,-0.1403186321258545,0.2679150775074959,0.19367928802967072,0.34215086698532104,-0.1391804739832878,-0.41848424077033997,0.14012329280376434,0.18841936066746712,0.08196959644556046,0.2948691248893738,0.027932867407798767,-0.1276574581861496,0.18352319300174713
YNR034W,val,True,True,-0.026530975475907326,0.9733408927917481,0.707362949848175,1.3538570404052734,1.3317302465438843,0.7722631096839905,0.701491117477417,0.6794483065605164,0.4674140214920044,0.8914825916290283,1.1761964559555054,1.1274458169937134,1.2249470949172974,0.5188740491867065,0.2025012969970703,0.8352468013763428,0.8055611103773117,0.4878164231777191,1.1233057975769043
YNR034W-A,val,True,True,-1.3688703775405884,-0.4770703285932541,-0.23606586456298828,-0.8280612230300903,-0.12886016070842743,-0.6227100491523743,-0.5696543455123901,0.04403594136238098,-0.23312631249427795,0.3211981952190399,-1.2309284210205078,-0.9227677583694458,-1.5390890836715698,-0.28837648034095764,-0.44448766112327576,-0.13226529955863953,-0.27192363142967224,-0.537314236164093,-0.006533026695251465
YNR035C,val,True,True,0.6687772274017334,0.6289109945297241,0.8447573781013489,0.5067549347877502,0.7702062129974365,0.48090893030166626,0.5419275164604187,0.5513910502195358,0.607308566570282,0.4954735338687897,0.673540472984314,0.8278539180755615,0.5192270278930664,0.8871242105960846,1.1258758306503296,0.6483725905418396,0.6582888513803482,0.304593950510025,1.0119837522506714
YNR036C,val,True,True,1.3263071775436401,0.7149914026260376,0.2169516682624817,1.0465192794799805,0.661730170249939,0.9612347483634949,0.688521146774292,0.6516493856906891,0.737669825553894,0.5656289458274841,0.4558059573173523,0.47516122460365295,0.43645069003105164,0.6283801198005676,0.5336917042732239,0.7230685353279114,0.6649714559316635,0.3670216500759125,0.9629212617874146
YNR037C,val,True,True,0.5998621582984924,1.102793550491333,1.044236183166504,1.1865930557250977,1.2892546653747559,1.2888092994689941,0.7050745487213135,0.8697926998138428,0.9224727749824524,0.8171126246452332,1.007491260766983,0.9631848931312561,1.05179762840271,1.2725229263305664,1.1270782947540283,1.4179675579071045,0.9169276058673859,0.9785622954368591,0.8552929162979126
YNR038W,val,True,True,0.3232063353061676,1.0200509786605836,1.1891943216323853,1.035857915878296,1.2969863414764404,0.7524915933609009,0.825724720954895,0.8040657639503479,0.8261590600013733,0.7819724678993225,0.455555722117424,0.40164223313331604,0.509469211101532,0.9962437450885773,0.6935296654701233,1.2989578247070312,0.9879632294178009,0.8655897974967957,1.1103366613388062
YNR039C,val,True,True,0.36014682054519653,0.3763655960559845,0.3060854375362396,0.3135431706905365,0.3155863285064697,0.6793681979179382,0.2672448456287384,0.3927237018942833,0.23451225459575653,0.5509351491928101,0.6785858571529388,0.5376598238945007,0.819511890411377,0.5077742487192154,0.30003276467323303,0.7155157327651978,0.38687261939048767,0.48353609442710876,0.2902091443538666
YNR040W,val,True,True,0.27781620621681213,0.21138013079762458,-0.15582068264484406,0.0005286522209644318,0.5755077004432678,0.3907935917377472,0.24589139223098755,0.3351471871137619,0.49038469791412354,0.17990967631340027,-0.10312297195196152,-0.3058933913707733,0.09964744746685028,0.03523140586912632,0.026062719523906708,0.04440009221434593,0.1028025895357132,0.694908857345581,-0.48930367827415466
YNR041C,val,False,True,0.23579561710357666,0.4439368098974228,0.631926417350769,0.019704416394233704,0.5670803785324097,0.6103206276893616,0.39065220952033997,0.5041195601224899,0.6610656380653381,0.3471734821796417,-1.091416835784912,-0.5400819778442383,-1.642751693725586,0.45609864592552185,0.5045472979545593,0.4076499938964844,0.4901600629091263,0.2992912828922272,0.6810288429260254
YNR042W,val,False,False,-1.4372284412384033,-1.1450704634189606,-0.35314449667930603,-1.6823556423187256,-0.9975257515907288,-1.0293339490890503,-1.6629924774169922,-1.1415010690689087,-1.0670831203460693,-1.215919017791748,-0.26013289391994476,-0.9955285787582397,0.4752627909183502,-1.074948787689209,-1.1833082437515259,-0.9665893316268921,-1.3803510069847107,-1.7183727025985718,-1.0423293113708496
YNR043W,val,True,True,0.6160674095153809,0.5548234224319458,0.6400212645530701,0.344857394695282,0.7614187598228455,0.7682947516441345,0.259524941444397,0.5960081219673157,0.5972825884819031,0.5947336554527283,0.45778128504753113,0.09191036224365234,0.8236522078514099,0.3827609270811081,0.39564111828804016,0.369880735874176,0.7031141370534897,0.4882826507091522,0.9179456233978271
YNR044W,val,False,True,0.7268106341362,-0.7155026495456696,-0.694191038608551,-1.7190628051757812,-0.5720882415771484,0.1277344524860382,-0.7199056148529053,-0.19026959501206875,0.0400233156979084,-0.4205625057220459,0.28872087597846985,0.25688305497169495,0.32055869698524475,-0.9977969825267792,-0.9543954730033875,-1.041198492050171,-1.3418070673942566,-1.7564499378204346,-0.9271641969680786
YNR045W,val,True,True,0.3874723017215729,0.36054227948188783,0.29579198360443115,0.28801730275154114,0.5070713758468628,0.5166628956794739,0.19516783952713013,0.5478871464729309,0.5662574172019958,0.529516875743866,0.514243446290493,0.8317824602127075,0.1967044323682785,0.558868870139122,0.41122516989707947,0.7065125703811646,0.6470606625080109,0.4721115231513977,0.822009801864624
YNR046W,val,True,True,1.200277328491211,0.5909209847450256,0.8862375617027283,0.48137587308883667,0.649061381816864,0.60759037733078,0.3303397297859192,0.5803775787353516,0.6373136639595032,0.5234414935112,0.13750961422920227,0.20824140310287476,0.06677782535552979,0.6034869253635406,0.557186484336853,0.6497873663902283,0.41737866401672363,0.45944589376449585,0.3753114342689514
YNR047W,val,True,True,0.5305339694023132,0.48656835556030276,0.3694685995578766,0.7371020317077637,0.40995025634765625,0.606082558631897,0.3102383315563202,0.4909851402044296,0.6072490811347961,0.3747211992740631,0.19542452692985535,-0.16902142763137817,0.5598704814910889,0.7038186490535736,0.6414852142333984,0.7661520838737488,0.2086414024233818,-0.16531731188297272,0.5826001167297363
YNR048W,val,True,True,-0.14708782732486725,0.5090779185295105,0.5392422676086426,0.052991658449172974,0.9268484711647034,0.7256751656532288,0.3006320297718048,0.32116804271936417,0.44059744477272034,0.201738640666008,0.5769981294870377,0.6758704781532288,0.47812578082084656,0.5391641110181808,0.6466568112373352,0.4316714107990265,0.69471675157547,0.5263025760650635,0.8631309270858765
YNR049C,val,True,True,0.7317106127738953,0.34831127524375916,0.31999242305755615,0.18002255260944366,0.5398022532463074,0.45536673069000244,0.24637241661548615,0.6011457741260529,0.6613872647285461,0.5409042835235596,0.4139941483736038,0.6013339161872864,0.22665438055992126,0.6179105937480927,0.5457892417907715,0.6900319457054138,0.4278739094734192,0.49557170271873474,0.36017611622810364
YNR050C,val,True,True,-0.18461166322231293,0.0686954028904438,0.03710239380598068,0.06902848184108734,0.053481828421354294,0.27892714738845825,-0.09506283700466156,0.8197127282619476,0.8938778042793274,0.7455476522445679,0.78836390376091,0.7538179755210876,0.8229098320007324,0.09417777508497238,0.2667900323867798,-0.07843448221683502,-0.02421712875366211,-0.06455680727958679,0.016122549772262573
YNR051C,val,False,True,1.2190274000167847,0.6300832867622376,0.6924838423728943,0.41310515999794006,1.208129644393921,0.43863818049430847,0.398059606552124,0.20940285176038742,0.14595739543437958,0.27284830808639526,0.5723147243261337,0.8167242407798767,0.32790520787239075,0.6812487542629242,0.7017415165901184,0.66075599193573,0.4849371612071991,0.4466090798377991,0.5232652425765991
YNR052C,val,True,True,1.2197984457015991,0.7859751105308532,0.8304902911186218,0.7761510014533997,0.9256055951118469,0.7264002561569214,0.6712284088134766,0.6086441278457642,0.6751686930656433,0.542119562625885,0.7737744450569153,1.0135623216629028,0.5339865684509277,0.8692809641361237,0.9644564986228943,0.774105429649353,0.45143918693065643,0.529836118221283,0.3730422556400299
YNR053C,val,True,True,1.2546136379241943,0.6514053523540497,0.44784361124038696,0.49568337202072144,0.9949114918708801,0.48788657784461975,0.8307017087936401,0.6351822465658188,0.7895874381065369,0.4807770550251007,-0.22046008706092834,-0.2072991132736206,-0.23362106084823608,0.3061131089925766,0.12917426228523254,0.48305195569992065,0.5821676552295685,0.5815452933311462,0.5827900171279907
YNR054C,val,True,True,1.12812077999115,0.4215943992137909,0.48466259241104126,-0.07366383075714111,0.8528043627738953,0.4411087930202484,0.40306007862091064,0.3869406431913376,0.35776615142822266,0.4161151349544525,0.5525972098112106,0.2484072744846344,0.8567871451377869,0.47960643470287323,0.7347919940948486,0.22442087531089783,0.170858733355999,0.2217770367860794,0.11994042992591858
YNR055C,val,True,True,0.04744011536240578,-0.3711077820509672,-1.4057313203811646,0.03122321516275406,0.1528678983449936,-0.01577344350516796,-0.6181252598762512,-0.2141234651207924,-0.5684961676597595,0.14024923741817474,0.4695708900690079,0.3126020133495331,0.6265397667884827,-0.8644257187843323,-0.8904532194137573,-0.8383982181549072,-1.1262840181589127,-1.78325617313385,-0.4693118631839752
YNR056C,val,True,False,-1.9906121492385864,-0.8092768251895904,0.17417719960212708,-1.7308332920074463,-0.8628119230270386,-0.7187679409980774,-0.9081481695175171,-1.1415010690689087,-1.0670831203460693,-1.215919017791748,0.32740890979766846,0.40823593735694885,0.24658188223838806,-0.695448026061058,-0.18381807208061218,-1.207077980041504,-0.6744752526283264,-0.3323647975921631,-1.0165857076644897
YNR057C,val,True,True,-1.075802206993103,-0.7293343350291253,0.09418802708387375,-1.524332046508789,-1.2931137084960938,-0.0978049784898758,-0.8256089687347412,-0.7477961480617523,-0.5798893570899963,-0.9157029390335083,0.42693231999874115,0.6118982434272766,0.2419663965702057,-0.15443406999111176,0.1429804563522339,-0.4518485963344574,0.025590799748897552,-0.16956780850887299,0.2207494080066681
YNR058W,val,True,True,-1.231744647026062,-0.7432422429323197,-0.12262614071369171,-0.5512772798538208,-1.7276782989501953,-0.3017217516899109,-1.0129077434539795,0.5126243233680725,0.299808144569397,0.725440502166748,-0.614747017621994,-0.9784780740737915,-0.25101596117019653,0.22532927989959717,0.30644404888153076,0.14421451091766357,-0.05319337546825409,0.061593711376190186,-0.16798046231269836
YNR059W,val,True,True,-0.6543464660644531,0.4222730457782745,0.1418609917163849,0.5661163926124573,0.5651037096977234,0.3442283272743225,0.4940558075904846,0.4146403819322586,0.42468565702438354,0.40459510684013367,-0.5710125509649515,-1.175166368484497,0.03314126655459404,0.6653314828872681,0.43446922302246094,0.8961937427520752,0.2108181267976761,0.48604676127433777,-0.0644105076789856
YNR060W,val,False,True,-1.1544252634048462,0.7849791347980499,1.0822460651397705,0.8444328904151917,0.8999963402748108,0.4644683301448822,0.6337520480155945,0.9541407525539398,1.0466384887695312,0.8616430163383484,-0.2685122638940811,0.17529794573783875,-0.712322473526001,1.0481401979923248,0.7832627892494202,1.3130176067352295,1.1799644231796265,1.3710459470748901,0.9888828992843628
YNR061C,val,True,True,-0.15279217064380646,0.3113672912120819,0.3758409321308136,-0.1317613422870636,0.5929156541824341,0.38569116592407227,0.3341500461101532,0.2692958861589432,0.27481627464294434,0.263775497674942,-1.7187620401382446,-1.8041921854019165,-1.6333318948745728,0.21098724007606506,0.24581730365753174,0.1761571764945984,0.22957973927259445,0.17587341368198395,0.28328606486320496
YNR062C,val,False,False,-1.8294707536697388,-2.025353717803955,-1.8447459936141968,-2.1184000968933105,-2.092740535736084,-1.9949504137039185,-2.0759315490722656,-1.1415010690689087,-1.0670831203460693,-1.215919017791748,-0.4811600595712662,-0.45036372542381287,-0.5119563937187195,-1.9810824394226074,-2.1220805644989014,-1.8400843143463135,-1.9241530299186707,-1.9588656425476074,-1.8894404172897339
YNR063W,val,True,False,-0.2987056374549866,-0.6887664094567298,-0.14813631772994995,-1.6646685600280762,0.07390158623456955,-1.0182573795318604,-0.6866713762283325,-1.1415010690689087,-1.0670831203460693,-1.215919017791748,-0.03421781212091446,0.13371366262435913,-0.20214928686618805,-0.6850812435150146,-0.192283034324646,-1.1778794527053833,-0.6323278546333313,-0.3531240224838257,-0.9115316867828369
YNR064C,val,True,True,-1.567745327949524,-0.5156338930130004,-1.2128711938858032,-0.5848037004470825,-0.2932237684726715,-0.32884982228279114,-0.15842097997665405,-0.22197312861680984,0.13295428454875946,-0.5769005417823792,-0.32585734874010086,-0.8565871119499207,0.20487241446971893,-1.2400548458099365,-1.689687967300415,-0.790421724319458,-0.7945746779441833,-1.7901597023010254,0.2010103464126587
YNR065C,val,True,False,-0.4220243990421295,-0.273571053147316,-0.08169664442539215,-1.1623108386993408,0.28748008608818054,0.335641473531723,-0.7469693422317505,-1.1415010690689087,-1.0670831203460693,-1.215919017791748,0.8498915731906891,1.043660283088684,0.6561228632926941,-0.27458807826042175,0.1566489338874817,-0.7058250904083252,-0.5972875207662582,-0.8809732794761658,-0.3136017620563507
YNR066C,val,True,True,-0.42241138219833374,-0.1350310780107975,0.07386883348226547,-0.2611960768699646,-0.9028682112693787,0.44406089186668396,-0.029020827263593674,0.28485530614852905,0.26079773902893066,0.30891287326812744,0.17242523282766342,0.1660635769367218,0.17878688871860504,0.4293258488178253,0.19237399101257324,0.6662777066230774,-0.11954477708786726,-0.008138513192534447,-0.23095104098320007
YNR067C,val,True,True,0.9822881817817688,0.12703035324811934,0.053679607808589935,0.921904981136322,-0.5598027110099792,-0.24601829051971436,0.4653881788253784,0.5142694115638733,0.3863970637321472,0.6421417593955994,-0.6084083393216133,-1.3053802251815796,0.08856354653835297,0.41073547303676605,0.5032660365104675,0.3182049095630646,0.435031920671463,0.6821666359901428,0.1878972053527832
YNR068C,val,False,False,-0.5785498023033142,-1.7016477823257445,-2.0872058868408203,-2.1089603900909424,-1.597168207168579,-1.105527639389038,-1.6093767881393433,-1.1415010690689087,-1.0670831203460693,-1.215919017791748,-0.7041273880749941,-1.384786605834961,-0.023468170315027237,-1.9606763124465942,-2.0654144287109375,-1.855938196182251,-2.0763145089149475,-2.3004560470581055,-1.8521729707717896
YNR069C,val,False,True,-0.36973050236701965,0.2702449530363083,0.19311568140983582,0.12364250421524048,0.45621591806411743,0.23677800595760345,0.34147265553474426,0.4501831382513046,0.5162950158119202,0.3840712606906891,-0.43585795164108276,-0.32346343994140625,-0.5482524633407593,-0.015091806650161743,-0.32383695244789124,0.29365333914756775,0.06965800374746323,-0.08664430677890778,0.22596031427383423
YNR070W,val,True,True,-1.6357150077819824,0.179431714117527,0.54941326379776,-0.03485448658466339,0.021885477006435394,0.03812018036842346,0.32259413599967957,-0.8692514896392822,-0.7165170907974243,-1.0219858884811401,0.9287848472595215,1.0499964952468872,0.8075731992721558,0.29767604172229767,0.30917564034461975,0.2861764430999756,0.31882980559021235,0.023173989728093147,0.6144856214523315
YNR071C,val,True,True,-1.5726510286331177,-1.7270187616348267,-1.7376092672348022,-2.3000991344451904,-1.7050576210021973,-1.3769153356552124,-1.515412449836731,-0.702679805457592,-0.12421272695064545,-1.2811468839645386,0.1099681407213211,-0.15763884782791138,0.3775751292705536,-1.7707275748252869,-1.8767496347427368,-1.664705514907837,-2.1340214610099792,-2.324035406112671,-1.9440075159072876
YNR072W,val,True,True,-1.9737300872802734,-2.094957876205444,-2.1447322368621826,-2.12601375579834,-2.169250965118408,-2.0916967391967773,-1.9430956840515137,-1.5092412233352661,-1.4711277484893799,-1.5473546981811523,-2.394631028175354,-2.5174918174743652,-2.2717702388763428,-1.9758855104446411,-1.8698205947875977,-2.0819504261016846,-1.9992656111717224,-2.319638729095459,-1.6788924932479858
YNR073C,val,True,False,-1.628213882446289,-1.7159032821655273,-1.4093050956726074,-1.7583532333374023,-1.8863879442214966,-1.8688231706619263,-1.656646966934204,-1.1415010690689087,-1.0670831203460693,-1.215919017791748,-0.33328887075185776,-0.6013912558555603,-0.06518648564815521,-1.6655553579330444,-1.5539854764938354,-1.7771252393722534,-1.9565444588661194,-2.02038311958313,-1.8927057981491089
YNR074C,val,True,True,0.09211117774248123,0.5695030570030213,0.1469261646270752,0.756228506565094,0.3678063750267029,1.0710231065750122,0.5055311322212219,0.27515240758657455,0.24450300633907318,0.3058018088340759,-0.07463149912655354,-0.16591933369636536,0.016656335443258286,0.18049168586730957,-0.27404361963272095,0.6350269913673401,0.9082502126693726,0.7639162540435791,1.052584171295166
YNR075C-A,val,False,True,-2.088510751724243,-2.107204461097717,-2.1873157024383545,-2.205092668533325,-2.1659679412841797,-1.8893593549728394,-2.0882866382598877,-1.7022313475608826,-1.4393138885498047,-1.9651488065719604,-1.5930988788604736,-2.33152174949646,-0.8546760082244873,-2.079306483268738,-2.0192503929138184,-2.1393625736236572,-1.5209319591522217,-2.2708258628845215,-0.7710380554199219
YNR075W,val,True,True,-0.4775683581829071,0.18202421367168425,0.17882606387138367,0.0524786040186882,0.3191640377044678,0.07151614874601364,0.28813621401786804,0.46430929005146027,0.45048993825912476,0.4781286418437958,-1.2057492136955261,-1.2529644966125488,-1.1585339307785034,0.2790926396846771,0.2431834638118744,0.31500181555747986,0.4911626726388931,0.5473794341087341,0.4349459111690521
YNR076W,val,True,True,-1.1100492477416992,-2.0089251041412353,-2.393381357192993,-1.5866119861602783,-2.001917600631714,-2.026277780532837,-2.0364367961883545,-1.526861310005188,-1.2135765552520752,-1.8401460647583008,-2.2749388217926025,-2.4148924350738525,-2.1349852085113525,-2.0302568078041077,-1.9594217538833618,-2.1010918617248535,-1.6577916741371155,-1.8106052875518799,-1.504978060722351
YNR077C,val,True,False,-2.088510751724243,-2.0468326568603517,-2.0271387100219727,-1.9056589603424072,-2.2859103679656982,-2.0939362049102783,-1.9215190410614014,-1.1415010690689087,-1.0670831203460693,-1.215919017791748,-1.7937754392623901,-1.667607307434082,-1.9199435710906982,-2.070009231567383,-2.0177953243255615,-2.122223138809204,-2.187239646911621,-2.3817226886749268,-1.9927566051483154
