gene_id,split,in_grid,has_sites,y_a_true,v3_ce_marker_dense_ens,v3_ce_marker_dense_seed42,v3_ce_marker_dense_seed123,v3_ce_marker_dense_seed456,v3_ce_marker_dense_seed789,v3_ce_marker_dense_seed2024,v4_abl_no_cis_ens,v4_abl_no_cis_seed42,v4_abl_no_cis_seed123,v4_abl_no_cis_seed456,v4_abl_no_cis_seed789,v4_abl_no_cis_seed2024,v8_headA_all_ens,v8_headA_all_seed42,v8_headA_all_seed123,v8_headA_all_seed456,v8_headA_all_seed789,v8_headA_all_seed2024
YOL001W,test,True,True,-0.24482521414756775,-0.6339439302682877,-0.2895627021789551,-1.458362340927124,-0.6258402466773987,-0.16281010210514069,-0.6331442594528198,-0.5500324685126543,-0.5126751661300659,-1.264639973640442,-0.4366875886917114,0.024961551651358604,-0.5611211657524109,0.03224919140338898,0.032422780990600586,0.2664673924446106,0.07064393162727356,-0.11205822229385376,-0.0962299257516861
YOL002C,test,True,True,0.04409168288111687,-0.834212702512741,-0.5370843410491943,-0.9010040760040283,-0.2924676239490509,-0.7598243355751038,-1.6806831359863281,-0.07785753235220909,-0.014894258230924606,-0.5215678811073303,-0.4375435411930084,0.46902593970298767,0.11569207906723022,-0.35241867899894713,-0.29774588346481323,-0.5857180953025818,-0.38993072509765625,0.15764620900154114,-0.6463449001312256
YOL003C,test,True,True,-0.007768542971462011,-0.26342459917068484,-0.14924737811088562,-0.43739068508148193,-0.32140958309173584,0.27610519528388977,-0.6851805448532104,0.4960959434509277,0.32133200764656067,0.572338342666626,0.5135447978973389,0.732891321182251,0.3403732478618622,0.11577459052205086,0.2655446231365204,0.18934617936611176,0.04171087592840195,0.07146219909191132,0.010809075087308884
YOL004W,test,True,True,0.8545726537704468,0.3210981011390686,0.6894175410270691,0.2805587649345398,0.02220931649208069,1.096592903137207,-0.4832880198955536,0.5551140248775482,0.7321704626083374,0.28239983320236206,0.5560491681098938,0.7687994241714478,0.4361512362957001,0.38412667736411094,0.4720737934112549,0.7518181204795837,0.30995315313339233,0.3363252282142639,0.05046309158205986
YOL005C,test,True,True,1.2221399545669556,0.30537496209144593,0.34833964705467224,0.31252992153167725,0.1111021339893341,0.5612187385559082,0.19368436932563782,0.7605835556983948,0.42477285861968994,0.8779206871986389,0.5733699202537537,1.1265021562576294,0.800352156162262,0.3249484360218048,0.3413505256175995,0.6333797574043274,0.3748406171798706,0.10397301614284515,0.1711982637643814
YOL006C,test,True,True,0.9821895956993103,1.3225401759147644,1.419597864151001,1.787611722946167,1.532450556755066,1.263893485069275,0.6091472506523132,1.2206133365631104,1.4218544960021973,1.2130166292190552,1.2136621475219727,1.3285940885543823,0.9259393215179443,1.0986578822135926,1.142524003982544,0.6187652945518494,1.6651289463043213,1.1560158729553223,0.9108552932739258
YOL007C,test,True,True,0.7977595925331116,0.4367764711380005,0.6852356791496277,-0.3016083538532257,0.7475566267967224,0.7496254444122314,0.3030729591846466,0.8408074975013733,1.001231074333191,0.6982364058494568,0.9511601328849792,0.7151228785514832,0.8382869958877563,0.43931291103363035,0.20690977573394775,0.30691319704055786,0.8305788636207581,0.32139289379119873,0.5307698249816895
YOL008W,test,False,True,-0.20285435020923615,-0.45680852346122264,-0.39551135897636414,-0.539007842540741,-0.8998671174049377,-0.0035473909229040146,-0.4461089074611664,0.26911903023719785,0.2276018261909485,-0.11780300736427307,0.42351198196411133,0.45184412598609924,0.3604402244091034,0.06891896948218346,-0.15677839517593384,0.22015053033828735,0.18472696840763092,0.056069083511829376,0.04042666032910347
YOL009C,test,False,True,0.19305314123630524,-0.08689020425081254,0.07522782683372498,-0.3549514710903168,-0.41332104802131653,0.24510563910007477,0.013488031923770905,0.23395171165466308,0.20018121600151062,-0.16950252652168274,0.3722964823246002,0.5085131525993347,0.2582702338695526,0.3093604803085327,0.14750707149505615,0.03621205687522888,0.7634400129318237,0.3611867427825928,0.23845651745796204
YOL010W,test,True,True,0.468755841255188,0.7442772030830384,0.8266334533691406,0.7339616417884827,0.5694481134414673,1.0230001211166382,0.5683426856994629,0.8023155927658081,0.7813907861709595,0.6952043175697327,0.8040603995323181,0.8866942524909973,0.844228208065033,0.46756134033203123,0.6910433173179626,0.3458283543586731,0.6112203001976013,0.25154703855514526,0.4381676912307739
YOL011W,test,True,True,-0.10579942166805267,0.8326929390430451,0.6503605842590332,1.1344642639160156,0.7823898196220398,1.3260786533355713,0.2701713740825653,1.1777521252632142,0.6991106271743774,1.5400618314743042,0.9545169472694397,1.5164525508880615,1.1786186695098877,1.0068836212158203,0.35604071617126465,1.1048321723937988,1.544247031211853,1.2481001615524292,0.7811980247497559
YOL012C,test,True,True,0.5497588515281677,0.7838273048400879,0.7845924496650696,0.7270879149436951,1.0967546701431274,0.5198808312416077,0.7908206582069397,0.8860552608966827,0.8679113388061523,1.0933936834335327,0.30267348885536194,0.9055343866348267,1.26076340675354,0.5201754182577133,0.4910680651664734,0.9613224864006042,0.32661959528923035,-0.04344724118709564,0.8653141856193542
YOL013C,test,True,True,0.2915593087673187,-0.14260608479380607,0.07935667037963867,-0.47610312700271606,0.024186018854379654,0.1395084261894226,-0.47997841238975525,0.15130264312028885,0.07195891439914703,-0.08124291151762009,0.23051178455352783,0.24960635602474213,0.28567907214164734,0.05221648886799812,-0.1959683895111084,0.23473161458969116,0.15801328420639038,0.043769508600234985,0.020536426454782486
YOL013W-A,test,False,True,-1.8897221088409424,-2.2736140727996825,-1.3339660167694092,-1.8104121685028076,-3.011842727661133,-2.8091681003570557,-2.402681350708008,-1.5903631448745728,-1.4510648250579834,-2.226573944091797,-1.704016923904419,-1.371554970741272,-1.1986050605773926,-1.9391522049903869,-2.309239625930786,-2.0520496368408203,-2.634255886077881,-2.095142126083374,-0.6050737500190735
YOL013W-B,test,False,False,-2.088510751724243,-0.5643523633480072,0.2606394290924072,-0.33281317353248596,-1.21504545211792,-0.5552338361740112,-0.9793087840080261,-0.16073987372219561,-0.17196565866470337,-0.31028562784194946,-0.1821877360343933,-0.027835587039589882,-0.1114247590303421,-1.694238829612732,-2.053703546524048,-1.7361571788787842,-1.9859570264816284,-1.8096686601638794,-0.8857077360153198
YOL014W,test,True,True,-0.08441035449504852,-0.15571492314338684,-0.3693394660949707,-0.33988267183303833,0.3887116014957428,0.7441327571868896,-1.2021968364715576,-0.03607422634959221,-0.04690605029463768,-0.601170539855957,-0.14462776482105255,0.7947137355804443,-0.18238051235675812,-0.204405215382576,-0.6840094327926636,-0.6709690690040588,0.5543860793113708,-0.452077180147171,0.23064352571964264
YOL015W,test,True,True,-1.1411479711532593,0.2885989844799042,0.6101480722427368,0.8600636124610901,-0.5798436403274536,0.882314920425415,-0.32968804240226746,0.33949064314365385,0.7297427654266357,-0.2040347456932068,0.08283494412899017,0.7216848731040955,0.36722537875175476,0.26501080989837644,0.1187383159995079,0.8308212161064148,0.28379562497138977,-0.08659297972917557,0.17829187214374542
YOL016C,test,True,True,0.41732484102249146,0.7657647967338562,1.0147795677185059,0.9170812964439392,0.6975911259651184,0.7699457406997681,0.42942625284194946,0.9516133069992065,1.3227736949920654,0.5066145062446594,0.811772882938385,1.0482383966445923,1.0686670541763306,0.8680801630020142,0.9784068465232849,0.8226892352104187,1.361793875694275,0.3612666130065918,0.8162442445755005
YOL017W,test,True,True,-0.20577266812324524,0.42714800536632536,0.7748336791992188,0.5410444140434265,0.06739988178014755,0.7664414048194885,-0.01397935301065445,0.5470563054084778,0.5165611505508423,0.6452443599700928,0.4025450646877289,0.9204921722412109,0.25043877959251404,0.602134644985199,0.6828608512878418,0.8289700150489807,0.4857889413833618,0.396709680557251,0.6163437366485596
YOL018C,test,False,True,0.5840561389923096,0.5143224239349365,0.772511899471283,0.37814706563949585,0.7614463567733765,0.8599117398262024,-0.20040494203567505,0.6814170002937316,0.4646300673484802,0.7234268188476562,0.7846317887306213,0.8762344121932983,0.5581619143486023,0.5689051270484924,0.6299938559532166,0.8016625046730042,0.1948941946029663,0.9046985507011414,0.3132765293121338
YOL019W,test,True,True,0.9133861660957336,0.6822289407253266,0.7367520928382874,1.1195526123046875,-0.02664545178413391,1.215620517730713,0.36586493253707886,1.028575611114502,0.6171825528144836,1.2622555494308472,0.7180758118629456,1.2780731916427612,1.2672909498214722,0.5392535135149956,0.8649225831031799,0.8996369242668152,-0.0402928963303566,0.4184783101081848,0.5535226464271545
YOL019W-A,test,False,True,-2.088510751724243,0.5052993953227997,0.8157405257225037,0.6186468005180359,0.1817239373922348,0.8379751443862915,0.07241056859493256,0.5421522937715053,0.4678686261177063,0.6018030047416687,-0.0011595673859119415,0.9812813401222229,0.6609680652618408,0.21706609278917313,0.38311266899108887,0.23373320698738098,0.22670625150203705,0.048071958124637604,0.19370637834072113
YOL020W,test,True,True,0.4595666825771332,0.5977634787559509,0.6786192059516907,0.3745581805706024,0.7836207747459412,1.0031064748764038,0.14891275763511658,0.900392347574234,0.11593171954154968,1.2697571516036987,1.1406135559082031,1.1913264989852905,0.784332811832428,0.55004623234272,0.8617162704467773,0.07321937382221222,0.2609958052635193,0.8891763687133789,0.6651233434677124
YOL021C,test,True,True,0.5032573342323303,0.7565886557102204,0.6794638633728027,0.5815760493278503,1.1206698417663574,1.2199755907058716,0.1812579333782196,0.8683896064758301,0.6894288063049316,0.8289240002632141,1.1450214385986328,1.0698237419128418,0.60875004529953,0.9987626433372497,0.6667421460151672,1.1553821563720703,1.587360143661499,0.930591881275177,0.6537368893623352
YOL022C,test,True,False,0.6085663437843323,-0.7160904765129089,-0.41231396794319153,-1.4706895351409912,-0.20353516936302185,-0.7419637441635132,-0.7519499659538269,-0.16073987372219561,-0.17196565866470337,-0.31028562784194946,-0.1821877360343933,-0.027835587039589882,-0.1114247590303421,-1.93014554977417,-1.7101143598556519,-2.091444969177246,-1.9822742938995361,-1.824954628944397,-2.0419394969940186
YOL023W,test,True,True,-0.2084423005580902,0.8231424212455749,1.1060289144515991,0.7709910869598389,0.8403208255767822,0.732278048992157,0.6660932302474976,1.1368416547775269,0.8835833668708801,1.4175150394439697,0.9915235638618469,1.2138230800628662,1.1777632236480713,0.8429116010665894,0.9791771769523621,1.0499510765075684,0.7974170446395874,0.44263380765914917,0.9453788995742798
YOL024W,test,False,False,-1.7144646644592285,-0.7633004706352949,-0.6910744905471802,-1.312605857849121,-0.7329659461975098,-0.023184916004538536,-1.056671142578125,-0.16073987372219561,-0.17196565866470337,-0.31028562784194946,-0.1821877360343933,-0.027835587039589882,-0.1114247590303421,-0.8984581232070923,-0.3434625267982483,-1.6597161293029785,-0.5561851859092712,-1.0210034847259521,-0.9119232892990112
YOL025W,test,True,True,-0.2484516054391861,0.5075828552246093,0.5734555125236511,0.3458281457424164,0.7926133275032043,0.40744221210479736,0.41857507824897766,1.2052070498466492,0.9062862992286682,1.1001616716384888,1.7861928939819336,1.111151933670044,1.1222424507141113,0.5504199236631393,0.5995370745658875,-0.0016401559114456177,0.6022505760192871,0.6713523268699646,0.8805997967720032
YOL026C,test,True,True,1.1321818828582764,0.24856967702507973,0.9201481342315674,-0.016140054911375046,-0.27394166588783264,0.34067031741142273,0.2721116542816162,0.8243837475776672,0.991106390953064,0.5926401615142822,0.7121968865394592,0.5746464729309082,1.2513288259506226,0.3656593675725162,0.7899195551872253,0.680228054523468,-0.002864005509763956,0.277000367641449,0.08401286602020264
YOL027C,test,True,True,0.9581441879272461,0.9241897344589234,1.5330822467803955,0.5278531908988953,0.9574759602546692,1.0670185089111328,0.5355187654495239,1.1141051411628724,1.048400640487671,1.1509337425231934,0.7984325289726257,1.3715585470199585,1.201200246810913,0.822343909740448,0.6407350301742554,0.7783544659614563,1.0045363903045654,1.027295708656311,0.6607979536056519
YOL028C,test,True,True,1.009493112564087,-0.23299617171287537,-0.185746431350708,-0.20076808333396912,-1.0684237480163574,0.5562562346458435,-0.2662988305091858,-0.34003461599349977,-0.2812420725822449,-0.8529754877090454,-0.7567948698997498,0.2617906332015991,-0.07095128297805786,0.2128658711910248,0.20877328515052795,0.15515141189098358,0.1946670413017273,0.24993948638439178,0.2557981312274933
YOL029C,test,True,False,0.1278906613588333,-0.8233631432056427,-0.3987490236759186,-1.0351026058197021,-0.8202831149101257,-0.5890045762062073,-1.2736763954162598,-0.16073987372219561,-0.17196565866470337,-0.31028562784194946,-0.1821877360343933,-0.027835587039589882,-0.1114247590303421,-1.0359585762023926,0.5493173003196716,-1.5649032592773438,-0.9600738883018494,-1.6122175455093384,-1.591915488243103
YOL030W,test,True,True,0.6964038014411926,0.06691790223121644,0.3339117765426636,-0.15652956068515778,-0.1360533982515335,0.26920199394226074,0.02405869960784912,0.6420912921428681,0.3675900995731354,0.8685132265090942,0.5600008368492126,0.877231776714325,0.537120521068573,0.3858545392751694,0.35697421431541443,0.3281528949737549,0.5953529477119446,0.1698138564825058,0.4789787828922272
YOL031C,test,True,True,0.4280807673931122,0.819323045015335,1.4168859720230103,0.6626819372177124,0.5750975608825684,0.9675557613372803,0.4743939936161041,1.1419477939605713,1.0157490968704224,1.052872657775879,1.1911568641662598,1.3663030862808228,1.0836572647094727,0.7432885646820069,0.6105923056602478,0.6942368149757385,0.8212187886238098,0.8050804734230042,0.7853144407272339
YOL032W,test,True,True,0.21024712920188904,0.8013714492321015,1.4832220077514648,0.4821315407752991,0.6503117084503174,0.9840497970581055,0.40714219212532043,0.9782187819480896,1.1979161500930786,0.5135334134101868,0.9491017460823059,1.4779998064041138,0.7525427937507629,0.8628667116165161,0.5185734033584595,1.2217686176300049,1.077904462814331,0.9152296781539917,0.5808573961257935
YOL033W,test,True,False,-0.537468671798706,-0.28366839736700056,-0.22601744532585144,-0.21717017889022827,-0.35253795981407166,-0.07121890038251877,-0.5513975024223328,-0.16073987372219561,-0.17196565866470337,-0.31028562784194946,-0.1821877360343933,-0.027835587039589882,-0.1114247590303421,-0.6172960489988327,-0.845981776714325,-0.5736902356147766,-0.9921346306800842,-0.7701886296272278,0.09551502764225006
YOL034W,test,True,True,0.2096780389547348,0.6925585269927979,1.437482476234436,0.7083249688148499,0.7370386123657227,0.736640989780426,-0.1566944122314453,0.7249949157238007,0.9122611284255981,0.8701276183128357,0.45486584305763245,0.7571494579315186,0.6305705308914185,0.6704851567745209,0.7182872891426086,0.41890767216682434,1.4138495922088623,0.3310685157775879,0.4703127145767212
YOL035C,test,False,False,-1.7548974752426147,-0.06927257999777794,0.1902279555797577,-0.645976185798645,0.0563032366335392,0.2370551973581314,-0.18397310376167297,-0.16073987372219561,-0.17196565866470337,-0.31028562784194946,-0.1821877360343933,-0.027835587039589882,-0.1114247590303421,-1.1755055904388427,-0.7044396996498108,-0.9835683703422546,-1.6677815914154053,-1.185703158378601,-1.336035132408142
YOL036W,test,True,True,0.5993341207504272,0.5302259802818299,0.23655667901039124,0.9888518452644348,0.4992670714855194,0.626388430595398,0.30006587505340576,0.594475382566452,0.46112191677093506,0.6135546565055847,0.6744739413261414,0.7239282131195068,0.49929818511009216,0.5017306447029114,0.32518160343170166,0.881611168384552,0.5939728617668152,0.32623136043548584,0.3816562294960022
YOL037C,test,False,False,-2.003502607345581,0.0023720830678939818,0.27737465500831604,-0.18525370955467224,0.3802800476551056,-0.13355787098407745,-0.326982706785202,-0.16073987372219561,-0.17196565866470337,-0.31028562784194946,-0.1821877360343933,-0.027835587039589882,-0.1114247590303421,-1.1812833905220033,-1.226981520652771,-1.1728599071502686,-1.317321538925171,-0.648994505405426,-1.5402594804763794
YOL038C-A,test,True,True,1.2752268314361572,0.5357463300228119,0.5766956210136414,0.4369778633117676,0.8989427089691162,0.6229500770568848,0.14316537976264954,0.7762269735336303,0.6810909509658813,0.9339601397514343,0.7217966914176941,0.838306188583374,0.7059808969497681,0.674513864517212,0.7588114142417908,0.44311994314193726,0.9945659041404724,0.7554988265037537,0.42057323455810547
YOL038W,test,True,True,1.3939096927642822,0.7527850866317749,0.8510760068893433,0.8111189007759094,1.0784918069839478,0.6880642175674438,0.3351745009422302,0.7215160131454468,0.5208593606948853,0.5532199740409851,0.8265829682350159,0.9749282598495483,0.7319895029067993,0.8534613132476807,1.0285900831222534,0.8791513442993164,0.9174933433532715,0.8572885394096375,0.5847832560539246
YOL039W,test,True,True,0.5832198262214661,1.3615859627723694,2.0663459300994873,0.9211718440055847,1.0498439073562622,1.339468002319336,1.4311001300811768,1.449583601951599,1.5243103504180908,1.2753618955612183,1.6514099836349487,1.5583339929580688,1.238501787185669,1.5930015087127685,1.6752656698226929,1.4198148250579834,1.7132289409637451,1.6814931631088257,1.4752049446105957
YOL040C,test,True,True,2.036766290664673,1.1548274517059327,1.4168691635131836,1.0342648029327393,1.497178554534912,1.1025599241256714,0.7232648134231567,1.3227631092071532,1.4288578033447266,1.2816818952560425,1.4466744661331177,1.4180885553359985,1.0385128259658813,1.1270029991865158,1.5218638181686401,1.321291208267212,1.6822869777679443,0.2129678577184677,0.8966051340103149
YOL041C,test,True,True,0.8016772866249084,1.0276650428771972,0.8313764929771423,0.9133837819099426,1.3565365076065063,1.0912762880325317,0.9457521438598633,1.0591623067855835,0.9374264478683472,1.13530433177948,1.1075830459594727,1.231658697128296,0.8838390111923218,1.2018025636672973,1.4424374103546143,1.0064539909362793,1.5661479234695435,0.9563634395599365,1.0376100540161133
YOL042W,test,False,False,-0.4801081418991089,-0.41444006115198134,-0.7666171193122864,-0.7716466784477234,-0.12142279744148254,0.05765532702207565,-0.4701690375804901,-0.16073987372219561,-0.17196565866470337,-0.31028562784194946,-0.1821877360343933,-0.027835587039589882,-0.1114247590303421,-0.9381232917308807,-0.4506590664386749,-1.3367118835449219,-1.1179893016815186,-0.988323986530304,-0.7969322204589844
YOL043C,test,True,False,-0.10829702764749527,-0.7201373528689146,-0.7089571952819824,-1.045702338218689,-1.1720138788223267,-0.00861135683953762,-0.6654019951820374,-0.16073987372219561,-0.17196565866470337,-0.31028562784194946,-0.1821877360343933,-0.027835587039589882,-0.1114247590303421,-1.2055146098136902,-1.7281461954116821,-1.5653245449066162,-0.7146322131156921,-0.8561409711837769,-1.1633291244506836
YOL044W,test,False,True,-0.2900741696357727,-0.06424233317375183,0.18672972917556763,-0.5862905979156494,0.3342229723930359,0.29527559876441956,-0.5511493682861328,0.02907998487353325,-0.06156650558114052,-0.7348098158836365,0.47553834319114685,0.2205304056406021,0.24570749700069427,0.011525878310203552,0.3914147615432739,-0.5790814757347107,-0.08428414165973663,0.20171692967414856,0.1278633177280426
YOL045W,test,True,True,0.2655080258846283,0.040869760885834695,-0.12145275622606277,-0.02875749208033085,0.04841696098446846,0.4636051058769226,-0.15746301412582397,0.19248917400836946,-0.07101787626743317,0.2726040482521057,-0.18506088852882385,0.29542309045791626,0.6504974961280823,0.0007805764675140381,0.24624493718147278,-0.48351722955703735,-0.1982976347208023,0.14603157341480255,0.2934412360191345
YOL046C,test,False,False,-1.9908815622329712,-0.23041043803095818,-0.10389582812786102,-0.3526308834552765,-0.060448598116636276,0.4131060838699341,-1.0481829643249512,-0.16073987372219561,-0.17196565866470337,-0.31028562784194946,-0.1821877360343933,-0.027835587039589882,-0.1114247590303421,-0.9543511026538909,-1.5198496580123901,-1.2076060771942139,-0.005109038669615984,-0.3057553470134735,-1.7334353923797607
YOL047C,test,True,True,-1.4915549755096436,0.2825727790594101,0.12198086082935333,0.20578628778457642,0.4472450613975525,0.5662701725959778,0.07158151268959045,0.20074824020266532,-0.05971682444214821,0.4792212247848511,0.21552561223506927,-0.1779870241880417,0.5466982126235962,-0.13682897835969926,-1.0733625888824463,0.13046817481517792,-0.10875735431909561,0.25762850046157837,0.10987837612628937
YOL048C,test,True,True,-0.14757080376148224,-0.5830768346786499,-0.39555662870407104,-0.9873164296150208,-0.15930968523025513,-0.5301246643066406,-0.843076765537262,-0.40821717083454134,-0.3649330139160156,-1.0314505100250244,-0.2972346246242523,-0.25750550627708435,-0.0899621993303299,-0.5807172656059265,-0.4059566557407379,-0.7073946595191956,-0.8731241822242737,-0.4146740734577179,-0.5024367570877075
YOL049W,test,True,True,0.6527405977249146,0.6040058553218841,0.39255470037460327,1.1248066425323486,0.603000283241272,0.5949441194534302,0.3047235310077667,0.8923562049865723,0.7370558977127075,0.8970192074775696,0.8597813844680786,1.0041441917419434,0.9637803435325623,0.42131197452545166,0.2441006302833557,0.32013407349586487,0.7462428212165833,0.13010236620903015,0.6659799814224243
YOL050C,test,False,False,-1.639182448387146,-0.693200221657753,-0.7950180768966675,-0.9328119158744812,0.17772585153579712,-0.20071251690387726,-1.7151844501495361,-0.16073987372219561,-0.17196565866470337,-0.31028562784194946,-0.1821877360343933,-0.027835587039589882,-0.1114247590303421,-0.9715682283043862,0.03357236832380295,-0.8961157202720642,-0.650550365447998,-1.3954330682754517,-1.9493143558502197
YOL051W,test,False,True,1.0828896760940552,1.3225508093833924,1.8752269744873047,1.2611151933670044,1.2938402891159058,1.4788368940353394,0.7037346959114075,0.9976969718933105,0.6849843859672546,0.9250959157943726,1.0498664379119873,1.3563247919082642,0.9722133278846741,1.1256664514541626,1.2142693996429443,0.7296712398529053,1.4756371974945068,1.3826355934143066,0.8261188268661499
YOL052C,test,True,True,0.7879452109336853,0.2670129701495171,0.6596472859382629,0.17596928775310516,0.3461178243160248,0.09444835036993027,0.058882102370262146,0.8828793406486511,0.9842913150787354,0.7645819783210754,1.0046474933624268,1.2023637294769287,0.45851218700408936,0.5040062844753266,0.6108784079551697,0.3152092695236206,0.6487787961959839,0.2788572609424591,0.6663076877593994
YOL052C-A,test,False,True,-0.3754267692565918,0.08431589603424072,0.6152125000953674,-0.22060030698776245,0.5611540675163269,0.2734212875366211,-0.8076080679893494,0.2834436699748039,0.02968846634030342,0.2274148166179657,-0.022902633994817734,0.8676152229309082,0.31540247797966003,0.288432252779603,1.118385910987854,-0.04488450288772583,0.8806158900260925,-0.01057433895766735,-0.5013816952705383
YOL053W,test,True,True,0.44812366366386414,-0.06986762136220932,-0.2283504754304886,-0.5790397524833679,0.5191044211387634,-0.1086791530251503,0.04762685298919678,-0.16032492369413376,-0.06607922911643982,-0.609948456287384,-0.07201233506202698,0.04015856236219406,-0.09374316036701202,-0.09760666415095329,0.11079064756631851,-0.4034486711025238,-0.39126449823379517,0.15312466025352478,0.04276454076170921
YOL054W,test,True,True,0.5431395173072815,0.06626327782869339,0.13237592577934265,-0.3710307776927948,0.11652867496013641,0.5740460157394409,-0.12060344964265823,0.36724597215652466,0.38020458817481995,0.27904626727104187,0.3028170168399811,0.4773475229740143,0.3968144655227661,0.04029588839039207,-0.12349922209978104,-0.5828763842582703,0.005178819876164198,0.8439314961433411,0.05874473229050636
YOL055C,test,False,False,-0.720003604888916,-0.5117309749126434,-0.7250297665596008,-0.6173391938209534,-0.7190082669258118,-0.1559106707572937,-0.3413669764995575,-0.16073987372219561,-0.17196565866470337,-0.31028562784194946,-0.1821877360343933,-0.027835587039589882,-0.1114247590303421,-0.9842040702700615,-0.12258132547140121,-0.9354041218757629,-1.2742300033569336,-0.6636378169059753,-1.9251670837402344
YOL056W,test,True,True,0.3795434534549713,0.23022548854351044,0.4020349383354187,0.11257678270339966,0.2191309630870819,0.4753699004650116,-0.05798514187335968,0.20980477035045625,0.15732340514659882,0.1520618498325348,0.06872935593128204,0.4754334092140198,0.19547583162784576,0.04275764375925064,-0.2549050748348236,-0.173167422413826,0.2141706496477127,0.06547228246927261,0.3622177839279175
YOL057W,test,False,True,0.21219883859157562,0.4202406108379364,0.5566390752792358,-0.020861685276031494,0.6417271494865417,0.6891750693321228,0.2345234453678131,0.349671396613121,0.23910242319107056,0.4301663041114807,0.12428613007068634,0.5792608857154846,0.37554123997688293,0.2828224807977676,0.3124239444732666,0.4628472924232483,0.2347596287727356,0.23368386924266815,0.17039766907691956
YOL058W,test,False,True,0.9782732129096985,0.38177317976951597,0.045049577951431274,0.5430571436882019,0.658146321773529,0.25201889872550964,0.4105939567089081,0.5065219819545745,0.1177486777305603,0.25399795174598694,0.436728835105896,0.9275790452957153,0.7965553998947144,0.6263767182826996,0.7202398180961609,0.6756665110588074,0.9730437397956848,0.2601684033870697,0.5027651190757751
YOL059W,test,True,True,1.514225721359253,0.9452489972114563,1.2967123985290527,0.9389180541038513,0.9335350394248962,0.9275587797164917,0.6295207142829895,1.4208775162696838,0.863254964351654,1.7058113813400269,1.3882300853729248,1.466889500617981,1.6802016496658325,0.8784725904464722,0.8311766386032104,1.0797252655029297,0.8520745635032654,0.5749173760414124,1.054469108581543
YOL060C,test,True,True,1.1175615787506104,0.8570724248886108,1.154046893119812,1.0432116985321045,1.4687378406524658,0.37862586975097656,0.2407398223876953,0.8492914736270905,1.0018175840377808,0.8711594939231873,0.3978390395641327,1.02700674533844,0.9486345052719116,0.6946304082870484,0.8818886876106262,0.6650113463401794,1.066770315170288,0.4573880434036255,0.40209364891052246
YOL061W,test,True,True,0.3633718192577362,0.2700443506240845,0.3258117139339447,0.3846266269683838,0.41410061717033386,0.8420106172561646,-0.6163278222084045,0.5991137087345123,0.520789623260498,0.7848800420761108,0.3821231424808502,0.7315887808799744,0.5761869549751282,0.36244846880435944,0.3545028269290924,0.31310784816741943,0.6424453854560852,0.37568649649620056,0.12649978697299957
YOL062C,test,True,True,0.5367338061332703,0.19218988716602325,0.12754854559898376,0.20854932069778442,0.14386843144893646,0.40115320682525635,0.07982993125915527,0.7348294258117676,0.6490889191627502,0.8942475318908691,0.7570218443870544,0.7895216941833496,0.5842671394348145,0.022441530227661134,0.3444164991378784,-0.5838828086853027,0.08436852693557739,0.13252268731594086,0.13478274643421173
YOL063C,test,True,False,-0.3278621435165405,0.11641181409358978,0.44454455375671387,-0.1796264350414276,0.2912525236606598,0.12141449004411697,-0.0955260619521141,-0.16073987372219561,-0.17196565866470337,-0.31028562784194946,-0.1821877360343933,-0.027835587039589882,-0.1114247590303421,-0.33408341407775877,-0.2977835536003113,-0.5280616879463196,0.0650586187839508,-0.33082935214042664,-0.5788010954856873
YOL064C,test,True,True,0.11875472962856293,0.030082107335329056,0.08263425529003143,0.0206715427339077,0.06379187852144241,0.14487822353839874,-0.161565363407135,0.5016754448413849,0.2881679832935333,0.6461502909660339,0.2955171763896942,0.825376033782959,0.453165739774704,0.13864155746996404,-0.06300972402095795,0.06836380064487457,0.46793103218078613,-0.019137082621455193,0.23905976116657257
YOL065C,test,False,True,0.22553029656410217,-0.6446783661842346,-0.7521479725837708,-0.5662757158279419,0.08527368307113647,-0.7350303530693054,-1.2552114725112915,-0.292426373437047,-0.42598429322242737,-0.7015154957771301,-0.19082500040531158,0.007821938022971153,-0.1516290158033371,-0.6368703961372375,0.24986517429351807,-0.49949946999549866,-0.3661511242389679,-1.0962058305740356,-1.4723607301712036
YOL066C,test,False,False,0.16731883585453033,-0.10822324752807617,0.11776137351989746,-0.2510475516319275,-0.3852914571762085,0.2639967203140259,-0.2865353226661682,-0.16073987372219561,-0.17196565866470337,-0.31028562784194946,-0.1821877360343933,-0.027835587039589882,-0.1114247590303421,-0.11298057436943054,0.47325146198272705,-0.6624665260314941,0.05509791150689125,-0.4734593629837036,0.04267364367842674
YOL067C,test,True,True,0.8396010398864746,0.42202636450529096,0.49977630376815796,0.7132946252822876,0.43711382150650024,0.5751753449440002,-0.11522827297449112,0.3234088718891144,0.21851301193237305,0.14546889066696167,0.4290424585342407,0.5531418323516846,0.2708781659603119,0.7299551844596863,0.6081750988960266,0.7848506569862366,0.614630401134491,1.1418513059616089,0.5002684593200684
YOL068C,test,True,True,0.8427512645721436,0.3460554495453835,0.2888830304145813,0.3354288339614868,0.6785997748374939,0.5207183361053467,-0.09335272759199142,0.5705800652503967,0.3971204161643982,0.5696747899055481,0.5169441103935242,0.7360904216766357,0.6330705881118774,0.5424816310405731,0.6335083246231079,0.7885950803756714,0.411868155002594,0.45422813296318054,0.42420846223831177
YOL069W,test,True,True,0.05310692638158798,-0.01318185105919838,0.1276189684867859,0.034481268376111984,-0.3897366523742676,0.4339926242828369,-0.2722654640674591,0.6149169623851776,0.602445662021637,0.7442985773086548,0.857596218585968,0.3854854702949524,0.4847588837146759,-0.11005095839500427,0.027782339602708817,-0.26990944147109985,-0.1502857655286789,-0.15079140663146973,-0.007050517946481705
YOL070C,test,True,True,0.7664246559143066,0.2544290542602539,0.36997008323669434,0.339264452457428,0.3004794418811798,0.2891448140144348,-0.026713520288467407,0.4104438543319702,0.31108689308166504,0.47007888555526733,0.6290772557258606,0.2899986803531647,0.35197755694389343,0.01647586524486542,0.4294808506965637,-0.18437039852142334,-0.10447011888027191,0.0648440569639206,-0.12310506403446198
YOL071W,test,True,True,0.9490100145339966,0.16384010389447212,0.500163733959198,-0.0586831234395504,0.4454573392868042,0.3356648087501526,-0.4034022390842438,0.22778551429510116,0.5324775576591492,-0.0439530685544014,0.33244210481643677,0.12807726860046387,0.18988370895385742,0.190115737169981,0.027641817927360535,0.16869030892848969,0.451879620552063,0.3517415225505829,-0.04937458410859108
YOL072W,test,False,True,0.022829845547676086,-1.0057639360427857,-0.9470556974411011,-0.8866426944732666,-0.6002575159072876,-0.9271684885025024,-1.6676952838897705,-0.839058069884777,-1.3499751091003418,-0.9989965558052063,-0.47511813044548035,-0.08883868902921677,-1.2823618650436401,-0.36602530926465987,-0.3746919333934784,-0.11754858493804932,-0.06285139173269272,-0.1810881793498993,-1.0939464569091797
YOL073C,test,False,True,0.20806501805782318,-0.850802543759346,-0.7760009765625,-0.9081381559371948,-0.15445400774478912,-1.00675368309021,-1.4086658954620361,-0.4978705421090126,-0.6605106592178345,-0.4990037679672241,-0.2561943233013153,-0.09707526117563248,-0.9765686988830566,-0.3269163444638252,-0.11244768649339676,-0.26997023820877075,-0.3546832799911499,-0.18006280064582825,-0.7174177169799805
YOL075C,test,True,True,-0.7440013289451599,-0.0028528086841106415,-0.1188698559999466,-0.025111746042966843,0.37391361594200134,0.44695764780044556,-0.6911537051200867,0.3070393979549408,0.20706471800804138,0.1315285861492157,0.5183927416801453,0.46999114751815796,0.20821979641914368,0.3634466230869293,0.4442720115184784,0.11405931413173676,0.4873671531677246,0.560437798500061,0.2110968381166458
YOL076W,test,True,True,0.453590452671051,0.6301436007022858,0.9419341683387756,0.4561259150505066,0.6105891466140747,0.9545690417289734,0.1874997317790985,1.0968904852867127,1.1138219833374023,1.1120171546936035,0.8998215794563293,1.416885256767273,0.9419064521789551,0.7414499878883362,0.7454046607017517,0.4763767123222351,1.0021250247955322,0.7358558177947998,0.7474877238273621
YOL077C,test,True,True,1.0322009325027466,0.8816369473934174,0.9518690705299377,1.0441884994506836,0.814060389995575,1.2342828512191772,0.36378392577171326,1.3964854955673218,1.2700968980789185,1.7323118448257446,1.2948400974273682,1.627498745918274,1.0576798915863037,0.7720295310020446,0.3980677127838135,0.7977916598320007,0.8677564263343811,1.1383297443389893,0.6582021117210388
YOL077W-A,test,True,True,1.6023564338684082,-0.38408934473991396,-0.47609490156173706,0.17557334899902344,-0.21146956086158752,-0.8668535351753235,-0.5416020750999451,0.39981373250484464,0.3818323016166687,0.5321810841560364,0.15496601164340973,0.5586937069892883,0.3713955581188202,0.20622497498989106,-0.047604694962501526,0.42531681060791016,0.4935985505580902,-0.10532981157302856,0.265144020318985
YOL078W,test,False,True,-0.04896540194749832,0.37245050221681597,0.690081775188446,0.3959040641784668,0.43087491393089294,0.3077992796897888,0.03759247809648514,0.6084840476512909,0.5067343711853027,0.6565819978713989,0.8934705853462219,0.4219161570072174,0.5637171268463135,0.0811934757977724,0.11421509832143784,-0.2762352526187897,0.38966619968414307,-0.0019246172159910202,0.18024595081806183
YOL079W,test,False,False,-1.9724780321121216,-0.20259796380996703,-0.0663958415389061,-0.2410794496536255,-0.1941731721162796,-0.06746035069227219,-0.44388100504875183,-0.16073987372219561,-0.17196565866470337,-0.31028562784194946,-0.1821877360343933,-0.027835587039589882,-0.1114247590303421,-1.5038185119628906,-1.5266293287277222,-1.3809876441955566,-1.264991283416748,-1.806860089302063,-1.5396242141723633
YOL080C,test,True,True,0.5001569986343384,-0.12087437659502029,0.17355205118656158,-0.42619016766548157,0.33310744166374207,-0.04403936117887497,-0.6408018469810486,0.3815778076648712,0.22748911380767822,0.35293012857437134,0.6391062140464783,0.4370076060295105,0.25135597586631775,0.4202666372060776,0.6093271374702454,0.7077623009681702,0.6095187664031982,0.050954535603523254,0.12377044558525085
YOL081W,test,True,True,0.3649650514125824,0.6122081398963928,0.536906361579895,0.40192702412605286,0.4952046275138855,1.3323004245758057,0.2947022616863251,0.5905688658356667,0.4358487129211426,0.12143825739622116,0.2255285531282425,1.4411333799362183,0.7288954257965088,0.7288987576961518,0.9394254684448242,0.968851625919342,0.7444174885749817,0.5335614681243896,0.45823773741722107
YOL082W,test,True,True,0.072688989341259,0.6852671504020691,0.6125330924987793,0.49827009439468384,0.5272979140281677,1.3267848491668701,0.4614498019218445,1.1155510306358338,1.0740872621536255,1.0962175130844116,0.5846336483955383,1.4793401956558228,1.3434765338897705,1.029748010635376,1.0376209020614624,0.9729217886924744,1.3123528957366943,0.6382094025611877,1.187635064125061
YOL083C-A,test,False,False,-1.921277642250061,-1.1874272495508194,-1.189154863357544,-1.3372182846069336,-1.3662989139556885,-0.14842505753040314,-1.8960391283035278,-0.16073987372219561,-0.17196565866470337,-0.31028562784194946,-0.1821877360343933,-0.027835587039589882,-0.1114247590303421,-1.9953001022338868,-1.8794666528701782,-2.084479570388794,-2.118425130844116,-1.785208821296692,-2.1089203357696533
YOL083W,test,True,True,-0.5649816989898682,0.12616641521453859,0.1792098581790924,0.06780281662940979,0.1383708119392395,0.4609513282775879,-0.21550273895263672,-0.04204568862915039,-0.1425245851278305,-0.7300541996955872,0.10574066638946533,0.32037416100502014,0.23623551428318024,0.15159696638584136,0.13724002242088318,0.07785187661647797,-0.12588158249855042,0.9196646809577942,-0.25089016556739807
YOL084W,test,True,True,-1.1951961517333984,-0.5188108503818512,-0.7969419360160828,-0.435940682888031,-0.5976129770278931,-0.2895912528038025,-0.47396740317344666,0.012880055606365204,-1.1294642686843872,0.9513002634048462,-0.2566094696521759,0.11992114037275314,0.3792526125907898,-0.5176835894584656,-1.3331421613693237,-0.6225326061248779,-0.5328913331031799,0.1289224773645401,-0.2287743240594864
YOL085C,test,False,False,-1.6389124393463135,0.08840487748384476,0.6140734553337097,-0.5033983588218689,0.5475711226463318,-0.039026789367198944,-0.17719504237174988,-0.16073987372219561,-0.17196565866470337,-0.31028562784194946,-0.1821877360343933,-0.027835587039589882,-0.1114247590303421,-0.9946574389934539,-0.48184695839881897,-0.8999108672142029,-1.6455645561218262,-1.1814631223678589,-0.764501690864563
YOL085W-A,test,False,False,-0.10626305639743805,-0.3060343399643898,-0.3470799922943115,-0.5925166010856628,-0.46059656143188477,-0.07605656236410141,-0.053921982645988464,-0.16073987372219561,-0.17196565866470337,-0.31028562784194946,-0.1821877360343933,-0.027835587039589882,-0.1114247590303421,-1.724696946144104,-1.753127098083496,-2.1349284648895264,-1.9750823974609375,-1.663991928100586,-1.0963548421859741
YOL086C,test,True,True,1.7672889232635498,1.948418378829956,2.357820510864258,2.069204807281494,2.212153196334839,1.812140703201294,1.2907726764678955,2.322283315658569,2.139927864074707,2.892080307006836,2.141918897628784,2.2924444675445557,2.145045042037964,1.5905786752700806,1.1899772882461548,2.2810866832733154,1.9143754243850708,0.9532581567764282,1.6141958236694336
YOL086W-A,test,True,True,0.238462895154953,0.5957731246948242,0.8900535702705383,0.27752622961997986,0.7800588011741638,0.7507120966911316,0.2805149257183075,0.6942624449729919,0.512830376625061,0.523940920829773,0.6420956254005432,0.9816509485244751,0.8107943534851074,0.605661278963089,0.6752498745918274,0.46006083488464355,1.0541551113128662,0.5666624903678894,0.2721780836582184
YOL087C,test,True,True,0.16124381124973297,0.2817347079515457,-0.03154473379254341,0.018291238695383072,0.5745443105697632,0.434966504573822,0.4124162197113037,0.6978941202163697,0.6008188724517822,0.8257498741149902,0.5793302059173584,0.7912768125534058,0.6922948360443115,0.37664394825696945,0.0949927493929863,0.25130608677864075,0.648819625377655,0.3279983401298523,0.5601029396057129
YOL088C,test,True,True,0.5536664724349976,0.25668279975652697,0.5797067284584045,-0.41646671295166016,0.36669665575027466,0.8063186407089233,-0.05284131318330765,0.6905978620052338,0.424090176820755,0.7166342735290527,0.6778122186660767,1.0978693962097168,0.5365832448005676,0.002916570007801056,0.2536177635192871,-0.1203354224562645,0.27443403005599976,-0.4692404270172119,0.07610690593719482
YOL089C,test,True,True,-0.4351838529109955,0.22473548650741576,0.09866410493850708,0.11278688907623291,0.2999512255191803,0.6744939684867859,-0.06221875548362732,0.797788143157959,0.693955659866333,0.5798185467720032,0.8262361884117126,1.0616968870162964,0.8272334337234497,0.1204386904835701,0.43887022137641907,-0.028814367949962616,-0.07645997405052185,0.1248304694890976,0.1437671035528183
YOL090W,test,True,True,-0.023070096969604492,0.06671490222215652,0.05255889892578125,0.0062474533915519714,0.22264184057712555,0.26754993200302124,-0.2154236137866974,0.4500976800918579,0.5328314900398254,0.40067988634109497,0.5314210653305054,0.4300289452075958,0.35552701354026794,0.24577807486057282,0.6165482997894287,-0.03288717567920685,0.5383594632148743,-0.1843477487564087,0.29121753573417664
YOL091W,test,True,True,-1.334310531616211,-1.1079777359962464,-0.7457591891288757,-0.9023756384849548,-1.779296636581421,-1.1361290216445923,-0.9763281941413879,-0.6713587999343872,-0.19442716240882874,-0.7011062502861023,-0.7957112193107605,-1.223147988319397,-0.44240137934684753,-1.292068874835968,-0.8149900436401367,-2.0306482315063477,-1.7308459281921387,-1.2162684202194214,-0.6675917506217957
YOL092W,test,True,True,0.590799868106842,-0.32148746959865093,-0.4169386029243469,-0.4478130340576172,-0.4582400619983673,-0.02050766907632351,-0.26393797993659973,0.22117087841033936,0.38962796330451965,-0.15460237860679626,0.2693457305431366,0.197393536567688,0.4040895402431488,-0.40927196443080904,-0.10105301439762115,-0.3031803369522095,-1.0660400390625,-0.26975053548812866,-0.3063358962535858
YOL093W,test,True,True,1.131037950515747,0.26402016580104826,0.6187439560890198,-0.043693624436855316,0.21605804562568665,0.5639680624008179,-0.03497561067342758,0.5740238964557648,0.8896366953849792,0.16976210474967957,0.6127915978431702,0.6694060564041138,0.5285230278968811,0.3929705865681171,0.628588080406189,0.3358873128890991,0.41404202580451965,0.5922432541847229,-0.005907740443944931
YOL094C,test,True,True,0.17896708846092224,0.37424353659152987,0.41645151376724243,0.13482899963855743,0.42639419436454773,0.7292409539222717,0.1643020212650299,0.5237183749675751,0.8321138024330139,0.3444933593273163,0.366430401802063,0.6966099739074707,0.3789443373680115,0.2520061582326889,0.440437912940979,0.21692264080047607,0.397025465965271,0.13055886328220367,0.07508590817451477
YOL095C,test,True,True,-0.5643731951713562,0.107497189193964,-0.015423551201820374,-0.1969723403453827,-0.054921235889196396,0.63508141040802,0.16972166299819946,0.4591545701026917,0.37521642446517944,0.22425279021263123,0.6279156804084778,0.690584659576416,0.3778032958507538,0.4603094458580017,0.5096598267555237,0.6387653350830078,0.3432263433933258,0.06239226460456848,0.7475034594535828
YOL096C,test,True,True,-0.035769615322351456,0.09644904732704163,0.17527493834495544,-0.23766468465328217,0.13403533399105072,0.6137444972991943,-0.2031448483467102,0.2195547565817833,0.10655815899372101,-0.04759865254163742,0.2769295573234558,0.5853058695793152,0.1765788495540619,0.20332661718130113,0.061141081154346466,0.2776584029197693,0.20951880514621735,0.2482362985610962,0.2200784981250763
YOL097C,test,True,True,0.5292906761169434,0.37602209225296973,0.47907549142837524,0.0315537266433239,0.5993015766143799,0.6728524565696716,0.09732721000909805,0.564157909154892,0.7879301309585571,0.5422577857971191,0.5114473104476929,0.5494413375854492,0.4297129809856415,0.44487487971782685,0.55128014087677,0.06819579005241394,0.7304913997650146,0.6286786198616028,0.24572844803333282
YOL097W-A,test,True,True,-0.6476660966873169,-0.0454793244600296,-0.2028304934501648,-0.2500506639480591,0.17751817405223846,0.11502432078123093,-0.06705795973539352,0.14777722135186194,-0.03925444558262825,-0.09157184511423111,0.08470584452152252,0.4777176082134247,0.3072889447212219,0.044825109839439395,0.15528368949890137,-0.33518168330192566,0.18722771108150482,0.12176743894815445,0.09502839297056198
YOL098C,test,True,True,0.43100425601005554,0.2505024209618568,0.3845391571521759,0.14289459586143494,0.5145826935768127,0.2208518385887146,-0.010356180369853973,0.42142091393470765,0.5369360446929932,0.255842924118042,0.3009147644042969,0.5798630118370056,0.43354782462120056,0.19928817600011825,0.326407253742218,-0.09923586994409561,0.39791834354400635,0.21696622669696808,0.15438492596149445
YOL099C,test,False,False,-1.2408440113067627,-0.42586669474840166,-0.3452357351779938,-0.518818199634552,-0.13803747296333313,0.05369379371404648,-1.1809358596801758,-0.16073987372219561,-0.17196565866470337,-0.31028562784194946,-0.1821877360343933,-0.027835587039589882,-0.1114247590303421,-1.098103293776512,-0.6665067076683044,-2.054694652557373,-0.2419094294309616,-0.9962436556816101,-1.5311620235443115
YOL100W,test,True,True,0.20761582255363464,0.5218401804566384,0.7914112210273743,0.15468809008598328,0.6285024881362915,0.9892080426216125,0.045391060411930084,0.8258522748947144,0.8345384001731873,0.9052554965019226,0.69676274061203,0.9638084769248962,0.7288962602615356,0.388348388671875,0.23417216539382935,0.9234700798988342,0.12733915448188782,0.47422608733177185,0.18253445625305176
YOL101C,test,True,True,-0.558953583240509,0.17690059244632722,0.24470537900924683,0.13242162764072418,-0.5960513353347778,0.8559316396713257,0.2474956512451172,0.8720370292663574,0.6922576427459717,0.6288261413574219,0.9600000381469727,1.1444333791732788,0.9346679449081421,0.12959447354078293,0.023473136126995087,0.6260144114494324,-0.3771328628063202,-0.28064608573913574,0.6562637686729431
YOL102C,test,True,True,0.056922201067209244,-1.9043492317199706,-1.5293586254119873,-2.2282352447509766,-1.9682509899139404,-2.1218326091766357,-1.6740686893463135,-0.9483006328344346,-1.1582884788513184,-1.6205319166183472,-0.46761399507522583,-1.287358283996582,-0.20771048963069916,-1.3974054098129272,-1.4719972610473633,-1.069965124130249,-2.331861734390259,-1.33014976978302,-0.7830531597137451
YOL103W,test,False,True,0.4307391345500946,0.4594622582197189,0.3862762451171875,0.22791916131973267,0.5051793456077576,1.0620360374450684,0.11590050160884857,0.605547058582306,0.4775617718696594,0.6156046986579895,0.6565002799034119,0.736359715461731,0.5417088270187378,0.2606300085783005,0.3996889591217041,0.061012640595436096,0.1875089406967163,0.1377260386943817,0.5172134637832642
YOL104C,test,True,True,-0.41706183552742004,-0.6273290470242501,-1.2388641834259033,-0.7129823565483093,-0.3460429310798645,-0.942236065864563,0.10348030179738998,-0.15329626202583313,-0.8102257251739502,0.22473031282424927,-0.9218314290046692,0.2583710551261902,0.4824744760990143,-0.015630428865551948,0.09257648140192032,0.04771099239587784,0.020619681105017662,-0.6164380311965942,0.3773787319660187
YOL105C,test,True,True,0.12120858579874039,-0.21550149694085122,-0.21224042773246765,0.024951111525297165,-0.1698833405971527,-0.18060302734375,-0.5397318005561829,0.17176634669303895,-0.2792710065841675,0.28310254216194153,0.2574455440044403,0.12893179059028625,0.4686228632926941,-0.004901432618498802,0.027725432068109512,-0.3442767560482025,0.33780232071876526,-0.030547408387064934,-0.015210751444101334
YOL106W,test,False,False,-1.1656928062438965,-0.43595106452703475,-0.8229993581771851,-0.6244271397590637,0.14681516587734222,0.11426987498998642,-0.9934138655662537,-0.16073987372219561,-0.17196565866470337,-0.31028562784194946,-0.1821877360343933,-0.027835587039589882,-0.1114247590303421,-0.9167397253215313,-0.546256959438324,-1.5362372398376465,-0.04201525077223778,-1.020279884338379,-1.4389092922210693
YOL107W,test,True,True,0.282907634973526,-0.12036959119141102,-0.02372446097433567,-0.6774070858955383,0.19265420734882355,-0.06876780837774277,-0.02460280805826187,0.521262350678444,0.6083534955978394,1.094007134437561,0.1761266440153122,0.2656010091304779,0.46222347021102905,0.22781358510255814,0.21533194184303284,0.32393401861190796,0.40958085656166077,0.06979726999998093,0.12042383849620819
YOL108C,test,True,True,1.1410753726959229,0.35618783831596373,0.45974984765052795,0.35985827445983887,0.34145161509513855,0.2772688567638397,0.34261059761047363,0.5817961513996124,0.47464048862457275,0.7629383206367493,0.5957146286964417,0.589633584022522,0.4860537350177765,0.3872693568468094,0.6591174006462097,0.7820623517036438,0.33627012372016907,0.23589155077934265,-0.0769946426153183
YOL109W,test,True,True,1.9677560329437256,1.5775124311447144,1.6325074434280396,2.157156229019165,1.6037304401397705,1.6426488161087036,0.8515192270278931,1.5051226377487184,0.8908271789550781,1.9749189615249634,1.352630615234375,1.7855541706085205,1.5216822624206543,1.2175761461257935,0.626491904258728,2.2784128189086914,1.4486373662948608,1.1086169481277466,0.6257216930389404
YOL110W,test,True,True,-0.4174368977546692,-0.3616897284984589,0.6003679633140564,-0.8545464873313904,-0.5418390035629272,0.27413275837898254,-1.2865638732910156,-0.07367524355649949,0.034276481717824936,-0.9780434370040894,0.1115344911813736,0.4926324188709259,-0.028776172548532486,-1.0177600622177123,-1.351443886756897,-1.6246140003204346,-1.1708228588104248,-0.5412461757659912,-0.40067338943481445
YOL111C,test,True,True,1.005720853805542,0.17068178504705428,0.8182477951049805,0.20406381785869598,0.08122176676988602,0.6256402730941772,-0.8757647275924683,0.2732173025608063,0.3634391725063324,-0.6952174305915833,0.3115978240966797,0.9387879967689514,0.4474789500236511,0.015696239471435548,0.25815945863723755,-0.02175694704055786,0.4241420030593872,-0.8802116513252258,0.29814833402633667
YOL112W,test,False,True,0.6000497341156006,-0.05395485907793045,-0.0825919583439827,-0.3463906943798065,0.2507268488407135,0.199081689119339,-0.2906001806259155,0.199068646132946,0.19473960995674133,-0.06766247004270554,0.37258604168891907,0.4220969080924988,0.07358314096927643,0.17965442687273026,0.2750476002693176,-0.08526382595300674,0.5924118757247925,-0.1237669587135315,0.2398434430360794
YOL113W,test,True,True,-0.06296833604574203,0.4335644140839577,0.6064857840538025,0.5086161494255066,0.46970757842063904,0.489713191986084,0.09329936653375626,0.49435327649116517,0.7809191346168518,0.5302675366401672,0.19702750444412231,0.6448586583137512,0.3186935484409332,0.6843269467353821,0.43417227268218994,0.7335402965545654,0.7213776707649231,0.8758244514465332,0.6567200422286987
YOL114C,test,True,True,-0.050535909831523895,0.5222423419356346,0.4890297055244446,0.8361486196517944,0.564395010471344,0.753372073173523,-0.03173369914293289,0.4805803239345551,0.6806803345680237,0.42519745230674744,0.3156368136405945,0.7586598992347717,0.22272711992263794,0.3611200779676437,0.5270559191703796,0.24144792556762695,0.24245165288448334,0.3164411187171936,0.47820377349853516
YOL115W,test,False,True,0.2065124213695526,0.0949612319469452,0.5111786127090454,-0.7128061056137085,0.3573497235774994,0.15510031580924988,0.16398361325263977,-0.024790196865797042,-0.47212502360343933,-0.2810905873775482,0.24627850949764252,0.3606371581554413,0.022348958998918533,0.04211926013231278,0.2812865078449249,-0.5018390417098999,0.28893861174583435,0.05871184915304184,0.08349837362766266
YOL116W,test,True,True,0.22301200032234192,0.4136310974135995,0.5466161966323853,0.6819009184837341,0.015015860088169575,0.6757760047912598,0.14884650707244873,1.0762808561325072,0.9586166143417358,1.2391947507858276,1.1303256750106812,1.0726820230484009,0.9805852174758911,0.6103318214416504,0.749542772769928,0.47902005910873413,0.43195903301239014,0.881149172782898,0.5099880695343018
YOL117W,test,True,False,-0.18227045238018036,-0.38784505128860475,-0.854841411113739,-0.3820057809352875,-0.3583182692527771,0.26257559657096863,-0.6066353917121887,-0.16073987372219561,-0.17196565866470337,-0.31028562784194946,-0.1821877360343933,-0.027835587039589882,-0.1114247590303421,-1.02578204870224,-0.3212047815322876,-1.5611202716827393,-0.6725712418556213,-1.3142389059066772,-1.2597750425338745
YOL118C,test,False,False,-1.2064766883850098,-0.45490439161658286,-0.0015450529754161835,-0.8331945538520813,-0.6171074509620667,0.17496874928474426,-0.9976436495780945,-0.16073987372219561,-0.17196565866470337,-0.31028562784194946,-0.1821877360343933,-0.027835587039589882,-0.1114247590303421,-1.4504390239715577,-1.2342897653579712,-1.5870552062988281,-1.2757110595703125,-1.1134413480758667,-2.0416977405548096
YOL119C,test,False,True,0.3526555895805359,0.15073507241904735,-0.013451183214783669,0.3684212565422058,0.4884301722049713,0.2376573234796524,-0.3273822069168091,0.4172264873981476,0.1941186785697937,0.5327667593955994,0.4205659329891205,0.5899360775947571,0.3487449884414673,0.1708032302558422,0.3804657459259033,0.016778752207756042,0.22503094375133514,0.2625110149383545,-0.030770305544137955
YOL120C,test,True,True,1.0188838243484497,1.1564046561717987,1.685720443725586,1.1775901317596436,1.2114295959472656,1.4185523986816406,0.2887307107448578,1.6074200391769409,1.2050307989120483,1.6280936002731323,1.775298833847046,1.6909050941467285,1.7377718687057495,1.2446440935134888,0.9632593989372253,1.570570468902588,2.0291669368743896,0.6212647557258606,1.0389589071273804
YOL121C,test,True,True,1.0812923908233643,1.8258091449737548,2.178257942199707,1.7855937480926514,1.6510908603668213,2.0692412853240967,1.444861888885498,1.8495559215545654,1.6846059560775757,1.9740606546401978,2.0508501529693604,1.8376588821411133,1.70060396194458,1.7804071187973023,1.466088891029358,1.4182097911834717,2.5624725818634033,1.811554193496704,1.6437101364135742
YOL122C,test,True,True,-0.36050093173980713,0.35578017234802245,0.3346098065376282,0.20724022388458252,0.5506965517997742,0.8499460816383362,-0.16359180212020874,0.25164574682712554,0.4471014738082886,0.28245726227760315,-0.12091031670570374,0.5175604820251465,0.13201983273029327,0.21373357959091663,0.4285483956336975,0.07413835823535919,0.40968388319015503,0.03061194159090519,0.12568531930446625
YOL123W,test,True,True,0.3019360303878784,1.1933438897132873,1.3474644422531128,1.3011966943740845,1.3587604761123657,0.9771132469177246,0.9821845889091492,1.15739449262619,1.37252938747406,1.2194808721542358,0.9945351481437683,1.1411272287368774,1.0592998266220093,1.0780433535575866,0.6248887181282043,1.441244125366211,1.7849791049957275,0.7434918880462646,0.7956129312515259
YOL124C,test,True,True,0.171620175242424,0.7305417597293854,1.1920477151870728,0.5284304618835449,0.7319801449775696,0.8190854787826538,0.3811649978160858,1.1825013399124145,1.007142424583435,1.4447575807571411,1.260853886604309,1.0600054264068604,1.1397473812103271,0.578958946466446,0.5731697082519531,0.6359999775886536,0.8047663569450378,0.23049727082252502,0.6503614187240601
YOL125W,test,True,True,0.2575626075267792,0.044762599468231204,0.27181899547576904,0.30000540614128113,-0.09562020003795624,-0.2132207304239273,-0.03917047381401062,0.5937065213918686,0.16487157344818115,0.9827092289924622,0.18207506835460663,0.7613758444786072,0.8775008916854858,0.5858688056468964,0.871048629283905,0.8769755959510803,0.28090623021125793,0.3107093572616577,0.5897042155265808
YOL126C,test,True,True,0.6434570550918579,0.39513077586889267,0.8871768712997437,0.2097720503807068,0.0850091204047203,0.6223157644271851,0.17138007283210754,1.2103848934173584,0.6769009828567505,1.4675077199935913,1.1069291830062866,1.5156179666519165,1.284968614578247,0.22277868390083314,0.936700165271759,0.3994285762310028,-1.2891907691955566,0.6048547029495239,0.4621007442474365
YOL127W,test,True,True,0.7519931793212891,1.9190542697906494,2.5278468132019043,2.611861228942871,1.5077731609344482,1.653361201286316,1.2944289445877075,1.7413177967071534,1.5663083791732788,1.9590853452682495,1.8842750787734985,1.7774957418441772,1.5194244384765625,1.7243530750274658,1.6931949853897095,2.133415699005127,1.7024898529052734,1.602887749671936,1.4897770881652832
YOL128C,test,True,True,-0.8039452433586121,-1.3835041046142578,-0.5183694958686829,-1.9061552286148071,-2.01810622215271,-0.9089170098304749,-1.5659725666046143,-0.1749610982835293,-0.18585750460624695,-0.11331169307231903,-0.5413175821304321,-0.08489516377449036,0.050576452165842056,-0.7321935772895813,-0.44358110427856445,-1.1791534423828125,-0.735255777835846,-0.70614093542099,-0.5968366265296936
YOL129W,test,True,True,0.5533187389373779,-0.07045473605394363,0.17057088017463684,-0.27966731786727905,0.06744863837957382,0.16072934865951538,-0.47135522961616516,0.27805299758911134,0.23562103509902954,0.1462322175502777,0.20073048770427704,0.6896671056747437,0.1180141419172287,-0.2371128663420677,-0.4114208519458771,-1.1410558223724365,-0.07344567030668259,0.33920517563819885,0.10115283727645874
YOL130W,test,True,True,0.32245463132858276,0.3315164536237717,-0.08962913602590561,0.3418446183204651,0.7645888924598694,0.7544464468955994,-0.11366855353116989,0.3054181680083275,-0.06714629381895065,0.24757030606269836,0.6300358176231384,0.5146315693855286,0.20199944078922272,0.5608124345541,0.6079407930374146,0.43914371728897095,1.2345454692840576,0.19945962727069855,0.3229725658893585
YOL131W,test,True,True,-1.7993923425674438,-0.9723796665668487,-0.44861456751823425,-0.8656582832336426,-0.917687714099884,-0.9249155521392822,-1.7050222158432007,-0.8355315297842025,-1.0032798051834106,-1.4518402814865112,-1.2432221174240112,0.12677635252475739,-0.6060917973518372,-1.135472011566162,-0.5588452219963074,-1.4102036952972412,-1.3153756856918335,-0.7729591727256775,-1.619976282119751
YOL132W,test,True,True,-1.6386202573776245,-1.2345577359199524,-1.02445387840271,-1.8514387607574463,-0.5792503952980042,-1.3172560930252075,-1.400389552116394,-0.6742330610752105,0.14548146724700928,-1.2828391790390015,-1.0121114253997803,-1.410372257232666,0.18867608904838562,-0.8241283178329468,-1.0068055391311646,-0.6857489943504333,-0.7534894347190857,-0.6915664672851562,-0.983031153678894
YOL133W,test,True,True,0.7743965983390808,0.20486433506011964,0.5633441805839539,-0.31327560544013977,0.16167572140693665,0.5425750613212585,0.07000231742858887,0.959282648563385,0.8714686632156372,1.4312137365341187,0.8175903558731079,0.8143131732940674,0.8618273138999939,0.15434230268001556,0.49271947145462036,-0.16165927052497864,-0.1641227751970291,0.31824982166290283,0.2865242660045624
YOL134C,test,False,False,-1.9733052253723145,-1.0609633564949035,-1.0585812330245972,-1.5511300563812256,-0.930483877658844,-0.48736512660980225,-1.2772564888000488,-0.16073987372219561,-0.17196565866470337,-0.31028562784194946,-0.1821877360343933,-0.027835587039589882,-0.1114247590303421,-1.480746579170227,-0.8842164278030396,-2.0069806575775146,-1.2577054500579834,-1.5512661933898926,-1.703564167022705
YOL135C,test,True,True,0.9841502904891968,0.5052058517932891,0.6167284846305847,0.5014703869819641,0.3513889014720917,0.9047044515609741,0.1517370343208313,0.9767381310462951,1.0674477815628052,1.2304719686508179,0.9148710370063782,0.9810695648193359,0.6898303031921387,0.5086916744709015,0.5579699873924255,0.18331530690193176,0.6474128365516663,0.7106268405914307,0.4441334009170532
YOL136C,test,True,True,0.5333938598632812,0.22851868122816085,0.3971234858036041,-0.0333661213517189,0.6848700046539307,0.14863665401935577,-0.05467061698436737,0.10455968379974365,0.13476666808128357,-0.18711084127426147,-0.9421563744544983,1.166296124458313,0.35100284218788147,0.1328724890947342,-0.13314346969127655,0.2956579327583313,0.3952568769454956,-0.21591895818710327,0.3225100636482239
YOL137W,test,False,True,0.0038281718734651804,0.022824271768331527,0.4018334746360779,0.02472829446196556,0.20388247072696686,0.43193766474723816,-0.9482605457305908,0.40002900958061216,0.32468509674072266,0.6198366284370422,0.30097219347953796,0.35744038224220276,0.3972107470035553,0.10016708076000214,-0.14754575490951538,0.10664619505405426,0.2374853491783142,0.4528197944164276,-0.14857017993927002
YOL138C,test,False,True,0.02254900150001049,0.1063124492764473,0.19439959526062012,0.149018794298172,0.8365032076835632,-0.1186334416270256,-0.5297259092330933,0.149921253323555,-0.10728995501995087,0.3738100528717041,-0.0717485100030899,0.3188647925853729,0.2359698861837387,-0.1023200336843729,-0.3715941905975342,-0.03936513513326645,-0.121453195810318,0.030479485169053078,-0.009667132049798965
YOL139C,test,True,True,0.9096654057502747,0.7188170909881592,0.5456982254981995,0.4451391100883484,0.888631284236908,1.0971510410308838,0.6174657940864563,0.9696565628051758,0.7218539118766785,0.9814653992652893,0.6354794502258301,1.4000157117843628,1.1094683408737183,0.6681635320186615,0.39847829937934875,0.5368347764015198,0.8225915431976318,0.678703248500824,0.9042097926139832
YOL140W,test,True,True,-0.2943861782550812,0.40471569299697874,0.27433544397354126,0.3441343307495117,0.39626505970954895,0.6828213930130005,0.3260222375392914,0.3373793989419937,0.17955367267131805,0.43295615911483765,0.34057319164276123,0.36562690138816833,0.3681870698928833,0.5448713421821594,0.866309404373169,0.6398929357528687,0.4206654727458954,0.4249873757362366,0.37250152230262756
YOL141W,test,True,False,-0.31953343749046326,-0.37677576690912246,-0.4556773602962494,-0.6307125091552734,-0.5056893229484558,-0.1977587640285492,-0.0940408781170845,-0.16073987372219561,-0.17196565866470337,-0.31028562784194946,-0.1821877360343933,-0.027835587039589882,-0.1114247590303421,-0.2121792256832123,-0.2599277198314667,-0.2955746054649353,-0.6286895871162415,-0.42267489433288574,0.5459706783294678
YOL142W,test,True,True,0.7581906318664551,0.5536142289638519,0.6190295219421387,0.7135652899742126,0.3602718710899353,0.9626666307449341,0.11253783106803894,0.8753190636634827,0.6793861389160156,1.0360783338546753,0.7944228053092957,1.1722356081008911,0.6944724321365356,0.6238363265991211,0.3990787863731384,0.8987736701965332,0.451604962348938,0.8183900713920593,0.5513341426849365
YOL143C,test,True,True,0.723778247833252,0.28735521361231803,0.8361759781837463,0.5814428925514221,0.25506678223609924,-0.2467450648546219,0.010835479944944382,0.8029269933700561,0.6322880983352661,0.6712632775306702,0.9167707562446594,0.9273205995559692,0.8669922351837158,0.4945158720016479,0.3889544606208801,0.9790430665016174,0.3201160430908203,0.4087069034576416,0.3757588863372803
YOL144W,test,True,True,0.5005812048912048,0.48102769404649737,0.745966374874115,0.3652377128601074,0.7725646495819092,0.6326974630355835,-0.11132773011922836,0.5552974045276642,0.4277615547180176,0.6814277172088623,0.5511956810951233,0.6395661234855652,0.47653594613075256,0.5296951055526733,0.28263574838638306,0.7826066613197327,1.232379674911499,0.17203909158706665,0.1788143515586853
YOL145C,test,True,True,0.7146801948547363,0.3646465852856636,0.6399827599525452,0.23151394724845886,0.6496980786323547,0.4004378318786621,-0.09839969128370285,0.5430312633514405,0.5142719745635986,0.6514343619346619,0.5000008344650269,0.5209250450134277,0.5285241007804871,0.49618380665779116,0.6017967462539673,0.37363702058792114,0.7182577848434448,0.585642397403717,0.2015850841999054
YOL146W,test,True,True,0.13550066947937012,-0.10093723684549331,-0.053520672023296356,-0.06466951966285706,0.18707628548145294,-0.2144409418106079,-0.3591313362121582,0.09744202122092246,0.03183968365192413,-0.1475663185119629,0.04934030398726463,0.30432161688804626,0.2492748200893402,-0.25073560178279874,-0.02708195149898529,-0.7403159737586975,-0.3366628885269165,0.17617201805114746,-0.325789213180542
YOL147C,test,True,True,-0.11487776041030884,-0.07004652172327042,0.4987369179725647,-0.07012905925512314,0.18945714831352234,-0.23887820541858673,-0.7294194102287292,0.3224269554018974,0.3424298167228699,0.10685767978429794,0.2852361500263214,0.39528223872184753,0.4823288917541504,-0.10655681379139423,-0.0016770847141742706,-0.32451286911964417,-0.06380584090948105,-0.026509178802371025,-0.11627909541130066
YOL148C,test,True,True,0.7129207849502563,0.628687071800232,0.7770822644233704,0.35048431158065796,0.7611345648765564,0.9681447148323059,0.28658950328826904,0.7817131400108337,0.6954030394554138,0.7458929419517517,0.8808572292327881,0.8439931273460388,0.7424193620681763,0.6729329764842987,0.8169949650764465,0.3728301525115967,1.0426247119903564,0.6457338333129883,0.4864812195301056
YOL149W,test,True,True,0.7164118885993958,0.08235688135027885,0.19703352451324463,0.0614321194589138,0.0974847823381424,0.07927332073450089,-0.02343934029340744,0.04905910864472389,0.590580940246582,-0.5399565696716309,-0.006218511611223221,0.0540313646197319,0.1468583196401596,0.25324346870183945,0.12464333325624466,0.020181670784950256,0.7376132607460022,0.2491435706615448,0.13463550806045532
YOL150C,test,False,False,-1.3738634586334229,-0.7887547582387924,-0.5160186290740967,-1.211782455444336,-0.8754379153251648,-0.1304473727941513,-1.2100874185562134,-0.16073987372219561,-0.17196565866470337,-0.31028562784194946,-0.1821877360343933,-0.027835587039589882,-0.1114247590303421,-1.5513925313949586,-1.7104212045669556,-1.627708911895752,-1.0179563760757446,-1.6072102785110474,-1.793665885925293
YOL151W,test,False,True,1.5475022792816162,-0.1677047073841095,0.1690993309020996,-0.8530730605125427,0.048064589500427246,0.1334007978439331,-0.3360151946544647,0.2523053765296936,-0.17715385556221008,0.2174707055091858,0.07426464557647705,0.8049662113189697,0.34197917580604553,-0.42712262123823164,0.007739625871181488,-0.32812178134918213,-0.5896377563476562,-0.17093978822231293,-1.0546534061431885
YOL152W,test,True,True,-1.6790744066238403,-0.9254273757338524,0.05625153332948685,-0.9995279908180237,-1.4943313598632812,-1.0112859010696411,-1.1782431602478027,-0.9439281813800335,-1.310740351676941,-1.232580542564392,-1.4470629692077637,-0.7615839242935181,0.03232688084244728,0.3365895688533783,0.36737650632858276,0.3083523213863373,0.6624763607978821,0.4238356351852417,-0.07909297943115234
YOL154W,test,True,True,1.318295955657959,0.05230669602751732,0.46779537200927734,0.0310581736266613,1.2341049909591675,-0.8916912078857422,-0.5797338485717773,-0.2992779701948166,-0.9991986751556396,0.019755378365516663,0.06952078640460968,-0.7785450220108032,0.19207768142223358,0.0635480523109436,0.32090798020362854,0.1817561388015747,0.8499986529350281,-0.35248956084251404,-0.6824329495429993
YOL155C,test,True,True,0.0250971931964159,-1.5562930583953858,-1.5724600553512573,-1.8656315803527832,-1.3913174867630005,-1.763815999031067,-1.1882401704788208,-0.35368784666061404,-0.4791817367076874,-0.46314531564712524,-0.22190813720226288,-0.2024601846933365,-0.4017438590526581,-1.1921635150909424,-1.7396700382232666,-0.9293999075889587,-0.691862165927887,-1.334617257118225,-1.2652682065963745
YOL155W-A,test,False,True,-2.088510751724243,-0.14643245041370392,-0.04519599676132202,-0.46305811405181885,-0.17741887271404266,0.2664625644683838,-0.31295183300971985,-0.07776101678609848,0.010724373161792755,-1.0463674068450928,0.06007111072540283,0.1626647710800171,0.4241020679473877,-0.56542714163661,-1.0085903406143188,-1.5475971698760986,0.019094903022050858,-0.0783035159111023,-0.21173958480358124
YOL156W,test,True,False,-1.88042151927948,-1.8034510135650634,-2.2688803672790527,-1.769684076309204,-1.7933790683746338,-1.1961007118225098,-1.989210844039917,-0.16073987372219561,-0.17196565866470337,-0.31028562784194946,-0.1821877360343933,-0.027835587039589882,-0.1114247590303421,-2.083328890800476,-2.0682623386383057,-2.13742995262146,-2.1296780109405518,-1.9812043905258179,-2.100069761276245
YOL157C,test,True,False,-1.308638334274292,-0.35530221909284593,-0.26637139916419983,-0.16461779177188873,-0.9205078482627869,-0.09767390042543411,-0.32734015583992004,-0.16073987372219561,-0.17196565866470337,-0.31028562784194946,-0.1821877360343933,-0.027835587039589882,-0.1114247590303421,-1.414062762260437,-1.9099241495132446,-1.303182601928711,-0.8265811204910278,-1.5894211530685425,-1.4412047863006592
YOL158C,test,False,True,0.783129096031189,0.963983005285263,1.1212730407714844,0.8544663786888123,1.0977497100830078,1.337759017944336,0.4086668789386749,0.9778419613838196,0.4140910506248474,1.2726672887802124,1.0197715759277344,1.3653385639190674,0.8173413276672363,1.1971296310424804,1.2957457304000854,1.0938811302185059,1.455783724784851,1.2878731489181519,0.8523644208908081
YOL159C,test,True,True,-0.4939460754394531,-0.1565730795264244,-0.06773044914007187,-0.44650188088417053,-0.28001660108566284,0.28895753622055054,-0.27757400274276733,-0.11030217483639718,-0.12183651328086853,-0.39062219858169556,-0.02264292910695076,0.096477210521698,-0.112886443734169,-0.35899978280067446,-0.13955846428871155,-0.535006046295166,-0.2891250252723694,-0.35371023416519165,-0.4775991439819336
YOL159C-A,test,False,True,-0.340106338262558,0.5781710013747215,0.47561115026474,0.7892722487449646,0.877056360244751,0.8510532975196838,-0.10213804990053177,0.8460813641548157,0.8507233262062073,0.6966471672058105,1.057173252105713,0.8990792036056519,0.7267838716506958,0.44274013936519624,0.19021624326705933,0.40816396474838257,0.9597411751747131,0.4374433159828186,0.2181359976530075
YOL160W,test,False,False,-1.6012815237045288,-0.2518689036369324,0.3559761047363281,-0.4675114154815674,-0.35299697518348694,-0.5314906239509583,-0.2633216083049774,-0.16073987372219561,-0.17196565866470337,-0.31028562784194946,-0.1821877360343933,-0.027835587039589882,-0.1114247590303421,-1.79640736579895,-2.0588433742523193,-1.8510255813598633,-1.7500712871551514,-1.896857738494873,-1.425238847732544
YOL161C,test,True,True,-2.018502712249756,-2.0751797676086428,-1.6247410774230957,-1.7426027059555054,-1.9498382806777954,-2.405348062515259,-2.6533687114715576,-1.5310187697410584,-2.1112325191497803,-2.2499232292175293,-0.970587432384491,-1.626092553138733,-0.6972581148147583,-2.0704094886779787,-2.143141031265259,-1.8166098594665527,-2.1995174884796143,-1.9705841541290283,-2.2221949100494385
YOL162W,test,True,False,-1.5635168552398682,-1.3202281951904298,-1.5130279064178467,-1.1769479513168335,-1.8425655364990234,-0.7012025117874146,-1.3673970699310303,-0.16073987372219561,-0.17196565866470337,-0.31028562784194946,-0.1821877360343933,-0.027835587039589882,-0.1114247590303421,-1.7895602703094482,-1.4243930578231812,-2.1048879623413086,-1.999974012374878,-1.845945954322815,-1.5726003646850586
YOL163W,test,True,False,-1.531921625137329,-0.9864249229431152,-0.908174455165863,-0.8420402407646179,-1.520310401916504,-0.7694273591041565,-0.8921721577644348,-0.16073987372219561,-0.17196565866470337,-0.31028562784194946,-0.1821877360343933,-0.027835587039589882,-0.1114247590303421,-1.4781905174255372,-1.6328634023666382,-1.5927574634552002,-1.8384250402450562,-1.1136761903762817,-1.2132304906845093
YOL164W,test,True,True,-0.3658665120601654,0.036572711542248726,0.24621140956878662,0.2230677604675293,0.11497746407985687,0.023747900500893593,-0.42514097690582275,0.07499763369560242,0.21999907493591309,0.017362259328365326,-0.10671508312225342,0.07879749685525894,0.16554442048072815,0.1270963244140148,0.5289991497993469,-0.21199166774749756,0.15273110568523407,0.17186054587364197,-0.006117511540651321
YOL164W-A,test,True,False,-1.6838750839233398,-0.4075524315237999,-0.43907132744789124,-0.40893661975860596,-0.14791901409626007,0.061668507754802704,-1.103503704071045,-0.16073987372219561,-0.17196565866470337,-0.31028562784194946,-0.1821877360343933,-0.027835587039589882,-0.1114247590303421,-1.0227322697639465,-1.1116756200790405,-1.3746397495269775,-0.7699314951896667,-0.2418367862701416,-1.6155776977539062
YOL165C,test,True,False,-1.6897159814834595,-0.7425366401672363,-1.495339035987854,-0.5951700806617737,-0.2670177221298218,-0.35066360235214233,-1.0044927597045898,-0.16073987372219561,-0.17196565866470337,-0.31028562784194946,-0.1821877360343933,-0.027835587039589882,-0.1114247590303421,-1.3183531701564788,-0.4799138009548187,-1.709017038345337,-1.234675407409668,-1.6184874773025513,-1.5496721267700195
YOL166C,test,False,False,-2.088510751724243,-0.43238461278378965,-0.6727846264839172,-0.5791162252426147,-0.08910373598337173,0.005099082365632057,-0.8260175585746765,-0.16073987372219561,-0.17196565866470337,-0.31028562784194946,-0.1821877360343933,-0.027835587039589882,-0.1114247590303421,-1.859724187850952,-1.9390698671340942,-2.066859722137451,-1.752063274383545,-1.8138747215270996,-1.7267533540725708
YOL166W-A,test,False,False,-2.088510751724243,-1.1111075103282928,-1.970715880393982,-0.8282979130744934,-1.792051911354065,0.3575687110424042,-1.3220405578613281,-0.16073987372219561,-0.17196565866470337,-0.31028562784194946,-0.1821877360343933,-0.027835587039589882,-0.1114247590303421,-2.152916669845581,-2.1274497509002686,-2.142904281616211,-2.2954299449920654,-2.0691123008728027,-2.1296870708465576
YOR001W,test,True,True,0.3681214451789856,0.36136124432086947,0.45844703912734985,0.13951662182807922,0.222946897149086,0.5596203804016113,0.4262752830982208,0.7693520069122315,0.6371837854385376,0.30384570360183716,0.8349636197090149,0.8116340637207031,1.2591328620910645,0.2849706619977951,0.595267117023468,0.2576974928379059,0.12295947968959808,0.06005176901817322,0.3888774514198303
YOR002W,test,True,True,-0.008495241403579712,0.28490543067455293,0.2145184874534607,0.13815465569496155,-0.07982413470745087,0.9072867631912231,0.24439138174057007,0.7889611840248107,0.6185106039047241,0.9792163968086243,0.6412121057510376,0.860293984413147,0.845572829246521,0.17548295110464096,-0.07179654389619827,0.3271060883998871,0.06882606446743011,0.060490503907203674,0.4927886426448822
YOR003W,test,True,True,-0.48937851190567017,-1.0234059810638427,-0.9006953239440918,-1.2397966384887695,-0.9133086800575256,-1.5105335712432861,-0.5526956915855408,-0.516962793469429,-0.1790415495634079,-1.077664852142334,-0.47794607281684875,-0.4358397126197815,-0.41432178020477295,-0.9253661751747131,-0.9205211997032166,-0.6028687357902527,-1.1255184412002563,-0.8846932053565979,-1.0932292938232422
YOR004W,test,False,True,0.5218609571456909,0.36275421380996703,0.16256797313690186,0.5044799447059631,0.8392645716667175,0.5258382558822632,-0.2183796763420105,0.6125873327255249,0.5566785335540771,0.7819519639015198,0.8544650673866272,0.4820392429828644,0.387801855802536,0.560029873251915,0.6526766419410706,0.1688050776720047,1.0422462224960327,0.8206982016563416,0.11572322249412537
YOR005C,test,True,True,-0.5990946888923645,-0.7164604663848877,-0.3891794681549072,-0.48818439245224,-0.5236691832542419,-1.0188608169555664,-1.162408471107483,-0.9861388027667999,-1.4952104091644287,-1.1930569410324097,-0.9078850746154785,-0.39576998353004456,-0.9387716054916382,-0.6187075059860945,-1.0574549436569214,-0.23426800966262817,-0.6281325817108154,-0.02072264812886715,-1.1529593467712402
YOR006C,test,True,True,0.7537696957588196,0.488916939496994,0.3892085552215576,0.6958991289138794,0.589181125164032,0.5969516634941101,0.173344224691391,0.5897633969783783,0.6764211058616638,0.7338951826095581,0.42618510127067566,0.6234067678451538,0.4889088273048401,0.5427644610404968,0.7251996397972107,0.509124219417572,0.5314766764640808,0.521292507648468,0.4267292618751526
YOR007C,test,True,True,0.8228327035903931,0.6009758532047271,1.204765796661377,0.35833030939102173,0.6695126891136169,0.8340837955474854,-0.06181332468986511,0.69984100908041,0.9254326820373535,-0.05649644881486893,1.0352380275726318,0.9660359621047974,0.6289948225021362,0.3914246022701263,0.34227830171585083,0.36556127667427063,0.5509000420570374,0.34465616941452026,0.35372722148895264
YOR008C,test,False,True,1.0317186117172241,0.5322234690189361,0.8983139395713806,0.48508358001708984,0.3385690450668335,0.727365255355835,0.21178552508354187,0.5116564691066742,0.2795215845108032,0.8098775744438171,0.2351711094379425,0.8433634042739868,0.3903486728668213,0.694195294380188,0.388860821723938,0.5615631937980652,1.3530054092407227,0.5954306721687317,0.5721163749694824
YOR008C-A,test,True,True,-1.513265609741211,0.3706377446651459,0.49452537298202515,0.280870258808136,0.2777784764766693,0.4237717390060425,0.37624287605285645,0.7707470297813416,0.8233880996704102,0.8058143258094788,0.5177547335624695,0.9030160903930664,0.803761899471283,0.34840444624423983,0.48199933767318726,0.2986980378627777,0.20760993659496307,0.25630033016204834,0.49741458892822266
YOR008W-B,test,False,False,0.08439410477876663,-0.07079747021198272,0.08100476861000061,-0.30400896072387695,-0.16312149167060852,0.03608179837465286,-0.0039434656500816345,-0.16073987372219561,-0.17196565866470337,-0.31028562784194946,-0.1821877360343933,-0.027835587039589882,-0.1114247590303421,-0.5122534304857254,-0.0853169709444046,-1.0784680843353271,-0.29391616582870483,-0.8091652393341064,-0.294400691986084
YOR009W,test,True,True,-0.49863219261169434,0.3830147564411163,0.46383529901504517,0.6846626400947571,0.32726532220840454,0.28116247057914734,0.15814805030822754,0.33815321922302244,0.15729737281799316,0.6100285053253174,0.1874292641878128,0.14946644008159637,0.5865445137023926,0.3377438772469759,0.11717184633016586,0.7007623314857483,0.26096683740615845,-0.001869169995188713,0.6116875410079956
YOR010C,test,True,True,-0.7593582272529602,0.3337330400943756,0.9226666688919067,0.2796587347984314,0.07660520076751709,0.7069833278656006,-0.31724873185157776,0.18534083664417267,-0.07341963052749634,0.37220585346221924,0.20873595774173737,0.2913726568222046,0.1278093457221985,0.26130871176719667,0.4522947371006012,0.4136616587638855,-0.41912931203842163,0.4524938464164734,0.4072226285934448
YOR011W,test,True,True,-0.6681786179542542,-0.39900392591953276,0.11095550656318665,-1.0020713806152344,-0.08059187233448029,-0.6639225482940674,-0.3593893349170685,0.17129834592342377,0.010798383504152298,0.01527654379606247,0.2107991874217987,0.6402571201324463,-0.020639505237340927,-0.8752297341823578,-1.521436333656311,-0.6928244233131409,-1.2812185287475586,-0.5012913346290588,-0.3793780505657196
YOR011W-A,test,False,False,-1.8604087829589844,-1.2160493373870849,-1.5536988973617554,-1.9455022811889648,-0.9575154185295105,-0.43812817335128784,-1.1854019165039062,-0.16073987372219561,-0.17196565866470337,-0.31028562784194946,-0.1821877360343933,-0.027835587039589882,-0.1114247590303421,-1.6632282495498658,-1.6850053071975708,-1.817004919052124,-1.4588251113891602,-1.434617519378662,-1.9206883907318115
YOR012W,test,False,True,-0.8811018466949463,-0.5353156387805938,-1.162731647491455,-0.5057324171066284,-0.5637595057487488,0.19736000895500183,-0.6417146325111389,0.36281556487083433,0.3031206429004669,0.35756510496139526,0.22158783674240112,0.5628399848937988,0.3689642548561096,0.11971638202667237,0.4113984704017639,0.10183124244213104,-0.05670604854822159,-0.03616296499967575,0.1782212108373642
YOR013W,test,False,False,-0.10583700239658356,-1.1090578079223632,-1.8245556354522705,-1.3784635066986084,-0.8824538588523865,-0.4222033619880676,-1.0376126766204834,-0.16073987372219561,-0.17196565866470337,-0.31028562784194946,-0.1821877360343933,-0.027835587039589882,-0.1114247590303421,-1.2509255290031434,-1.1622083187103271,-1.3252568244934082,-1.494606375694275,-1.395095705986023,-0.8774604201316833
YOR014W,test,True,True,0.49551987648010254,0.26113840043544767,0.06703566014766693,0.2778719961643219,0.41798099875450134,0.39629459381103516,0.14650875329971313,0.7723796367645264,0.7916356325149536,0.9532961845397949,0.6630628705024719,0.7785434722900391,0.6753600239753723,0.5476003766059876,0.19934219121932983,0.8294178247451782,0.37175852060317993,0.7586886882781982,0.5787946581840515
YOR015W,test,False,False,-0.29439690709114075,-0.21198326274752616,-0.23087121546268463,9.973719716072083e-05,-0.34682032465934753,-0.2118215560913086,-0.2705029547214508,-0.16073987372219561,-0.17196565866470337,-0.31028562784194946,-0.1821877360343933,-0.027835587039589882,-0.1114247590303421,-1.4457334280014038,-0.8788386583328247,-1.3311705589294434,-1.552228569984436,-1.825606346130371,-1.6408230066299438
YOR016C,test,True,True,0.21966533362865448,0.17489472031593323,0.10132306814193726,0.07413139939308167,0.4004364609718323,0.5561809539794922,-0.25759828090667725,0.4883965939283371,0.4665278196334839,0.6610366702079773,0.1323237270116806,0.531143069267273,0.6509516835212708,0.25047857910394666,0.3540426790714264,0.09901751577854156,0.5144292712211609,0.045317746698856354,0.23958568274974823
YOR017W,test,False,True,0.07060132920742035,0.15150844752788545,0.3229561746120453,0.21413910388946533,-0.16173754632472992,0.5156073570251465,-0.1334228515625,0.5121898710727691,0.637948751449585,0.4456053674221039,0.2249343991279602,0.6103312969207764,0.6421295404434204,0.42981310188770294,0.1575111448764801,0.46112197637557983,0.6265835165977478,0.6703459024429321,0.23350296914577484
YOR018W,test,True,True,0.2523050010204315,0.8402712225914002,0.8158730864524841,0.8963186740875244,1.2198848724365234,0.6476391553878784,0.6216403245925903,0.9766937732696533,1.1365718841552734,0.994677722454071,0.8880285024642944,0.8922563791275024,0.9719343781471252,0.7690636992454529,0.8734495639801025,0.8065230846405029,0.8046643733978271,0.7100909948348999,0.6505904793739319
YOR019W,test,True,True,-0.5826165676116943,-0.6865861237049102,-0.7947764992713928,-0.5060444474220276,-0.3803984820842743,-0.5210277438163757,-1.230683445930481,-0.5199191197752953,-0.822853147983551,-0.822486162185669,-0.5551491975784302,-0.07626768201589584,-0.3228394091129303,-0.038975201547145844,-1.0888510942459106,0.15298041701316833,0.3442646861076355,0.06731174141168594,0.32941824197769165
YOR020C,test,True,True,1.945880651473999,0.09777778685092926,0.4528356194496155,-0.17177189886569977,0.5182066559791565,-0.78142911195755,0.47104766964912415,1.2605380415916443,1.0453096628189087,1.4827406406402588,0.890728771686554,1.288407325744629,1.595503807067871,0.5226318523287773,0.00912206619977951,0.716769278049469,0.4673919975757599,0.5699166059494019,0.8499593138694763
YOR020W-A,test,True,True,1.0221846103668213,0.8337218403816223,0.5234466195106506,0.9980478882789612,1.006898045539856,1.1984764337539673,0.4417402148246765,0.9117369532585144,0.664003849029541,1.0320603847503662,0.6044042706489563,1.2484232187271118,1.0097930431365967,0.6691166281700134,0.810768187046051,0.648779034614563,0.7147846817970276,0.6569164395332336,0.5143347978591919
YOR021C,test,True,True,0.6611610651016235,0.7178689479827881,0.9147091507911682,0.8772125840187073,0.745514988899231,0.9504345655441284,0.10147345066070557,0.9993281245231629,0.6221014261245728,1.5928250551223755,0.7307140231132507,0.9722750186920166,1.0787250995635986,1.016658902168274,0.8459184169769287,1.2915575504302979,0.9415993690490723,1.2984731197357178,0.705746054649353
YOR022C,test,True,True,-0.19036230444908142,0.488782174885273,0.38078123331069946,0.3735821545124054,0.572984516620636,1.0523520708084106,0.06421089917421341,0.46074392795562746,0.41562843322753906,0.3817574083805084,0.4805837571620941,0.5086477994918823,0.5171022415161133,0.359951151907444,0.1204412654042244,0.12077850103378296,0.8317393660545349,0.3510151505470276,0.37578147649765015
YOR023C,test,True,True,1.1107444763183594,0.6976863145828247,0.9569006562232971,0.7725279331207275,0.7899393439292908,0.5463289618492126,0.42273467779159546,0.9229665398597717,0.9493266940116882,0.6904844641685486,1.0451202392578125,1.1296449899673462,0.8002563118934631,0.6580607891082764,0.7572707533836365,0.6046196222305298,0.48686742782592773,0.7641999125480652,0.6773462295532227
YOR024W,test,False,False,-1.937984585762024,-0.4509276427328587,-1.0732285976409912,-0.07860937714576721,0.03010786697268486,-0.41112202405929565,-0.7217860817909241,-0.16073987372219561,-0.17196565866470337,-0.31028562784194946,-0.1821877360343933,-0.027835587039589882,-0.1114247590303421,-1.4264795303344726,-1.7223936319351196,-1.4921643733978271,-0.855647087097168,-1.4073821306228638,-1.6548104286193848
YOR025W,test,True,True,0.8940514922142029,0.7729402542114258,0.9489450454711914,1.1140836477279663,0.5977188348770142,0.5810888409614563,0.6228649020195007,1.2256409883499146,1.1523133516311646,1.5320786237716675,1.4386451244354248,0.9962747097015381,1.0088931322097778,1.04820773601532,1.0262519121170044,1.003648281097412,0.9238995909690857,1.4484344720840454,0.8388044238090515
YOR026W,test,True,True,0.27251681685447693,0.15042169932276012,0.21301761269569397,0.17778688669204712,0.013880235143005848,0.6171144247055054,-0.2696906626224518,0.37994345724582673,0.4731248617172241,0.5341352820396423,0.09503956139087677,0.4599897563457489,0.3374278247356415,0.28518258333206176,0.33071088790893555,0.16729587316513062,0.3909270763397217,0.40329211950302124,0.13368695974349976
YOR027W,test,True,True,1.1868678331375122,1.066091626882553,1.7013250589370728,1.168744444847107,1.0309531688690186,0.9842755794525146,0.4451598823070526,1.3608799934387208,1.17192542552948,1.261778712272644,1.508841633796692,1.5859607458114624,1.2758934497833252,1.1678375720977783,1.2828112840652466,1.1832945346832275,1.6350457668304443,1.1504987478256226,0.5875375270843506
YOR028C,test,False,True,0.29483336210250854,0.0656513288617134,-0.060838013887405396,0.5512271523475647,0.14191456139087677,-0.19737009704113007,-0.10667695850133896,0.26244635283946993,-0.6496708393096924,0.5854707360267639,0.22044877707958221,0.5715756416320801,0.5844074487686157,0.09450260996818542,-0.5209652781486511,0.7217469811439514,-0.06492206454277039,-0.07674801349639893,0.41340142488479614
YOR029W,test,False,False,-1.7764222621917725,-1.0610117316246033,-0.9607784152030945,-1.5104433298110962,-0.8157883286476135,-0.5211414694786072,-1.496907114982605,-0.16073987372219561,-0.17196565866470337,-0.31028562784194946,-0.1821877360343933,-0.027835587039589882,-0.1114247590303421,-1.8522236824035645,-1.805965781211853,-2.1116299629211426,-1.7059526443481445,-1.8020635843276978,-1.8355064392089844
YOR030W,test,True,True,0.38942405581474304,-0.6860609635710716,-0.703639566898346,-0.7814720273017883,-0.5224211812019348,-0.11660169810056686,-1.3061703443527222,-0.12133714258670807,0.005631476640701294,-0.15673595666885376,0.06151697039604187,-0.21195293962955475,-0.305145263671875,-0.0033949464559555054,-0.20328670740127563,0.5181121230125427,0.21015961468219757,-0.1658620834350586,-0.3760976791381836
YOR032C,test,True,True,-0.8580121397972107,0.12508755475282668,0.6811893582344055,0.7254320979118347,-0.5441389679908752,0.055146463215351105,-0.29219117760658264,0.877917206287384,0.8497220277786255,0.6174175143241882,0.7602033615112305,1.0424623489379883,1.1197807788848877,-0.12171953767538071,-0.8052287697792053,0.053521715104579926,0.14082221686840057,0.3298407793045044,-0.3275536298751831
YOR032W-A,test,True,True,-0.7169725298881531,-0.4830486785620451,-0.005705391988158226,-1.2546238899230957,-0.23675358295440674,-0.5460598468780518,-0.37210068106651306,0.15428425669670104,-0.9005067348480225,1.1320198774337769,-0.5270525217056274,0.43214455246925354,0.6348161101341248,-0.8142647504806518,-0.25716525316238403,-0.6673226952552795,-1.0183823108673096,-1.4006997346878052,-0.727753758430481
YOR033C,test,False,True,-0.03738164156675339,0.14146795272827148,0.5403082966804504,-0.20935408771038055,0.19457007944583893,0.3829019069671631,-0.20108643174171448,0.42224001288414004,0.3873874545097351,0.2945204973220825,0.47129812836647034,0.6326168775558472,0.32537710666656494,0.4266960546374321,0.7041575908660889,0.032805733382701874,0.7414114475250244,0.3838995397090912,0.27120596170425415
YOR034C,test,True,True,-0.05620009824633598,0.10547829121351242,0.2127266526222229,-0.11587713658809662,0.08401085436344147,0.4278167486190796,-0.08128566294908524,0.24377678856253623,0.3032597601413727,-0.005499236285686493,-0.017395492643117905,0.42980286478996277,0.5087160468101501,0.031744801253080365,-0.0552038848400116,0.3359948992729187,-0.0551719106733799,-0.33694547414779663,0.27005037665367126
YOR034C-A,test,True,True,-0.6704772114753723,0.0778747856616974,0.1340591162443161,-0.10331802070140839,0.15180861949920654,0.44577664136886597,-0.2389524281024933,0.2789482682943344,0.16132120788097382,0.008242219686508179,0.4519188702106476,0.21842539310455322,0.5548336505889893,-0.03733131289482117,0.36508268117904663,0.020313739776611328,-0.19095385074615479,-0.2348107099533081,-0.1462884247303009
YOR035C,test,True,True,0.19707684218883514,0.21375207006931304,0.27573561668395996,-0.32043391466140747,0.49178266525268555,0.4837660491466522,0.137909933924675,0.617868959903717,0.6008461713790894,0.4736596345901489,0.6395637392997742,0.7942587733268738,0.581016480922699,0.5406862735748291,0.4943828582763672,0.21501591801643372,1.0109083652496338,0.5346468091011047,0.4484774172306061
YOR036W,test,True,True,1.1536537408828735,0.6511086642742157,0.39557307958602905,0.7674250602722168,0.6101340055465698,1.0244090557098389,0.45800212025642395,0.692500251531601,0.47320467233657837,1.06295907497406,0.33929160237312317,0.8560546636581421,0.7309912443161011,0.5030230194330215,0.6483167409896851,0.1677907109260559,0.24779929220676422,0.8417994379997253,0.6094089150428772
YOR037W,test,False,False,0.5081114768981934,-0.08245123028755189,0.5378783941268921,-0.22837743163108826,-0.6061028838157654,0.3983514904975891,-0.514005720615387,-0.16073987372219561,-0.17196565866470337,-0.31028562784194946,-0.1821877360343933,-0.027835587039589882,-0.1114247590303421,-0.8203719317913055,-0.00897112488746643,-0.7753903269767761,-1.4520373344421387,-0.5199499130249023,-1.3455109596252441
YOR038C,test,True,True,0.007950300350785255,0.42367088943719866,0.4608640670776367,0.4410298466682434,0.5570199489593506,0.6475133895874023,0.011927194893360138,0.6745676040649414,0.5778772234916687,0.9234235882759094,0.5646682977676392,0.8230696320533752,0.4837992787361145,0.2730429440736771,0.34662288427352905,0.46561408042907715,0.08661672472953796,-0.04554934799671173,0.5119103789329529
YOR039W,test,True,True,0.5834050178527832,0.6625853642821312,0.5128814578056335,0.8446851372718811,0.915162980556488,0.9987257719039917,0.04147147387266159,0.5541766822338104,0.6054511666297913,0.6467896699905396,0.29866665601730347,0.7953945398330688,0.424581378698349,0.603918194770813,0.48549729585647583,0.847636342048645,0.8271542191505432,0.2532031536102295,0.6060999631881714
YOR040W,test,True,True,-0.30747681856155396,0.5165962517261505,-0.12149554491043091,0.6020328402519226,0.8556849956512451,0.7512261867523193,0.4955327808856964,0.6915692985057831,0.19254764914512634,0.6151798367500305,0.93122798204422,0.905379056930542,0.8135119676589966,0.3897703766822815,0.16010859608650208,0.14766690135002136,0.5062865018844604,0.5202144980430603,0.6145753860473633
YOR041C,test,False,False,-1.6476045846939087,-0.7984081387519837,-0.812552809715271,-1.2236099243164062,-1.0713094472885132,0.13199323415756226,-1.01656174659729,-0.16073987372219561,-0.17196565866470337,-0.31028562784194946,-0.1821877360343933,-0.027835587039589882,-0.1114247590303421,-1.6813771963119506,-1.435732364654541,-2.0847649574279785,-2.025395154953003,-1.0635216236114502,-1.7974718809127808
YOR042W,test,True,True,1.0395891666412354,1.108524000644684,1.287874460220337,1.1391953229904175,1.0662541389465332,0.9065372347831726,1.142758846282959,1.3562441349029541,1.0894184112548828,1.3732653856277466,1.3784937858581543,1.693745732307434,1.2462973594665527,1.1540541529655457,0.9502971768379211,1.6057136058807373,1.113917589187622,1.2319562435150146,0.8683861494064331
YOR043W,test,True,True,0.6656965017318726,0.3495301306247711,0.6646167635917664,0.261679083108902,0.7591204643249512,0.7484441995620728,-0.6862098574638367,0.5449532866477966,0.14855703711509705,0.49664896726608276,0.3657619059085846,1.1173943281173706,0.5964041948318481,0.6992819398641587,0.7410293817520142,0.9891226887702942,1.5492298603057861,-0.08600552380084991,0.3030332922935486
YOR044W,test,True,True,0.5530966520309448,-0.08148032538592816,-0.549415647983551,-0.5577118992805481,0.5255364179611206,-0.026410793885588646,0.2006002962589264,0.5838142722845078,0.07710437476634979,0.6622008681297302,0.8017026782035828,0.757318377494812,0.620745062828064,0.11744444072246552,-0.12101779878139496,0.23197627067565918,0.41549524664878845,-0.3603106737136841,0.421079158782959
YOR045W,test,True,True,0.7505142092704773,0.5964013457298278,0.736648678779602,0.7143234014511108,0.6671718955039978,0.5815350413322449,0.28232771158218384,0.9090030431747437,0.9237771034240723,0.910163164138794,1.0402439832687378,0.8691184520721436,0.8017125129699707,0.5358675062656403,0.6645953059196472,0.5309221744537354,0.5756863951683044,0.3760303556919098,0.5321033000946045
YOR046C,test,True,True,0.5954180955886841,0.5476002275943757,0.4767012596130371,0.3453247547149658,0.8189336657524109,0.9407979846000671,0.1562434732913971,0.6166660189628601,0.5617905259132385,0.6179304122924805,0.6551996469497681,0.6362127065658569,0.6121968030929565,0.3623075902462006,0.30731916427612305,0.10779173672199249,0.9216615557670593,0.19714336097240448,0.27762213349342346
YOR047C,test,True,True,0.9434884190559387,0.5637984961271286,0.9740846157073975,0.09393848478794098,0.5617031455039978,0.9915601015090942,0.19770613312721252,0.899776303768158,0.3779492974281311,0.9922203421592712,1.0543558597564697,1.0753321647644043,0.9990238547325134,0.558806249499321,0.8182941675186157,0.5341364145278931,0.5004440546035767,0.1935783475637436,0.7475782632827759
YOR048C,test,True,True,0.47574082016944885,0.5582469284534455,0.6906496286392212,0.3511219024658203,0.5843088030815125,1.0144578218460083,0.15069648623466492,0.8020473480224609,0.5994783043861389,1.0684632062911987,0.6734416484832764,0.9801491498947144,0.6887044310569763,0.6013595759868622,0.34383252263069153,0.5689957737922668,0.7768640518188477,0.7361467480659485,0.5809587836265564
YOR049C,test,True,True,-0.8978104591369629,-0.6558620512485505,-0.5693753361701965,0.10749080777168274,-0.9800474047660828,-0.5788105130195618,-1.2585678100585938,-0.5770710587501526,-0.6937141418457031,-0.3824273645877838,-0.9158888459205627,-1.160043478012085,0.2667185366153717,-1.024146044254303,-0.16307467222213745,-1.4672532081604004,-1.4929758310317993,-0.7040789127349854,-1.2933475971221924
YOR050C,test,False,False,-1.8719758987426758,-0.37207241654396056,-0.4148491621017456,-0.8424220681190491,-0.4615730941295624,0.16942760348320007,-0.3109453618526459,-0.16073987372219561,-0.17196565866470337,-0.31028562784194946,-0.1821877360343933,-0.027835587039589882,-0.1114247590303421,-1.61291446685791,-1.1543766260147095,-2.0771865844726562,-1.7610440254211426,-1.541763424873352,-1.5302016735076904
YOR051C,test,True,True,0.5248363018035889,0.48800577856600286,0.5796683430671692,0.6974438428878784,0.022427456453442574,0.7880207300186157,0.3524685204029083,0.9648439526557923,0.9367958307266235,1.1157780885696411,0.7478827834129333,1.0994386672973633,0.9243243932723999,0.5204648852348328,0.298011839389801,0.7111352682113647,0.6199898719787598,0.20710110664367676,0.7660863399505615
YOR052C,test,True,True,1.5110454559326172,0.09688239246606827,0.5357657074928284,0.11299830675125122,0.5286914110183716,-0.11849086731672287,-0.574552595615387,0.5692254960536957,0.7829391956329346,0.6297521591186523,0.46332529187202454,0.6683198809623718,0.3017909526824951,0.1923529863357544,0.04893578588962555,-0.06623785197734833,0.3048018217086792,0.30737513303756714,0.3668900430202484
YOR053W,test,False,False,-1.1308698654174805,-0.394607612490654,-0.5679877996444702,-0.6108093857765198,-0.6082640290260315,-0.07374770194292068,-0.11222914606332779,-0.16073987372219561,-0.17196565866470337,-0.31028562784194946,-0.1821877360343933,-0.027835587039589882,-0.1114247590303421,-1.9059075832366943,-1.9558395147323608,-1.8925755023956299,-2.1418416500091553,-1.8369332551956177,-1.702347993850708
YOR054C,test,True,True,0.7491916418075562,-0.0798931136727333,-0.20471036434173584,0.009846866130828857,-0.32544901967048645,0.1596347838640213,-0.0387878343462944,0.21503059566020966,-0.08368021249771118,0.12635773420333862,0.12842853367328644,0.49156829714775085,0.41247862577438354,0.14036891758441924,0.1418238878250122,-0.09773851931095123,0.016564443707466125,0.19540221989154816,0.445792555809021
YOR055W,test,False,False,-1.9711805582046509,-0.3931556135416031,-0.4575968384742737,-0.9230937361717224,-0.44133076071739197,0.1807519644498825,-0.3245086967945099,-0.16073987372219561,-0.17196565866470337,-0.31028562784194946,-0.1821877360343933,-0.027835587039589882,-0.1114247590303421,-1.696869683265686,-1.8127520084381104,-1.9842944145202637,-1.9404865503311157,-0.8963762521743774,-1.850439190864563
YOR056C,test,True,True,0.5734176635742188,0.645033061504364,0.4486282467842102,0.2791707515716553,1.020790934562683,0.7834151387214661,0.6931602358818054,1.0294638752937317,0.6444244980812073,1.0744082927703857,1.1132231950759888,1.408301830291748,0.9069615602493286,0.9949559688568115,0.8172426819801331,0.5948188304901123,1.77494215965271,0.8739121556282043,0.913864016532898
YOR057W,test,True,True,0.16408951580524445,0.21063019149005413,0.021858012303709984,-0.2515236437320709,0.4698456823825836,0.6095939874649048,0.2033769190311432,0.9641765356063843,0.6383240818977356,0.9042009711265564,1.3763947486877441,0.9328904151916504,0.9690724611282349,0.4098229706287384,0.26448750495910645,0.1388055980205536,0.8935908675193787,0.18101489543914795,0.5712159872055054
YOR058C,test,True,True,0.21075570583343506,0.2573419585824013,0.8393904566764832,0.3285926282405853,0.34744444489479065,0.05230758339166641,-0.28102532029151917,0.7101430296897888,0.38221123814582825,0.7275975346565247,0.3016800582408905,1.2760496139526367,0.863176703453064,0.8110186338424683,0.6588077545166016,1.4278175830841064,0.8524512648582458,0.8399342894554138,0.27608227729797363
YOR059C,test,True,True,0.4120582640171051,0.41133257523179056,0.709981381893158,0.037915538996458054,0.3119112551212311,0.9611342549324036,0.03572044521570206,0.7149980366230011,0.7037767171859741,0.4421309530735016,0.6720871329307556,0.9875437021255493,0.7694516777992249,0.4372623130679131,0.6220686435699463,-0.07726418226957321,0.6769565343856812,0.8067486882209778,0.15780188143253326
YOR060C,test,True,True,0.4530009627342224,0.4386114075779915,0.617004930973053,0.20915430784225464,0.4522157311439514,0.8245511054992676,0.09013096243143082,0.6191885471343994,0.43205004930496216,0.6758694648742676,0.7169055938720703,0.8177593946456909,0.4533582329750061,0.45878403782844546,0.21778559684753418,0.22439584136009216,0.7868607640266418,0.6843587756156921,0.38051921129226685
YOR061W,test,False,True,0.7287587523460388,0.0801717609167099,0.18197882175445557,0.33803457021713257,-0.1378130167722702,0.31819039583206177,-0.2995319664478302,0.5435055315494537,0.23878955841064453,0.7672703266143799,0.5953616499900818,0.6959784626960754,0.42012766003608704,0.30968067049980164,0.22533714771270752,0.20925748348236084,0.47171851992607117,0.25385987758636475,0.3882303237915039
YOR062C,test,False,True,0.2243659496307373,-0.2310724139213562,-0.3977534770965576,-0.34361904859542847,-0.43041732907295227,0.4221487045288086,-0.40572091937065125,0.0317379429936409,-0.09323287010192871,-0.05802290141582489,0.01541631668806076,0.20604079961776733,0.08848837018013,0.03008546605706215,-0.3082755208015442,0.23347297310829163,-0.10362881422042847,0.3701281249523163,-0.04126943275332451
YOR063W,test,True,True,1.6335773468017578,1.1903245449066162,1.5798296928405762,1.5468673706054688,0.6293131709098816,1.4962447881698608,0.6993677020072937,1.6539845228195191,1.6071293354034424,1.775891900062561,1.6994301080703735,1.5571612119674683,1.63031005859375,1.055708658695221,1.0152806043624878,1.0550310611724854,1.2627458572387695,0.6838752627372742,1.261610507965088
YOR064C,test,True,True,0.5526285767555237,0.6229184150695801,0.6086000204086304,0.5669607520103455,0.8750770688056946,0.6309564113616943,0.43299782276153564,0.6658948302268982,0.47312822937965393,0.45071932673454285,0.3689873218536377,0.9788904786109924,1.057748794555664,0.5204954206943512,-0.3348991572856903,0.7199698090553284,0.7404794096946716,0.6597985029220581,0.8171285390853882
YOR065W,test,False,True,0.28425106406211853,0.8178877234458923,0.26422053575515747,0.9936409592628479,0.8434385657310486,1.0586178302764893,0.9295207262039185,0.6480724722146988,0.13745369017124176,0.30315661430358887,0.6877231001853943,0.836186408996582,1.275842547416687,0.6112299978733062,0.42576590180397034,0.8598734736442566,0.46992993354797363,0.5201720595359802,0.7804086208343506
YOR066W,test,True,True,0.8478933572769165,0.0867884747684002,0.18389083445072174,0.012366112321615219,-0.3652245104312897,0.4717422425746918,0.1311676949262619,0.4227751761674881,0.17887432873249054,0.636999249458313,0.2712871730327606,0.8041757345199585,0.22253939509391785,-0.39877772256731986,-0.9074382185935974,-0.28412461280822754,-0.5823368430137634,-0.2389039397239685,0.018915001302957535
YOR067C,test,True,True,-0.164680615067482,0.01942378580570221,0.25780755281448364,-0.007060185074806213,-0.2932332158088684,0.5039756298065186,-0.36437085270881653,0.6636798262596131,0.6084167957305908,0.7863749861717224,0.6150450706481934,0.6728212833404541,0.6357409954071045,-0.15092507898807525,-0.06086861342191696,-0.4756145179271698,-0.02098913863301277,-0.16844552755355835,-0.0287075974047184
YOR068C,test,False,False,-1.953100562095642,-0.6844889596104622,-0.7469198703765869,-0.6187347769737244,-0.8700627684593201,0.04425682872533798,-1.2309842109680176,-0.16073987372219561,-0.17196565866470337,-0.31028562784194946,-0.1821877360343933,-0.027835587039589882,-0.1114247590303421,-1.7131800055503845,-1.8605306148529053,-1.8046343326568604,-0.9769471287727356,-1.8104921579360962,-2.113295793533325
YOR069W,test,False,True,0.42961135506629944,-0.09365356899797916,-0.005497919395565987,-0.41719508171081543,-0.291527658700943,0.44683951139450073,-0.20088669657707214,0.4983876347541809,0.4141663610935211,0.5998881459236145,0.34714075922966003,0.6084174513816833,0.5223254561424255,-0.021348954737186433,0.2012823224067688,-0.4975164532661438,0.14725621044635773,-0.09319091588258743,0.13542406260967255
YOR070C,test,True,True,0.4148169755935669,-0.006606695801019668,-0.17710131406784058,-0.03458179906010628,0.35798242688179016,0.3553884029388428,-0.5347211956977844,0.2504151418805122,0.13555338978767395,0.10300444811582565,0.42927756905555725,0.48597416281700134,0.09826613962650299,0.2356771409511566,0.6540342569351196,-0.24900716543197632,0.6175025105476379,0.22902627289295197,-0.07317017018795013
YOR071C,test,True,True,-0.28861621022224426,0.2375682085752487,0.7571101784706116,0.10520164668560028,0.5145318508148193,0.6051926612854004,-0.794195294380188,0.6494019091129303,0.6462106704711914,0.17039334774017334,0.891346275806427,1.050470232963562,0.48858901858329773,0.15329317450523378,-0.2456475794315338,-0.026102066040039062,0.40469732880592346,0.4836229085922241,0.14989528059959412
YOR072W,test,False,False,-1.644194483757019,-0.44074746761471034,-0.9487778544425964,-0.6700604557991028,0.013713995926082134,-0.17608577013015747,-0.4225272536277771,-0.16073987372219561,-0.17196565866470337,-0.31028562784194946,-0.1821877360343933,-0.027835587039589882,-0.1114247590303421,-1.311688780784607,-1.226302146911621,-1.2476398944854736,-1.5262705087661743,-1.3222090005874634,-1.2360223531723022
YOR072W-A,test,False,False,-0.9698861241340637,-0.38889065124094485,-0.8950791954994202,-0.5702077746391296,-0.02402498945593834,-0.030008872970938683,-0.4251324236392975,-0.16073987372219561,-0.17196565866470337,-0.31028562784194946,-0.1821877360343933,-0.027835587039589882,-0.1114247590303421,-1.5197223663330077,-1.644837737083435,-1.4855496883392334,-1.58554208278656,-1.4235516786575317,-1.4591306447982788
YOR072W-B,test,False,True,-2.088510751724243,0.37383797615766523,1.159948706626892,0.013784434646368027,0.05113895609974861,0.7325412034988403,-0.0882234200835228,0.6223143041133881,0.4843395948410034,0.2647193372249603,0.7380252480506897,0.8775848150253296,0.7469025254249573,0.18403262943029403,0.5472034811973572,-0.6726454496383667,0.06305252760648727,0.48979878425598145,0.492753803730011
YOR073W,test,True,True,0.37694674730300903,0.9975816488265992,1.5587270259857178,1.3492580652236938,0.5375786423683167,0.9852117300033569,0.5571327805519104,1.3765283823013306,1.2799067497253418,1.4249552488327026,1.455209732055664,1.421486496925354,1.3010836839675903,1.104728877544403,0.7481635808944702,1.573406457901001,1.3011164665222168,0.9057841300964355,0.9951737523078918
YOR073W-A,test,False,False,-1.9901304244995117,-0.9067350193858147,-1.7053064107894897,-1.231715440750122,-0.5939562916755676,0.09511760622262955,-1.0978145599365234,-0.16073987372219561,-0.17196565866470337,-0.31028562784194946,-0.1821877360343933,-0.027835587039589882,-0.1114247590303421,-1.9559252738952637,-2.054300546646118,-2.1019744873046875,-1.7273311614990234,-1.796342372894287,-2.099677801132202
YOR074C,test,True,True,0.5601571798324585,0.18955991566181182,0.602851927280426,-0.05485987663269043,0.19222934544086456,0.7730270624160767,-0.5654488801956177,0.646064966917038,0.5186702609062195,0.9386335611343384,0.9375183582305908,0.5270904898643494,0.3084121644496918,0.1456819534301758,0.3126521408557892,-0.23976540565490723,0.5668037533760071,-0.2984263598918915,0.38714563846588135
YOR075W,test,True,True,0.32821419835090637,0.2525332644581795,0.41665220260620117,0.3836480379104614,-0.16519898176193237,0.7456541061401367,-0.11808904260396957,0.6588392674922943,0.35935178399086,1.0100725889205933,0.6529223322868347,0.7192680835723877,0.5525815486907959,0.428568072617054,0.3951297402381897,0.6090165376663208,1.013407588005066,-0.06596990674734116,0.19125640392303467
YOR076C,test,True,True,-0.16473250091075897,0.719189316034317,1.2622214555740356,0.5499165654182434,0.8376625180244446,0.7829628586769104,0.16318318247795105,0.8944659233093262,0.6926487684249878,1.0101405382156372,0.885877788066864,1.1372572183609009,0.746405303478241,0.9528530359268188,0.9120582342147827,0.9732310175895691,1.1623700857162476,1.0944637060165405,0.6221421360969543
YOR077W,test,True,True,0.4889550507068634,0.16425933688879013,0.31535643339157104,0.015069812536239624,-0.2475120574235916,0.7631913423538208,-0.024808846414089203,0.7053129315376282,0.6152535676956177,0.668588399887085,0.5695727467536926,0.8169712424278259,0.8561787009239197,0.6108695268630981,0.6504551768302917,0.6797336935997009,0.5650327801704407,0.6862313747406006,0.4728946089744568
YOR078W,test,True,True,1.2853407859802246,1.1222691774368285,1.5122228860855103,0.8409674763679504,1.0982110500335693,1.261828899383545,0.8981155753135681,1.317688536643982,1.3377947807312012,1.3077384233474731,1.2274309396743774,1.5055588483810425,1.2099196910858154,1.0099144458770752,0.5210198760032654,1.0876147747039795,0.9370246529579163,1.5135782957077026,0.9903346300125122
YOR079C,test,True,True,-0.4390423595905304,-0.7407765716314316,-0.6157431602478027,-1.070190668106079,-0.8435853123664856,-0.22628097236156464,-0.9480827450752258,-0.1044006735086441,0.12697240710258484,-1.1563974618911743,-0.09686300158500671,0.35663333535194397,0.2476513534784317,-0.5394235372543335,-0.3461494445800781,-0.5860205292701721,-0.7406999468803406,-0.5937668681144714,-0.4304808974266052
YOR080W,test,True,True,0.11050976812839508,-0.27765578776597977,-0.08087173104286194,-0.7146386504173279,-0.47481104731559753,0.0339212641119957,-0.15187877416610718,-0.22838264405727388,0.13299331068992615,-1.3277931213378906,-0.43809011578559875,0.40051475167274475,0.09046195447444916,-0.15502566061913967,0.34003880620002747,-0.032184209674596786,-0.5658548474311829,0.022714076563715935,-0.5398421287536621
YOR081C,test,True,True,0.8139799237251282,0.4298057734966278,0.4053080379962921,0.4814379811286926,0.30833491683006287,0.6408932209014893,0.3130547106266022,0.8232710599899292,0.7119220495223999,1.2412313222885132,0.8682945966720581,0.6095840334892273,0.6853232979774475,0.39075587391853334,0.3295319378376007,0.8788667917251587,0.14979171752929688,0.2519737184047699,0.34361520409584045
YOR082C,test,False,False,-1.6654356718063354,-0.6398089498281478,-0.8075149655342102,-0.4511493742465973,-0.9661628603935242,-0.16205258667469025,-0.8121649622917175,-0.16073987372219561,-0.17196565866470337,-0.31028562784194946,-0.1821877360343933,-0.027835587039589882,-0.1114247590303421,-1.6394053936004638,-1.9167782068252563,-1.8521649837493896,-2.2470128536224365,-0.648551344871521,-1.5325195789337158
YOR083W,test,True,True,0.7548487186431885,0.7239527881145478,1.0199878215789795,0.8884707689285278,0.5618191361427307,0.6598145961761475,0.48967161774635315,0.7016740918159485,0.4791584014892578,1.2110363245010376,0.6057133078575134,0.6809020042419434,0.5315604209899902,0.9046485543251037,1.164223074913025,1.3596882820129395,0.9469746947288513,0.5060927271842957,0.5462639927864075
YOR084W,test,True,True,0.41449663043022156,-0.21408674605190753,0.0035306867212057114,-0.11664882302284241,0.3831489086151123,-0.8841057419776917,-0.45635876059532166,-0.5805072635412216,-0.5966929793357849,-1.1505056619644165,-0.7487300038337708,-0.3014199137687683,-0.10518775880336761,0.1409398853778839,0.39799827337265015,-0.045388877391815186,-0.24830563366413116,0.3969157934188843,0.20347987115383148
YOR085W,test,True,True,0.7835781574249268,0.6467333197593689,0.7601993680000305,0.6867793202400208,0.9411787390708923,0.6234557032585144,0.22205346822738647,0.6984907627105713,0.6966602206230164,0.7565951943397522,0.7299372553825378,0.782636284828186,0.526624858379364,0.5202906012535096,0.4183815121650696,0.8893523812294006,0.33909502625465393,0.5121203660964966,0.4425037205219269
YOR086C,test,True,True,0.4389263391494751,0.4397875279188156,0.6069963574409485,0.8355750441551208,0.4389443099498749,0.15619589388370514,0.1612260341644287,0.12897855713963507,0.25409531593322754,-0.13271242380142212,-0.01568666473031044,0.07270241528749466,0.4664941430091858,0.3722363620996475,0.16872790455818176,0.9019037485122681,0.37885886430740356,0.085841104388237,0.3258501887321472
YOR087W,test,True,True,-0.2997955083847046,0.3840312883257866,0.8929856419563293,-0.01379905641078949,0.5201367735862732,0.41775548458099365,0.10307759791612625,0.5587057024240494,0.3425145149230957,0.6216282248497009,0.17107923328876495,1.206756353378296,0.4515501856803894,0.33311747908592226,0.04691073298454285,0.7025222778320312,0.2668028473854065,0.16947486996650696,0.47987666726112366
YOR089C,test,True,True,1.653550148010254,0.6667860805988312,0.632492184638977,0.5214237570762634,0.6174279451370239,1.0856209993362427,0.4769655168056488,0.9741458296775818,1.0160812139511108,0.9501749873161316,1.2853779792785645,0.9328408241271973,0.6862541437149048,0.5288487672805786,0.5654825568199158,0.5979641675949097,0.4424625039100647,0.6015916466712952,0.43674296140670776
YOR090C,test,True,True,0.5295312404632568,0.5439349576830864,0.629551351070404,0.6119073033332825,0.657116711139679,0.911622166633606,-0.09052274376153946,0.3215236499905586,0.39401987195014954,-0.0019958391785621643,0.5182185173034668,0.5078002214431763,0.18957547843456268,0.4746137261390686,0.3650032877922058,0.3641374707221985,0.4976852536201477,0.689487874507904,0.45675474405288696
YOR091W,test,True,True,1.5231034755706787,0.662828904390335,0.9343350529670715,0.5792867541313171,0.6766448616981506,0.8166052103042603,0.30727264285087585,0.6930744647979736,0.8029811382293701,0.5167078971862793,0.7713088393211365,0.8201799392700195,0.5541945099830627,1.044234573841095,1.382462739944458,1.0754680633544922,1.172876000404358,1.0042006969451904,0.5861653685569763
YOR092W,test,True,True,-0.09655704349279404,0.7487180471420288,1.0214118957519531,0.9941003918647766,0.9378281831741333,0.4565766155719757,0.3336731493473053,0.76213458776474,0.23975348472595215,0.9544528722763062,1.001301646232605,0.5793272852897644,1.0358376502990723,0.3916738718748093,-0.09321410953998566,0.364807665348053,0.6513315439224243,0.7438889145851135,0.29155534505844116
YOR093C,test,True,True,-0.4002058804035187,0.16721018478274347,-0.009226422756910324,0.27096837759017944,-0.053821861743927,0.6340364217758179,-0.0059055909514427185,0.7049288630485535,0.552192211151123,0.7824994325637817,0.6113739609718323,0.8541585803031921,0.7244201302528381,0.18755053281784057,-0.22841084003448486,0.41645747423171997,0.2654484510421753,0.28411513566970825,0.20014244318008423
YOR094W,test,True,True,0.16721244156360626,0.3351636156439781,0.39499008655548096,0.08275425434112549,0.6496331691741943,0.6035559177398682,-0.05511534959077835,0.7523833632469177,0.7339458465576172,0.8795680403709412,0.7035464644432068,0.761260986328125,0.6835954785346985,0.4064365938305855,0.05052638798952103,0.37513118982315063,0.6251948475837708,0.7267478704452515,0.2545826733112335
YOR095C,test,True,True,0.16661952435970306,0.3835799276828766,0.3581850528717041,0.16140669584274292,0.47610458731651306,0.57505863904953,0.3471446633338928,0.6377251267433166,1.032447338104248,0.5116046071052551,0.19289612770080566,0.7614362239837646,0.6902413368225098,0.36964822858572005,0.10617325454950333,0.16357825696468353,0.8246554732322693,0.11772921681404114,0.636104941368103
YOR096W,test,True,True,1.0557042360305786,1.8616029977798463,1.7594082355499268,2.0786824226379395,2.124940872192383,2.1045539379119873,1.2404295206069946,1.776809310913086,1.733635425567627,1.6653764247894287,1.8394064903259277,2.1343326568603516,1.5112955570220947,1.8353241443634034,1.5611540079116821,2.002225875854492,2.4385321140289307,1.5354973077774048,1.6392114162445068
YOR097C,test,True,True,1.0892449617385864,0.31870215348899367,0.022043628618121147,0.566356897354126,0.3132024109363556,0.773526668548584,-0.08161883801221848,0.4499725878238678,0.424353688955307,0.35077473521232605,0.6059283018112183,0.4517962336540222,0.41700997948646545,0.45175900757312776,0.31112194061279297,0.7067694664001465,0.7446445226669312,0.3279005289077759,0.16835857927799225
YOR098C,test,True,True,0.7106032967567444,0.4793306142091751,0.683855414390564,-0.147209033370018,0.29569706320762634,1.3293704986572266,0.23493912816047668,0.886296135187149,0.7438846826553345,0.9552624821662903,0.4393518269062042,1.5015997886657715,0.7913818955421448,0.5142574846744538,0.16482719779014587,0.6604740023612976,0.5325028300285339,0.5671083331108093,0.6463750600814819
YOR099W,test,True,True,-0.006140573415905237,0.25076107420027255,0.029004571959376335,0.13547609746456146,0.06050458177924156,0.9643593430519104,0.06446077674627304,0.8617054104804993,0.7714124917984009,1.0844340324401855,0.49065399169921875,1.3533614873886108,0.6086650490760803,0.14633939862251283,-0.29018905758857727,0.3156640827655792,0.34123456478118896,-0.11618298292160034,0.4811703860759735
YOR100C,test,True,True,-1.0925302505493164,-0.14925790429115296,-0.31141573190689087,-0.35828840732574463,-0.27164795994758606,0.4314146935939789,-0.2363521158695221,0.21948901042342187,-0.034315068274736404,-0.26300057768821716,-0.37999555468559265,1.0477266311645508,0.7270296216011047,0.25656877756118773,0.2394651174545288,0.4930693507194519,0.36306139826774597,-0.28956833481788635,0.4768163561820984
YOR101W,test,True,True,0.5146077275276184,0.6173021890223026,1.25599205493927,-0.04671616479754448,0.2830198407173157,1.1268316507339478,0.46738356351852417,0.895167863368988,0.8106273412704468,0.7485771179199219,0.574772298336029,1.2403181791305542,1.1015443801879883,0.6858751177787781,0.8571855425834656,0.574974775314331,0.6198965907096863,0.6143791079521179,0.7629395723342896
YOR102W,test,False,False,-0.8526800870895386,-0.7189911291003227,-1.0726574659347534,-1.5177220106124878,-0.2824743092060089,0.04532558470964432,-0.7674274444580078,-0.16073987372219561,-0.17196565866470337,-0.31028562784194946,-0.1821877360343933,-0.027835587039589882,-0.1114247590303421,-1.8161710023880004,-1.999269962310791,-1.9967188835144043,-1.6764510869979858,-1.8216323852539062,-1.586782693862915
YOR103C,test,True,True,0.46237659454345703,0.3844096563756466,0.4925275444984436,0.018821943551301956,0.8244943022727966,0.6953427791595459,-0.10913828760385513,0.61666139960289,0.2136525809764862,0.7286402583122253,0.8042917847633362,0.728776216506958,0.6079461574554443,0.10666796453297138,0.184446781873703,0.055108442902565,0.2109885960817337,-0.0209286417812109,0.1037246435880661
YOR104W,test,True,True,0.38727596402168274,0.17146658897399902,0.35538360476493835,-0.14541272819042206,0.1413387507200241,0.8572865128517151,-0.3512631952762604,0.3751225173473358,-0.18105003237724304,0.15635982155799866,0.23735752701759338,0.8456733822822571,0.817271888256073,0.31429276168346404,0.3586922585964203,0.08383092284202576,0.677594006061554,0.2673712372779846,0.18397538363933563
YOR105W,test,False,False,-1.4484816789627075,-0.7267545714974404,-0.9401664137840271,-0.6313832402229309,-0.7867197394371033,0.0633343979716301,-1.3388378620147705,-0.16073987372219561,-0.17196565866470337,-0.31028562784194946,-0.1821877360343933,-0.027835587039589882,-0.1114247590303421,-1.2589444994926453,-0.973791778087616,-1.6745872497558594,-0.8985577821731567,-1.2973843812942505,-1.4504013061523438
YOR106W,test,True,True,0.5283232927322388,-0.0019622161984443665,0.26036733388900757,-0.39240965247154236,-0.18637250363826752,0.3581242263317108,-0.04952048510313034,0.3359763383865356,0.3232709765434265,0.2621014714241028,0.4039042294025421,0.39553800225257874,0.2950670123100281,0.12248584479093552,0.3556045889854431,-0.2220703661441803,0.33645331859588623,-0.08625554293394089,0.22869722545146942
YOR107W,test,True,True,0.3690584599971771,0.3788574695587158,0.6353378295898438,0.5706110000610352,0.740401029586792,-0.2636784315109253,0.2116159200668335,0.5067335188388824,0.32489025592803955,0.2922855019569397,0.7753236889839172,0.33862271904945374,0.802545428276062,0.5902505774050951,1.001470923423767,0.8186234831809998,0.4344424605369568,-0.007481386885046959,0.7041974067687988
YOR108C-A,test,False,False,-1.1997793912887573,-0.7278717070817947,-0.5505498647689819,-0.748417854309082,-1.2550604343414307,-0.15307874977588654,-0.9322516322135925,-0.16073987372219561,-0.17196565866470337,-0.31028562784194946,-0.1821877360343933,-0.027835587039589882,-0.1114247590303421,-1.5844759941101074,-1.4195069074630737,-1.611772060394287,-1.772275447845459,-1.4332951307296753,-1.685530424118042
YOR108W,test,True,True,0.24464185535907745,0.8831269383430481,0.8428155183792114,1.2536306381225586,0.877431333065033,0.8394888043403625,0.602268397808075,1.3139901399612426,1.1145914793014526,1.6404434442520142,1.3607059717178345,1.175094723701477,1.279115080833435,0.8335472106933594,0.6955224871635437,0.9154654145240784,1.1304380893707275,0.592456579208374,0.8338534832000732
YOR109W,test,True,True,0.35647302865982056,0.24303411412984133,0.5211580395698547,0.2519895136356354,0.007211961783468723,0.708254337310791,-0.2734432816505432,0.4979425936937332,0.41146236658096313,0.7675703763961792,0.22391463816165924,0.7032457590103149,0.38351982831954956,0.012907975167036057,0.002769187092781067,-0.3753895163536072,0.24835261702537537,0.1448453962802887,0.04396219179034233
YOR110W,test,False,True,0.3599231541156769,0.7476201355457306,1.0115511417388916,0.968407928943634,0.8039455413818359,0.7269664406776428,0.22722962498664856,0.6116949558258057,0.5942419171333313,0.6139054298400879,0.6540955901145935,0.43355435132980347,0.7626774907112122,0.619026267528534,0.7408862709999084,0.6446607708930969,0.9220558404922485,0.4947126507759094,0.29281580448150635
YOR111W,test,False,False,-0.2557254433631897,-0.038254290074110034,-0.14850395917892456,-0.039511341601610184,0.27712109684944153,0.052401743829250336,-0.3327789902687073,-0.16073987372219561,-0.17196565866470337,-0.31028562784194946,-0.1821877360343933,-0.027835587039589882,-0.1114247590303421,-0.24601390212774277,0.37121880054473877,-0.8436214327812195,0.5421133637428284,0.11857534199953079,-1.4183555841445923
YOR112W,test,False,True,0.4982483685016632,0.005912494659423828,0.23655205965042114,-0.33398696780204773,-0.23013579845428467,0.6127489805221558,-0.25561580061912537,0.43039652705192566,0.41262364387512207,0.26640015840530396,0.45397600531578064,0.5682348608970642,0.4507479667663574,0.085036239027977,0.04360576719045639,-0.2274438440799713,0.29120975732803345,0.24359232187271118,0.07421719282865524
YOR113W,test,True,True,0.8828917741775513,0.17633146345615386,0.46002432703971863,0.17606699466705322,0.37652572989463806,-0.11877252906560898,-0.012187205255031586,0.15316989086568356,0.1592041552066803,0.17102208733558655,0.17550873756408691,-0.012737797573208809,0.2728522717952728,0.41210461854934693,0.2968212962150574,0.35829371213912964,0.5874500274658203,0.27437496185302734,0.5435830950737
YOR114W,test,True,True,-0.12146312743425369,0.3407180830836296,0.33782893419265747,0.7820430397987366,0.2633115351200104,0.21722553670406342,0.1031813696026802,0.1677628554403782,0.18714018166065216,-0.04082859307527542,-0.04574837163090706,0.6450129151344299,0.09323814511299133,0.3778693102300167,0.2760476768016815,0.7172877192497253,0.5114654302597046,0.3385070562362671,0.046038668602705
YOR115C,test,True,True,0.6279783844947815,0.5568479478359223,0.8652470707893372,0.14480060338974,0.6241748929023743,0.9929141998291016,0.15710297226905823,0.7309874296188354,0.7999740242958069,1.0402244329452515,0.6481819748878479,0.547759473323822,0.618797242641449,0.472186753153801,0.41347140073776245,0.2965996265411377,1.067675232887268,0.17734192311763763,0.405845582485199
YOR116C,test,True,True,0.061203960329294205,0.18157964944839478,0.21810083091259003,-0.11170418560504913,0.5360479950904846,0.53519606590271,-0.2697424590587616,0.19896477907896043,0.27426615357398987,-0.03249689191579819,0.03984355926513672,0.48787930607795715,0.22533176839351654,0.2208131454885006,0.36647889018058777,0.03803552687168121,0.4482121467590332,0.29083752632141113,-0.03949836269021034
YOR117W,test,True,True,0.5736323595046997,0.1899777740240097,0.4805217385292053,0.08370047807693481,-0.1514299064874649,0.3061174750328064,0.2309790849685669,0.661561906337738,0.5693715810775757,0.5578659176826477,0.5696952939033508,0.8775315880775452,0.7333451509475708,0.5493923187255859,0.8469026684761047,0.6065372824668884,0.3551667332649231,0.5285768508911133,0.40977805852890015
YOR118W,test,False,False,0.27110329270362854,0.06347371488809586,-0.24188372492790222,0.39328330755233765,-0.21925072371959686,0.42927002906799316,-0.04405031353235245,-0.16073987372219561,-0.17196565866470337,-0.31028562784194946,-0.1821877360343933,-0.027835587039589882,-0.1114247590303421,-0.7109132602810859,-0.9146924614906311,-0.08100906759500504,-0.6299697756767273,-1.5098851919174194,-0.419009804725647
YOR119C,test,True,True,0.39160534739494324,-0.2034351110458374,0.19114559888839722,-0.3115145266056061,-0.23199623823165894,-0.46670886874198914,-0.19810152053833008,0.05283414721488953,-0.0430004820227623,0.29476597905158997,-0.1981683075428009,-0.1093861535191536,0.31995970010757446,-0.28403722047805785,-0.46879154443740845,0.29647156596183777,-0.22225138545036316,-0.6051693558692932,-0.42044538259506226
YOR120W,test,True,True,-0.5526840686798096,0.17092042416334152,0.299959659576416,0.4358407258987427,0.4307875335216522,-0.19779954850673676,-0.11418624967336655,-0.15264463126659394,0.292407751083374,-0.5704273581504822,-0.1569398194551468,-0.6879046559333801,0.3596409261226654,0.22578358203172683,0.6631959080696106,0.456559956073761,0.7362410426139832,0.0590878501534462,-0.7861668467521667
YOR121C,test,False,False,-0.06004365533590317,-0.3804847612977028,-0.5260424017906189,-0.856814444065094,-0.22786372900009155,0.09751703590154648,-0.389220267534256,-0.16073987372219561,-0.17196565866470337,-0.31028562784194946,-0.1821877360343933,-0.027835587039589882,-0.1114247590303421,-1.091938078403473,-0.7490469813346863,-1.8649370670318604,-1.1776049137115479,-0.8932573795318604,-0.7748440504074097
YOR122C,test,True,True,1.2744004726409912,1.1727991700172424,1.3388148546218872,1.3486851453781128,1.1402651071548462,1.3512756824493408,0.6849550604820251,1.2988409996032715,1.0198464393615723,1.836709976196289,1.3764402866363525,1.3599892854690552,0.9012190103530884,1.0321205854415894,0.9318233728408813,0.6510226726531982,1.4717367887496948,1.048597812652588,1.0574222803115845
YOR123C,test,True,True,1.3648680448532104,0.45660502314567564,0.515032172203064,0.40975314378738403,0.6209332942962646,0.9319673776626587,-0.19466087222099304,0.6249053716659546,0.39408957958221436,0.7905148267745972,0.661826491355896,0.5999218225479126,0.6781741380691528,0.6579144626855851,0.7888374328613281,0.7762154340744019,1.2281639575958252,0.25194084644317627,0.24441464245319366
YOR124C,test,True,True,0.2247747927904129,0.2934366688132286,0.4534335732460022,0.24140116572380066,0.16247573494911194,0.5926106572151184,0.017262212932109833,0.8201970815658569,0.854493260383606,1.0939582586288452,0.8837220072746277,0.6370073556900024,0.6318045258522034,0.47447295784950255,0.7298057079315186,0.24472230672836304,0.6783067584037781,0.4092385172843933,0.31029149889945984
YOR125C,test,True,True,0.4985921382904053,-0.29127469956874846,-0.07868383079767227,-0.403977632522583,-0.1842820793390274,-0.10161971300840378,-0.6878102421760559,0.040205315500497815,-0.07402388751506805,-0.1480357050895691,0.08220794796943665,0.2903580367565155,0.05052018538117409,0.09253731966018677,0.42690879106521606,0.010068684816360474,0.14321859180927277,0.10610002279281616,-0.22360949218273163
YOR126C,test,False,True,-0.4528633952140808,0.11922509595751762,0.18095999956130981,0.045975979417562485,0.38499364256858826,0.14973598718643188,-0.16554012894630432,0.3155747175216675,0.18833568692207336,0.4874972701072693,0.2757122814655304,0.4044140875339508,0.22191426157951355,0.2628393150866032,0.24730557203292847,-0.0648113414645195,0.4145757555961609,0.6919142603874207,0.025212328881025314
YOR127W,test,True,True,0.11227739602327347,0.2171182230114937,0.38025423884391785,0.06585727632045746,0.393673300743103,0.07181449979543686,0.17399179935455322,0.2055317632853985,0.058234136551618576,0.4056885242462158,0.1179499477148056,0.21141861379146576,0.23436759412288666,0.27339368015527726,0.3368283212184906,0.2438913881778717,0.12472178786993027,0.4588943123817444,0.2026325911283493
YOR128C,test,False,False,-2.074021100997925,-0.3404452443122864,-0.11003965139389038,-1.1367301940917969,0.30347195267677307,-0.30348634719848633,-0.45544198155403137,-0.16073987372219561,-0.17196565866470337,-0.31028562784194946,-0.1821877360343933,-0.027835587039589882,-0.1114247590303421,-1.1010323762893677,-1.4723351001739502,-1.8417999744415283,-0.6042313575744629,-1.1796709299087524,-0.40712451934814453
YOR129C,test,True,True,-0.42416897416114807,-0.2924221843481064,-0.5433120727539062,-0.24462682008743286,0.07491667568683624,-0.4077959358692169,-0.34129276871681213,0.16285959780216216,-0.10066483914852142,0.07430244982242584,0.49531111121177673,0.25539782643318176,0.08995144069194794,0.03198761083185673,0.025889955461025238,-0.3789673447608948,0.31019672751426697,0.01084391213953495,0.19197480380535126
YOR130C,test,True,True,0.13427959382534027,0.2694419533014297,0.18137842416763306,0.12410947680473328,0.3857419788837433,0.24379132688045502,0.4121885597705841,0.8495835185050964,0.5077619552612305,1.2814630270004272,1.1586315631866455,0.722930908203125,0.577130138874054,0.677253121137619,0.8943815231323242,0.3516481816768646,0.7370849251747131,0.7671988606452942,0.6359521150588989
YOR131C,test,True,True,1.0964527130126953,0.6155246675014496,0.6756594181060791,0.5666998028755188,0.8047475814819336,0.7361751794815063,0.2943413555622101,0.9922867178916931,1.0975323915481567,0.9753871560096741,1.276460886001587,0.9127897024154663,0.6992634534835815,0.5443592607975006,0.44198498129844666,0.6180018782615662,0.5694834589958191,0.5691956877708435,0.5231302976608276
YOR132W,test,False,True,0.30487504601478577,0.8543642699718476,0.9489839673042297,1.3066906929016113,0.5569236874580383,0.9849797487258911,0.47424325346946716,0.8637133240699768,1.1625893115997314,0.5520603656768799,0.9157918095588684,0.9538949728012085,0.7342301607131958,0.5749610066413879,0.5325149297714233,0.9372527003288269,0.68093341588974,0.35780298709869385,0.3663010001182556
YOR133W,test,True,True,-0.012241794727742672,0.7491185128688812,0.7078481316566467,0.6641779541969299,0.9208431839942932,1.1656814813613892,0.2870418131351471,0.9429080843925476,0.9568387866020203,0.8648937940597534,1.066199779510498,0.9496548175811768,0.8769532442092896,0.8349972486495971,1.00247323513031,0.5128764510154724,1.1822751760482788,0.8854061365127563,0.5919552445411682
YOR134W,test,True,True,-1.6006001234054565,-1.320254349708557,-1.0662956237792969,-1.5040907859802246,-1.5004186630249023,-1.1113179922103882,-1.4191486835479736,-0.938676618039608,-0.8249413371086121,-1.8469011783599854,-1.1597058773040771,-0.11871909350156784,-0.7431156039237976,-1.620081400871277,-1.7465428113937378,-1.6713471412658691,-1.8995071649551392,-1.7320321798324585,-1.0509777069091797
YOR135C,test,False,False,-1.7486299276351929,-0.4386186180636287,-0.009643138386309147,-1.0050761699676514,-0.024338094517588615,-0.2658628821372986,-0.8881728053092957,-0.16073987372219561,-0.17196565866470337,-0.31028562784194946,-0.1821877360343933,-0.027835587039589882,-0.1114247590303421,-1.2777846336364747,-1.0903968811035156,-1.461364984512329,-1.3730354309082031,-1.0644245147705078,-1.3997013568878174
YOR136W,test,True,True,1.333309531211853,0.3433321386575699,-0.1261299103498459,1.1333155632019043,0.08075838536024094,0.7074354887008667,-0.07871883362531662,0.8377420902252197,0.5648932456970215,1.5239183902740479,0.584283709526062,0.6296094059944153,0.886005699634552,0.34153109788894653,-0.2221059799194336,0.7986729741096497,0.5246915221214294,0.2050606906414032,0.40133628249168396
YOR137C,test,True,True,-0.24070416390895844,0.10950862169265747,-0.2600680887699127,0.3717203140258789,0.3455893397331238,0.4819847345352173,-0.3916831910610199,0.18578196167945862,-0.4361169934272766,0.18105661869049072,0.06624269485473633,0.7133961319923401,0.40433135628700256,0.18211136423051358,0.07220175117254257,0.22465398907661438,0.4615309238433838,-0.023267606273293495,0.17543776333332062
YOR138C,test,False,True,0.4002404510974884,0.3802064672112465,0.315746009349823,0.5128776431083679,0.4939269721508026,0.5602046251296997,0.018277086317539215,0.43772791028022767,0.34128695726394653,0.5142821669578552,0.46149787306785583,0.5296085476875305,0.3419640064239502,0.5906621396541596,0.32506775856018066,0.42415884137153625,0.3890426754951477,1.299181580543518,0.515859842300415
YOR139C,test,False,False,-1.8851450681686401,-0.7958002761006355,-0.8674796223640442,-1.5048503875732422,-1.3717412948608398,0.12490632385015488,-0.3598363995552063,-0.16073987372219561,-0.17196565866470337,-0.31028562784194946,-0.1821877360343933,-0.027835587039589882,-0.1114247590303421,-1.9477139711380005,-2.1842546463012695,-2.1569857597351074,-2.252370595932007,-1.4351903200149536,-1.709768533706665
YOR140W,test,True,True,0.9737324118614197,-0.7891035616397858,-0.7038763165473938,-0.9047271609306335,-0.766605794429779,-1.2403326034545898,-0.3299759328365326,-0.4039644658565521,-0.648345947265625,-0.3456993103027344,0.104790598154068,-0.7644380331039429,-0.36612963676452637,-0.0248865719884634,0.06636995822191238,-0.3926841616630554,0.14627709984779358,-0.011051615700125694,0.06665585935115814
YOR141C,test,True,True,0.7119331955909729,1.1281173348426818,1.0401517152786255,1.4356938600540161,1.171438217163086,1.234419822692871,0.7588830590248108,1.255189347267151,1.009962797164917,1.4409584999084473,1.3485472202301025,1.3265384435653687,1.149939775466919,1.3478885054588319,1.0948787927627563,1.4541223049163818,1.843902826309204,1.4755489826202393,0.8709896206855774
YOR142W,test,True,True,0.5065084099769592,0.9206757783889771,0.8369809985160828,0.614780604839325,0.8528457283973694,1.4522464275360107,0.8465251326560974,0.9964213252067566,0.7279711365699768,1.0885127782821655,0.8900941610336304,1.2271194458007812,1.048409104347229,1.174767804145813,0.6998851895332336,1.2124526500701904,1.5270298719406128,1.6464334726333618,0.7880378365516663
YOR143C,test,True,True,-0.19949230551719666,0.07267233151942491,0.3541637063026428,0.19887711107730865,0.011070319451391697,-0.24404726922512054,0.04329778999090195,0.5489675879478455,0.632035493850708,0.5187057852745056,0.3912084698677063,0.6116040349006653,0.5912841558456421,0.18183395266532898,0.13550123572349548,0.2656548321247101,0.20335382223129272,0.12405374646186829,0.18060612678527832
YOR144C,test,True,True,-0.06219677999615669,0.24835072159767152,0.2258433699607849,0.2480153739452362,0.5282106995582581,0.4884442090988159,-0.24876004457473755,0.3567706450819969,0.5373014807701111,0.5380651354789734,0.03966071456670761,0.42262956500053406,0.24619632959365845,0.20665264874696732,0.21662405133247375,-0.1765303611755371,0.7302952408790588,-0.0921361967921257,0.3550105094909668
YOR145C,test,True,True,1.5828311443328857,1.1892761945724488,1.235367774963379,1.0574581623077393,1.4006259441375732,1.436881422996521,0.8160476684570312,1.633372163772583,1.8000383377075195,1.878024697303772,1.4906516075134277,1.7208281755447388,1.277318000793457,1.118207323551178,0.8780083060264587,1.1453661918640137,1.1409671306610107,1.3437961339950562,1.0828988552093506
YOR146W,test,False,False,-1.482474684715271,-0.9292412579059601,0.1154036819934845,-1.5562818050384521,-0.2411985993385315,-0.9440361261367798,-2.0200934410095215,-0.16073987372219561,-0.17196565866470337,-0.31028562784194946,-0.1821877360343933,-0.027835587039589882,-0.1114247590303421,-1.6283077239990233,-1.5195623636245728,-1.5066256523132324,-1.41300630569458,-1.7778178453445435,-1.9245264530181885
YOR147W,test,True,True,0.15161751210689545,0.9300351142883301,1.3976871967315674,0.8424497246742249,0.9431630969047546,0.9555312395095825,0.511344313621521,1.2569707989692689,0.9648460745811462,1.581081748008728,1.1123833656311035,1.3051921129226685,1.3213506937026978,0.6640901207923889,0.358941912651062,0.5909833908081055,0.8488585352897644,0.7134912014007568,0.8081755638122559
YOR148C,test,True,True,0.3564147353172302,0.14762235581874847,0.33562546968460083,-0.4028739333152771,0.7921741604804993,0.2129903882741928,-0.19980430603027344,0.5088287919759751,0.21877600252628326,0.7911381125450134,0.854545533657074,0.2825770974159241,0.39710721373558044,0.2944275185465813,0.3771071135997772,0.21880179643630981,0.4957147240638733,0.32326579093933105,0.05724816769361496
YOR149C,test,True,False,-0.4182332754135132,-0.33721294701099397,-0.2552417516708374,-0.7664145827293396,0.28751519322395325,-0.23357956111431122,-0.7183440327644348,-0.16073987372219561,-0.17196565866470337,-0.31028562784194946,-0.1821877360343933,-0.027835587039589882,-0.1114247590303421,-1.7030765771865846,-1.6987035274505615,-2.1405739784240723,-1.22298002243042,-1.786117672920227,-1.6670076847076416
YOR150W,test,True,True,0.23532862961292267,0.609281849861145,1.0880107879638672,0.31998926401138306,0.5188449025154114,0.9026429057121277,0.2169213891029358,0.8488115191459655,0.7177087664604187,0.8410003781318665,0.8341501355171204,1.0253372192382812,0.8258610963821411,0.6766424655914307,0.9585209488868713,0.4513186812400818,0.8365052342414856,0.5752793550491333,0.5615881085395813
YOR151C,test,False,True,0.4487549364566803,0.5975127577781677,1.2056148052215576,0.36603501439094543,0.3474142551422119,0.7997540831565857,0.26874563097953796,1.272071409225464,0.9579544067382812,1.3575180768966675,1.2048745155334473,1.5780205726623535,1.2619894742965698,0.8110518455505371,0.650559663772583,0.8699947595596313,1.1085845232009888,0.7907243967056274,0.635395884513855
YOR152C,test,True,True,-0.6139469146728516,-0.3794581308960915,-0.299793541431427,-0.7379088997840881,-0.21380716562271118,-0.0456894114613533,-0.6000916361808777,0.02175101488828659,-0.030204012989997864,-0.5108953714370728,0.2737262547016144,0.12409213930368423,0.25203606486320496,-0.16063592806458474,-0.2589157223701477,0.01351010799407959,-0.38908666372299194,-0.1552247703075409,-0.013462591916322708
YOR153W,test,True,True,1.288724422454834,0.7400156617164612,0.6534841060638428,0.7500198483467102,0.7734909653663635,0.7902026176452637,0.7328807711601257,1.160956335067749,0.7250044345855713,1.2933911085128784,1.3744127750396729,1.134961485862732,1.2770118713378906,0.8625211477279663,0.8442098498344421,1.282141923904419,1.2722247838974,0.5096374154090881,0.4043917655944824
YOR154W,test,True,True,-0.014324559830129147,-0.0023124344646930695,-0.08085060119628906,-0.07290492951869965,-0.02737222984433174,0.4445006847381592,-0.2749350965023041,0.5255394518375397,0.2244611382484436,0.7514914870262146,0.7397236227989197,0.5973998308181763,0.3146211802959442,0.3590729020535946,0.5761640667915344,0.08405625820159912,0.5936605930328369,0.503048837184906,0.03843475505709648
YOR155C,test,True,True,0.023335788398981094,-0.14665817022323607,-0.5538015961647034,-0.15807834267616272,-0.08111611008644104,0.2035503387451172,-0.14384514093399048,0.26276136338710787,0.08429090678691864,0.15095970034599304,0.2740701138973236,0.49177682399749756,0.3127092719078064,0.030605773627758025,-0.13847088813781738,0.17521581053733826,-0.014440599828958511,0.1367916315793991,-0.006067086011171341
YOR156C,test,False,False,0.24129025638103485,-0.14865025840699672,-0.11387079209089279,-0.386841356754303,-0.019726550206542015,0.29796266555786133,-0.5207752585411072,-0.16073987372219561,-0.17196565866470337,-0.31028562784194946,-0.1821877360343933,-0.027835587039589882,-0.1114247590303421,-1.488857126235962,-1.5267643928527832,-1.5918807983398438,-1.8802298307418823,-1.135724425315857,-1.3096861839294434
YOR157C,test,True,True,0.9851480722427368,1.020514225959778,1.5621390342712402,1.2211405038833618,1.0822609663009644,0.6612234711647034,0.5758071541786194,1.1337790608406066,0.8284837603569031,1.3539398908615112,1.2594877481460571,1.220061182975769,1.006922721862793,0.8636022329330444,1.4863392114639282,0.7379190325737,0.5687431693077087,0.8818526268005371,0.6431571245193481
YOR158W,test,True,True,0.6825736165046692,0.6122201681137085,0.33897900581359863,0.8640346527099609,0.46791574358940125,1.101243257522583,0.28892818093299866,1.0167293548583984,0.755261242389679,1.0405315160751343,1.04726243019104,1.2735236883163452,0.9670678973197937,0.7177728772163391,0.4739811420440674,0.884371817111969,0.7956438064575195,0.6351851224899292,0.7996824979782104
YOR159C,test,True,True,1.3428022861480713,-0.0335991308093071,0.11708691716194153,-0.20356333255767822,0.1221519485116005,0.29323112964630127,-0.49690231680870056,0.36204163134098055,0.38578465580940247,0.46003592014312744,0.29528510570526123,0.4450823962688446,0.2240200787782669,0.057591166347265244,-0.044706717133522034,-0.009738348424434662,-0.0397506020963192,0.44467127323150635,-0.06251977384090424
YOR160W,test,False,True,-0.06848803907632828,0.10317882634699345,-0.0021713990718126297,0.0002849288284778595,0.426584392786026,0.5070011019706726,-0.4158048927783966,0.4704247713088989,0.48054641485214233,0.5445746183395386,0.5041586756706238,0.48455560207366943,0.3382885456085205,0.042601007223129275,-0.11657468974590302,-0.4187316298484802,0.3114545941352844,0.34100329875946045,0.09585346281528473
YOR161C,test,True,True,-0.27265965938568115,0.3561851352453232,0.5436904430389404,0.3810153901576996,-0.19325710833072662,0.8773311972618103,0.1721457540988922,0.8173308372497559,0.23650026321411133,0.7838751673698425,1.0629162788391113,1.1416579484939575,0.8617045283317566,0.7148134708404541,0.31824541091918945,0.851570188999176,1.0939717292785645,0.7119092345237732,0.5983707904815674
YOR161C-C,test,True,True,-1.0494184494018555,-0.3313265925738961,0.1017797440290451,-1.5372555255889893,-0.0016258240211755037,0.3219009041786194,-0.54143226146698,-0.19973763227462768,-0.8515111207962036,0.43594101071357727,-1.3289744853973389,0.45776182413101196,0.2880946099758148,-0.48336108922958376,0.13371777534484863,-1.0406756401062012,-0.6050670742988586,-0.583186686038971,-0.3215938210487366
YOR161W-A,test,False,False,-0.5501477718353271,-0.062210933119058606,0.3057468831539154,-0.22287729382514954,0.04941090568900108,-0.17501892149448395,-0.26831623911857605,-0.16073987372219561,-0.17196565866470337,-0.31028562784194946,-0.1821877360343933,-0.027835587039589882,-0.1114247590303421,-0.5508232176303863,0.23812317848205566,-0.8497152328491211,-0.3377149999141693,-1.1202059984207153,-0.6846030354499817
YOR161W-B,test,False,False,-1.3926458358764648,0.054228538274765016,0.9087201356887817,-0.8778740167617798,0.5168350338935852,0.1797018051147461,-0.4562402665615082,-0.16073987372219561,-0.17196565866470337,-0.31028562784194946,-0.1821877360343933,-0.027835587039589882,-0.1114247590303421,-0.6799383461475372,0.48620492219924927,-1.6732001304626465,-0.7111713886260986,-1.0730262994766235,-0.4284988343715668
YOR162C,test,True,True,-0.12197954952716827,0.4116699039936066,0.41971874237060547,0.24341291189193726,0.3766418695449829,0.6683647036552429,0.3502112925052643,0.4511747516691685,0.020492125302553177,0.4105212986469269,0.3782217502593994,0.9155583381652832,0.5310802459716797,0.659405666589737,0.5584083199501038,0.4285484254360199,1.09126877784729,0.5534065961837769,0.6653962135314941
YOR163W,test,True,True,1.376470923423767,-0.27687833905220033,-0.9966616034507751,-0.448392391204834,-0.21097496151924133,0.20767831802368164,0.06395894289016724,-0.14023588895797728,-0.5800139904022217,-0.29912328720092773,-0.19380904734134674,0.24511463940143585,0.12665224075317383,0.21664322316646575,0.7435647249221802,-0.009168803691864014,-0.14900194108486176,0.19125458598136902,0.30656754970550537
YOR164C,test,True,True,0.5365166664123535,-0.03953926041722298,-0.2571341097354889,0.2633385956287384,-0.05774710699915886,0.12231258302927017,-0.2684662640094757,0.019079235196113587,0.07136206328868866,-0.11556705832481384,-0.14806391298770905,0.12409268319606781,0.16357240080833435,-0.5942100048065185,-1.0547841787338257,-0.3544965386390686,-0.9516953229904175,-0.31395214796066284,-0.29612183570861816
YOR165W,test,True,True,0.20031854510307312,-0.5068108707666397,-0.9583383202552795,-0.64844810962677,-0.2479027658700943,-0.2831381559371948,-0.39622700214385986,-0.186598414555192,-0.4491349458694458,-0.31109461188316345,-0.29613474011421204,0.014191759750247002,0.10918046534061432,-0.5712704241275788,-1.356925368309021,-0.4150996804237366,-0.38095197081565857,-0.40919029712677,-0.2941848039627075
YOR166C,test,True,False,0.05415264889597893,-0.05576400049030781,0.030558714643120766,-0.17311546206474304,0.05503600463271141,0.33780741691589355,-0.5291066765785217,-0.16073987372219561,-0.17196565866470337,-0.31028562784194946,-0.1821877360343933,-0.027835587039589882,-0.1114247590303421,-0.9522585391998291,-1.8751755952835083,-0.7671094536781311,-1.2021510601043701,-0.19114768505096436,-0.7257089018821716
YOR167C,test,True,True,1.6558284759521484,0.9322461187839508,1.0528243780136108,1.29034423828125,0.7935114502906799,1.1477618217468262,0.3767887055873871,1.3177456378936767,1.3457417488098145,1.65938401222229,1.3996570110321045,1.0268479585647583,1.1570974588394165,0.9410650134086609,0.6871078610420227,1.0698835849761963,1.1177434921264648,1.1694241762161255,0.6611659526824951
YOR168W,test,True,True,0.39540112018585205,0.4967291384935379,0.7769994139671326,0.20422452688217163,0.17517565190792084,0.8838170766830444,0.44342902302742004,0.97309889793396,1.2058418989181519,1.1795077323913574,0.7785437703132629,0.7788557410240173,0.9227453470230103,0.5638766646385193,0.5003407597541809,0.6348341703414917,0.3145264983177185,0.4466647505760193,0.923017144203186
YOR169C,test,False,False,-2.088510751724243,-0.5221781000494957,-0.7744527459144592,-0.6402426958084106,-0.5009267926216125,-0.050951771438121796,-0.6443164944648743,-0.16073987372219561,-0.17196565866470337,-0.31028562784194946,-0.1821877360343933,-0.027835587039589882,-0.1114247590303421,-1.1506910085678101,-0.9942150712013245,-1.3278026580810547,-1.321260690689087,-0.8630059361457825,-1.2471706867218018
YOR170W,test,False,False,-2.088510751724243,0.0778483122587204,0.12944206595420837,0.3121824264526367,0.22286322712898254,-0.13840489089488983,-0.13684126734733582,-0.16073987372219561,-0.17196565866470337,-0.31028562784194946,-0.1821877360343933,-0.027835587039589882,-0.1114247590303421,-0.5852799117565155,0.206096351146698,-1.050661563873291,-0.4909825325012207,-1.2403490543365479,-0.35050275921821594
YOR171C,test,True,True,0.0536273792386055,0.025436212308704853,-0.021665554493665695,-0.09281819313764572,-0.010015266947448254,0.43443822860717773,-0.1827581524848938,0.6342353343963623,0.30657315254211426,0.5288488268852234,0.7143054604530334,0.9347472786903381,0.6867019534111023,0.01425010859966278,-0.03305228799581528,0.021044306457042694,-0.6198204755783081,0.5246188640594482,0.17846013605594635
YOR172W,test,True,True,0.1617860347032547,0.34923487305641177,0.3194425702095032,0.4569637179374695,0.09534037113189697,0.6248691082000732,0.24955859780311584,0.7962952494621277,0.49633222818374634,0.8892486691474915,0.9078890681266785,0.8084414601325989,0.8795648217201233,0.5373529553413391,0.5749978423118591,0.616133451461792,0.49508732557296753,0.4207238554954529,0.579822301864624
YOR173W,test,True,True,-0.4400421380996704,0.12433336600661278,0.18869933485984802,-0.06229332461953163,0.19526465237140656,0.3529722988605499,-0.052976131439208984,-0.532805559784174,-1.120851993560791,-1.0790373086929321,0.07488664984703064,-0.49744555354118347,-0.04157959297299385,-0.10133614540100097,-0.23761695623397827,-0.2849734127521515,0.3375012278556824,0.1416929066181183,-0.4632844924926758
YOR174W,test,True,True,0.2922251522541046,0.2921501100063324,0.5873115658760071,-0.3927539885044098,1.1239705085754395,0.38337576389312744,-0.2411532998085022,0.1933002144098282,-0.2660723030567169,0.5306630730628967,0.14221343398094177,0.3360125422477722,0.22368432581424713,0.3912885576486588,0.5135137438774109,0.2625633776187897,0.5250844359397888,0.40957170724868774,0.24570952355861664
YOR175C,test,True,True,0.0356922410428524,-0.12667179107666016,-0.3190384805202484,-0.1378094106912613,-0.22520117461681366,0.333976686000824,-0.2852865755558014,-0.07046871483325959,-0.3912560045719147,-0.2128123641014099,-0.11709202826023102,0.29657989740371704,0.07223692536354065,0.08094870299100876,-0.22202345728874207,0.14141219854354858,0.042989037930965424,0.3019241988658905,0.14044153690338135
YOR176W,test,True,True,0.24164769053459167,0.9796960830688477,1.146331548690796,1.2026617527008057,1.19130277633667,0.6346942186355591,0.7234901189804077,0.6866217017173767,0.9455525875091553,0.5151172280311584,0.5269482135772705,0.6578669548034668,0.7876235246658325,0.9552876353263855,0.8823907971382141,0.5875096917152405,1.809096097946167,0.8406104445457458,0.6568311452865601
YOR177C,test,True,True,-0.9938476085662842,0.049283291399478915,0.5518028140068054,-0.022588245570659637,0.2881469428539276,-0.38446521759033203,-0.1864798367023468,0.11572536528110504,0.481467604637146,-0.6221529245376587,0.28495481610298157,0.35780978202819824,0.0765475481748581,-0.16039431728422643,-0.5829808115959167,-0.10811344534158707,0.20425139367580414,-0.011775145307183266,-0.30335357785224915
YOR178C,test,False,True,-0.8678272366523743,-0.25360859036445615,0.41066813468933105,-0.7744669318199158,-0.9630860686302185,0.26521557569503784,-0.2063736617565155,0.16492667719721793,-0.4162859320640564,0.1256254017353058,-0.04354524984955788,0.4331124424934387,0.7257267236709595,0.4794013284146786,0.5443820357322693,0.4834005832672119,0.7479404211044312,0.5846025943756104,0.03668100759387016
YOR179C,test,True,True,0.34558239579200745,-0.11521294713020325,-0.11664696037769318,-0.3851619362831116,0.5658865571022034,-0.19128777086734772,-0.44885462522506714,0.16140611469745636,-0.30639880895614624,0.2288975715637207,0.21650941669940948,0.4157472550868988,0.25227513909339905,-0.12632540985941887,-0.37200042605400085,-0.13112714886665344,0.033659372478723526,-0.07693588733673096,-0.08522295951843262
YOR180C,test,False,True,-0.41206997632980347,-1.1615305423736573,-0.8623791337013245,-1.4784741401672363,-0.5188624262809753,-1.5539467334747314,-1.3939902782440186,-0.6002982944250107,-1.3474242687225342,-0.6694309115409851,-0.7382377982139587,0.19188536703586578,-0.43828386068344116,-0.3415337711572647,-0.5132591128349304,-0.602443516254425,-0.3650166988372803,0.14985571801662445,-0.37680524587631226
YOR181W,test,True,True,1.2519861459732056,0.33599013537168504,0.6769526600837708,0.1984192132949829,0.29213449358940125,0.39421966671943665,0.11822464317083359,0.8030591607093811,1.0013813972473145,0.8423283696174622,0.6426407694816589,0.7114151120185852,0.8175301551818848,0.5195851802825928,0.2926290035247803,0.6176832318305969,0.8980168700218201,0.5115491151809692,0.27804768085479736
YOR182C,test,True,True,2.300558567047119,0.4378932535648346,0.6749059557914734,0.9399296641349792,-0.3040708303451538,0.4157865047454834,0.46291497349739075,1.2050207138061524,0.8055679202079773,1.2597612142562866,1.5095858573913574,1.4513297080993652,0.9988588690757751,0.6216422140598297,0.6594297885894775,1.25376296043396,-0.1549115777015686,0.3091948926448822,1.0407350063323975
YOR183W,test,True,True,-1.8943618535995483,0.44374539852142336,0.5435323119163513,0.2214832901954651,0.5377210378646851,1.4642159938812256,-0.5482256412506104,0.9011885523796082,0.9450202584266663,0.6541594862937927,0.604231059551239,1.3049335479736328,0.99759840965271,0.11079598888754845,-0.1169637069106102,0.1444222331047058,0.014816008508205414,0.46783220767974854,0.04387320205569267
YOR184W,test,True,True,0.7194252014160156,0.591795240342617,0.9718940854072571,0.6900709867477417,0.4776642322540283,0.8042908906936646,0.015056006610393524,0.6097115695476532,0.4705977141857147,0.5426093935966492,0.8001322746276855,0.7443646192550659,0.49085384607315063,0.5085973650217056,0.7490639090538025,0.42697641253471375,0.5775096416473389,0.24106048047542572,0.5483763813972473
YOR185C,test,True,True,-0.28142961859703064,-0.11671209260821343,-0.219251811504364,-0.03234628960490227,0.5739068984985352,-1.0557646751403809,0.14989541471004486,0.22815506905317307,-0.4965420365333557,0.67409747838974,0.27523836493492126,0.05863326042890549,0.6293482780456543,-0.004547972232103348,0.01729196310043335,-0.21499024331569672,-0.009303972125053406,0.1944500058889389,-0.01018761470913887
YOR186C-A,test,False,False,-0.768973171710968,-0.704083600640297,-0.5070482492446899,-1.2913146018981934,-0.43421342968940735,-0.13078658282756805,-1.157055139541626,-0.16073987372219561,-0.17196565866470337,-0.31028562784194946,-0.1821877360343933,-0.027835587039589882,-0.1114247590303421,-1.4875629901885987,-0.9994333386421204,-2.000225782394409,-0.8999351859092712,-1.6728357076644897,-1.8653849363327026
YOR186W,test,True,True,-1.300346851348877,-0.4299068972468376,-1.0234639644622803,-0.5624083876609802,0.37155866622924805,-0.8637781143188477,-0.07144268602132797,-0.07661237716674804,-0.7872275114059448,0.33508700132369995,0.3984176814556122,-0.720279335975647,0.39094027876853943,-0.652158135175705,-0.21924564242362976,-0.7227365374565125,-0.8941531777381897,-0.5109007358551025,-0.9137545824050903
YOR187W,test,True,True,0.5949122905731201,1.0900081038475036,0.8163444399833679,1.6746116876602173,0.9976380467414856,1.1124099493026733,0.8490363955497742,1.0302455067634582,0.627345085144043,1.4488292932510376,0.8694618940353394,1.3258198499679565,0.8797714114189148,0.9142092108726502,1.0279861688613892,0.6860283017158508,1.3136849403381348,0.8274804353713989,0.715866208076477
YOR188W,test,True,True,0.6147450804710388,0.507673466205597,0.4806203246116638,0.41550546884536743,0.5944622755050659,0.7945969104766846,0.2531823515892029,0.7325817942619324,0.7977313995361328,0.8402168154716492,0.8271129131317139,0.7546592950820923,0.44318854808807373,0.43379545360803606,0.22364789247512817,0.07483036071062088,0.8197447657585144,0.6364361643791199,0.4143180847167969
YOR189W,test,True,True,1.0798698663711548,0.9363240122795105,1.0392627716064453,1.3658552169799805,0.9383437633514404,0.7705339789390564,0.5676243305206299,1.0491607904434204,0.892249345779419,1.2611175775527954,1.0799369812011719,0.979073166847229,1.0334268808364868,1.0436628699302672,1.0295294523239136,1.0809478759765625,1.5804426670074463,0.8357418775558472,0.6916524767875671
YOR190W,test,True,True,-1.7818242311477661,-1.408093023300171,-0.9384172558784485,-1.4991395473480225,-1.155094861984253,-2.4525701999664307,-0.9952432513237,-1.2359665989875794,-1.1384855508804321,-1.671244740486145,-0.9090818762779236,-1.8573689460754395,-0.6036518812179565,-1.7889702081680299,-1.7620769739151,-1.486513614654541,-2.5054900646209717,-1.7790040969848633,-1.4117662906646729
YOR191W,test,False,True,0.4730678200721741,0.47797448486089705,0.22880274057388306,0.8845579028129578,0.4021468162536621,0.8164031505584717,0.05796181410551071,0.5773977100849151,0.5305430293083191,0.7450422644615173,0.49777671694755554,0.5325893759727478,0.581037163734436,0.3824938118457794,0.49842578172683716,0.2603999376296997,0.5810622572898865,0.29075637459754944,0.2818247079849243
YOR192C,test,True,False,-1.5759413242340088,-1.5195940732955933,-1.391541600227356,-1.7582446336746216,-1.57086980342865,-1.0922436714172363,-1.7850706577301025,-0.16073987372219561,-0.17196565866470337,-0.31028562784194946,-0.1821877360343933,-0.027835587039589882,-0.1114247590303421,-1.5583401918411255,-1.3166658878326416,-1.5058033466339111,-1.3321967124938965,-1.70099675655365,-1.9360382556915283
YOR192C-C,test,True,True,-0.5671737790107727,-0.316104881092906,0.30785098671913147,-0.54264235496521,-0.4403097629547119,0.016078421846032143,-0.9215016961097717,0.38733426928520204,0.4372442364692688,0.2652084231376648,0.31062212586402893,0.6044163107872009,0.3191802501678467,0.07373155057430267,0.24351218342781067,-0.20204077661037445,0.28582024574279785,-0.0737181007862091,0.1150842010974884
YOR193W,test,True,True,-0.21367870271205902,0.5353210926055908,0.6247008442878723,0.1988777220249176,0.5413831472396851,1.0520780086517334,0.2595657408237457,0.6627169191837311,0.8068199753761292,0.34920182824134827,0.76701420545578,0.6880006194114685,0.7025479674339294,0.46185624673962594,0.825782835483551,0.2725016176700592,0.5635765194892883,0.5969874262809753,0.05043283477425575
YOR194C,test,True,True,1.7300771474838257,0.3543834209442139,0.4470239281654358,0.10862290859222412,0.6578202843666077,0.4575687348842621,0.10088124871253967,0.7543853640556335,0.7823059558868408,0.9436244368553162,0.7346363663673401,0.695004940032959,0.6163551211357117,0.4094171315431595,0.5422728061676025,0.2010379284620285,0.27251529693603516,0.5731914639472961,0.4580681622028351
YOR195W,test,True,True,0.5233747959136963,0.26508155316114423,0.31663092970848083,0.14668208360671997,0.4641989767551422,0.4535044729709625,-0.05560869723558426,0.6697633504867554,0.5956032872200012,0.7742916345596313,0.5151508450508118,0.9016200304031372,0.5621509552001953,0.2590760547667742,0.3941609263420105,-0.004555508494377136,0.5085378289222717,0.0014764908701181412,0.39576053619384766
YOR196C,test,True,True,0.652671217918396,0.4276795953512192,0.22105558216571808,0.4457852840423584,0.34210923314094543,0.750152587890625,0.379295289516449,0.6985181570053101,0.5040008425712585,0.9485533237457275,0.5751296281814575,0.8437226414680481,0.6211843490600586,0.4172956943511963,0.3387712836265564,0.23124027252197266,0.5670720338821411,0.5074136257171631,0.4419812560081482
YOR197W,test,True,True,1.0706485509872437,0.7426547393202781,0.8607246279716492,0.7545340657234192,0.9956692457199097,1.0753154754638672,0.027030281722545624,0.7119949579238891,0.6344917416572571,0.9078019857406616,0.7070152163505554,0.7160096168518066,0.594656229019165,0.32369638681411744,0.050199300050735474,0.16811296343803406,0.33769625425338745,0.7358378767967224,0.32663553953170776
YOR198C,test,True,True,1.4761608839035034,1.12816002368927,1.0041322708129883,0.7161293625831604,1.7808566093444824,1.5731744766235352,0.5665073990821838,1.055154800415039,1.0089757442474365,0.7146406173706055,1.5214662551879883,1.1464872360229492,0.8842041492462158,0.9046766281127929,0.33471745252609253,0.8914869427680969,1.454512596130371,0.9758805632591248,0.8667855858802795
YOR199W,test,False,False,-1.6078988313674927,-0.31227738559246065,-0.5746240019798279,-0.12604840099811554,-0.4164207875728607,0.289315402507782,-0.733609139919281,-0.16073987372219561,-0.17196565866470337,-0.31028562784194946,-0.1821877360343933,-0.027835587039589882,-0.1114247590303421,-1.1041203081607818,-0.8224934935569763,-1.6300938129425049,-1.2535622119903564,-0.27477654814720154,-1.5396754741668701
YOR200W,test,False,False,-1.7908148765563965,-0.08503793627023697,-0.44758445024490356,-0.008409351110458374,0.02945571392774582,0.3833620548248291,-0.3820136487483978,-0.16073987372219561,-0.17196565866470337,-0.31028562784194946,-0.1821877360343933,-0.027835587039589882,-0.1114247590303421,-0.9541352391242981,-0.909826934337616,-1.265838384628296,-0.7726684212684631,-0.47371822595596313,-1.3486242294311523
YOR201C,test,False,True,0.7618051171302795,0.4960596740245819,0.616743266582489,0.4250100553035736,0.7168133854866028,0.4981408417224884,0.22359082102775574,0.27503937035799025,0.21447885036468506,0.09684119373559952,0.3829821050167084,0.3654981851577759,0.3153965175151825,0.286048498749733,0.6567258238792419,0.14162224531173706,0.19566361606121063,0.18546950817108154,0.2507613003253937
YOR202W,test,False,True,-2.088510751724243,0.4893505871295929,0.436750590801239,0.4559876322746277,0.5087065100669861,0.7316930294036865,0.31361517310142517,0.6900389552116394,0.6276589035987854,0.6015621423721313,0.7594326138496399,0.8193197250366211,0.6422213912010193,0.3543562591075897,0.4033491015434265,0.27089035511016846,0.33283019065856934,0.191568523645401,0.5731431245803833
YOR203W,test,False,False,-2.008643865585327,-0.1385600298643112,-0.5792564749717712,-0.009349696338176727,0.09693101793527603,0.1448993682861328,-0.34602436423301697,-0.16073987372219561,-0.17196565866470337,-0.31028562784194946,-0.1821877360343933,-0.027835587039589882,-0.1114247590303421,-1.140041360259056,-1.5904494524002075,-1.514688491821289,-0.13708101212978363,-0.8840916752815247,-1.5738961696624756
YOR204W,test,True,True,0.9208992123603821,0.8918825209140777,1.014678716659546,1.0410414934158325,1.006649374961853,0.9615742564201355,0.43546876311302185,0.8224595546722412,1.4102065563201904,0.4619078040122986,0.7782981991767883,0.7806341648101807,0.681251049041748,0.5738622844219208,0.3621458411216736,0.4361574947834015,0.9207574725151062,0.6721206903457642,0.47812992334365845
YOR205C,test,False,True,0.3527604937553406,0.5859636709094047,0.7667487263679504,0.8409002423286438,0.5596972703933716,0.7424906492233276,0.019981466233730316,0.773334538936615,0.7730121612548828,0.8381864428520203,0.6712242960929871,0.8608301281929016,0.7234196662902832,0.43568542301654817,0.6019074320793152,0.5057371854782104,0.5701879858970642,0.04384435713291168,0.45675015449523926
YOR206W,test,True,True,0.7503148913383484,0.9057236313819885,1.1957321166992188,0.7319409251213074,1.0652614831924438,1.200838565826416,0.33484506607055664,1.1446488618850708,1.210796594619751,1.1685290336608887,1.181653618812561,1.155261754989624,1.0070033073425293,0.8329989910125732,0.6018638610839844,0.9618924260139465,1.215319037437439,0.5824998021125793,0.803419828414917
YOR207C,test,True,True,0.031344734132289886,0.540395724773407,0.3109862208366394,0.28447234630584717,0.3914232552051544,1.3223140239715576,0.3927827775478363,0.6695082247257232,0.3734605610370636,0.7397692799568176,0.6670438647270203,0.9228161573410034,0.6444512605667114,0.547432404756546,0.33510759472846985,0.47743260860443115,0.5960436463356018,0.715543806552887,0.6130343675613403
YOR208W,test,True,True,0.0956692174077034,0.7409450650215149,0.5578942894935608,0.7226152420043945,0.8941934108734131,1.1405702829360962,0.38945209980010986,0.8705046534538269,0.6409578323364258,1.2124098539352417,0.7890036106109619,1.052428126335144,0.6577238440513611,0.6347457945346833,0.6654382944107056,0.4373207986354828,1.1472370624542236,0.2884870767593384,0.6352457404136658
YOR209C,test,True,True,0.7295104265213013,0.41676926612854004,0.9157602190971375,-0.22674024105072021,0.43256863951683044,1.1349308490753174,-0.17267313599586487,1.2137238264083863,1.1142231225967407,0.616182804107666,1.7216688394546509,1.4888027906417847,1.1277415752410889,0.24560942202806474,-0.8168173432350159,0.05608420819044113,0.8517773151397705,0.8995698094367981,0.23743312060832977
YOR210W,test,True,True,1.2969460487365723,-0.9257108420133591,-1.6275768280029297,-1.8272886276245117,0.2138061672449112,-0.33416593074798584,-1.0533289909362793,0.4195008218288422,0.6886732578277588,-0.7185860276222229,0.46806803345680237,0.4719144105911255,1.187434434890747,-0.09963764483109117,-0.08779866248369217,0.3112408518791199,-0.004737390670925379,0.000182444229722023,-0.7170754671096802
YOR211C,test,True,True,0.11708605289459229,0.5132407356053591,1.060098648071289,0.9002735018730164,0.39118656516075134,-0.018386220559477806,0.23303118348121643,0.3533357061445713,1.034618616104126,-0.02601853758096695,0.46311989426612854,0.3178432881832123,-0.022884730249643326,0.7057787477970123,1.191880226135254,1.1145384311676025,0.6504840850830078,0.6406165361404419,-0.0686255395412445
YOR212W,test,True,True,1.0962655544281006,0.9296676039695739,1.0867030620574951,0.6520959734916687,0.7923199534416199,1.3948224782943726,0.7223965525627136,1.1288204312324523,0.6413546800613403,1.151289463043213,0.9943183064460754,1.4721423387527466,1.3849973678588867,0.7994931697845459,0.9503385424613953,1.099008560180664,0.4924265146255493,0.6578605771064758,0.797831654548645
YOR213C,test,True,True,0.3923557996749878,-0.06062196344137192,0.114298015832901,-0.13260076940059662,0.16691432893276215,-0.03516291826963425,-0.41655847430229187,0.5472096562385559,0.49115586280822754,0.4163013696670532,0.6874112486839294,0.6485588550567627,0.49262094497680664,0.13913018256425858,-0.0046086981892585754,0.2854648530483246,-0.14517346024513245,0.3574049472808838,0.20256327092647552
YOR214C,test,True,True,-1.9548792839050293,-0.10897334367036819,-0.2422652691602707,-0.35510680079460144,-0.43859854340553284,0.4440903663635254,0.047013528645038605,-0.05043019875884056,0.21297261118888855,-0.5716614127159119,-0.06414122879505157,0.12905262410640717,0.04162641242146492,0.11468733549118042,0.38958659768104553,-0.3095921277999878,0.12960782647132874,0.18148598074913025,0.18234840035438538
YOR215C,test,True,True,1.1175402402877808,0.8355966150760651,1.0043513774871826,0.6565449833869934,1.0652823448181152,1.1701916456222534,0.28161272406578064,0.7451113939285279,0.7874923348426819,0.7783657312393188,0.7778332233428955,0.5975992679595947,0.7842664122581482,0.61112260222435,0.7244197130203247,0.1664160192012787,0.856911301612854,1.0124841928482056,0.2953817844390869
YOR216C,test,True,False,0.9781265258789062,0.0389132484793663,-0.17513076961040497,-0.2271011471748352,0.22069743275642395,0.37478703260421753,0.0013136938214302063,-0.16073987372219561,-0.17196565866470337,-0.31028562784194946,-0.1821877360343933,-0.027835587039589882,-0.1114247590303421,-0.13456017076969146,0.1677943766117096,-0.5355609059333801,0.5289642214775085,-0.7078326344490051,-0.12616591155529022
YOR217W,test,False,False,0.4998258054256439,-0.796722948551178,-0.4756678342819214,-0.8540300726890564,-0.5635313391685486,-0.757652223110199,-1.3327332735061646,-0.16073987372219561,-0.17196565866470337,-0.31028562784194946,-0.1821877360343933,-0.027835587039589882,-0.1114247590303421,-1.175907176733017,-1.165487289428711,-1.1795766353607178,-0.3460793197154999,-1.6737412214279175,-1.5146514177322388
YOR218C,test,False,False,-1.6981772184371948,-1.3086302757263184,-1.010636806488037,-1.223887324333191,-1.8476941585540771,-0.8967800140380859,-1.5641530752182007,-0.16073987372219561,-0.17196565866470337,-0.31028562784194946,-0.1821877360343933,-0.027835587039589882,-0.1114247590303421,-1.86959867477417,-1.9731265306472778,-1.3821122646331787,-1.971624732017517,-1.9216187000274658,-2.09951114654541
YOR219C,test,True,True,0.18386973440647125,0.6657726168632507,0.8363092541694641,0.3870662748813629,0.6091697216033936,1.0136029720306396,0.48271486163139343,0.8983492136001587,0.8506524562835693,0.6867045164108276,0.8469605445861816,1.0597343444824219,1.047694206237793,0.5441440463066101,0.4625477194786072,0.45680153369903564,0.9510253071784973,0.45173317193984985,0.39861249923706055
YOR220W,test,True,True,0.3050053119659424,0.2733383424580097,0.2714512348175049,-0.024383332580327988,0.5868222117424011,0.3946770429611206,0.13812455534934998,0.74997798204422,0.6762877702713013,0.7058491110801697,0.6403140425682068,0.7816861867904663,0.9457527995109558,0.4269255712628365,0.11090854555368423,0.4385454058647156,0.4416401982307434,0.6816381216049194,0.46189558506011963
YOR221C,test,True,True,0.5408799648284912,0.007108090072870254,0.2561239004135132,-0.03240632638335228,0.31490013003349304,0.21087832748889923,-0.7139555811882019,0.4869502127170563,0.33663102984428406,0.6321761608123779,0.44190630316734314,0.5728076100349426,0.4512299597263336,0.1441977322101593,0.49844640493392944,0.16043490171432495,-0.1519443243741989,0.37691736221313477,-0.16286568343639374
YOR222W,test,True,True,0.46272197365760803,-0.07415214478969574,0.08068108558654785,-0.598192572593689,0.19837771356105804,0.34114041924476624,-0.39276736974716187,0.18534095883369445,0.10265180468559265,0.039220914244651794,0.10244716703891754,0.42138180136680603,0.2610031068325043,-0.04870816171169281,0.4817458391189575,-0.5174976587295532,-0.2016371637582779,0.20376963913440704,-0.2099214643239975
YOR223W,test,True,True,0.49607014656066895,0.15290022194385527,0.448029488325119,-0.32616570591926575,0.2608271539211273,0.2392338067293167,0.14257636666297913,0.5064875960350037,0.587291955947876,0.40927666425704956,0.26597195863723755,0.5549780130386353,0.71491938829422,0.3160680215805769,0.20725879073143005,0.4276001453399658,0.6015403866767883,-0.017980793491005898,0.3619215786457062
YOR224C,test,True,True,1.3153210878372192,0.6575293838977814,0.6488798260688782,0.449258416891098,0.9284958839416504,0.8337944746017456,0.42721831798553467,0.8451161623001099,0.6551335453987122,1.058182716369629,0.8451370596885681,0.8914306163787842,0.775696873664856,0.4276463627815247,0.4289070963859558,0.554270327091217,0.6243603229522705,0.277627170085907,0.25306689739227295
YOR225W,test,False,False,-1.530373215675354,-0.5463688135147095,-0.2021876573562622,-0.6675586700439453,-0.6883097290992737,-0.6079469919204712,-0.565841019153595,-0.16073987372219561,-0.17196565866470337,-0.31028562784194946,-0.1821877360343933,-0.027835587039589882,-0.1114247590303421,-1.805232334136963,-1.8552933931350708,-1.913513422012329,-1.7502694129943848,-1.919053554534912,-1.5880318880081177
YOR226C,test,False,True,1.2025928497314453,1.0648865222930908,0.8759695887565613,1.0435237884521484,1.3736212253570557,1.2972538471221924,0.7340641617774963,1.008987557888031,0.41506707668304443,1.2618943452835083,0.9676904082298279,1.3818150758743286,1.0184708833694458,0.8359902560710907,0.7882166504859924,1.1590213775634766,1.1313825845718384,0.3419815003871918,0.7593491673469543
YOR227W,test,True,True,0.45484182238578796,0.6519894897937775,0.9910126328468323,0.2492656111717224,0.5352884531021118,0.9857868552207947,0.49859389662742615,0.6335701644420624,0.28053638339042664,0.5737894773483276,0.5883683562278748,0.9604568481445312,0.7646997570991516,0.27941802702844143,0.45082342624664307,-0.3728249669075012,0.5185113549232483,-0.01627814956009388,0.8168584704399109
YOR228C,test,True,True,-0.5662940740585327,0.134713277220726,0.5077376365661621,-0.16246730089187622,0.2530815303325653,0.21413426101207733,-0.13891974091529846,0.10075784549117088,0.49086159467697144,-0.11637658625841141,0.03256142884492874,0.09036184102296829,0.006380949169397354,-0.4872730500996113,-0.04623662307858467,-0.032298579812049866,-1.0786728858947754,-0.4491093158721924,-0.8300478458404541
YOR229W,test,True,True,0.4457002282142639,-0.040774986147880554,0.016882000491023064,-0.13429637253284454,-0.01933419518172741,0.3137451410293579,-0.3808715045452118,0.3650945544242859,0.3384028673171997,0.5933530926704407,0.2309492528438568,0.3788495361804962,0.28391802310943604,-0.08954317048192025,-0.4696529507637024,0.013863980770111084,-0.12984715402126312,0.13813233375549316,-0.00021206215023994446
YOR230W,test,True,True,0.5119328498840332,0.27764634042978287,0.5290079116821289,0.5405849814414978,-0.485507994890213,0.8421914577484131,-0.038044653832912445,0.5870275221765041,0.5385725498199463,0.4506790041923523,-0.03361125662922859,1.2940374612808228,0.6854598522186279,0.38579079061746596,0.3781372904777527,0.7426137328147888,0.22707559168338776,-0.05935961753129959,0.6404869556427002
YOR231C-A,test,False,False,-2.088510751724243,-0.023603132367134093,0.4222095012664795,-0.28126510977745056,-0.132649764418602,0.3727967441082001,-0.4991070330142975,-0.16073987372219561,-0.17196565866470337,-0.31028562784194946,-0.1821877360343933,-0.027835587039589882,-0.1114247590303421,-1.331762707233429,-1.0985711812973022,-1.506143569946289,-1.6495091915130615,-0.7861997485160828,-1.6183898448944092
YOR231W,test,True,True,0.6596235036849976,0.025176844000816344,0.22296042740345,-0.32483500242233276,-0.20199227333068848,0.6278897523880005,-0.19813868403434753,0.6432155072689056,0.8514013290405273,0.5808149576187134,0.4996550679206848,0.7966556549072266,0.4875505268573761,0.07809558510780334,-0.2869755029678345,-0.2357872724533081,0.792859673500061,-0.29236191511154175,0.41274294257164
YOR232W,test,True,True,0.7850654721260071,0.4693126901984215,0.3682308793067932,0.3917026221752167,0.602357804775238,0.9155294299125671,0.06874271482229233,0.7409616351127625,0.6275613903999329,1.0224850177764893,0.41930699348449707,1.0850067138671875,0.5504480600357056,0.45945843011140824,0.10818711668252945,0.49344509840011597,0.7406360507011414,0.33563780784606934,0.6193860769271851
YOR233W,test,True,True,0.3814377784729004,0.02366224229335785,-0.13903450965881348,-0.1485716551542282,0.350484699010849,0.07265625149011612,-0.017223574221134186,0.4072528213262558,0.21883681416511536,0.4379080832004547,0.166041299700737,0.6393782496452332,0.5740996599197388,0.4558865427970886,0.15497809648513794,0.38258838653564453,0.6436037421226501,0.4535382390022278,0.6447242498397827
YOR234C,test,True,True,1.1448149681091309,0.9633562326431274,1.5096542835235596,0.8676422238349915,0.54754638671875,1.3085013628005981,0.583436906337738,1.5896407127380372,1.193184733390808,1.9740225076675415,1.5739551782608032,1.669913649559021,1.5371274948120117,1.3411908388137816,1.4101192951202393,1.2785866260528564,1.6378140449523926,1.1805170774459839,1.1989171504974365
YOR235W,test,False,False,0.4439990818500519,-0.2557481974363327,-0.8588674664497375,-0.3966638445854187,-0.45272061228752136,0.39551088213920593,0.034000054001808167,-0.16073987372219561,-0.17196565866470337,-0.31028562784194946,-0.1821877360343933,-0.027835587039589882,-0.1114247590303421,-1.4626227855682372,-1.6971858739852905,-1.6165072917938232,-1.9906648397445679,-0.8973197937011719,-1.111436128616333
YOR236W,test,True,True,0.4740678668022156,1.1403466820716859,1.3956811428070068,0.9036810398101807,1.191274881362915,1.2819194793701172,0.9291768670082092,1.5746619701385498,1.0838541984558105,1.73218834400177,1.6238994598388672,1.772150993347168,1.6612168550491333,0.7945380806922913,0.7702152132987976,0.48716509342193604,1.086329460144043,0.4984259605407715,1.1305546760559082
YOR237W,test,True,True,-0.878696620464325,0.3188866376876831,-0.33976298570632935,0.6119647026062012,0.4039224684238434,1.1301716566085815,-0.21186265349388123,0.17513405680656433,0.332963764667511,-0.062037140130996704,0.05302441120147705,0.8807719945907593,-0.32905274629592896,0.1886550232768059,-0.09977427870035172,0.2616477906703949,0.12817010283470154,0.3231346011161804,0.33009690046310425
YOR238W,test,False,False,-0.27319592237472534,-0.4774323672056198,-0.9639832377433777,-0.5703964829444885,0.37707263231277466,-0.2297927588224411,-1.0000619888305664,-0.16073987372219561,-0.17196565866470337,-0.31028562784194946,-0.1821877360343933,-0.027835587039589882,-0.1114247590303421,-1.1000482805073262,-0.7608000040054321,-1.7120227813720703,-0.04235756769776344,-1.3120673894882202,-1.6729936599731445
YOR239W,test,True,True,0.9632516503334045,0.27034535855054853,0.3626100420951843,0.5114076137542725,0.01591651141643524,0.5409559011459351,-0.07916327565908432,0.242498916387558,0.31315454840660095,-0.19591331481933594,0.49680402874946594,0.3905804455280304,0.20786887407302856,0.39176625609397886,0.3975515067577362,0.28162041306495667,0.45336681604385376,0.5006749033927917,0.32561764121055603
YOR241W,test,True,True,0.636971116065979,0.09033147990703583,0.10610216856002808,-0.05992940813302994,-0.2281361222267151,0.6056855320930481,0.027935229241847992,0.618285208940506,0.9031363725662231,0.7065585255622864,0.33874598145484924,0.5249032378196716,0.6180819272994995,0.325871878862381,0.5099247694015503,0.1695527732372284,0.5195348858833313,0.1350521743297577,0.29529479146003723
YOR242C,test,True,False,-1.3514050245285034,-0.22779295444488526,-0.267520010471344,-0.3666958212852478,-0.18090030550956726,0.20638051629066467,-0.5302291512489319,-0.16073987372219561,-0.17196565866470337,-0.31028562784194946,-0.1821877360343933,-0.027835587039589882,-0.1114247590303421,-1.0207638263702392,-0.48074132204055786,-1.691476583480835,-0.6104541420936584,-1.2346811294555664,-1.0864659547805786
YOR243C,test,True,True,0.4608931839466095,0.6743700444698334,0.4658999741077423,0.7498813271522522,0.5906481146812439,1.1802186965942383,0.3852021098136902,0.9407540082931518,1.1599361896514893,0.879146158695221,0.8462904095649719,1.0119450092315674,0.8064522743225098,0.4514461815357208,0.5573477149009705,0.2928982973098755,0.6325656175613403,0.22083386778831482,0.553585410118103
YOR244W,test,False,True,0.6362872123718262,0.5838490426540375,0.9400940537452698,0.4598478674888611,0.575676441192627,0.5859131813049316,0.3577136695384979,0.6806313335895539,0.8412735462188721,0.6631702184677124,0.4931087791919708,0.706744372844696,0.6988597512245178,0.6679290950298309,0.9929884076118469,0.5864673256874084,0.7363789677619934,0.5588365793228149,0.46497419476509094
YOR245C,test,True,True,0.049602266401052475,0.09628580212593078,0.1260336935520172,0.2654426097869873,0.12180110812187195,-0.03307372331619263,0.0012253224849700928,0.5837547957897187,0.4898030757904053,0.6496087908744812,0.2743917405605316,0.9156120419502258,0.5893583297729492,0.11128039360046386,-0.3102189302444458,0.46380430459976196,0.2923767566680908,-0.42169827222824097,0.5321381092071533
YOR246C,test,True,True,0.7475485801696777,0.6707336664199829,0.3710218667984009,0.5193569660186768,0.7512295842170715,1.1517314910888672,0.5603284239768982,0.9294353485107422,0.5672740340232849,1.060120940208435,0.8685218691825867,1.3501559495925903,0.801103949546814,0.6486391425132751,0.2995716333389282,0.3882710933685303,1.1749706268310547,0.6038041710853577,0.7765781879425049
YOR247W,test,True,True,1.3701390027999878,-0.19867107570171355,0.6330468058586121,-0.3445131182670593,-0.14759592711925507,-0.48506414890289307,-0.6492289900779724,0.6495235145092011,0.32928889989852905,0.720072329044342,0.3606596887111664,0.9678139686584473,0.8697826862335205,0.24221867620944976,-0.46332642436027527,0.31161564588546753,0.1858835071325302,0.6837072372436523,0.493213415145874
YOR248W,test,False,False,-1.9974528551101685,-1.2994642496109008,-1.5323081016540527,-1.276360034942627,-1.2936230897903442,-1.0858573913574219,-1.3091726303100586,-0.16073987372219561,-0.17196565866470337,-0.31028562784194946,-0.1821877360343933,-0.027835587039589882,-0.1114247590303421,-1.7965357780456543,-2.094667673110962,-1.7007200717926025,-2.224212884902954,-1.590023159980774,-1.373055100440979
YOR249C,test,True,True,-0.3639638125896454,-0.9748706564307212,-1.063344955444336,-1.3529813289642334,-0.554075300693512,-0.0792488381266594,-1.8247028589248657,-0.391729848459363,-0.9783779978752136,-0.08831809461116791,-0.4648286998271942,0.001216759905219078,-0.42834120988845825,-0.1903226613998413,0.05375572293996811,-0.5399301052093506,0.16619382798671722,0.035122327506542206,-0.6667550802230835
YOR250C,test,False,False,0.02363683097064495,-0.3142681151628494,-0.5799708962440491,-0.5043022632598877,-0.17310674488544464,0.27147620916366577,-0.5854368805885315,-0.16073987372219561,-0.17196565866470337,-0.31028562784194946,-0.1821877360343933,-0.027835587039589882,-0.1114247590303421,-1.1650226950645446,-0.30124491453170776,-1.733701467514038,-1.2494242191314697,-1.2563303709030151,-1.2844125032424927
YOR251C,test,True,True,-0.06457830965518951,0.14966993182897567,0.16380675137043,-0.07276870310306549,0.18203674256801605,0.5796871781349182,-0.10441230982542038,0.5230986058712006,0.5952951312065125,0.44643858075141907,0.5257604718208313,0.5970677137374878,0.4509311318397522,0.40685478672385217,0.5713891386985779,-0.014295760542154312,0.19849856197834015,0.9230346083641052,0.35564738512039185
YOR252W,test,True,True,0.9056612849235535,0.6816654622554779,0.8795258402824402,0.6949905157089233,0.7123162150382996,0.6708740592002869,0.4506206810474396,0.5110760927200317,0.6548260450363159,0.3369715213775635,0.4836432933807373,0.6466269493103027,0.43331265449523926,0.5265652149915695,0.5760072469711304,0.1486620157957077,0.7428576350212097,0.8129627108573914,0.35233646631240845
YOR253W,test,True,True,0.4845764636993408,0.14377351254224777,-0.009144194424152374,0.4360623359680176,0.02743467688560486,0.2751782238483429,-0.010663479566574097,-0.032224243879318236,-0.37770193815231323,-0.2557837963104248,0.08198150992393494,0.15730373561382294,0.23307926952838898,0.261163991689682,0.3392939567565918,-0.27224546670913696,0.6157036423683167,0.26441875100135803,0.3586490750312805
YOR254C,test,True,True,0.9321158528327942,0.8828079462051391,1.0909086465835571,1.0466657876968384,0.7975534200668335,0.9771398305892944,0.5017720460891724,0.9709972858428955,0.9871876239776611,0.9783732295036316,1.2411614656448364,0.7036934494972229,0.9445706605911255,1.0821629524230958,0.9940087199211121,0.9355621933937073,1.231184959411621,1.4278059005737305,0.8222529888153076
YOR255W,test,True,True,-1.9945030212402344,-0.2876094415783882,-0.19923430681228638,-0.18193870782852173,-1.1848156452178955,0.2266879826784134,-0.09874653071165085,0.18215204775333405,0.2032647579908371,0.2584746778011322,0.4077979326248169,-0.4122093617916107,0.45343223214149475,-0.09428435638546943,-0.5877191424369812,-0.53732830286026,0.015738721936941147,0.5088703036308289,0.12901663780212402
YOR256C,test,False,True,0.028038037940859795,0.496704626083374,0.21946150064468384,0.46761661767959595,0.564729630947113,0.8425198197364807,0.3891955614089966,0.5261123955249787,0.5605871677398682,0.5048196911811829,0.5178890228271484,0.478278785943985,0.5689873099327087,0.23104997128248214,0.01878705620765686,0.03540807217359543,0.16704751551151276,0.7325724959373474,0.20143471658229828
YOR257W,test,True,True,1.3670669794082642,0.5590261876583099,0.5976329445838928,0.37701165676116943,0.9108918309211731,0.6914862394332886,0.21810826659202576,0.7350956916809082,0.6467085480690002,0.7975397706031799,0.839148223400116,0.6893371343612671,0.7027447819709778,0.5680842876434327,0.7140158414840698,0.45794492959976196,0.7633699774742126,0.5598282814025879,0.34526240825653076
YOR258W,test,True,True,-0.3151770234107971,0.3490733176469803,0.6424410939216614,0.06375707685947418,0.42806491255760193,0.5258060097694397,0.08529749512672424,0.47391945123672485,0.4500740170478821,0.2372015416622162,0.6966777443885803,0.4441571533679962,0.5414867997169495,0.31287716180086134,0.3911488652229309,0.05230022221803665,0.34669190645217896,0.2835896909236908,0.4906551241874695
YOR259C,test,False,True,1.2176514863967896,0.6201234310865402,1.1452958583831787,0.33152270317077637,0.5582994818687439,1.019421935081482,0.0460771769285202,0.8502723813056946,0.96371990442276,0.805137574672699,0.8251519203186035,0.8720190525054932,0.7853334546089172,0.7087222695350647,1.0578835010528564,0.6240127086639404,0.9554259777069092,0.45795202255249023,0.4483371376991272
YOR260W,test,True,True,0.8526105284690857,0.6197080388665199,0.8380249738693237,0.7801433801651001,0.4470044672489166,1.0435128211975098,-0.01014544814825058,0.9018006920814514,0.9196712374687195,0.8793568015098572,0.9484966397285461,1.0717285871505737,0.6897501945495605,0.5333951056003571,0.8017701506614685,0.5873850584030151,0.46686097979545593,0.618236243724823,0.1927230954170227
YOR261C,test,True,True,0.5044801831245422,0.5854913353919983,0.9365460872650146,0.31787610054016113,0.7597728967666626,0.7608836889266968,0.1523779034614563,0.7301428079605102,0.7503880858421326,0.5496926307678223,0.8679830431938171,0.9085888862609863,0.574061393737793,0.9820055961608887,1.1668294668197632,0.8888420462608337,1.3654465675354004,1.1598234176635742,0.3290864825248718
YOR262W,test,True,True,0.3852297365665436,0.0686833493411541,0.04946282505989075,-0.10160745680332184,0.02048049494624138,0.5260874032974243,-0.1510065197944641,0.7330002665519715,0.5984976887702942,0.6371249556541443,0.9079509973526001,0.8064777255058289,0.7149499654769897,0.08058384656906128,0.12882202863693237,0.2642010450363159,0.29086679220199585,-0.5359188914299011,0.2549482583999634
YOR263C,test,False,False,-1.965377926826477,-0.8257639415562152,-0.027752462774515152,-1.1379876136779785,-1.248382329940796,-0.40190380811691284,-1.312793493270874,-0.16073987372219561,-0.17196565866470337,-0.31028562784194946,-0.1821877360343933,-0.027835587039589882,-0.1114247590303421,-1.5533098936080934,-1.9090120792388916,-1.663017749786377,-1.2238175868988037,-1.3741456270217896,-1.5965564250946045
YOR264W,test,True,True,0.54609215259552,0.7610498473048211,1.1051762104034424,1.3054869174957275,0.6487826108932495,0.07421823590993881,0.6715852618217468,0.9635021686553955,0.6326290369033813,0.5706499814987183,1.3698699474334717,1.007764458656311,1.2365974187850952,0.8931193470954895,1.064173698425293,1.3936817646026611,0.8679342865943909,0.6550313830375671,0.4847756028175354
YOR265W,test,True,True,1.0741370916366577,0.14461856707930565,0.09536612033843994,0.06063124164938927,0.6122502088546753,0.0752004012465477,-0.12035513669252396,0.5563098549842834,0.6857126355171204,0.7985779643058777,0.299124151468277,0.4785598814487457,0.5195746421813965,0.22996629476547242,0.10574520379304886,0.33899882435798645,0.47515392303466797,0.06322114914655685,0.16671237349510193
YOR266W,test,True,True,-0.49014922976493835,0.49045893251895906,0.13041158020496368,0.7695614695549011,0.8834433555603027,0.847497820854187,-0.17861956357955933,0.8324563503265381,0.822780191898346,1.0476738214492798,0.6154060363769531,0.9956125617027283,0.6808091402053833,0.33824133425951003,0.023544766008853912,-0.017060846090316772,0.6429939866065979,0.7781688570976257,0.26355990767478943
YOR267C,test,True,True,1.287508249282837,1.0194518446922303,1.1555074453353882,1.3106193542480469,1.0255064964294434,1.1270725727081299,0.4785533547401428,1.282690167427063,1.5143002271652222,1.1676262617111206,1.1381866931915283,1.5808342695236206,1.0125033855438232,0.9659512042999268,0.585506021976471,1.7180261611938477,1.0232868194580078,0.7112733721733093,0.791663646697998
YOR268C,test,True,True,-1.1782019138336182,-0.6614362753927707,-1.022311806678772,-0.5163416266441345,-0.06051458790898323,-0.9988853931427002,-0.7091279625892639,-0.13718424141407012,-0.15877962112426758,-0.43798309564590454,-0.18458150327205658,0.4940761625766754,-0.39865314960479736,-1.3577632904052734,-1.4494670629501343,-1.0078961849212646,-1.423593521118164,-1.798479437828064,-1.1093802452087402
YOR269W,test,True,True,0.09339778125286102,-1.2774277091026307,-1.981015920639038,-2.091010808944702,-0.918546736240387,-0.8801156878471375,-0.5164493918418884,-0.36353297531604767,-0.25278618931770325,-1.1900380849838257,-0.7744410634040833,0.2656458914279938,0.13395456969738007,-0.25369761884212494,-0.5330736041069031,-0.5713565945625305,-0.1309199184179306,-0.44167712330818176,0.40853914618492126
YOR270C,test,True,True,0.39853474497795105,0.651255989074707,0.5117996335029602,0.8290824890136719,0.7683756947517395,0.7409791946411133,0.4060429334640503,0.8296830713748932,0.6970492601394653,1.090831995010376,0.44013741612434387,1.0381916761398315,0.8822050094604492,0.2893772438168526,-0.04962008446455002,0.06711012125015259,0.4229985475540161,0.26450565457344055,0.7418919801712036
YOR271C,test,True,True,0.5373499989509583,0.8420621156692505,0.8944126963615417,0.6231387257575989,0.7126279473304749,1.2008023262023926,0.7793288826942444,1.2967215538024903,1.19839346408844,1.2125139236450195,1.0979843139648438,1.6335643529891968,1.3411517143249512,1.348646879196167,1.4160834550857544,1.8914902210235596,1.112874150276184,1.521443247795105,0.8013433218002319
YOR272W,test,True,True,0.8023397922515869,0.6754736602306366,0.893794059753418,0.8592635989189148,0.27488788962364197,0.6093059778213501,0.7401167750358582,1.4068713426589965,1.2187155485153198,1.567274808883667,1.4975173473358154,1.318580150604248,1.4322688579559326,0.7454498946666718,0.8074813485145569,1.0533742904663086,0.4249773323535919,0.3922790288925171,1.0491374731063843
YOR273C,test,False,True,0.6437864899635315,-0.04325143732130528,0.1649695485830307,-0.02899468131363392,0.4566187560558319,0.19399531185626984,-1.002846121788025,0.5301731459796428,0.007586117833852768,0.9602383971214294,0.5626862645149231,0.6576117277145386,0.46274322271347046,0.5071667015552521,-0.1703527569770813,0.8750042915344238,0.9325100779533386,0.26752200722694397,0.6311498880386353
YOR274W,test,True,True,0.40537670254707336,0.4297630935907364,1.0047869682312012,0.6783402562141418,-0.06730171293020248,0.637022078037262,-0.10403212159872055,0.8737567603588104,0.5238597393035889,1.0505598783493042,0.493437260389328,1.31517493724823,0.9857519865036011,0.28168815970420835,0.44989824295043945,0.3993526101112366,0.396356463432312,-0.11116647720336914,0.273999959230423
YOR275C,test,False,True,0.1635631024837494,0.7358063817024231,0.905441403388977,0.20632457733154297,0.9477382302284241,1.1510303020477295,0.4684973955154419,0.9061789035797119,0.9564300179481506,1.04435133934021,0.7353721261024475,1.0071725845336914,0.7875684499740601,0.5264774978160858,0.39711445569992065,0.49647337198257446,0.4716351330280304,0.8341953754425049,0.4329691529273987
YOR276W,test,True,True,1.0399072170257568,0.812651664018631,1.2522186040878296,0.37727099657058716,0.9877667427062988,1.1307823657989502,0.31521961092948914,1.094861137866974,1.1430672407150269,1.2570010423660278,1.078511357307434,1.1144367456436157,0.8812893033027649,0.9604500651359558,1.469786286354065,1.1069464683532715,0.9798340201377869,0.797208309173584,0.4484752416610718
YOR277C,test,False,False,-1.4780068397521973,-1.2321652173995972,-1.2421404123306274,-1.6346385478973389,-1.1238141059875488,-0.7390449047088623,-1.4211881160736084,-0.16073987372219561,-0.17196565866470337,-0.31028562784194946,-0.1821877360343933,-0.027835587039589882,-0.1114247590303421,-1.9800402164459228,-1.7026115655899048,-2.167447090148926,-1.992006778717041,-1.9301637411117554,-2.1079719066619873
YOR278W,test,True,True,-0.3492656350135803,-1.2430721044540405,-0.6391014456748962,-1.6614879369735718,-0.7590926289558411,-1.1393389701843262,-2.0163395404815674,-0.9426893055438995,-1.6523182392120361,-1.2044786214828491,-0.5801671147346497,-0.2890908420085907,-0.9873917102813721,-0.6800279498100281,-0.34431976079940796,-1.002016544342041,-0.5778511166572571,-0.48276740312576294,-0.9931849241256714
YOR279C,test,True,True,0.060423776507377625,0.16585098318755626,0.5588015913963318,-0.059297773987054825,0.5540056824684143,0.0008398834615945816,-0.22509446740150452,0.2983000546693802,0.07583670318126678,0.18215888738632202,0.6244786381721497,0.30621519684791565,0.3028108477592468,0.25271497666835785,0.0018928498029708862,-0.19514437019824982,0.8312254548072815,0.13063283264636993,0.49496811628341675
YOR280C,test,True,True,0.30668193101882935,-0.9902700006961822,-1.4172097444534302,-1.370229959487915,-0.41319331526756287,-1.0934187173843384,-0.6572982668876648,-0.48350070118904115,-1.3037986755371094,-1.5981680154800415,-0.42729076743125916,1.0903558731079102,-0.1786019206047058,-0.737057301402092,-0.7774584293365479,-0.062728151679039,-0.8788586258888245,-1.0232234001159668,-0.9430178999900818
YOR281C,test,False,True,0.8465739488601685,0.7547936022281647,1.0639963150024414,0.9218708872795105,1.1351110935211182,0.6497768759727478,0.003212839365005493,0.9283766508102417,0.8214882016181946,1.291009783744812,0.9434521794319153,0.7656213045120239,0.8203117847442627,0.41868544220924375,0.32320261001586914,0.06325462460517883,0.821594774723053,0.5717273354530334,0.3136478662490845
YOR282W,test,False,False,-1.728392481803894,-0.8286025822162628,-1.1145703792572021,-1.0944088697433472,-0.334987998008728,-0.390695720911026,-1.2083499431610107,-0.16073987372219561,-0.17196565866470337,-0.31028562784194946,-0.1821877360343933,-0.027835587039589882,-0.1114247590303421,-2.100521516799927,-2.2208282947540283,-2.1668965816497803,-2.016007661819458,-2.003048896789551,-2.0958261489868164
YOR283W,test,True,True,0.4611916244029999,-0.48952061831951144,-0.19981330633163452,-0.2513808608055115,-0.19865994155406952,-0.7196299433708191,-1.0781190395355225,0.3288214147090912,0.35787877440452576,0.4906999468803406,0.16176842153072357,0.5363801121711731,0.09737981855869293,-0.22193619832396508,-0.13452878594398499,-0.724114716053009,0.01413973793387413,0.08724751323461533,-0.3524247407913208
YOR284W,test,True,True,0.2088928371667862,0.22299399524927138,0.629398763179779,-0.05588154494762421,0.23862138390541077,0.28197693824768066,0.020854435861110687,0.7364051640033722,0.8901112079620361,1.004815697669983,0.5620768070220947,0.7554774284362793,0.4695446789264679,0.2983478918671608,0.5342761278152466,-0.1134226992726326,0.7007860541343689,0.24129335582256317,0.12880662083625793
YOR285W,test,True,True,0.8813180327415466,0.23430197089910507,0.2367485761642456,0.07721938192844391,0.18216848373413086,0.719781219959259,-0.04440780729055405,0.5441962659358979,0.5247416496276855,0.5676554441452026,0.4830112159252167,0.5935916900634766,0.5519813299179077,0.15376521944999694,0.19230523705482483,-0.14203837513923645,-0.10295093059539795,0.6160556077957153,0.20545455813407898
YOR286W,test,True,True,0.9793121814727783,0.15063974559307097,-0.19734087586402893,0.6528250575065613,0.25078284740448,-0.05059727281332016,0.09752897173166275,0.345139479637146,0.6619421243667603,0.3354073762893677,0.11882424354553223,0.329926997423172,0.2795966565608978,0.1331755094230175,0.18301516771316528,0.25881630182266235,-0.09061610698699951,0.25346940755844116,0.06119277700781822
YOR287C,test,True,True,0.5843226909637451,0.009092110395431518,-0.19588276743888855,0.573265016078949,0.23904284834861755,-0.4075404405593872,-0.16342410445213318,-0.3438230738043785,-0.6404430866241455,-1.0644835233688354,0.015731893479824066,-0.15434056520462036,0.1244199126958847,0.27961970791220664,0.4094427824020386,0.32555291056632996,0.6288097500801086,0.051363393664360046,-0.01707029715180397
YOR288C,test,True,True,0.21799182891845703,0.35505685284733773,0.3249145746231079,0.004647117108106613,0.5889692902565002,0.8877919912338257,-0.031038708984851837,0.6586977064609527,0.7211952209472656,0.8395727872848511,0.3948368728160858,0.8317971229553223,0.506086528301239,0.02368178516626358,-0.10766109079122543,-0.1697264164686203,0.15487278997898102,-0.1737726628780365,0.4146963059902191
YOR289W,test,True,True,0.4877684712409973,0.5030227482318879,0.38203614950180054,0.3864559829235077,0.4211530387401581,0.8634095191955566,0.46205905079841614,0.8395083785057068,0.8773732781410217,1.0168654918670654,0.724216639995575,0.9949938058853149,0.5840926766395569,0.24632774107158184,-0.06910629570484161,0.1413843333721161,0.643255889415741,-0.0020600948482751846,0.518164873123169
YOR290C,test,True,True,0.9517151117324829,0.745233416557312,1.169000506401062,0.2230222225189209,0.6773207783699036,1.0679560899734497,0.5888674855232239,0.9516587734222413,0.7588067054748535,0.903514564037323,0.971530020236969,1.255614161491394,0.8688284158706665,0.8469735860824585,1.0876251459121704,0.8534964919090271,0.6863622069358826,0.6850610971450806,0.9223229885101318
YOR291W,test,True,True,-0.13951753079891205,0.7358108937740326,1.154313325881958,0.4474732577800751,0.9675333499908447,0.8804754614830017,0.22925907373428345,0.7181913495063782,0.8678182363510132,0.27535560727119446,0.29740574955940247,0.7478127479553223,1.4025644063949585,0.9177960515022278,0.7769861221313477,0.8474165201187134,1.153820514678955,0.8739926218986511,0.9367644786834717
YOR292C,test,True,True,-0.3685092628002167,0.7523776173591614,1.459228515625,0.27457088232040405,0.5371027588844299,0.8613208532333374,0.6296650767326355,1.5818488597869873,1.5606297254562378,1.6251282691955566,1.6535866260528564,1.820006251335144,1.2498934268951416,1.138318943977356,0.9584588408470154,1.2282674312591553,1.4332537651062012,0.7980380654335022,1.2735766172409058
YOR293C-A,test,True,True,-1.5364587306976318,-0.9549305081367493,-0.37937235832214355,-0.8165940046310425,-0.9895902276039124,-0.9665917158126831,-1.6225042343139648,0.0079345703125,0.250866174697876,-0.27299147844314575,-0.29178234934806824,0.06460162997245789,0.2889788746833801,-1.2731273412704467,-0.7930324077606201,-1.3463561534881592,-2.137807846069336,-1.3632038831710815,-0.7252364158630371
YOR293W,test,True,True,1.8609874248504639,1.2804439663887024,1.772019386291504,1.6547622680664062,0.891716480255127,1.3411211967468262,0.7426005005836487,1.4434533834457397,1.1530429124832153,1.4518191814422607,1.7875767946243286,1.5695668458938599,1.2552611827850342,1.411236834526062,1.420280933380127,1.2300090789794922,1.9444639682769775,1.1840161085128784,1.277414083480835
YOR294W,test,True,True,0.9386675953865051,-0.14662035852670668,-0.34056589007377625,-0.0643342137336731,0.2073756456375122,0.04888053983449936,-0.5844578742980957,0.16353437900543213,0.4334193468093872,-0.7198628187179565,0.38144972920417786,0.3244690001010895,0.39819663763046265,0.13371661901474,-0.16320225596427917,0.172463059425354,0.3933858871459961,0.35262978076934814,-0.08669337630271912
YOR295W,test,True,False,0.3359346389770508,-0.14134032279253006,0.27811524271965027,-0.7875650525093079,0.11856421083211899,0.32117751240730286,-0.6369935274124146,-0.16073987372219561,-0.17196565866470337,-0.31028562784194946,-0.1821877360343933,-0.027835587039589882,-0.1114247590303421,-0.4106059581041336,-0.6591681241989136,-0.39903467893600464,-0.19633956253528595,-0.12792879343032837,-0.6705586314201355
YOR296W,test,True,True,-0.3023250997066498,-0.008896647393703461,0.4543873965740204,-1.0794364213943481,0.19510392844676971,0.3593941032886505,0.02606775611639023,0.22801530212163926,0.14622551202774048,0.02526307851076126,0.3248981833457947,0.4346420466899872,0.20904769003391266,0.2250768668949604,0.374715656042099,0.22571569681167603,-0.16924796998500824,0.6561402082443237,0.0380607433617115
YOR297C,test,True,True,0.5940810441970825,-1.2998788118362428,-0.7311066389083862,-1.6358672380447388,-2.246309518814087,-1.184065818786621,-0.7020448446273804,-0.2874773070216179,-0.015133451670408249,-1.1194475889205933,-0.05288809537887573,-0.2620016932487488,0.012084294110536575,-1.2954640150070191,-1.55923330783844,-1.3099398612976074,-1.933163046836853,-1.1637529134750366,-0.5112309455871582
YOR298C-A,test,True,True,2.3560879230499268,1.5301011323928833,1.719477891921997,2.161902666091919,0.8891865015029907,1.7063782215118408,1.173560380935669,1.628935194015503,2.1626570224761963,1.6555078029632568,1.0303066968917847,1.702574372291565,1.593630075454712,1.1757462620735168,1.2033274173736572,1.3348667621612549,1.2140201330184937,0.8425403237342834,1.283976674079895
YOR298W,test,True,True,-1.3994958400726318,-1.3946358203887939,-1.2559995651245117,-1.54662024974823,-1.6906763315200806,-1.0609526634216309,-1.4189302921295166,-0.9271611213684082,-0.3673515021800995,-0.5501269698143005,-1.8447682857513428,-1.4867607355117798,-0.38679811358451843,-1.3737105131149292,-0.9314256310462952,-2.1631131172180176,-2.1998965740203857,-0.38938409090042114,-1.1847331523895264
YOR299W,test,True,True,0.3137347996234894,0.5298555672168732,0.1826762557029724,0.49890631437301636,0.46506303548812866,1.2029366493225098,0.29969558119773865,0.7097551465034485,0.4866943359375,0.6536561846733093,0.4852428436279297,1.147823691368103,0.7753586769104004,0.5239652693271637,0.23850899934768677,0.6564022898674011,0.8683205842971802,0.20632943511009216,0.6502650380134583
YOR300W,test,False,False,-1.5636919736862183,-0.12384993135929108,0.4459499418735504,-0.7917618155479431,0.24056652188301086,0.18674246966838837,-0.7007467746734619,-0.16073987372219561,-0.17196565866470337,-0.31028562784194946,-0.1821877360343933,-0.027835587039589882,-0.1114247590303421,-0.4347835585474968,-0.32682526111602783,-1.232649564743042,0.28482890129089355,-0.04849501699209213,-0.8507768511772156
YOR301W,test,True,True,0.9035862684249878,0.783829641342163,1.1991939544677734,0.2777646780014038,0.8194602131843567,1.3243657350540161,0.2983636260032654,0.8558701753616333,0.763194739818573,1.1426349878311157,0.6586015820503235,1.0190865993499756,0.6958329677581787,0.7237999081611634,0.7057048082351685,0.5576145052909851,0.9275255799293518,0.9153181314468384,0.5128365159034729
YOR302W,test,True,True,1.9335789680480957,-0.23602588176727296,-0.5378513336181641,0.4632854461669922,0.4473194479942322,-0.5459855198860168,-1.0068974494934082,0.6800588190555572,0.9446226358413696,0.99798983335495,0.3531971275806427,0.557612955570221,0.546871542930603,-0.16978465914726257,-0.5432543754577637,-0.5468700528144836,0.100609689950943,0.7019967436790466,-0.5614053010940552
YOR303W,test,True,True,0.9495957493782043,-0.20025904029607772,-0.6710557341575623,0.23142284154891968,0.49842289090156555,-0.121526800096035,-0.9385583996772766,0.8865606546401977,1.0180304050445557,0.8508737683296204,0.9021284580230713,0.8681951761245728,0.7935754656791687,-0.3705504983663559,-0.8744148015975952,-0.4320283532142639,0.16817434132099152,0.5365675091743469,-1.2510511875152588
YOR304C-A,test,True,False,0.3029034733772278,-1.023848259449005,-1.2339433431625366,-1.6605536937713623,-1.0891313552856445,-0.5335521697998047,-0.6020607352256775,-0.16073987372219561,-0.17196565866470337,-0.31028562784194946,-0.1821877360343933,-0.027835587039589882,-0.1114247590303421,-1.4609672665596007,-0.9900447726249695,-1.876542329788208,-1.5440711975097656,-1.5460981130599976,-1.3480799198150635
YOR304W,test,True,True,0.4629287123680115,0.19991286098957062,0.6981790661811829,-0.09949316084384918,0.20242145657539368,0.4838791787624359,-0.2854222357273102,0.7037716388702393,0.6737846732139587,0.9527884125709534,0.44400539994239807,0.9654713869094849,0.48280832171440125,0.4155833929777145,0.6402882933616638,0.4695305824279785,0.19562219083309174,0.5416223406791687,0.23085355758666992
YOR305W,test,True,False,0.3457910716533661,-0.09982216618955135,0.18392330408096313,-0.33058157563209534,-0.01633266918361187,0.43907713890075684,-0.7751970291137695,-0.16073987372219561,-0.17196565866470337,-0.31028562784194946,-0.1821877360343933,-0.027835587039589882,-0.1114247590303421,-0.505210442841053,0.03729339689016342,-0.9204148054122925,-0.5416887402534485,-0.3886244297027588,-0.7126176357269287
YOR306C,test,False,True,-0.1267472505569458,-0.6438380241394043,-0.1319580376148224,-0.7826610207557678,-1.3966403007507324,-0.5709282159805298,-0.33700254559516907,-0.07785340622067452,-0.04214278236031532,-0.48379281163215637,-0.9450721144676208,0.5929854512214661,0.4887552261352539,-0.03750590085983276,1.498702049255371,-1.087221622467041,-0.831474244594574,0.07282628118991852,0.15963803231716156
YOR307C,test,True,True,0.2536119222640991,-1.112000286579132,-0.5318067073822021,-2.1030564308166504,-0.6870017647743225,-0.7511622905731201,-1.4869742393493652,-0.7482909321784973,-0.6546050310134888,-1.2988358736038208,-0.5558003187179565,-0.650407612323761,-0.5818058252334595,-1.4916753888130188,-1.9047969579696655,-1.6047265529632568,-1.9209054708480835,-0.8831935524940491,-1.144754409790039
YOR308C,test,False,True,0.5968322157859802,0.6093402460217476,1.2552961111068726,0.2784406840801239,0.795595109462738,0.6376696825027466,0.07969964295625687,0.4415827214717865,0.41311922669410706,0.5799625515937805,0.4204373061656952,0.4911861717700958,0.3032083511352539,0.1251734733581543,0.3232993185520172,-0.10543590784072876,0.29247725009918213,-0.10641387104988098,0.22194057703018188
YOR309C,test,False,False,-1.4771509170532227,0.20094957798719407,0.3103572726249695,-0.041093550622463226,0.24078021943569183,0.7161121964454651,-0.22140824794769287,-0.16073987372219561,-0.17196565866470337,-0.31028562784194946,-0.1821877360343933,-0.027835587039589882,-0.1114247590303421,-0.36921206712722776,-0.6451200842857361,-1.396977186203003,0.2370356023311615,0.2702620327472687,-0.3112607002258301
YOR310C,test,True,True,0.34902897477149963,0.8760726511478424,1.2605640888214111,0.743985116481781,1.144831657409668,0.4658449590206146,0.7651374340057373,1.4116405963897705,1.1412324905395508,1.4417928457260132,1.6990573406219482,1.519072413444519,1.2570478916168213,0.7558306932449341,0.928811252117157,0.4767347574234009,1.097349762916565,0.5433349013328552,0.7329227924346924
YOR311C,test,True,True,0.5432668328285217,0.5444102212786674,0.6170290112495422,0.8669966459274292,0.23513777554035187,0.949687123298645,0.05320055037736893,0.7647229194641113,0.7836825847625732,0.7618709802627563,0.8618739247322083,0.8333250880241394,0.5828620195388794,0.27704607248306273,-0.20165234804153442,0.4944353699684143,0.4911862909793854,0.26276659965515137,0.3384944498538971
YOR312C,test,True,True,1.4346482753753662,1.5227885961532592,1.4937591552734375,1.877001404762268,1.3886594772338867,1.5887587070465088,1.2657642364501953,1.1566934943199159,0.9444140791893005,1.297148585319519,1.2770440578460693,1.4266117811203003,0.8382489681243896,1.8030899524688722,1.459051251411438,2.141726493835449,2.138366460800171,2.203869342803955,1.0724362134933472
YOR313C,test,True,True,-0.9840285181999207,-2.1524274349212646,-2.3331377506256104,-2.540442943572998,-2.4308056831359863,-1.4002537727355957,-2.057497024536133,-1.9702319383621216,-2.1641952991485596,-2.1260581016540527,-1.8762893676757812,-2.1226301193237305,-1.5619868040084839,-1.1194009765982629,-0.793345034122467,-1.7573843002319336,-2.1364779472351074,0.0743766501545906,-0.9841742515563965
YOR314W,test,False,False,-2.076655387878418,-1.370617961883545,-1.0992474555969238,-1.5971399545669556,-1.6710455417633057,-1.003371238708496,-1.4822856187820435,-0.16073987372219561,-0.17196565866470337,-0.31028562784194946,-0.1821877360343933,-0.027835587039589882,-0.1114247590303421,-1.5945302963256835,-0.8859879970550537,-1.768385648727417,-2.180190324783325,-1.6016969680786133,-1.5363905429840088
YOR314W-A,test,False,False,-1.2814067602157593,-0.6087873101234436,-0.7537781000137329,-0.7361226677894592,-0.32182151079177856,-0.31393420696258545,-0.9182800650596619,-0.16073987372219561,-0.17196565866470337,-0.31028562784194946,-0.1821877360343933,-0.027835587039589882,-0.1114247590303421,-1.1831526637077332,-0.8148952126502991,-1.7554268836975098,-0.5853922367095947,-1.738707423210144,-1.0213415622711182
YOR315W,test,True,True,0.8041442036628723,-0.6989362895488739,-0.5919726490974426,-0.6069644093513489,-1.3226220607757568,-0.5494403839111328,-0.42368194460868835,-0.16502172797918319,-0.12610147893428802,-0.6028751134872437,-0.6457061171531677,0.06823258846998215,0.48134148120880127,0.09404116347432137,0.15707579255104065,0.4652310013771057,-0.2633516788482666,0.03328888490796089,0.07796181738376617
YOR316C,test,False,True,1.161199927330017,-0.714975506067276,-1.1362781524658203,-0.599656879901886,-1.1037232875823975,-0.2700909972190857,-0.46512821316719055,0.46304050385951995,0.15453225374221802,0.9880149960517883,-0.21513821184635162,0.8814433813095093,0.5063501000404358,-0.22498812675476074,0.8445677161216736,0.8662392497062683,-1.0295732021331787,-0.7918102741241455,-1.0143641233444214
YOR316C-A,test,False,True,-0.8793647289276123,-1.0130620539188384,-0.8547301888465881,-1.1297311782836914,-0.49993494153022766,-0.8378037810325623,-1.743110179901123,0.022911800444126128,-0.13245277106761932,-0.06824643164873123,-0.5154707431793213,0.7655159831047058,0.06521296501159668,-1.0938084304332734,-1.320076584815979,0.09756401181221008,-1.431143879890442,-1.3217309713363647,-1.493654727935791
YOR317W,test,True,True,0.7524588704109192,1.221917748451233,1.409309983253479,1.299794316291809,1.0041937828063965,1.6513546705245972,0.7449359893798828,1.5092944741249084,0.7023418545722961,1.8028985261917114,1.4424970149993896,2.1675164699554443,1.4312185049057007,1.2104925274848939,0.6860106587409973,1.4590158462524414,1.4984254837036133,1.2853128910064697,1.1236977577209473
YOR318C,test,False,False,-0.48359373211860657,-0.40257066767662764,-0.6118519902229309,-0.6351302862167358,0.011066482402384281,0.1324864625930786,-0.9094240069389343,-0.16073987372219561,-0.17196565866470337,-0.31028562784194946,-0.1821877360343933,-0.027835587039589882,-0.1114247590303421,-0.9139314770698548,-1.1444416046142578,-1.0367177724838257,-0.427798330783844,-0.3408769369125366,-1.6198227405548096
YOR319W,test,True,True,0.20183753967285156,0.5054293885827065,0.5278181433677673,0.5683631300926208,0.521980345249176,0.838579535484314,0.07040578871965408,0.9653865814208984,0.6443138718605042,1.262733817100525,0.6838813424110413,1.2692571878433228,0.9667466878890991,0.39745343327522276,0.25472748279571533,0.22768238186836243,0.619550883769989,0.24482083320617676,0.6404855847358704
YOR320C,test,True,True,-0.02987559139728546,0.1339011825621128,0.2522355318069458,0.05368298664689064,0.17303837835788727,0.39931029081344604,-0.2087612748146057,0.38904126882553103,0.4033071994781494,0.321006715297699,0.44689860939979553,0.3440546691417694,0.4299391508102417,0.16635579764842987,0.2933138310909271,0.1369655579328537,0.3224557042121887,-0.09981700778007507,0.17886090278625488
YOR321W,test,True,True,-0.09332536160945892,0.49415011405944825,0.9288033843040466,0.09114828705787659,0.46005889773368835,0.9568367004394531,0.033903300762176514,0.7663552641868592,0.6721612215042114,0.867842972278595,0.6527761816978455,0.9836950302124023,0.6553009152412415,0.23872295022010803,0.36017942428588867,0.04853537678718567,0.28139880299568176,0.2948339879512787,0.20866715908050537
YOR322C,test,True,True,0.3953051269054413,0.579145359992981,1.0528736114501953,0.29788637161254883,0.7109341025352478,0.5068039894104004,0.32722872495651245,0.5249263316392898,0.5789259076118469,0.5283000469207764,0.5134895443916321,0.8151196241378784,0.1887965351343155,0.46047133207321167,0.47569477558135986,0.7165014147758484,0.4356006979942322,0.2789669632911682,0.3955928087234497
YOR323C,test,True,True,0.46108478307724,0.18792643994092942,0.3012040853500366,0.27459755539894104,0.09080852568149567,0.07261443883180618,0.20040759444236755,0.44590499103069303,0.6406294703483582,0.6474965214729309,0.2721332013607025,0.14272500574588776,0.5265407562255859,0.14774888306856154,0.10573475807905197,-0.04753516614437103,0.33725112676620483,0.24182423949241638,0.10146945714950562
YOR324C,test,True,True,0.05377570167183876,0.29141378700733184,0.3073234558105469,0.3742688298225403,0.2583536207675934,0.582406759262085,-0.06528373062610626,0.5606183111667633,0.4394727349281311,0.5610543489456177,0.32905444502830505,0.8432105779647827,0.63029944896698,0.5162327647209167,1.0151313543319702,0.30725255608558655,0.49709007143974304,0.2151162028312683,0.5465736389160156
YOR325W,test,False,False,-1.894927978515625,-0.2434137910604477,-0.415209025144577,-0.24414768815040588,-0.19328899681568146,0.37325426936149597,-0.7376775145530701,-0.16073987372219561,-0.17196565866470337,-0.31028562784194946,-0.1821877360343933,-0.027835587039589882,-0.1114247590303421,-1.3660385370254517,-1.7439519166946411,-1.109278917312622,-1.0134687423706055,-1.2594064474105835,-1.7040866613388062
YOR326W,test,True,True,0.5158082842826843,0.6076546549797058,0.4821602702140808,0.7208866477012634,0.6850314736366272,0.9583413600921631,0.19185352325439453,0.9741227984428406,0.7968823909759521,1.1649110317230225,1.2857259511947632,1.0049293041229248,0.6181653141975403,0.6541290283203125,0.5013795495033264,0.703161895275116,1.0699753761291504,0.43985259532928467,0.5562757253646851
YOR327C,test,True,True,0.9825285077095032,0.7129150450229644,0.3983329236507416,0.7462210655212402,0.8529048562049866,0.9329991936683655,0.6341171860694885,1.0888574063777923,0.6171651482582092,1.924005389213562,0.49080315232276917,1.3768378496170044,1.035475492477417,0.5740184247493744,0.4128207564353943,0.9154061675071716,0.8510298132896423,0.11674293875694275,0.574092447757721
YOR328W,test,True,False,-0.5816104412078857,-0.4063690394163132,-0.549248993396759,-0.4806635081768036,-0.2425505369901657,-0.3099812865257263,-0.4494008719921112,-0.16073987372219561,-0.17196565866470337,-0.31028562784194946,-0.1821877360343933,-0.027835587039589882,-0.1114247590303421,-1.72150616645813,-1.77772057056427,-2.0405306816101074,-1.536578893661499,-1.5723432302474976,-1.6803574562072754
YOR329C,test,True,True,0.9988971948623657,0.3190912038087845,0.0922570675611496,0.4043617844581604,0.3834526240825653,0.472406804561615,0.24297773838043213,0.42000900506973265,0.33213287591934204,0.015413761138916016,0.6923295259475708,0.5142315030097961,0.5459373593330383,0.4205228328704834,0.3362685441970825,0.3077333867549896,0.47607383131980896,0.8156319260597229,0.166906476020813
YOR329W-A,test,False,False,-1.9969364404678345,-0.3414282476529479,-0.23208045959472656,-1.0278376340866089,-0.005099530331790447,0.09302077442407608,-0.5351443886756897,-0.16073987372219561,-0.17196565866470337,-0.31028562784194946,-0.1821877360343933,-0.027835587039589882,-0.1114247590303421,-1.8223725080490112,-1.6307262182235718,-2.1026763916015625,-2.056734561920166,-1.199469804763794,-2.122255563735962
YOR330C,test,False,True,0.19634728133678436,0.8202735543251037,1.0191781520843506,0.6767805814743042,0.6916570663452148,0.8702695369720459,0.8434824347496033,0.9958876967430115,0.5737223625183105,1.4449255466461182,1.0447211265563965,1.0108157396316528,0.9052537083625793,0.9204524278640747,0.8041755557060242,1.0664870738983154,0.6877465844154358,1.286771535873413,0.7570813894271851
YOR331C,test,False,False,-1.889426827430725,-0.5758499711751938,-0.573633074760437,-1.0181825160980225,-0.806178867816925,-0.16713573038578033,-0.3141196668148041,-0.16073987372219561,-0.17196565866470337,-0.31028562784194946,-0.1821877360343933,-0.027835587039589882,-0.1114247590303421,-2.0161561012268066,-1.8674982786178589,-2.0401558876037598,-2.1986613273620605,-1.9032193422317505,-2.0712456703186035
YOR332W,test,True,True,0.9869586229324341,0.9974048614501954,1.2286603450775146,1.218353033065796,0.8787432312965393,0.7454372644424438,0.9158304333686829,1.094772708415985,0.6565852761268616,1.6864899396896362,1.0763963460922241,1.011981725692749,1.0424102544784546,1.1072009444236754,0.9743900895118713,1.1044330596923828,1.0359864234924316,1.556313395500183,0.8648817539215088
YOR333C,test,False,False,-1.840880274772644,-0.6392790675163269,-0.23807188868522644,-1.1717040538787842,-0.3962824046611786,-0.6597877740859985,-0.7305492162704468,-0.16073987372219561,-0.17196565866470337,-0.31028562784194946,-0.1821877360343933,-0.027835587039589882,-0.1114247590303421,-1.3543713808059692,-0.5010710954666138,-1.9219539165496826,-1.0024495124816895,-1.4176287651062012,-1.9287536144256592
YOR334W,test,True,True,-0.12532170116901398,0.1821393460035324,0.2860561013221741,-0.002791091799736023,0.4598674774169922,0.33150190114974976,-0.16393765807151794,-0.21900277361273765,-0.24299722909927368,-0.6609740257263184,-0.06931191682815552,-0.15883100032806396,0.037100303918123245,-0.11037462204694748,-0.2104463279247284,-0.07640029489994049,-0.09575433284044266,-0.09743784368038177,-0.07183431088924408
YOR335C,test,True,True,0.2494678795337677,0.875699257850647,0.9066089391708374,0.7191644310951233,0.7615581750869751,1.3635547161102295,0.6276100277900696,1.0938182592391967,1.0023301839828491,1.184848666191101,1.2588965892791748,1.3801747560501099,0.642841100692749,1.019192397594452,0.8296972513198853,0.8555238842964172,1.37026047706604,0.9730639457702637,1.0674164295196533
YOR335W-A,test,False,False,-2.088510751724243,-0.27441178262233734,-0.49942106008529663,-1.1070023775100708,0.3855192959308624,0.1485193520784378,-0.2996741235256195,-0.16073987372219561,-0.17196565866470337,-0.31028562784194946,-0.1821877360343933,-0.027835587039589882,-0.1114247590303421,-1.6207116842269897,-1.71110999584198,-1.980189323425293,-1.2772116661071777,-1.7023366689682007,-1.4327107667922974
YOR336W,test,True,True,-0.35029423236846924,0.5197389081120491,1.0987199544906616,-0.08504728972911835,0.39787864685058594,1.2328691482543945,-0.04572591930627823,0.8979422569274902,0.6075713038444519,0.767299234867096,1.0590245723724365,1.3364589214324951,0.7193572521209717,0.4997802317142487,0.742211639881134,0.3135678470134735,0.6723896861076355,0.28800177574157715,0.4827302098274231
YOR337W,test,True,True,0.17966046929359436,0.6113980233669281,0.30980977416038513,1.039297103881836,0.5043472647666931,0.7752770781517029,0.42825889587402344,0.8429062724113464,0.7481915950775146,0.9009662866592407,0.8759321570396423,0.9280304312705994,0.7614108920097351,0.43507747948169706,0.6067885756492615,0.47602707147598267,0.4845772385597229,0.13505758345127106,0.4729369282722473
YOR338W,test,True,True,-0.804962158203125,-0.03596457839012146,0.48540300130844116,0.17938506603240967,0.5065582394599915,-1.0881208181381226,-0.263048380613327,0.09989461302757263,0.37273839116096497,0.3457074761390686,-0.29829272627830505,-0.3150401711463928,0.39436009526252747,0.03743607997894287,-0.06662899255752563,0.03508941829204559,0.3485337197780609,-0.32011762261390686,0.19030387699604034
YOR339C,test,True,False,-1.471886157989502,-0.6620003551244735,-0.7437727451324463,-0.7101048827171326,-0.8837043642997742,0.13314886391162872,-1.1055686473846436,-0.16073987372219561,-0.17196565866470337,-0.31028562784194946,-0.1821877360343933,-0.027835587039589882,-0.1114247590303421,-1.449296760559082,-1.5304301977157593,-1.7609374523162842,-1.1898952722549438,-1.6951998472213745,-1.0700210332870483
YOR340C,test,True,True,0.9042935967445374,0.16481302678585052,0.41177406907081604,0.33031731843948364,0.19790907204151154,0.31069931387901306,-0.42663463950157166,0.4723514914512634,0.9711825251579285,0.7809114456176758,0.5928284525871277,0.09685191512107849,-0.08001688122749329,0.2031242150813341,0.6086453199386597,0.5894696116447449,-0.3808562159538269,-0.025265922769904137,0.22362828254699707
YOR341W,test,True,True,0.27423861622810364,0.4159289613366127,0.9285028576850891,0.49079424142837524,0.5644998550415039,-0.09786077588796616,0.1937086284160614,0.6663346230983734,0.5728309750556946,0.3117736876010895,0.8727422952651978,0.6531867980957031,0.9211393594741821,0.6626454204320907,0.6376226544380188,0.1080852597951889,1.028631567955017,0.9020266532897949,0.6368609666824341
YOR342C,test,True,True,0.9631490707397461,0.193959641456604,0.8731407523155212,0.7384358048439026,0.1846705824136734,-0.1516997367143631,-0.6747491955757141,0.9332176923751831,0.4465954899787903,0.974892795085907,1.0533201694488525,1.0945355892181396,1.096744418144226,0.44677501618862153,0.5336448550224304,1.2329611778259277,-0.12653832137584686,0.13376697897911072,0.4600403904914856
YOR343C,test,False,False,-0.5161774754524231,-0.7905360102653504,-1.046886682510376,-1.1233229637145996,-0.38911202549934387,-0.2788391411304474,-1.1145192384719849,-0.16073987372219561,-0.17196565866470337,-0.31028562784194946,-0.1821877360343933,-0.027835587039589882,-0.1114247590303421,-1.8050452709197997,-2.1786601543426514,-1.5023274421691895,-1.5466300249099731,-1.777450680732727,-2.020158052444458
YOR344C,test,True,True,1.1172605752944946,0.9455311834812165,1.5642125606536865,0.4541240632534027,0.835076630115509,1.637383222579956,0.23685944080352783,1.361999273300171,1.2696694135665894,1.717526912689209,1.0397555828094482,1.7042800188064575,1.0787644386291504,1.0790754437446595,1.417477011680603,1.1992590427398682,1.360094428062439,0.7945736050605774,0.6239731311798096
YOR345C,test,False,False,-1.9643770456314087,-0.5978747785091401,-0.857210636138916,-0.7078320980072021,-0.3175489008426666,-0.286105751991272,-0.8206765055656433,-0.16073987372219561,-0.17196565866470337,-0.31028562784194946,-0.1821877360343933,-0.027835587039589882,-0.1114247590303421,-1.5121057629585266,-0.7512628436088562,-1.8007009029388428,-1.9622248411178589,-1.1029465198516846,-1.9433937072753906
YOR346W,test,True,True,-0.10813958197832108,-0.14803609624505043,-0.012854013592004776,-0.3045347332954407,-0.19182543456554413,0.35849371552467346,-0.589460015296936,0.17648432552814483,0.0383472703397274,0.20022320747375488,0.20430703461170197,0.3804212510585785,0.05912286415696144,-0.17093841433525087,0.1808966100215912,-0.8238231539726257,0.17616556584835052,-0.2075209617614746,-0.18041013181209564
YOR347C,test,True,True,0.2039310187101364,-0.380477586388588,0.39704659581184387,-0.1289607584476471,-0.9283501505851746,-0.1268623024225235,-1.1152613162994385,-0.0959242157638073,-0.547569751739502,0.3866388499736786,0.39920130372047424,-0.7714802026748657,0.05358872190117836,-0.7619445413351059,-1.5832489728927612,-0.47405627369880676,-1.1404672861099243,-0.42224693298339844,-0.18970324099063873
YOR348C,test,True,True,-1.3334977626800537,-0.12928174249827862,-0.2267637401819229,-0.3532457947731018,0.38283345103263855,0.02378634549677372,-0.47301897406578064,-0.7363304108381271,-0.15857896208763123,-1.5183335542678833,-1.1770799160003662,-0.22273899614810944,-0.6049206256866455,-1.2058791995048523,-1.5570807456970215,-0.7149602174758911,-0.8052955269813538,-1.8372052907943726,-1.1148542165756226
YOR349W,test,True,True,-0.7367463111877441,0.7591094851493836,1.1584579944610596,0.6587128639221191,0.7173840403556824,1.1654741764068604,0.09551835060119629,1.4555988550186156,0.9520843029022217,1.6727416515350342,1.7120496034622192,1.59873366355896,1.3423850536346436,0.7375539869070054,1.080423355102539,0.8222854137420654,0.8597827553749084,0.23933933675289154,0.6859390735626221
YOR350C,test,False,True,-0.3349134922027588,0.3246731132268906,0.06780804693698883,0.25113779306411743,0.3348819315433502,0.7387314438819885,0.2308063507080078,0.48170955777168273,0.45453810691833496,0.3036854565143585,0.5104483962059021,0.7522820830345154,0.38759374618530273,0.18651438765227796,0.12210922688245773,-0.15174371004104614,0.44654613733291626,0.02799922041594982,0.48766106367111206
YOR351C,test,False,True,-2.033173084259033,-0.6731983125209808,-0.4358489215373993,-0.7265149354934692,-0.5941582322120667,-0.9781671762466431,-0.6313022971153259,-0.6822522938251495,-0.7740057706832886,-1.1396222114562988,-0.7757864594459534,-0.26921674609184265,-0.45263028144836426,-1.5438220024108886,-1.222115397453308,-1.8644037246704102,-1.6566617488861084,-1.4008787870407104,-1.5750503540039062
YOR352W,test,True,True,-0.010154617950320244,0.04480469971895218,0.17517077922821045,0.1361706256866455,-0.42628946900367737,0.3098239302635193,0.02914763242006302,0.16997102797031402,-0.1844586730003357,0.2620683014392853,0.184273362159729,0.18016697466373444,0.4078051745891571,0.41824681758880616,0.5582318902015686,0.45678800344467163,0.39200660586357117,0.39054983854293823,0.29365774989128113
YOR353C,test,True,True,0.19871066510677338,0.6633175790309906,1.1304025650024414,0.6690667271614075,0.436813086271286,0.9400712251663208,0.14023429155349731,0.9378709197044373,1.054342269897461,0.770355224609375,1.106345772743225,0.7446604371070862,1.013650894165039,0.326835960149765,0.23898786306381226,-0.11033540964126587,0.4817788302898407,0.6143704652786255,0.4093780517578125
YOR354C,test,True,True,-0.007572892587631941,0.2567686574533582,0.450195848941803,0.037770818918943405,-0.010624277405440807,0.6962614059448242,0.11023949086666107,0.7032515704631805,0.6141389608383179,0.5866579413414001,0.33553197979927063,1.0825469493865967,0.8973820209503174,0.34144524931907655,0.5970302224159241,0.5042119026184082,-0.32836657762527466,0.5575505495071411,0.37680014967918396
YOR355W,test,True,True,0.5075238943099976,1.1369789600372315,1.5909712314605713,1.1006063222885132,0.9267821311950684,1.480682611465454,0.5858525037765503,1.1262306869029999,1.0584003925323486,1.6234500408172607,0.4067067801952362,1.2478481531143188,1.294748067855835,1.0184019684791565,0.4693068861961365,1.2268688678741455,1.8172613382339478,0.6085694432258606,0.9700033068656921
YOR356W,test,False,True,0.09979861974716187,-0.6248892962932586,-0.6176206469535828,-0.3450773358345032,-1.1410053968429565,-0.6023924350738525,-0.4183506667613983,-0.350579771399498,-0.5802298784255981,-0.42266005277633667,-1.0056102275848389,0.17565923929214478,0.07994206249713898,-0.8687865376472473,-0.6725000143051147,-0.9122955203056335,-0.6675664782524109,-1.5395478010177612,-0.5520228743553162
YOR357C,test,True,True,0.3559001386165619,0.19877307564020158,0.05517666041851044,0.3558078408241272,0.11156255006790161,0.547279953956604,-0.0759616270661354,0.5575152337551117,0.11193275451660156,0.1998560130596161,0.5077648758888245,1.1093467473983765,0.8586757779121399,0.4606775104999542,0.20875999331474304,0.5106473565101624,0.6060140132904053,0.5835331678390503,0.39443302154541016
YOR358W,test,True,True,0.4544774889945984,0.4885211825370789,0.4804235100746155,0.3782282769680023,0.8889539241790771,0.4912230670452118,0.20377713441848755,0.36312689408659937,-0.00350763276219368,0.2403733730316162,0.31587740778923035,0.8360848426818848,0.4268064796924591,0.4064765930175781,0.2979079484939575,0.4539925456047058,0.8799870610237122,0.281047523021698,0.11944788694381714
YOR359W,test,True,True,0.8400012850761414,0.9532953262329101,1.3930553197860718,0.703136146068573,1.0138201713562012,0.8905597925186157,0.7659052014350891,1.0530093908309937,1.111008644104004,1.233735203742981,0.8176702260971069,1.0715676546096802,1.0310652256011963,0.8902575135231018,1.352526307106018,0.8110671639442444,0.9607990384101868,0.6909937262535095,0.6359013319015503
YOR360C,test,True,True,0.22688031196594238,0.1427895285189152,-0.09938152879476547,-0.007299359887838364,0.4055670499801636,0.5179240703582764,-0.10286258906126022,0.4308983385562897,0.6464356184005737,0.1503986120223999,0.4544837772846222,0.6120046973228455,0.2911689877510071,0.3096544072031975,-0.09774986654520035,0.4209131598472595,0.3232298791408539,0.44891250133514404,0.4529663622379303
YOR361C,test,True,True,0.7743723392486572,0.6572223722934722,1.0034961700439453,0.713373601436615,0.4985704720020294,0.8097719550132751,0.2608996629714966,0.7180123448371887,0.6703336834907532,1.0237261056900024,0.534751832485199,0.773209273815155,0.588040828704834,0.42119516134262086,0.6386317610740662,0.4961392879486084,0.303507000207901,0.41677385568618774,0.25092390179634094
YOR362C,test,True,True,1.3731505870819092,-0.013753364980220794,-0.3017028570175171,0.14545920491218567,-0.2376255989074707,0.25206640362739563,0.07303602248430252,0.5441213726997376,0.36971181631088257,0.39814555644989014,0.5388327240943909,0.7445919513702393,0.6693248152732849,0.3938247412443161,0.08757225424051285,0.8408566117286682,0.5082619786262512,0.09420577436685562,0.4382270872592926
YOR363C,test,False,True,-0.1789504736661911,-0.786528792977333,-0.47342339158058167,-1.352992057800293,-0.23956690728664398,-0.7192218899726868,-1.14743971824646,-0.5544008493423462,-0.7254611253738403,-0.8083975911140442,-0.47131964564323425,-0.2791261374950409,-0.4876997470855713,-0.6723839163780212,-0.7787958383560181,-1.1747355461120605,-0.32227495312690735,-0.6391727924346924,-0.44694045186042786
YOR364W,test,False,False,-0.4182310104370117,-1.51000919342041,-1.5716685056686401,-1.8469150066375732,-1.6541212797164917,-0.5176641941070557,-1.95967698097229,-0.16073987372219561,-0.17196565866470337,-0.31028562784194946,-0.1821877360343933,-0.027835587039589882,-0.1114247590303421,-1.7731434941291808,-2.0730440616607666,-2.115507125854492,-0.8825841546058655,-1.8916443586349487,-1.9029377698898315
YOR365C,test,True,True,-1.6325081586837769,-0.6720290198922158,-1.6171876192092896,-0.2571186125278473,-0.6046364903450012,-0.04199705272912979,-0.8392053246498108,0.21924067363142968,0.027579832822084427,-0.11101601272821426,0.4223674535751343,0.43300557136535645,0.3242665231227875,-0.09441914111375808,-0.17747530341148376,-0.07167521119117737,0.1474859118461609,0.06572126597166061,-0.4361523687839508
YOR366W,test,False,False,-1.4596627950668335,-0.40472604185342786,-0.9893441796302795,-0.960685670375824,0.15553562343120575,0.12472138553857803,-0.3538573682308197,-0.16073987372219561,-0.17196565866470337,-0.31028562784194946,-0.1821877360343933,-0.027835587039589882,-0.1114247590303421,-1.8457775592803956,-1.8017925024032593,-2.202977180480957,-2.050870895385742,-1.5906275510787964,-1.5826196670532227
YOR367W,test,True,True,0.1902742236852646,0.35144044160842897,0.4114148020744324,0.7032464146614075,0.5634642243385315,0.2884743809700012,-0.20939761400222778,0.5587522149085998,0.4269687235355377,0.8440157771110535,0.5128024816513062,0.5901077389717102,0.4198663532733917,0.28705921694636344,-0.19581574201583862,0.6114115118980408,0.4326680302619934,0.5531823039054871,0.03384998068213463
YOR368W,test,True,False,-0.30002084374427795,-0.07039208076894284,0.08576281368732452,0.21667912602424622,0.02824998088181019,0.2596493065357208,-0.9423016309738159,-0.16073987372219561,-0.17196565866470337,-0.31028562784194946,-0.1821877360343933,-0.027835587039589882,-0.1114247590303421,-1.1553652048110963,-0.774351179599762,-0.7728045582771301,-1.080668568611145,-1.2569552659988403,-1.8920464515686035
YOR369C,test,True,True,1.3260791301727295,1.1918120503425598,1.3027610778808594,0.9664731621742249,1.273733139038086,1.4141432046890259,1.001949667930603,1.1993162512779236,1.1731898784637451,1.0207170248031616,0.8343003392219543,1.7015315294265747,1.2668424844741821,1.0116736710071563,0.46047133207321167,0.4383162558078766,1.7791507244110107,0.8897131085395813,1.4907169342041016
YOR370C,test,True,True,0.7148481607437134,0.5600214242935181,0.6636356711387634,0.9628871083259583,0.31901633739471436,0.6766672134399414,0.1779007911682129,0.4059296205639839,0.4184373617172241,1.0272740125656128,0.06002330780029297,0.10076937824487686,0.42314404249191284,0.36658539772033694,0.4927510619163513,0.29965734481811523,0.6901847124099731,0.18372505903244019,0.1666088104248047
YOR371C,test,True,True,0.31985509395599365,0.507455299794674,0.6275812983512878,0.6545461416244507,0.5840194821357727,0.6919227838516235,-0.020793206989765167,0.6859277009963989,0.5439932346343994,0.7559178471565247,0.5769568085670471,0.8300021886825562,0.7227684259414673,0.3189838230609894,0.32468193769454956,0.08084753155708313,0.4805993437767029,0.18128246068954468,0.5275078415870667
YOR372C,test,True,True,1.1297941207885742,0.7135712802410126,1.1001542806625366,0.6443207263946533,0.8156561255455017,0.7235225439071655,0.2842027246952057,1.1815239906311035,1.3143465518951416,1.1559057235717773,1.254408359527588,1.155117392539978,1.0278419256210327,0.8404476642608643,0.9954891800880432,0.4801657795906067,1.4242479801177979,0.6166475415229797,0.6856878399848938
YOR373W,test,True,True,0.5261488556861877,0.8536066770553589,1.1251473426818848,0.8514693379402161,0.5480635166168213,1.1467127799987793,0.596640408039093,1.0894388198852538,1.1395833492279053,1.3450602293014526,0.7476398348808289,1.4096547365188599,0.8052559494972229,0.7252960681915284,0.8453918099403381,0.7802785634994507,0.7357344627380371,0.5426554083824158,0.7224200963973999
YOR374W,test,False,True,0.7697732448577881,-0.07472711205482482,0.5047719478607178,0.37713348865509033,0.47233742475509644,-1.4715843200683594,-0.2562941014766693,-0.0168203666806221,-0.2524363100528717,0.04337660223245621,-0.07621504366397858,-0.18449053168296814,0.3856634497642517,-0.7882124781608582,-0.8091069459915161,-0.3287360668182373,-0.6007828712463379,-1.3399139642715454,-0.862522542476654
YOR375C,test,False,True,0.9405577778816223,0.596701580286026,0.11349564790725708,0.5359053015708923,0.539824903011322,1.3103843927383423,0.4838976562023163,0.8852258682250976,0.33715784549713135,1.6177748441696167,0.0685887336730957,1.327683687210083,1.0749242305755615,0.4875328779220581,0.6639401316642761,0.9184749126434326,-0.3178790211677551,0.5762706398963928,0.5968577265739441
YOR376W,test,False,False,-1.8951338529586792,-0.7981738150119781,-0.8833970427513123,-0.9897356629371643,-0.8935146927833557,-0.7578544616699219,-0.4663672149181366,-0.16073987372219561,-0.17196565866470337,-0.31028562784194946,-0.1821877360343933,-0.027835587039589882,-0.1114247590303421,-1.6679199934005737,-1.8083083629608154,-1.8854780197143555,-1.5380395650863647,-1.8709626197814941,-1.2368113994598389
YOR376W-A,test,True,True,0.5833874344825745,-0.172158819437027,0.32602065801620483,-0.5908628106117249,-0.5839118957519531,0.40879637002944946,-0.4208364188671112,0.37401831746101377,0.257122665643692,0.13941356539726257,0.46705564856529236,0.5048201680183411,0.501679539680481,-0.03006821721792221,-0.033853285014629364,-0.1285376101732254,0.07664484530687332,0.03224659711122513,-0.09684163331985474
YOR377W,test,True,True,-0.27154815196990967,-0.5854491367936134,-0.8455596566200256,-1.2582160234451294,-0.5041905045509338,-0.0509188249707222,-0.2683606743812561,-0.26401777267456056,-0.3500845730304718,-0.25300970673561096,-0.551852822303772,-0.08335442841053009,-0.08178733289241791,-0.2126948691904545,-0.0338694229722023,-0.4159645438194275,-0.22331549227237701,-0.338234007358551,-0.052090879529714584
YOR378W,test,False,True,-1.6371506452560425,-0.9285643935203552,-1.3739571571350098,-0.540596604347229,-1.3979178667068481,-0.45583951473236084,-0.8745108246803284,0.3595487862825394,0.21526885032653809,0.7689006924629211,-0.1005823165178299,0.30109307169914246,0.613063633441925,-0.3132536768913269,-0.6960629820823669,0.4169403612613678,-0.10082748532295227,-0.4642810821533203,-0.7220371961593628
YOR379C,test,False,False,-0.18946285545825958,0.42995728328824045,0.8956061601638794,-0.02245062217116356,0.5017462372779846,0.6654623746871948,0.10942226648330688,-0.16073987372219561,-0.17196565866470337,-0.31028562784194946,-0.1821877360343933,-0.027835587039589882,-0.1114247590303421,-0.6130029410123825,0.3792787194252014,-1.1971354484558105,-1.5942878723144531,0.0866595059633255,-0.7395296096801758
YOR380W,test,True,True,-0.19043685495853424,-0.19955593943595887,-0.032016903162002563,-0.7516621947288513,-0.2565564215183258,0.3574542999267578,-0.31499847769737244,-0.15479568913578987,0.12247362732887268,-0.7962771654129028,-0.19854478538036346,0.15397657454013824,-0.055606696754693985,-0.1253693036735058,0.5949060320854187,-0.9099449515342712,0.055539701133966446,-0.035023510456085205,-0.3323237895965576
YOR381W,test,False,True,-0.22664998471736908,-0.7893132746219635,-0.9035634398460388,-1.0507493019104004,-0.7796315550804138,-1.1957396268844604,-0.01688244938850403,-0.6925591338425875,-0.7917869091033936,-1.658427357673645,-1.2438344955444336,0.011872118338942528,0.21938097476959229,-0.4164169803261757,0.0944456234574318,-0.1744873970746994,-0.6701812148094177,-0.5937991142272949,-0.7380627989768982
YOR381W-A,test,True,False,-0.8138972520828247,-0.18734990879893304,-0.1266036480665207,-0.6510745882987976,-0.04968535527586937,0.14680127799510956,-0.25618723034858704,-0.16073987372219561,-0.17196565866470337,-0.31028562784194946,-0.1821877360343933,-0.027835587039589882,-0.1114247590303421,-0.14827261939644815,-0.19101989269256592,-0.6092506051063538,0.5732199549674988,-0.49020105600357056,-0.024111498147249222
YOR382W,test,False,True,2.198023796081543,0.8099243342876434,1.607361078262329,1.0842646360397339,0.6797412037849426,1.0720819234848022,-0.3938271701335907,1.1982528924942017,1.6409170627593994,1.1217625141143799,1.2098147869110107,1.3763622045516968,0.6424078941345215,1.092122459411621,1.0182446241378784,1.128185510635376,1.752331256866455,1.160475254058838,0.4013756513595581
YOR383C,test,False,True,2.347623825073242,0.4971328541636467,1.1688001155853271,0.5330983996391296,0.2596086859703064,0.5811958312988281,-0.05703876167535782,1.0248682856559754,0.8775254487991333,1.3621848821640015,1.2316102981567383,0.9591670036315918,0.6938537955284119,0.5848549753427505,0.4869667887687683,0.7067977786064148,0.5214269757270813,1.0069215297698975,0.20216180384159088
YOR384W,test,False,True,0.529343843460083,0.24626958072185517,0.354458212852478,0.09869419038295746,0.16987238824367523,0.2112610787153244,0.3970620334148407,1.0120275974273683,0.9821925163269043,1.0847679376602173,1.0961697101593018,1.1449373960494995,0.752070426940918,0.1744216613471508,0.05955883860588074,0.8655980229377747,0.22195713222026825,-0.23188364505767822,-0.04312204197049141
YOR385W,test,True,True,0.14747002720832825,0.5219966471195221,0.3770579993724823,0.7792182564735413,0.4145224988460541,0.6415187120437622,0.39766576886177063,1.0311911344528197,0.8193982839584351,1.2331665754318237,0.9109829664230347,1.306209683418274,0.8861981630325317,0.3054427593946457,0.037991032004356384,0.44679152965545654,0.5924823880195618,0.17496803402900696,0.2749808132648468
YOR386W,test,True,True,0.024650761857628822,-0.3248117670416832,-0.44203150272369385,-1.1095376014709473,0.034694261848926544,0.26034992933273315,-0.36753392219543457,-0.017024702578783035,-0.05960609391331673,-0.36288636922836304,0.1835133284330368,-0.1540173590183258,0.3078729808330536,-0.058374134451150896,0.34076347947120667,-0.6273108124732971,-0.11247122287750244,0.1381138116121292,-0.030965927988290787
YOR387C,test,True,True,-1.8258227109909058,-0.9534197270870208,-1.3213434219360352,-0.8285956978797913,-0.2989979088306427,-1.5531134605407715,-0.7650481462478638,-1.0054009974002838,-1.6725821495056152,-1.6555970907211304,-0.7007800340652466,-0.48855724930763245,-0.5094884634017944,-1.0815855979919433,-0.5328599214553833,-0.7833518981933594,-1.0628588199615479,-1.5575376749038696,-1.4713196754455566
YOR388C,test,True,True,-2.016035795211792,0.15997922271490098,0.5831004977226257,0.21824243664741516,0.4914713501930237,0.07575639337301254,-0.5686745643615723,0.36941241547465326,0.033663418143987656,0.48032939434051514,0.4125880300998688,0.45979201793670654,0.4606892168521881,0.5574822157621384,0.40772414207458496,1.2216787338256836,0.7355479598045349,0.2631862759590149,0.15927396714687347
YOR389W,test,True,True,-0.5677316784858704,-0.19002250730991363,0.040350332856178284,0.4202938675880432,0.38472694158554077,-1.6170949935913086,-0.17838868498802185,0.31385771483182906,-0.06271004676818848,0.06037779897451401,0.5320956110954285,0.5008084774017334,0.538716733455658,0.1271602399647236,-0.32401055097579956,0.5317468047142029,0.023614365607500076,0.17299777269363403,0.2314528077840805
YOR390W,test,True,True,-1.2203528881072998,0.49948431104421614,0.6501851677894592,0.8942344188690186,0.21176570653915405,0.7330422401428223,0.008194021880626678,0.44603308439254763,0.7815626859664917,0.3660171627998352,0.17569100856781006,0.5355954766273499,0.3712990880012512,0.19147419929504395,0.5598165392875671,-0.12397900223731995,0.24669907987117767,0.0784522294998169,0.19638215005397797
YOR391C,test,True,True,-1.991233229637146,-0.3787796601653099,0.19748133420944214,-0.5441280007362366,-0.9090617299079895,0.08768684417009354,-0.7258767485618591,-0.05218331515789032,-0.5526428818702698,-0.37481534481048584,0.2862541675567627,0.3015216588973999,0.07876582443714142,-0.7538037043064832,-1.234962821006775,-0.4956679046154022,-1.3225562572479248,-0.009374221786856651,-0.7064573168754578
YOR392W,test,False,False,-2.088510751724243,-0.44037034511566164,-0.3791895806789398,-0.7866069078445435,0.08240106701850891,-0.29364800453186035,-0.8248082995414734,-0.16073987372219561,-0.17196565866470337,-0.31028562784194946,-0.1821877360343933,-0.027835587039589882,-0.1114247590303421,-1.5995734572410583,-1.5056689977645874,-1.7864351272583008,-0.9941261410713196,-1.8090075254440308,-1.9026294946670532
YOR393W,test,False,False,-2.088510751724243,-0.32501510679721834,-0.5614259243011475,-0.6321907639503479,0.0642361268401146,-0.08590064197778702,-0.40979433059692383,-0.16073987372219561,-0.17196565866470337,-0.31028562784194946,-0.1821877360343933,-0.027835587039589882,-0.1114247590303421,-1.3680901288986207,-1.3664613962173462,-1.6157221794128418,-1.020047903060913,-1.563063383102417,-1.275155782699585
YOR394C-A,test,True,True,-0.8565143942832947,0.027336399257183074,0.2864574193954468,0.11332538723945618,-1.0531131029129028,0.8452757596969604,-0.0552634671330452,0.2577083133161068,0.0009672157466411591,0.46030187606811523,-0.6830361485481262,0.9975963830947876,0.5127122402191162,-0.4660093456506729,-0.33072900772094727,-0.48402830958366394,-0.9043127298355103,-0.5265007615089417,-0.08447591960430145
YOR394W,test,False,True,-2.088510751724243,-1.7508594751358033,-1.6239955425262451,-1.551226258277893,-1.3374950885772705,-2.119771718978882,-2.1218087673187256,-1.1114091217517852,-1.3160219192504883,-1.7820712327957153,-1.2216484546661377,-0.251871258020401,-0.9854327440261841,-1.1996352553367615,-1.3651092052459717,-0.4148951768875122,-2.089006185531616,-0.816533625125885,-1.3126320838928223
YOR396C-A,test,False,False,-2.088510751724243,-1.0309568867087364,-1.089464545249939,-1.6259229183197021,-1.6132886409759521,0.11848974972963333,-0.9445980787277222,-0.16073987372219561,-0.17196565866470337,-0.31028562784194946,-0.1821877360343933,-0.027835587039589882,-0.1114247590303421,-2.1354795694351196,-2.1242425441741943,-2.1785945892333984,-2.237236976623535,-1.9893826246261597,-2.1479411125183105
YOR396W,test,False,True,-2.088510751724243,-1.021814215183258,-0.7619296312332153,-1.3810887336730957,-1.7428878545761108,-0.3389849066734314,-0.884179949760437,0.03189265802502632,0.06013626232743263,0.31563782691955566,-1.3375614881515503,0.8253186941146851,0.29593199491500854,-1.779952311515808,-2.11002779006958,-1.737854242324829,-1.9170026779174805,-1.9857100248336792,-1.1491668224334717
YPL001W,test,True,True,-0.1598052829504013,0.006790086627006531,-0.1210283413529396,0.1929071694612503,0.10383548587560654,0.13254012167453766,-0.27430400252342224,0.36896062195301055,0.39847540855407715,0.47792088985443115,0.17351014912128448,0.48359665274620056,0.31130000948905945,0.2522967219352722,0.31691813468933105,0.37560322880744934,0.07831376791000366,0.19476568698883057,0.29588279128074646
YPL002C,test,True,True,0.125136137008667,0.04599786698818207,0.16972345113754272,-0.26922765374183655,0.32110872864723206,0.20385991036891937,-0.19547510147094727,0.5544484794139862,0.4764275550842285,0.6950066089630127,0.47856536507606506,0.685376763343811,0.4368661046028137,0.27478518784046174,0.22634807229042053,-0.05203425884246826,0.6880523562431335,0.33014732599258423,0.1814124435186386
YPL003W,test,True,True,-0.30144283175468445,0.2092885345220566,0.3456276059150696,0.23383495211601257,0.7492402791976929,0.20523391664028168,-0.4874940812587738,0.681902477145195,0.36410272121429443,1.2401506900787354,0.23787294328212738,0.8415932655334473,0.7257927656173706,0.02475278377532959,-0.2518324553966522,0.822333812713623,0.19723837077617645,-0.5720081925392151,-0.07196761667728424
YPL004C,test,True,True,1.152430772781372,0.00834643840789795,1.3140581846237183,0.8100228309631348,-1.3866816759109497,0.41003239154815674,-1.1056995391845703,0.8232926011085511,1.031821370124817,0.6889334917068481,0.6013734340667725,0.9703927636146545,0.8239419460296631,0.12335600256919861,0.32958459854125977,0.7351762652397156,-0.7947613000869751,0.2240261286497116,0.12275432050228119
YPL005W,test,True,True,-0.38039258122444153,0.2586231265217066,-0.021940751001238823,0.15838585793972015,0.5148053169250488,0.7145114541053772,-0.07264624536037445,0.6774452269077301,0.687954843044281,0.8923115730285645,0.696549654006958,0.7897377014160156,0.3206723630428314,0.5927101612091065,0.5782743096351624,0.5301856398582458,0.6572879552841187,0.8711295127868652,0.32667338848114014
YPL006W,test,True,True,-0.5831637382507324,-0.021011428395286202,0.07624037563800812,0.014427166432142258,0.003811691654846072,0.11168501526117325,-0.3112213909626007,0.12396981120109558,-0.15803857147693634,-0.28674373030662537,0.08623044192790985,0.5990263819694519,0.37937453389167786,-0.11117231845855713,-0.5043566226959229,-0.04638995975255966,0.3128196597099304,0.07543345540761948,-0.393368124961853
YPL007C,test,False,True,-0.31234312057495117,-0.05683252066373825,-0.043997325003147125,-0.41536810994148254,0.2816195785999298,-0.2776174545288086,0.1712007075548172,0.20675365924835204,0.2993459105491638,-0.3962762951850891,0.6589526534080505,0.3491036593914032,0.12264236807823181,0.23552948832511902,0.24791079759597778,0.27666550874710083,0.41670194268226624,0.0550718754529953,0.18129731714725494
YPL008W,test,False,True,-0.015963923186063766,0.5860520496964454,0.6280397772789001,0.9502156972885132,0.22820015251636505,1.014168381690979,0.10963623970746994,0.34085779786109927,0.4027508795261383,0.3545006513595581,-0.06470206379890442,0.5654965043067932,0.446243017911911,0.4016223043203354,0.4048917591571808,0.20187340676784515,0.6837542057037354,0.43410375714302063,0.283488392829895
YPL009C,test,False,True,0.6238402128219604,0.5100648730993271,0.6379169821739197,0.4489889144897461,0.2387225478887558,1.0746484994888306,0.1500474214553833,0.8761710047721862,1.143601894378662,0.9680504202842712,0.674372136592865,0.8589208722114563,0.7359097003936768,0.2102269310504198,0.14507168531417847,0.34113574028015137,0.28801658749580383,-0.0027157869189977646,0.27962642908096313
YPL010W,test,True,True,0.2653638422489166,0.6814346790313721,0.55791836977005,0.6275131106376648,0.9583626389503479,1.101811170578003,0.16156810522079468,0.9923974990844726,0.8747850656509399,1.2477213144302368,0.8626595139503479,1.0422018766403198,0.9346197247505188,0.7920453131198884,0.33615604043006897,0.5749513506889343,1.1852996349334717,1.3063982725143433,0.5574212670326233
YPL011C,test,True,True,0.7995221614837646,0.8336057305335999,1.1029869318008423,0.8127739429473877,0.8656404614448547,1.2299561500549316,0.1566711664199829,1.1075158834457397,0.8433243036270142,1.1780840158462524,1.2207679748535156,1.2165430784225464,1.0788600444793701,0.6393611788749695,0.8205527663230896,0.7139778137207031,0.6505936980247498,0.43726933002471924,0.5744122862815857
YPL012W,test,True,True,0.2743036150932312,0.44331724047660825,0.2588716149330139,0.3010217249393463,0.6590637564659119,0.8530526161193848,0.14457648992538452,0.6440243601799012,0.8786250948905945,0.6456160545349121,0.5396818518638611,0.6474037766456604,0.5087950229644775,0.4788249433040619,0.33244776725769043,0.2195635735988617,0.8214197754859924,0.47485023736953735,0.5458433628082275
YPL013C,test,True,True,1.611689805984497,0.5410147681832314,0.8197179436683655,0.31798040866851807,0.758275032043457,0.7856599688529968,0.023440487682819366,0.7740781903266907,1.0027918815612793,0.8352509140968323,0.637199878692627,0.8138825297355652,0.5812657475471497,0.5541448354721069,0.6657389998435974,0.2952420711517334,0.7424599528312683,0.6381582617759705,0.4291248917579651
YPL014W,test,False,True,1.1508147716522217,1.156956386566162,1.573858380317688,1.0953149795532227,0.8146806359291077,1.4468857049942017,0.8540422320365906,1.336987280845642,1.4125916957855225,1.24479079246521,1.5031061172485352,1.1661409139633179,1.358306884765625,1.0872703790664673,0.9073274731636047,1.0372748374938965,1.584311604499817,0.9341493248939514,0.9732886552810669
YPL015C,test,True,True,0.7100965976715088,1.3129266142845153,1.3811206817626953,1.28947114944458,1.4929851293563843,1.4597604274749756,0.9412956833839417,1.3426079034805298,1.1019275188446045,1.3369345664978027,1.144921064376831,1.6734590530395508,1.4557973146438599,1.0272329211235047,1.0466935634613037,1.2632620334625244,1.0132288932800293,0.913006603717804,0.8999735116958618
YPL016W,test,True,True,0.3376496732234955,0.8517632961273194,1.5131590366363525,0.5409960150718689,0.5658416152000427,1.1347272396087646,0.5040925741195679,0.7510618209838867,0.41436827182769775,0.5095698237419128,0.8086608052253723,1.2427512407302856,0.779958963394165,1.0172530889511109,1.6848043203353882,0.743663489818573,0.9603983163833618,0.6229707598686218,1.0744285583496094
YPL017C,test,True,True,-1.1337450742721558,0.8784464061260223,0.4457589089870453,0.9917696118354797,0.9449451565742493,1.509426236152649,0.5003321170806885,1.0516850233078003,0.34624147415161133,1.086548924446106,1.2574905157089233,1.4337741136550903,1.1343700885772705,1.1064490795135498,1.4786463975906372,0.5767969489097595,1.51250422000885,1.019353985786438,0.9449438452720642
YPL018W,test,True,True,0.4596128463745117,1.3285948872566222,1.4544451236724854,1.149101734161377,1.8532631397247314,1.3712642192840576,0.8149002194404602,1.3329015493392944,1.1083346605300903,1.3607014417648315,1.5186662673950195,1.6381044387817383,1.0387009382247925,1.0037089586257935,0.9370672702789307,0.6507611274719238,1.5546956062316895,1.0533305406570435,0.8226902484893799
YPL019C,test,True,True,0.8605908155441284,1.0508588671684265,1.105658769607544,0.9807303547859192,1.100022554397583,1.4858113527297974,0.5820713043212891,1.2373859524726867,1.0291965007781982,0.915770947933197,1.361339807510376,1.9475563764572144,0.9330661296844482,0.756843912601471,0.7734325528144836,0.6118236184120178,0.9429018497467041,0.6796663403511047,0.7763952016830444
YPL020C,test,False,True,-0.14684700965881348,-0.47575919385999443,-0.1606447398662567,-0.576806366443634,-0.004510837607085705,-0.7820904850959778,-0.8547435402870178,0.18180797770619392,0.1719515472650528,0.23887884616851807,0.17941686511039734,0.3201494514942169,-0.0013568215072154999,-0.0545333206653595,0.3718012273311615,-0.32734209299087524,-0.14884480834007263,0.23035255074501038,-0.3986334800720215
YPL021W,test,False,True,-2.088510751724243,-1.0832960724830627,-0.7096067070960999,-0.8588322997093201,-0.9448450207710266,-1.6108002662658691,-1.292396068572998,-1.0050544261932373,-1.2473745346069336,-0.9810181260108948,-1.3804339170455933,-0.8705986738204956,-0.5458468794822693,0.01171993389725685,-0.24549096822738647,-0.09507033228874207,0.00943935289978981,0.23785166442394257,0.15186995267868042
YPL022W,test,True,True,0.1803407520055771,0.2516115218400955,0.3550046682357788,0.4905601143836975,0.5066447257995605,0.2351406067609787,-0.32929250597953796,0.5623804032802582,0.4525112211704254,0.5454797148704529,0.632050096988678,0.6044517159461975,0.5774092674255371,0.08435447067022324,0.07606861740350723,-0.078346848487854,0.3677036762237549,-0.19075006246566772,0.2470969706773758
YPL023C,test,False,True,0.36727964878082275,-0.29390870928764345,-0.6686244606971741,-0.30550360679626465,-0.5462011098861694,0.32814687490463257,-0.2773612439632416,0.40399803817272184,0.4298614263534546,0.44990646839141846,0.24382494390010834,0.5664891600608826,0.32990819215774536,-0.012132388353347779,-0.2252642810344696,0.44321584701538086,-0.3615334928035736,0.416165292263031,-0.33324530720710754
YPL024W,test,True,True,0.0759100615978241,1.352019226551056,0.7236066460609436,2.166356086730957,1.080356240272522,1.424651026725769,1.365126132965088,1.4231466889381408,0.6131600141525269,2.1400532722473145,0.7162259221076965,1.9936115741729736,1.6526826620101929,1.340872061252594,0.5629650950431824,1.7267887592315674,1.8238284587860107,1.2566688060760498,1.3341091871261597
YPL025C,test,False,False,-0.788330078125,0.10420758128166199,-0.4364192485809326,0.2380644679069519,0.3805546462535858,0.3797075152397156,-0.04086947441101074,-0.16073987372219561,-0.17196565866470337,-0.31028562784194946,-0.1821877360343933,-0.027835587039589882,-0.1114247590303421,-1.2058512717485428,-1.6424423456192017,-1.2093479633331299,-0.15849365293979645,-1.4893003702163696,-1.5296720266342163
YPL026C,test,True,True,0.6609274744987488,1.3216285526752471,1.6916176080703735,1.5367467403411865,1.6890385150909424,1.2374451160430908,0.4532947838306427,1.3811956882476806,1.146811842918396,1.6278300285339355,1.3465396165847778,1.816935420036316,0.967861533164978,0.7004575669765473,0.18896275758743286,0.27501732110977173,1.3668022155761719,1.4187384843826294,0.25276705622673035
YPL027W,test,True,True,-1.8291715383529663,0.15973628051578997,0.9732361435890198,0.5317049622535706,-0.22442780435085297,-0.004181286320090294,-0.47765061259269714,0.16336001753807067,0.6455826759338379,0.28343430161476135,-0.3142496347427368,0.46065592765808105,-0.2586231827735901,0.05530535280704498,0.36426931619644165,0.17547279596328735,-0.2242594212293625,0.33067604899406433,-0.36963197588920593
YPL028W,test,True,True,0.6428619027137756,1.2707698345184326,0.9627040028572083,1.562596321105957,1.4314905405044556,1.4495670795440674,0.9474912285804749,1.4835712909698486,1.3044413328170776,1.6749826669692993,1.7101439237594604,1.527053952217102,1.2012345790863037,1.314091181755066,0.9240788221359253,1.5243120193481445,2.0239923000335693,1.1279715299606323,0.9701012372970581
YPL029W,test,True,False,-0.17692193388938904,-0.001278957724571228,-0.2992314100265503,0.04715793952345848,0.019789230078458786,0.3055296242237091,-0.07964017242193222,-0.16073987372219561,-0.17196565866470337,-0.31028562784194946,-0.1821877360343933,-0.027835587039589882,-0.1114247590303421,-0.6957808911800385,-0.3185555636882782,-0.9348928332328796,-0.8299353122711182,-0.5892518162727356,-0.8062689304351807
YPL030W,test,True,True,0.24149511754512787,0.3773048914968967,0.30206719040870667,0.02491193637251854,0.5729807615280151,1.018326997756958,-0.03176242858171463,0.9405998349189758,1.003948450088501,0.8978399038314819,0.9221836924552917,1.0183764696121216,0.8606506586074829,0.7341824769973755,0.6141759753227234,0.9772244095802307,0.7834151983261108,0.9413394927978516,0.35475730895996094
YPL031C,test,True,True,0.7090933918952942,0.8924748420715332,0.8834912180900574,0.472517192363739,1.331992745399475,1.040143370628357,0.7342296838760376,1.0539146065711975,1.2095720767974854,0.9392805695533752,1.1957741975784302,1.032392978668213,0.8925532102584839,1.0108564972877503,0.7411245703697205,1.0195872783660889,1.3347628116607666,1.3562062978744507,0.6026015281677246
YPL032C,test,True,True,1.2393778562545776,0.724446177482605,0.536226212978363,0.6646921038627625,0.49138298630714417,1.546213984489441,0.38371559977531433,0.8846368074417115,1.0371543169021606,0.9435544610023499,0.648650586605072,1.075566053390503,0.7182586193084717,0.5085502296686173,0.40448054671287537,0.18074874579906464,0.4098398685455322,0.8013123273849487,0.7463696599006653
YPL033C,test,True,False,-1.9415462017059326,-1.04322343878448,-0.9691569209098816,-2.1608927249908447,-0.689141571521759,-0.022349169477820396,-1.3745768070220947,-0.16073987372219561,-0.17196565866470337,-0.31028562784194946,-0.1821877360343933,-0.027835587039589882,-0.1114247590303421,-1.30636727809906,-1.371059536933899,-1.816056251525879,-1.0715575218200684,-1.1688851118087769,-1.1042779684066772
YPL034W,test,True,True,-0.22697217762470245,0.019486004114151002,-0.15209108591079712,-0.05290018022060394,0.192239448428154,0.3686496615409851,-0.25846782326698303,0.5189985752105712,0.3126800060272217,0.5127307772636414,0.6772969365119934,0.5662729740142822,0.5260121822357178,0.23354028761386872,-0.061147794127464294,-0.09248122572898865,0.555285632610321,0.3441679775714874,0.42187684774398804
YPL035C,test,False,False,-2.015238046646118,-0.5996372908353805,-0.7750186324119568,-1.1332573890686035,-0.4721379578113556,0.19592700898647308,-0.81369948387146,-0.16073987372219561,-0.17196565866470337,-0.31028562784194946,-0.1821877360343933,-0.027835587039589882,-0.1114247590303421,-1.701259446144104,-1.509727954864502,-1.6347689628601074,-1.939037799835205,-1.8984260559082031,-1.5243364572525024
YPL036W,test,True,True,-1.1049212217330933,1.3061975717544556,1.196563959121704,1.3057589530944824,1.3247222900390625,1.5817286968231201,1.1222139596939087,1.2013128995895386,1.3194279670715332,1.184240460395813,1.0239040851593018,1.3494677543640137,1.1295242309570312,1.020903193950653,0.599000871181488,0.9850929379463196,1.2241930961608887,1.3805683851242065,0.9156606793403625
YPL037C,test,True,True,1.602588176727295,1.436480450630188,0.9690463542938232,1.9960126876831055,1.1191627979278564,1.8442332744598389,1.253947138786316,1.5922053337097168,1.1199978590011597,1.8884135484695435,1.8316586017608643,1.695887565612793,1.4250690937042236,1.3430305242538452,1.1378031969070435,1.3879764080047607,1.480878233909607,1.67549467086792,1.033000111579895
YPL038W,test,True,False,0.8116603493690491,0.016192671656608582,0.18264450132846832,0.24265354871749878,-0.5652344226837158,0.41295182704925537,-0.19205209612846375,-0.16073987372219561,-0.17196565866470337,-0.31028562784194946,-0.1821877360343933,-0.027835587039589882,-0.1114247590303421,-0.3779722899198532,-0.005993559956550598,-0.9492955803871155,-0.48504745960235596,-0.7802409529685974,0.3307161033153534
YPL038W-A,test,False,False,-1.9621068239212036,-0.6290671925991773,-0.6869639158248901,-0.5761671662330627,-1.1633224487304688,-0.0132936742156744,-0.7055887579917908,-0.16073987372219561,-0.17196565866470337,-0.31028562784194946,-0.1821877360343933,-0.027835587039589882,-0.1114247590303421,-1.5094371557235717,-1.0493654012680054,-1.7071723937988281,-2.0798614025115967,-1.3795312643051147,-1.331255316734314
YPL039W,test,True,True,0.3094090223312378,-0.2025752604007721,-0.42867565155029297,-0.18452608585357666,-0.32339295744895935,0.3666708469390869,-0.4429524540901184,0.6591115295886993,0.6878398060798645,0.4471382200717926,0.8029652833938599,0.8120869398117065,0.5455273985862732,0.18976164236664772,0.22941654920578003,0.14347828924655914,0.4260004162788391,0.09102436155080795,0.058888595551252365
YPL040C,test,True,True,-0.2287740558385849,0.4751899719238281,0.8843894004821777,0.40786033868789673,0.38375529646873474,0.5643802285194397,0.13556459546089172,0.6047119796276093,0.8067368268966675,0.5693262815475464,0.4812150299549103,0.7635588645935059,0.40272289514541626,0.37143899202346803,0.3385137617588043,0.3650188744068146,0.2729395627975464,0.4308467507362366,0.44987601041793823
YPL041C,test,True,True,-0.5698357820510864,-0.4390897810459137,-1.192924976348877,-0.636213481426239,-0.07965388894081116,0.338545560836792,-0.6252021193504333,-0.11836465671658516,-0.18832534551620483,-0.38059237599372864,-0.17067046463489532,0.09244830161333084,0.05531660094857216,-0.3387176811695099,-0.5991416573524475,-0.1786121428012848,-0.2835387885570526,-0.16730299592018127,-0.46499282121658325
YPL042C,test,True,True,0.27635398507118225,0.5167101860046387,0.670216977596283,0.6150058507919312,0.3364168107509613,1.1502954959869385,-0.18838420510292053,0.7272982567548751,0.6997464895248413,1.0447791814804077,0.22956840693950653,1.0164730548858643,0.6459241509437561,0.5565305888652802,0.7136424779891968,0.5853811502456665,0.42848190665245056,0.6320682168006897,0.4230791926383972
YPL043W,test,True,True,1.2042007446289062,0.36767038255929946,0.23030883073806763,0.6713829636573792,0.4344962537288666,0.6085172295570374,-0.10635336488485336,0.42566168010234834,0.39067816734313965,0.4332168698310852,0.505158007144928,0.6044078469276428,0.19484750926494598,0.465785014629364,0.6233648657798767,0.3101833760738373,0.7048532366752625,0.5423948168754578,0.14812877774238586
YPL044C,test,False,False,-1.7425572872161865,0.0006014645099639892,0.37069225311279297,-0.5561909675598145,0.10006105899810791,0.29335635900497437,-0.20491138100624084,-0.16073987372219561,-0.17196565866470337,-0.31028562784194946,-0.1821877360343933,-0.027835587039589882,-0.1114247590303421,-1.045216929912567,-1.078262448310852,-0.9009117484092712,-1.7806158065795898,-0.1989074945449829,-1.2673871517181396
YPL045W,test,False,False,0.11919976025819778,-0.42916309237480166,-0.6504858136177063,-0.5702727437019348,-0.4405805170536041,0.32399260997772217,-0.8084689974784851,-0.16073987372219561,-0.17196565866470337,-0.31028562784194946,-0.1821877360343933,-0.027835587039589882,-0.1114247590303421,-1.3169096469879151,-0.9592751264572144,-1.6577472686767578,-1.4131180047988892,-1.1535931825637817,-1.4008146524429321
YPL046C,test,True,False,0.6260518431663513,-0.42090422213077544,-0.24003632366657257,-0.6070707440376282,-0.5481839776039124,0.17281651496887207,-0.8820465803146362,-0.16073987372219561,-0.17196565866470337,-0.31028562784194946,-0.1821877360343933,-0.027835587039589882,-0.1114247590303421,-0.6294129744172097,0.14488500356674194,-0.9493145942687988,-1.4257228374481201,0.09720694273710251,-1.0141193866729736
YPL047W,test,True,True,0.9211720824241638,0.15070010721683502,0.06872253119945526,0.10302171111106873,0.4522748291492462,0.4451301693916321,-0.3156487047672272,0.5191774547100068,0.6539511680603027,0.3052450120449066,0.6390059590339661,0.6265851855278015,0.37109994888305664,0.2570874899625778,0.14888319373130798,0.260861873626709,0.17480884492397308,0.41768020391464233,0.2832033336162567
YPL048W,test,True,True,0.8917521238327026,1.1804878950119018,1.1309936046600342,1.3551392555236816,1.2819581031799316,1.4897534847259521,0.6445950269699097,1.0558555245399475,0.8468025922775269,0.9711593985557556,1.1552414894104004,1.114255428314209,1.1918187141418457,1.0021263122558595,0.7882553935050964,1.2040555477142334,1.9747220277786255,0.513746976852417,0.5298516154289246
YPL049C,test,True,True,1.3090680837631226,0.9508635520935058,0.9968120455741882,0.8427539467811584,0.9359809160232544,1.1649762392044067,0.8137946128845215,1.2538936257362365,0.9472087025642395,1.4169044494628906,1.2577390670776367,1.3630995750427246,1.2845163345336914,0.6336004137992859,0.6030723452568054,0.5995718836784363,1.1310211420059204,0.23572701215744019,0.5986096858978271
YPL050C,test,True,True,0.8054530024528503,0.8233196616172791,0.7438881993293762,0.9631341099739075,1.0627108812332153,1.062016248703003,0.2848488688468933,0.8673890590667724,1.014087438583374,0.971571147441864,0.9220415949821472,0.7478542327880859,0.6813908815383911,0.8953639924526214,0.8856276869773865,1.2135908603668213,1.210648775100708,0.40296700596809387,0.7639856338500977
YPL051W,test,False,False,0.24616682529449463,-0.5767347797751426,-0.09640247374773026,-1.44134521484375,-0.1997695118188858,-0.6891464591026306,-0.4570102393627167,-0.16073987372219561,-0.17196565866470337,-0.31028562784194946,-0.1821877360343933,-0.027835587039589882,-0.1114247590303421,-0.8414845362305641,-0.1237189844250679,-1.902782678604126,-0.7516499757766724,-0.8080345988273621,-0.6212364435195923
YPL052W,test,True,True,-0.05176763981580734,0.4926618993282318,0.9036588072776794,0.3034708499908447,0.567025363445282,0.8197327256202698,-0.13057824969291687,0.7278148531913757,0.533901572227478,1.0150203704833984,0.6893890500068665,0.6913282871246338,0.709434986114502,0.09498630650341511,-0.1563168168067932,0.2449270784854889,0.2038109451532364,0.012598210945725441,0.16991211473941803
YPL053C,test,False,True,0.532770037651062,0.6487738713622093,0.6123418211936951,0.8364494442939758,0.7992405295372009,1.1077613830566406,-0.11192382127046585,0.6373999953269959,0.4953277111053467,0.7906175255775452,0.5592799782752991,0.7741928696632385,0.5675818920135498,0.7728342741727829,0.9141573309898376,0.4610288143157959,1.1266491413116455,1.1184568405151367,0.24387924373149872
YPL054W,test,True,True,-0.597999632358551,0.02303210198879242,0.5162345767021179,0.3921307325363159,-0.16763876378536224,0.45589980483055115,-1.0814658403396606,-0.03317123576998711,0.02521035447716713,-0.5382354855537415,-0.5182357430458069,0.6280262470245361,0.23737844824790955,-0.49929511547088623,-1.5730348825454712,-0.40268558263778687,0.681076169013977,-0.20106738805770874,-1.0007638931274414
YPL055C,test,True,True,1.2828418016433716,0.45250369906425475,0.4875802993774414,0.31823739409446716,0.876265287399292,0.40370458364486694,0.1767309308052063,0.6232068002223968,0.2712715268135071,0.47145992517471313,0.38178083300590515,0.9788436889648438,1.0126780271530151,0.6980110287666321,0.6457763314247131,1.130678653717041,0.5050449967384338,0.8386338949203491,0.3699212670326233
YPL056C,test,True,True,0.651915967464447,1.0621296286582946,1.1741328239440918,0.7728144526481628,1.3937485218048096,1.3161715269088745,0.6537808179855347,0.6369908213615417,0.5533243417739868,0.47763586044311523,0.46570658683776855,1.2066373825073242,0.4816499352455139,0.26409920752048494,-0.4356456995010376,0.6215158700942993,0.21534515917301178,0.4738779664039612,0.44540274143218994
YPL057C,test,True,True,0.4695900082588196,0.947098183631897,1.8799591064453125,0.6853694319725037,0.7507347464561462,0.7814500331878662,0.6379776000976562,0.7581068992614746,0.9822496175765991,0.48977309465408325,0.6726020574569702,0.8848214745521545,0.7610882520675659,0.697621202468872,0.599814236164093,0.5529834032058716,0.8224514126777649,0.7260294556617737,0.7868275046348572
YPL058C,test,False,True,-0.6912851929664612,0.08040408194065093,0.5130986571311951,0.09081077575683594,0.11635498702526093,0.16379427909851074,-0.482038289308548,0.25639747977256777,-0.3388148546218872,0.39319854974746704,0.29589149355888367,0.49652373790740967,0.4351884722709656,0.03423348218202591,0.40486782789230347,0.006854481995105743,0.19705350697040558,-0.11878232657909393,-0.3188260793685913
YPL059W,test,True,True,0.5586915016174316,0.64792959690094,0.9728366136550903,0.4512479305267334,0.44743064045906067,1.0635780096054077,0.3045547902584076,0.9128360152244568,0.9853136539459229,0.9937134385108948,1.0222837924957275,0.8963156938552856,0.6665534973144531,0.7510057210922241,1.0040704011917114,0.646797776222229,0.8806374073028564,0.7211464047431946,0.5023766160011292
YPL060W,test,False,True,-0.457174152135849,0.42519386261701586,0.5809027552604675,0.1472761183977127,0.9122646450996399,0.5974474549293518,-0.11192166060209274,0.3647282779216766,0.24179315567016602,0.2098221778869629,0.40078601241111755,0.6135501861572266,0.35768985748291016,0.46900940537452696,0.37106871604919434,0.16760686039924622,0.9302573204040527,0.5370472073554993,0.33906692266464233
YPL061W,test,True,True,2.1009438037872314,0.9485180497169494,1.29104745388031,1.386030673980713,0.7511196732521057,0.9769845008850098,0.3374079465866089,0.931001079082489,0.8184891939163208,0.878158688545227,0.4702915549278259,1.7156651020050049,0.7724008560180664,0.9505407035350799,0.7891141772270203,1.916102647781372,0.6994615793228149,0.9998533129692078,0.34817180037498474
YPL062W,test,False,False,-0.6993289589881897,0.05507227182388306,-0.372099369764328,0.16111615300178528,0.10054366290569305,0.2712615132331848,0.11453939974308014,-0.16073987372219561,-0.17196565866470337,-0.31028562784194946,-0.1821877360343933,-0.027835587039589882,-0.1114247590303421,-1.0648203551769257,-1.5511325597763062,-1.3324480056762695,-1.2987326383590698,-0.9528772234916687,-0.1889113485813141
YPL063W,test,False,True,1.083669900894165,0.3118682295084,0.7240807414054871,0.07440157234668732,0.3131948709487915,0.6596587300300598,-0.21199476718902588,0.3198232054710388,0.16259515285491943,0.26709985733032227,0.2675410807132721,0.5554306507110596,0.3464492857456207,0.3171992778778076,0.3633045554161072,0.2489035427570343,0.2252369225025177,0.6297902464866638,0.11876112222671509
YPL064C,test,False,True,0.4730547368526459,0.5534629106521607,0.8117951154708862,0.5477827191352844,0.4365193545818329,0.670383095741272,0.3008342683315277,0.5387731075286866,0.39963918924331665,0.6041476726531982,0.5025377869606018,0.6298580169677734,0.5576828718185425,0.4909538239240646,0.4999949336051941,0.581495463848114,0.4423610270023346,0.7326834797859192,0.1982342153787613
YPL065W,test,False,False,0.4169420301914215,-0.6865579888224602,-1.4171795845031738,-0.6947836875915527,-0.7773211598396301,-0.06364434212446213,-0.47986117005348206,-0.16073987372219561,-0.17196565866470337,-0.31028562784194946,-0.1821877360343933,-0.027835587039589882,-0.1114247590303421,-0.7948671698570251,-0.2474530041217804,-0.9876441359519958,-0.947205662727356,-1.3978577852249146,-0.394175261259079
YPL066W,test,True,True,0.8315473794937134,0.6959848821163177,0.6593579053878784,0.7042823433876038,0.32311341166496277,1.2464438676834106,0.5467268824577332,0.9992431282997132,0.9572045803070068,1.0257443189620972,0.7473979592323303,1.368303894996643,0.8975648880004883,0.8289658784866333,0.7500703930854797,1.2768456935882568,1.1238110065460205,0.6627627015113831,0.33133959770202637
YPL067C,test,True,True,-0.21156913042068481,0.36049001589417456,0.7281875014305115,0.004945043474435806,-0.21566449105739594,0.5803152322769165,0.704666793346405,0.17570009976625442,0.10059036314487457,0.10885461419820786,-0.5246953964233398,0.4974677562713623,0.6962831616401672,0.29742434024810793,0.13093218207359314,0.39008790254592896,0.16190090775489807,0.17921298742294312,0.6249877214431763
YPL068C,test,True,True,0.7292947173118591,1.3685439586639405,2.1424074172973633,1.1738166809082031,1.9340035915374756,0.8854289054870605,0.7070631980895996,1.052801525592804,1.381312370300293,0.4188969135284424,0.9406281113624573,1.2270653247833252,1.296104907989502,1.1171895384788513,1.5015478134155273,1.1996009349822998,1.5575971603393555,0.5570400357246399,0.7701617479324341
YPL069C,test,False,True,0.45507192611694336,-0.6608950510621071,-0.086512990295887,-0.27048230171203613,-0.7710497975349426,-0.3815259337425232,-1.7949042320251465,-0.26885316967964173,-0.8483075499534607,-0.12534409761428833,0.17559239268302917,-0.250111848115921,-0.29609474539756775,-0.5336440056562424,-0.8005133271217346,-1.0870320796966553,-0.3216491937637329,-0.2525179386138916,-0.20650748908519745
YPL070W,test,False,True,0.17383910715579987,0.2830874025821686,-0.03529387712478638,0.4438645541667938,0.2840627431869507,0.516569972038269,0.20623362064361572,0.2935258820652962,0.35873016715049744,0.08695564419031143,0.3049822151660919,0.4655643105506897,0.2513970732688904,0.6317127704620361,0.5824989676475525,0.7183663249015808,0.5963024497032166,0.8820132613182068,0.379382848739624
YPL071C,test,True,True,0.6313350200653076,0.3517789453268051,0.7798693776130676,0.7065455317497253,0.6161059737205505,-0.2118476778268814,-0.13177847862243652,0.44928879737854005,0.5985943675041199,0.34587401151657104,0.45029106736183167,0.44727823138237,0.4044063091278076,0.41851343810558317,0.3027416467666626,0.6312107443809509,0.665060818195343,0.13864584267139435,0.35490813851356506
YPL072W,test,False,True,-0.05285888537764549,0.4095422148704529,0.24849015474319458,0.4324439764022827,0.2658441960811615,0.8886228799819946,0.21230986714363098,0.7178164720535278,0.9170294404029846,0.5402242541313171,0.8749682307243347,0.8111974000930786,0.4456630349159241,0.20401322096586227,0.39260298013687134,-0.07329051941633224,0.4311077296733856,0.09222686290740967,0.177419051527977
YPL073C,test,False,False,-2.02390193939209,-1.6788631200790405,-1.1388496160507202,-1.9480481147766113,-2.188514232635498,-1.2221113443374634,-1.8967922925949097,-0.16073987372219561,-0.17196565866470337,-0.31028562784194946,-0.1821877360343933,-0.027835587039589882,-0.1114247590303421,-1.9754911184310913,-1.933833122253418,-2.085003614425659,-2.154313564300537,-1.7460709810256958,-1.9582343101501465
YPL074W,test,False,True,0.4232950508594513,0.2936814770102501,0.5413845181465149,0.2698354721069336,0.2227129340171814,0.5327356457710266,-0.09826118499040604,0.4683058559894562,0.29663363099098206,0.5047296285629272,0.5746896862983704,0.4897957146167755,0.4756806194782257,0.33918524980545045,0.4616847038269043,0.24348106980323792,0.3198511302471161,0.425935834646225,0.24497351050376892
YPL075W,test,True,True,0.5045831203460693,0.7856768369674683,1.3615881204605103,0.6118086576461792,0.833745539188385,1.1457219123840332,-0.024480044841766357,1.1348136901855468,1.426466941833496,0.9994385838508606,0.7868704199790955,1.5419219732284546,0.9193705320358276,0.7604626774787903,1.2282320261001587,0.6024536490440369,0.6734265089035034,0.7458956837654114,0.5523055195808411
YPL076W,test,True,False,-0.17950087785720825,-0.1844078615307808,-0.4317891001701355,-0.5858553051948547,0.10240673273801804,-0.07389812916517258,0.06709649413824081,-0.16073987372219561,-0.17196565866470337,-0.31028562784194946,-0.1821877360343933,-0.027835587039589882,-0.1114247590303421,-1.304115116596222,-1.4354501962661743,-1.6456146240234375,-1.5357297658920288,-1.271762490272522,-0.632018506526947
YPL077C,test,False,False,0.18729253113269806,-0.32645205557346346,-0.6366381645202637,-0.5300846695899963,-0.22012531757354736,0.21996213495731354,-0.46537426114082336,-0.16073987372219561,-0.17196565866470337,-0.31028562784194946,-0.1821877360343933,-0.027835587039589882,-0.1114247590303421,-1.5806591749191283,-1.845823884010315,-1.6606793403625488,-1.4123774766921997,-1.0824729204177856,-1.901942253112793
YPL078C,test,True,True,0.7563232183456421,0.7800477147102356,0.8392080068588257,0.5094203948974609,0.8987430930137634,0.9880388975143433,0.6648281812667847,1.266211986541748,0.9761953353881836,1.1412492990493774,1.562835931777954,1.2877110242843628,1.3630683422088623,0.7457982420921325,0.9649257659912109,0.6754250526428223,0.8984017968177795,0.516019880771637,0.6742187142372131
YPL079W,test,True,True,0.944275438785553,1.810024881362915,2.2574856281280518,1.9003801345825195,1.8984805345535278,1.8150054216384888,1.1787726879119873,1.5930001258850097,1.3351324796676636,1.786058783531189,1.849851369857788,1.7735844850540161,1.220373511314392,1.7939452886581422,1.5196069478988647,1.3020179271697998,2.7185399532318115,1.763010025024414,1.6665515899658203
YPL080C,test,False,False,-1.743299961090088,-1.3804043650627136,-1.2832202911376953,-1.8511021137237549,-1.4344172477722168,-0.9607478976249695,-1.3725342750549316,-0.16073987372219561,-0.17196565866470337,-0.31028562784194946,-0.1821877360343933,-0.027835587039589882,-0.1114247590303421,-2.0145102977752685,-1.8487461805343628,-2.1867990493774414,-1.9867570400238037,-1.9466935396194458,-2.103555679321289
YPL081W,test,True,True,1.3428423404693604,1.2689641952514648,1.4964320659637451,1.1925243139266968,1.3935494422912598,1.2523114681243896,1.010003685951233,1.5232567548751832,1.753868818283081,1.403033971786499,1.5486688613891602,1.7307301759719849,1.1799819469451904,1.346502161026001,1.2194026708602905,1.3262145519256592,1.7348321676254272,1.0821774005889893,1.3698840141296387
YPL082C,test,True,True,0.24733394384384155,0.6388812184333801,1.1119539737701416,-0.08682993054389954,0.7109275460243225,0.99198317527771,0.4663713276386261,0.604492312669754,0.523278534412384,0.7146525979042053,0.45494261384010315,0.6920070052146912,0.6375808119773865,0.4675363779067993,1.0948983430862427,-0.3122568726539612,0.7047930359840393,0.34235680103302,0.5078905820846558
YPL083C,test,True,False,-0.19070835411548615,-0.6665454626083374,-0.6490921974182129,-1.4126510620117188,-0.702202320098877,0.4090067744255066,-0.977788507938385,-0.16073987372219561,-0.17196565866470337,-0.31028562784194946,-0.1821877360343933,-0.027835587039589882,-0.1114247590303421,-0.997338080406189,-0.7176862359046936,-1.8701906204223633,-0.7728546857833862,-0.23246639966964722,-1.3934924602508545
YPL084W,test,True,True,0.4429449141025543,0.5736559361219407,0.7611200213432312,0.776194155216217,0.4937244951725006,0.7794480323791504,0.05779297649860382,0.8664366245269776,0.8931277394294739,1.1540263891220093,0.6999374032020569,0.7765662670135498,0.8085253238677979,0.7569517493247986,0.7094871401786804,0.7020689845085144,1.0689587593078613,0.7518004775047302,0.5524433851242065
YPL085W,test,True,True,0.7698162198066711,-0.16470996737480165,-0.10200101137161255,0.2223975956439972,-0.547136127948761,0.5317275524139404,-0.9285378456115723,0.40739353001117706,0.3186798691749573,0.7611646056175232,0.7468550205230713,-0.22490017116069794,0.4351683259010315,0.19578995406627656,0.2595745325088501,0.05735240876674652,0.49631279706954956,0.8053253293037415,-0.6396152973175049
YPL086C,test,True,True,-0.04331120476126671,-0.32339155822992327,-0.07620836049318314,-1.2182905673980713,-0.35959938168525696,0.253767192363739,-0.21662667393684387,-0.19689925909042358,-0.5032577514648438,-1.1564210653305054,0.7407944798469543,-0.21961113810539246,0.1539991796016693,-0.051411804556846616,0.459224134683609,-0.502643346786499,-0.615756094455719,0.24582332372665405,0.15629296004772186
YPL087W,test,True,True,-0.46923360228538513,-0.3230043530464172,-0.0669819712638855,-0.07251596450805664,-0.5369288921356201,-0.266946017742157,-0.6716489195823669,0.210442191362381,0.6892039775848389,0.161268413066864,-0.172933891415596,0.6183604598045349,-0.24368800222873688,-0.1830723762512207,-0.1317095160484314,-0.6001861691474915,-0.33179646730422974,0.45424455404281616,-0.3059142827987671
YPL088W,test,True,True,-0.4431624710559845,0.7364099308848381,1.0322636365890503,0.9733055233955383,0.41767218708992004,1.2204768657684326,0.03833144158124924,0.8468537271022797,0.8083093762397766,0.8586375117301941,0.47942987084388733,1.2455838918685913,0.842307984828949,0.7459746956825256,0.5892193913459778,0.6787850856781006,0.8376757502555847,1.0279608964920044,0.5962323546409607
YPL089C,test,False,True,1.0875581502914429,0.7955149292945862,0.6542225480079651,0.5832833647727966,0.9348260164260864,1.261869192123413,0.5433735251426697,0.7923062801361084,0.6284217834472656,1.1466425657272339,0.5637672543525696,1.0489996671676636,0.5737001299858093,0.6084048271179199,0.6435938477516174,0.494873583316803,0.7193508744239807,0.3526309132575989,0.8315749168395996
YPL090C,test,True,True,0.7115585803985596,1.5438195943832398,1.9113526344299316,1.3147563934326172,1.6022703647613525,1.4793363809585571,1.4113821983337402,1.504897165298462,1.5991675853729248,1.5658459663391113,1.3388034105300903,1.7434583902359009,1.2772104740142822,1.5903211116790772,1.4197793006896973,1.6868579387664795,2.1216230392456055,1.3086392879486084,1.4147059917449951
YPL091W,test,True,True,0.3799894154071808,0.2756041169166565,0.2689094543457031,0.09124994277954102,0.23120135068893433,0.45845460891723633,0.3282052278518677,0.37699695825576784,0.36267438530921936,0.4292486310005188,0.20677320659160614,0.639265775680542,0.24702279269695282,0.42176868915557864,0.35595405101776123,0.3917567729949951,0.47055304050445557,0.5323055982589722,0.358273983001709
YPL092W,test,False,True,-0.48408737778663635,0.08574051260948182,0.3834919035434723,0.19158531725406647,-0.19576822221279144,-0.2619308829307556,0.31132444739341736,0.4510386109352112,0.29851362109184265,0.8400877118110657,0.3631719946861267,0.48748818039894104,0.26593154668807983,0.5725949823856353,0.5914037227630615,0.44742295145988464,0.8639839291572571,0.4143190383911133,0.5458452701568604
YPL093W,test,True,True,0.5575481057167053,1.033058524131775,1.3068346977233887,1.0471136569976807,0.8493801355361938,1.1635479927062988,0.7984161376953125,1.4278684377670288,1.5276172161102295,1.6308645009994507,1.3775677680969238,1.4248987436294556,1.1783939599990845,0.8393494486808777,0.5982330441474915,1.0471413135528564,0.7436557412147522,0.7116789221763611,1.0960382223129272
YPL094C,test,True,True,1.2646327018737793,0.9038429260253906,1.2648489475250244,0.7004477381706238,0.7537956237792969,1.2882325649261475,0.5118897557258606,1.1859033942222594,1.3833918571472168,1.4667381048202515,0.7409436106681824,1.2815662622451782,1.0568771362304688,0.45621685683727264,0.5550660490989685,-0.0518081933259964,0.40872621536254883,0.47460103034973145,0.8944991827011108
YPL095C,test,False,True,0.1587328463792801,-0.4632212966680527,-0.3593841791152954,-1.153003454208374,-0.13028067350387573,-0.16776202619075775,-0.5056761503219604,-0.0826571375131607,-0.7788888216018677,-0.20081114768981934,-0.15583904087543488,0.4303387999534607,0.29191452264785767,-0.28325607925653457,-0.11148542910814285,-0.009649038314819336,-0.6925296187400818,-0.9047896265983582,0.30217331647872925
YPL096C-A,test,True,True,0.18820959329605103,0.23950109742581843,0.6069192290306091,0.05128690227866173,0.6759641766548157,-0.0134910698980093,-0.12317375093698502,0.5733446657657624,0.49147188663482666,0.4786430597305298,0.8361462950706482,0.4811522662639618,0.5793098211288452,-0.026569169759750367,-0.01647075265645981,-0.3911752998828888,0.13278359174728394,-0.08978509157896042,0.23180170357227325
YPL096W,test,False,True,0.6150674223899841,-0.10853089690208435,0.07951632142066956,-0.0724639892578125,0.506337583065033,-0.6837469935417175,-0.37229740619659424,0.3115336954593658,0.2718339264392853,0.14750900864601135,0.5514039397239685,0.3734642565250397,0.21345734596252441,-0.29420256316661836,-0.3868213891983032,-0.1606382429599762,0.3103497624397278,-1.0444213151931763,-0.18948163092136383
YPL097W,test,True,True,0.018811628222465515,0.12905269414186477,0.14745359122753143,0.0285717211663723,-0.03166593238711357,0.41868263483047485,0.08222145587205887,0.2872466787695885,0.2518748939037323,0.05822890251874924,0.2917797863483429,0.6059392094612122,0.22841060161590576,0.21578389406204224,0.08717754483222961,-0.12957647442817688,0.3477610945701599,0.47839730978012085,0.2951599955558777
YPL098C,test,True,True,0.5847654938697815,0.25229800269007685,0.8535136580467224,0.03646714612841606,-0.23113980889320374,0.5577724575996399,0.04487656056880951,0.48232515454292296,0.52256178855896,0.2902107238769531,0.43273767828941345,0.6579667329788208,0.5081488490104675,0.2283587459474802,0.025228478014469147,-0.025248205289244652,0.296874463558197,0.41391652822494507,0.4310224652290344
YPL099C,test,True,True,0.1635846197605133,-0.24408309608697892,-0.3242448568344116,-0.509674608707428,-0.23770771920681,-0.23401720821857452,0.08522891253232956,0.04187509641051292,0.19661468267440796,-0.4862796664237976,-0.011496562510728836,0.2972196638584137,0.2133173644542694,-0.07895646207034587,0.22975653409957886,-0.7327001690864563,-0.12821027636528015,0.027949640527367592,0.2084219604730606
YPL100W,test,True,True,-0.05708086118102074,0.06485489681363106,-0.00232701376080513,0.0019432827830314636,0.24869295954704285,0.47536706924438477,-0.39940181374549866,0.456967830657959,0.722588837146759,0.5571785569190979,0.439862996339798,0.28366339206695557,0.28154537081718445,0.13305496498942376,-0.020874857902526855,0.09165652096271515,0.2407761663198471,0.393325537443161,-0.03960854187607765
YPL101W,test,True,True,0.6967892646789551,-0.5274728536605835,-0.15855878591537476,-0.6317173838615417,-0.2918439507484436,-0.36172860860824585,-1.1935155391693115,-0.09005005136132241,-0.18819336593151093,0.11514440923929214,0.05895319581031799,-0.4722602069377899,0.03610571101307869,-0.2668298065662384,0.15766066312789917,-0.7026867270469666,-0.22227507829666138,-0.19548267126083374,-0.3713652193546295
YPL102C,test,False,False,-1.788711667060852,-0.7254370436072349,-1.1017742156982422,-1.5606880187988281,-0.10209609568119049,-0.10799995809793472,-0.7546269297599792,-0.16073987372219561,-0.17196565866470337,-0.31028562784194946,-0.1821877360343933,-0.027835587039589882,-0.1114247590303421,-1.80533287525177,-1.8022464513778687,-2.0819380283355713,-2.0610005855560303,-1.6488449573516846,-1.4326343536376953
YPL103C,test,True,True,-0.15722887217998505,-1.1828132688999176,-0.7192936539649963,-1.8240904808044434,-2.026358127593994,-0.13416191935539246,-1.2101621627807617,-0.9661514848470688,-1.5968400239944458,-0.9587366580963135,-1.6797734498977661,-0.22056947648525238,-0.37483781576156616,-0.5001363337039948,-0.48657476902008057,-0.7309146523475647,-1.4062330722808838,-0.3637688159942627,0.486809641122818
YPL104W,test,True,True,-0.2204323559999466,0.3919502094388008,0.6236560940742493,0.3536157011985779,0.4504863917827606,0.637345552444458,-0.10535269230604172,0.2778696447610855,0.37892892956733704,0.22180494666099548,0.17601583898067474,0.32022783160209656,0.29237067699432373,0.405879819393158,0.49752289056777954,0.4233749508857727,0.35408055782318115,0.46658557653427124,0.28783512115478516
YPL105C,test,True,True,0.8326849937438965,0.09712453708052635,0.2431195080280304,-0.02629837766289711,0.15878121554851532,0.3441248834133148,-0.23410454392433167,0.3072510540485382,0.2807070016860962,0.2561425566673279,0.11593416333198547,0.5268422365188599,0.35662931203842163,0.29090189933776855,0.3142969608306885,0.5102725625038147,0.08989232778549194,0.4164929986000061,0.12355464696884155
YPL106C,test,True,True,0.8416719436645508,1.4150500059127809,1.540478229522705,1.6039848327636719,1.373880386352539,1.5241858959197998,1.032720685005188,1.6659131050109863,1.9328584671020508,1.8361107110977173,1.523465633392334,1.8721922636032104,1.1649384498596191,1.2811862468719482,1.0064998865127563,1.6305773258209229,1.7045581340789795,1.0013117790222168,1.0629841089248657
YPL107W,test,False,True,0.6193531155586243,0.3153255835175514,0.4059962332248688,0.1332128942012787,0.32307910919189453,0.6922231912612915,0.022116489708423615,0.73086998462677,0.7546951174736023,0.6848517656326294,0.7247130870819092,0.7004615068435669,0.7896284461021423,0.28799366354942324,0.192842036485672,0.12860214710235596,0.25017961859703064,0.4462186098098755,0.422125905752182
YPL108W,test,True,True,0.43629565834999084,-0.11019062455743552,-0.49045658111572266,-0.18617071211338043,0.014391195960342884,0.3246173560619354,-0.21333438158035278,-0.11774489097297192,-0.3281523883342743,-0.3142435550689697,0.06319912523031235,-0.006954731419682503,-0.002572905272245407,-1.1554973661899566,-1.5093669891357422,-1.316957950592041,-0.3691498339176178,-1.173303484916687,-1.4087085723876953
YPL109C,test,True,True,-0.31263601779937744,0.7716603338718414,0.7564769387245178,0.9162437319755554,0.9308818578720093,0.9419595003128052,0.31273964047431946,0.8171506285667419,0.7443997263908386,0.9200584292411804,0.8512135148048401,0.9512766599655151,0.6188048124313354,0.3724474314600229,0.37840065360069275,0.26410171389579773,0.7400199770927429,0.030700476840138435,0.4490143358707428
YPL110C,test,True,True,-0.2312125563621521,0.7967119336128234,0.5899036526679993,0.9474434852600098,0.8666850328445435,0.8223183155059814,0.7572091817855835,0.4512877121567726,0.21438029408454895,-0.12299149483442307,0.23683306574821472,0.8833775520324707,1.0448391437530518,0.7496948122978211,0.6557655930519104,1.0215964317321777,0.6434374451637268,1.091070294380188,0.3366042971611023
YPL111W,test,True,True,0.593483030796051,0.7450314104557038,0.37266042828559875,0.7934829592704773,0.9906556010246277,1.003635048866272,0.564723014831543,0.9570966720581054,0.38836318254470825,0.8064080476760864,0.9588211178779602,1.5550196170806885,1.076871395111084,0.8404686331748963,1.2210336923599243,1.1008336544036865,0.4939040243625641,0.9086886048316956,0.4778831899166107
YPL112C,test,True,True,0.16605940461158752,-0.507782056927681,-0.1548612117767334,-0.41485166549682617,-0.15244419872760773,-1.1043872833251953,-0.7123659253120422,-0.16947191953659058,-0.13431105017662048,-0.42880070209503174,-0.21461758017539978,0.21142494678497314,-0.281055212020874,-0.4817351490259171,-0.5692751407623291,-0.9893898963928223,-0.10375435650348663,-0.35399070382118225,-0.392265647649765
YPL113C,test,True,True,-0.7901331186294556,-1.3320712387561797,-0.6688557267189026,-1.9387397766113281,-1.564589023590088,-0.3947196900844574,-2.093451976776123,-1.3517730474472045,-1.719871997833252,-2.1357173919677734,-0.47239553928375244,-1.0910232067108154,-1.3398571014404297,-0.8615794271230698,-0.5971658825874329,-2.1790871620178223,-1.4876289367675781,0.17755436897277832,-0.22156952321529388
YPL114W,test,False,False,-0.08621756732463837,-0.674820164963603,-0.715691328048706,-1.0323280096054077,-0.7448574900627136,0.00024489499628543854,-0.8814688920974731,-0.16073987372219561,-0.17196565866470337,-0.31028562784194946,-0.1821877360343933,-0.027835587039589882,-0.1114247590303421,-1.7218944072723388,-1.862878441810608,-2.084395408630371,-1.712283730506897,-1.3451396226882935,-1.604774832725525
YPL115C,test,True,True,0.3253485858440399,0.06477335356175899,-0.003674367442727089,0.19817602634429932,-0.114064522087574,0.4712550640106201,-0.22782543301582336,0.42808282673358916,0.5410775542259216,0.4353303015232086,0.431432843208313,0.49951785802841187,0.23305557668209076,0.27684883698821067,0.3387860059738159,-0.0019470639526844025,0.027635395526885986,0.7974730134010315,0.2222968339920044
YPL116W,test,True,True,0.35358574986457825,0.43498618602752687,0.4660516381263733,0.23176705837249756,0.9300405979156494,0.6834087371826172,-0.13633710145950317,0.6735200762748719,0.6937587857246399,0.48188507556915283,0.5677730441093445,1.0825214385986328,0.5416620373725891,0.6066514015197754,0.5039883852005005,0.4918819069862366,1.0619810819625854,0.3916308283805847,0.5837748050689697
YPL117C,test,True,True,1.147070050239563,0.4419723182916641,0.3674214482307434,0.19400346279144287,0.2285965532064438,0.9717335104942322,0.4481066167354584,0.5582061350345612,0.612146258354187,0.5498767495155334,0.11867532134056091,1.1216228008270264,0.38870954513549805,0.5836090922355652,0.4611681401729584,0.6894354820251465,1.0169492959976196,0.21981379389762878,0.5306787490844727
YPL118W,test,True,True,0.5812715291976929,0.7094862639904023,0.6608542203903198,0.8802756667137146,0.6208615303039551,0.905169665813446,0.48027023673057556,0.8668121218681335,0.6647847294807434,0.8981130719184875,0.9688714146614075,0.8853815793991089,0.9169098138809204,0.7267729878425598,0.8960519433021545,0.8841318488121033,0.3811660408973694,1.0070269107818604,0.4654881954193115
YPL119C,test,True,True,-0.09925474971532822,-0.02039334625005722,0.47659438848495483,0.5867201089859009,-0.0822203978896141,-0.8550599813461304,-0.22800084948539734,0.17347264662384987,0.02478037402033806,0.08689399808645248,0.3685795068740845,-0.24374882876873016,0.6308581829071045,0.4485513776540756,0.7415043711662292,0.6647671461105347,0.3901705741882324,0.6942598819732666,-0.24794508516788483
YPL119C-A,test,True,False,0.06473258137702942,-0.024154019355773926,-0.6392392516136169,-0.14404211938381195,0.13910557329654694,0.3935427665710449,0.1298629343509674,-0.16073987372219561,-0.17196565866470337,-0.31028562784194946,-0.1821877360343933,-0.027835587039589882,-0.1114247590303421,-1.4912395238876344,-2.0085978507995605,-1.7616872787475586,-1.38614022731781,-1.2826334238052368,-1.0171388387680054
YPL120W,test,True,True,0.013682639226317406,-0.10752538219094276,0.381979763507843,-0.38636094331741333,-0.05221593752503395,-0.41770657896995544,-0.06332321465015411,0.37453971058130264,0.3352721631526947,-0.09778090566396713,0.6773224472999573,0.4529399275779724,0.504944920539856,0.41767117381095886,0.3868517577648163,0.6592563986778259,0.28158897161483765,0.2861071228981018,0.47455161809921265
YPL121C,test,True,True,-1.9582537412643433,-0.6337807416915894,-0.9475403428077698,-0.6260961890220642,-0.6073537468910217,-0.2709074020385742,-0.7170060276985168,-0.3256250560283661,-0.6285274028778076,-1.0966193675994873,-0.31750187277793884,0.246672585606575,0.1678507775068283,-0.15315557196736335,0.13315922021865845,-0.006589151918888092,-0.631045937538147,-0.22254836559295654,-0.03875362500548363
YPL122C,test,True,True,-0.0598028264939785,0.22593377232551576,0.08110836148262024,0.3670966625213623,0.2986239492893219,0.27562183141708374,0.10721805691719055,0.5196342468261719,0.7694817781448364,0.5001514554023743,0.5536884069442749,0.41740089654922485,0.3574486970901489,0.24044502191245556,0.43271327018737793,0.18977540731430054,0.4116896390914917,0.01153109036386013,0.1565157026052475
YPL123C,test,True,True,-0.2979809641838074,-0.35052483081817626,-0.5062006115913391,-0.1789415180683136,-0.09779609739780426,-0.24540479481220245,-0.7242811322212219,-0.522053999081254,-1.1750521659851074,-0.3018741011619568,-0.5443946123123169,0.010126916691660881,-0.5990760326385498,-0.11338610202074051,0.08288677781820297,-0.5825081467628479,0.17169250547885895,0.18604691326618195,-0.4250485599040985
YPL124W,test,True,True,0.1847049444913864,0.20814560428261758,0.3386998772621155,-0.012090351432561874,0.21221314370632172,0.7206928730010986,-0.2187875211238861,0.5091520965099334,0.46706727147102356,0.6361749172210693,0.27069491147994995,0.7299048900604248,0.4419184923171997,0.3918198734521866,0.6645612716674805,-0.011927857995033264,0.6939064860343933,0.35415464639663696,0.25840482115745544
YPL125W,test,True,True,0.05307263135910034,0.4782415509223938,0.3131943941116333,0.5234768986701965,0.4732697308063507,0.7645930647850037,0.3166736662387848,0.6184826493263245,0.6356590390205383,0.6470880508422852,0.4338389039039612,0.8583954572677612,0.5174317955970764,0.3541527181863785,0.2770431637763977,0.24213838577270508,0.6598338484764099,0.1685367375612259,0.4232114553451538
YPL126W,test,True,True,0.5156444311141968,0.1276436150074005,0.5738837122917175,-0.6422247290611267,0.521346390247345,0.5666511058807373,-0.38143840432167053,1.1705458879470825,0.9414684772491455,1.43411123752594,1.0833992958068848,1.2147302627563477,1.1790201663970947,0.19739401787519456,0.049954600632190704,0.2926662862300873,0.16417846083641052,-0.21245186030864716,0.6926226019859314
YPL127C,test,True,True,1.008694052696228,1.1311951160430909,1.1963064670562744,1.0097872018814087,1.2589335441589355,1.4667298793792725,0.724218487739563,1.2942039728164674,1.0500396490097046,1.715431571006775,1.2018685340881348,1.555899739265442,0.9477803707122803,0.8379832029342651,0.9251356720924377,0.8188862204551697,1.1310851573944092,0.3782691955566406,0.9365397691726685
YPL128C,test,False,True,0.7899628281593323,-0.37581421732902526,-0.7412006258964539,-0.37657430768013,-0.3887937068939209,0.193669855594635,-0.5661723017692566,-0.034755774587392804,-0.15418490767478943,-0.24962836503982544,0.09009337425231934,0.1908448487520218,-0.05090382322669029,-0.2631955511868,-0.6821585297584534,0.1777966022491455,-0.07590660452842712,-0.7785123586654663,0.04280313476920128
YPL129W,test,True,True,0.8674384951591492,-0.23238732665777206,-0.5002332925796509,-0.6185447573661804,0.09081316739320755,-0.1339954286813736,2.3677945137023926e-05,-0.2255341351032257,0.006905596703290939,-0.21585798263549805,-0.5582998394966125,-0.36714550852775574,0.006727058440446854,-0.11217649802565574,-0.5413016080856323,-0.5930987000465393,0.10160644352436066,0.4862603545188904,-0.014348980039358139
YPL130W,test,True,False,-2.0108630657196045,-0.22595798671245576,-0.45214539766311646,-0.49591541290283203,-0.20534230768680573,0.3060656785964966,-0.2824524939060211,-0.16073987372219561,-0.17196565866470337,-0.31028562784194946,-0.1821877360343933,-0.027835587039589882,-0.1114247590303421,-0.18305059969425203,0.01336883008480072,-0.5144197940826416,-0.5062383413314819,0.2683958113193512,-0.17635950446128845
YPL131W,test,True,True,1.9952294826507568,1.6080671310424806,2.09983491897583,1.5601115226745605,1.419621467590332,1.729067087173462,1.2317006587982178,1.650587511062622,1.8969844579696655,1.6778743267059326,1.998100996017456,1.4875197410583496,1.1924580335617065,1.6225633859634399,1.6807671785354614,1.5799860954284668,1.8804984092712402,1.547406554222107,1.4241586923599243
YPL132W,test,True,True,0.24334904551506042,0.15048920810222627,0.28095170855522156,0.18843412399291992,0.2542206048965454,0.15862710773944855,-0.12978750467300415,0.4573195517063141,0.6091083288192749,0.2582191228866577,0.5483641028404236,0.42094191908836365,0.4499642848968506,0.18394614905118942,0.5904980301856995,-0.30066782236099243,0.332261860370636,0.10433349758386612,0.19330517947673798
YPL133C,test,False,True,0.16250088810920715,0.17182357609272003,0.14449207484722137,0.5424745678901672,0.07417348027229309,0.4766405522823334,-0.3786627948284149,0.6632891416549682,0.6385928988456726,0.7264673709869385,0.6675683856010437,0.6711673736572266,0.61264967918396,0.12420797497034072,0.16438886523246765,0.03032294660806656,0.4625973701477051,-0.24689969420433044,0.2106303870677948
YPL134C,test,True,True,-0.4758460819721222,0.2796374261379242,0.4419730007648468,0.3560006618499756,0.320060670375824,0.42820867896080017,-0.14805588126182556,0.6377026438713074,0.46010977029800415,0.8744783997535706,0.6226666569709778,0.6077117919921875,0.6235466003417969,0.07313884645700455,0.3232686519622803,-0.02663395181298256,-0.09492227435112,0.15884529054164886,0.005136515945196152
YPL135C-A,test,False,False,-1.6145896911621094,-0.13286817073822021,-0.07254951447248459,-0.6104050874710083,-0.2720298767089844,0.3058710992336273,-0.01522747427225113,-0.16073987372219561,-0.17196565866470337,-0.31028562784194946,-0.1821877360343933,-0.027835587039589882,-0.1114247590303421,-1.5991235256195069,-1.62509286403656,-1.6028037071228027,-1.861450433731079,-1.811739444732666,-1.0945311784744263
YPL135W,test,True,True,1.5780569314956665,1.0688386380672454,1.1003972291946411,1.1910456418991089,1.217491626739502,1.4664939641952515,0.368764728307724,1.139949584007263,0.6712055206298828,1.3678995370864868,1.0770013332366943,1.5396018028259277,1.0440397262573242,1.0499001383781432,1.3011622428894043,0.9698335528373718,1.2694098949432373,0.8523117303848267,0.8567832708358765
YPL136W,test,False,False,-1.7114633321762085,-0.28305555507540703,-0.012258317321538925,-0.9179386496543884,-0.16107602417469025,0.2334938496351242,-0.5574986338615417,-0.16073987372219561,-0.17196565866470337,-0.31028562784194946,-0.1821877360343933,-0.027835587039589882,-0.1114247590303421,-1.5278867721557616,-1.1568284034729004,-1.512092113494873,-1.5937645435333252,-1.3709840774536133,-2.0057647228240967
YPL137C,test,True,True,0.3376087248325348,0.8700978279113769,0.5963417887687683,1.0521517992019653,0.7022703289985657,1.405331015586853,0.5943942070007324,0.8288006663322449,0.5630180835723877,0.6136846542358398,0.7035722136497498,1.4243277311325073,0.8394006490707397,0.6525161504745484,0.7615483403205872,0.6409851312637329,0.6420432925224304,0.7143859267234802,0.503618061542511
YPL138C,test,True,True,0.6010935306549072,0.386819888651371,0.16698332130908966,0.4132956266403198,0.5329893827438354,0.8535548448562622,-0.03272373229265213,0.5719715833663941,0.43876808881759644,0.6049668788909912,0.6122152209281921,0.6832096576690674,0.520698070526123,0.4666323721408844,0.31963294744491577,0.21839311718940735,0.5420322418212891,0.8033533692359924,0.4497501850128174
YPL139C,test,False,True,0.19802220165729523,0.17457356192171575,0.5984446406364441,0.19731301069259644,-0.08495382964611053,-0.012005893513560295,0.17406988143920898,0.5400210678577423,0.525314211845398,0.5305650234222412,0.4784676730632782,0.5962495803833008,0.5695088505744934,0.12352868393063546,0.19668561220169067,-0.30663272738456726,-0.009213265031576157,0.25865525007247925,0.47814854979515076
YPL140C,test,True,True,-0.40122169256210327,-0.14214219748973847,0.12826865911483765,-0.26991361379623413,0.09930022805929184,-0.08008415251970291,-0.5882821083068848,0.24047741889953614,0.20229706168174744,0.17054185271263123,0.10692566633224487,0.45027855038642883,0.2723439633846283,-0.021969760954380035,0.21076929569244385,-0.5578953623771667,0.2658306658267975,0.0573057159781456,-0.08585911989212036
YPL141C,test,True,True,0.7685623168945312,0.4075849041342735,0.5986863374710083,0.8154289126396179,0.6318274736404419,0.06667829304933548,-0.07469649612903595,0.8099405884742736,0.844733715057373,0.6603565812110901,0.9897746443748474,0.8489075899124146,0.7059304118156433,0.9181167364120484,0.993600070476532,1.4851937294006348,0.8584168553352356,0.6934128403663635,0.5599601864814758
YPL142C,test,False,False,-1.6636155843734741,-0.7253713473677635,-0.42064112424850464,-0.5035538673400879,-1.2173495292663574,-0.0969850942492485,-1.3883271217346191,-0.16073987372219561,-0.17196565866470337,-0.31028562784194946,-0.1821877360343933,-0.027835587039589882,-0.1114247590303421,-1.253099513053894,-0.6778110265731812,-1.1043064594268799,-1.7537596225738525,-1.1172763109207153,-1.6123441457748413
YPL143W,test,True,True,1.8120685815811157,1.6328371524810792,1.4050700664520264,2.0989980697631836,1.6036630868911743,1.8400294780731201,1.2164250612258911,1.7158771753311157,1.7607964277267456,1.80276620388031,1.9451016187667847,1.826659917831421,1.2440617084503174,1.7439133644104003,1.3938084840774536,1.667494773864746,2.5528769493103027,1.4829047918319702,1.6224818229675293
YPL144W,test,True,True,0.2598264217376709,0.6274275600910186,0.6002447009086609,0.512549877166748,0.5666926503181458,1.145105004310608,0.3125455677509308,1.0398783802986145,0.721673309803009,0.9627556204795837,0.9128368496894836,1.6355797052383423,0.9665464162826538,0.6065516173839569,0.41028812527656555,0.722393810749054,0.8486564755439758,0.1950780749320984,0.8563416004180908
YPL145C,test,True,True,0.7543174624443054,0.791614317893982,0.4950518012046814,0.6832529902458191,0.8021054863929749,1.2402589321136475,0.7374023795127869,0.4368803046643734,-0.03671510890126228,0.4524582028388977,0.11173680424690247,0.975261926651001,0.6816596984863281,0.6840454757213592,0.8108757138252258,0.9457055926322937,0.7339305877685547,0.3361683785915375,0.5935471057891846
YPL146C,test,True,True,0.39745062589645386,0.8149176716804505,0.99285489320755,0.7772210240364075,0.9783321022987366,1.017358422279358,0.3088219165802002,1.3808562517166139,1.1193119287490845,1.7092968225479126,1.4960418939590454,1.2535675764083862,1.3260630369186401,0.908327054977417,0.854954183101654,0.6162269115447998,1.3127349615097046,0.6763489842414856,1.081370234489441
YPL147W,test,True,True,-1.0838658809661865,-0.09967222511768341,-0.08560232073068619,-0.045180801302194595,0.0440441332757473,0.2900623381137848,-0.7016844749450684,0.11315566524863244,-0.180953711271286,0.2937701344490051,0.014166291803121567,0.32108160853385925,0.11771400272846222,0.15677632316946982,0.2095334231853485,0.22646015882492065,0.22987236082553864,0.17285335063934326,-0.054837677627801895
YPL148C,test,False,True,-0.5156540274620056,-0.9931699991226196,-0.5248317718505859,-0.8382646441459656,-0.6819186806678772,-1.3815559148788452,-1.5392789840698242,-0.5105153322219849,-0.7307015061378479,-0.8528503775596619,-0.355444997549057,-0.18516245484352112,-0.4284173250198364,-0.3859304904937744,-0.25634661316871643,-0.16209924221038818,-0.31635457277297974,-0.14810338616371155,-1.0467486381530762
YPL149W,test,True,True,-0.4332329034805298,0.10264998078346252,-0.07415014505386353,-0.22042635083198547,0.2561856806278229,0.6787137985229492,-0.12707307934761047,0.37246552407741546,0.07649220526218414,0.34901684522628784,0.3283723294734955,0.7241823673248291,0.38426387310028076,0.3446494102478027,0.41394299268722534,0.12589490413665771,0.4952997863292694,0.5942030549049377,0.09390631318092346
YPL150W,test,True,True,-0.015933148562908173,0.24423967599868773,0.8855893015861511,0.19811810553073883,0.13121120631694794,0.0511799082159996,-0.04490014165639877,0.48783969283103945,0.45003774762153625,0.5511093139648438,0.15529438853263855,0.931501030921936,0.35125598311424255,0.39588015973567964,0.34926462173461914,0.2875487804412842,0.6047667860984802,0.5008612871170044,0.2369593232870102
YPL151C,test,True,True,0.3036803603172302,0.604995596408844,0.6838642954826355,0.5721673369407654,0.6785708665847778,0.7851319313049316,0.3052435517311096,0.794770085811615,0.48044371604919434,0.8937352299690247,0.8197392821311951,1.059902310371399,0.720029890537262,0.8721042275428772,1.0049434900283813,1.1197826862335205,0.6470293402671814,0.947404682636261,0.6413609385490417
YPL152W,test,True,True,-0.22517350316047668,0.4602338135242462,0.25049254298210144,0.4276234209537506,0.6661331057548523,0.645298957824707,0.3116210401058197,0.603042733669281,0.3582313060760498,0.8796551823616028,0.740359365940094,0.4890122413635254,0.5479555726051331,0.21988174691796303,-0.27299922704696655,0.3925288915634155,0.5744039416313171,0.3762521743774414,0.02922295406460762
YPL152W-A,test,True,True,-0.2100379914045334,-0.2147773563861847,-0.06261343508958817,-0.7314325571060181,-0.16547630727291107,0.11288594454526901,-0.22725042700767517,-0.0024139150977134705,-0.15065200626850128,-0.015968553721904755,-0.4029267728328705,0.3534558415412903,0.20402191579341888,-0.41897297501564024,-0.8649568557739258,-0.12138022482395172,-0.5710586905479431,-0.44151273369789124,-0.09595637023448944
YPL153C,test,True,True,0.2229231595993042,0.15393657982349396,0.6180682182312012,-0.42360150814056396,-0.09884719550609589,0.43166208267211914,0.24240130186080933,0.5213436335325241,0.3351203203201294,0.7746642231941223,0.16408245265483856,0.8694983720779419,0.4633527994155884,-0.03074857294559479,-0.37679746747016907,0.5092670321464539,-0.11155802011489868,-0.3207099735736847,0.14605556428432465
YPL154C,test,True,True,0.9916560053825378,0.6181959308683872,0.5613510012626648,0.05411391332745552,1.0002628564834595,1.060715675354004,0.4145362079143524,0.5851218104362488,0.44485777616500854,0.5575689077377319,0.6105995178222656,0.625569224357605,0.6870136260986328,0.46248579621315,0.6745054125785828,-0.1512015163898468,0.885031521320343,0.17891079187393188,0.7251827716827393
YPL155C,test,True,True,0.2428298443555832,0.14335357546806335,0.6964216828346252,-0.08116275072097778,0.5413100719451904,-0.2772120237350464,-0.16258910298347473,0.79266357421875,0.6547472476959229,0.7700574398040771,1.021550178527832,0.6227922439575195,0.8941707611083984,0.4351119637489319,0.7080451846122742,0.22677794098854065,0.6571578979492188,0.21694883704185486,0.366629958152771
YPL156C,test,False,True,0.2933078110218048,1.1687575221061706,0.9903011918067932,1.1800483465194702,1.30953049659729,1.4426188468933105,0.9212887287139893,1.12958105802536,1.0931282043457031,1.282498836517334,0.8905267119407654,1.4872374534606934,0.8945140838623047,0.751690250635147,0.9873325228691101,0.20944002270698547,0.8229963183403015,1.2753249406814575,0.46335744857788086
YPL157W,test,True,True,0.5501776337623596,0.5211402654647828,0.24356910586357117,0.5659508109092712,0.45252755284309387,0.9358237385749817,0.4078301191329956,0.786159086227417,0.8378781676292419,0.7635902166366577,0.9876776337623596,0.6830655932426453,0.6585838198661804,0.6644678354263306,0.728085458278656,0.472539484500885,0.6207824945449829,0.9420673847198486,0.5588643550872803
YPL158C,test,True,True,0.6927918791770935,0.7874053537845611,0.7375009655952454,0.9672277569770813,1.3810958862304688,0.4339013695716858,0.4173007905483246,0.6341154932975769,0.4249665141105652,0.51666659116745,0.8335514664649963,0.719813346862793,0.6755795478820801,0.951427698135376,1.2039241790771484,1.3157339096069336,1.1976089477539062,0.49638432264328003,0.5434871315956116
YPL159C,test,True,True,0.7934060096740723,0.5037200391292572,0.6320356726646423,0.23239439725875854,0.630116879940033,0.7629188299179077,0.26113441586494446,0.6706726551055908,0.46642595529556274,0.5240032076835632,0.9065630435943604,0.8441064357757568,0.6122646331787109,0.638055807352066,0.6113114953041077,0.880500853061676,0.885313093662262,0.5374690890312195,0.27568450570106506
YPL160W,test,True,True,0.6280964016914368,0.862173992395401,0.9526699185371399,0.4450889527797699,0.9087194800376892,1.1498942375183105,0.8544973731040955,0.8215332984924316,0.647892951965332,0.4393065571784973,1.1494091749191284,0.890231728553772,0.9808260798454285,0.7930206537246705,0.6601980328559875,1.1632611751556396,0.8151671290397644,0.6471949815750122,0.6792819499969482
YPL161C,test,True,True,-0.017229892313480377,-0.33180944323539735,-0.72745281457901,-0.336405873298645,-0.6300732493400574,-0.46668705344200134,0.501571774482727,0.17271915227174758,0.21306592226028442,0.11230424791574478,-0.4282073974609375,0.3270376920700073,0.6393952965736389,-0.3875266745686531,-0.09238208085298538,-0.5966596007347107,-1.70438551902771,0.5332682728767395,-0.077474445104599
YPL162C,test,True,True,-0.17250166833400726,0.43427678346633913,0.4756773114204407,0.6647582650184631,0.08174252510070801,0.811683177947998,0.1375226378440857,0.6449747443199157,0.5150260329246521,0.9031998515129089,0.5049949884414673,0.7771037817001343,0.5245490670204163,0.4259543836116791,0.2500537633895874,0.7013822197914124,0.5589619278907776,0.13856840133666992,0.4808056056499481
YPL163C,test,True,True,1.7775182723999023,0.18814658522605895,0.41002047061920166,-0.37855368852615356,0.25654587149620056,0.7813583612442017,-0.12863808870315552,0.6689238727092743,0.48313039541244507,1.1002975702285767,0.6489620804786682,0.6730580925941467,0.4391712248325348,0.17066409885883332,0.3649446666240692,-0.08656077086925507,0.6246642470359802,-0.3126180171966553,0.26289036870002747
YPL164C,test,False,True,-0.5420495867729187,0.07323036268353462,0.25059959292411804,-0.28670141100883484,-0.036635663360357285,0.45368462800979614,-0.01479533314704895,0.6599936664104462,0.44551095366477966,1.039188265800476,0.6650727391242981,0.6757680773735046,0.47442829608917236,-0.00911954939365387,0.27409085631370544,-0.11893871426582336,-0.1411195546388626,-0.22499293088912964,0.16536259651184082
YPL165C,test,False,True,-1.8593722581863403,0.11108120381832123,0.22423607110977173,0.08219191431999207,0.17406527698040009,0.34992706775665283,-0.27501431107521057,0.6304893016815185,0.6428486704826355,0.5073482394218445,0.5804521441459656,0.655082643032074,0.7667148113250732,0.20970420278608798,0.01580970734357834,0.4179304242134094,0.4233977198600769,-0.029171159490942955,0.22055432200431824
YPL166W,test,True,True,-0.25368955731391907,0.007410023361444473,-0.035720471292734146,-0.4820599853992462,0.24254725873470306,0.2792136073112488,0.033069707453250885,0.408798485994339,0.6486375331878662,0.32665714621543884,0.4358545243740082,0.27115365862846375,0.36168956756591797,0.2045876145362854,0.3912559747695923,0.09953781962394714,0.5291849374771118,0.35005930066108704,-0.3470999598503113
YPL167C,test,True,True,-0.621340811252594,0.4128334030508995,0.5746145844459534,0.12182322144508362,0.7156054377555847,0.6173586845397949,0.0347650870680809,0.546303129196167,0.6045786142349243,0.5967788100242615,0.39192479848861694,0.45153671503067017,0.6866967082023621,0.601037660241127,1.1483780145645142,0.5330905318260193,0.6263467073440552,0.5489234924316406,0.14844955503940582
YPL168W,test,True,True,-0.23750075697898865,0.604402232170105,0.4844975471496582,0.6356825828552246,0.8985772132873535,0.8046124577522278,0.1986413598060608,0.678336626291275,0.8343234062194824,0.43982991576194763,0.7297269701957703,0.8351335525512695,0.5526692867279053,0.6866516768932343,0.8102964758872986,0.6487264633178711,0.9400296807289124,0.6324895620346069,0.4017162024974823
YPL169C,test,True,True,0.8518549799919128,0.878033459186554,1.134056568145752,0.8608941435813904,0.8844649195671082,1.3333330154418945,0.17741864919662476,0.9220106124877929,0.9833931922912598,1.0393012762069702,0.9428860545158386,0.9772776961326599,0.6671948432922363,0.595757132768631,0.15732818841934204,0.5022627711296082,1.3689631223678589,0.5762124061584473,0.37401917576789856
YPL170W,test,True,True,1.3789103031158447,0.6475066304206848,0.5674413442611694,0.30464351177215576,0.8334440588951111,0.9378557205200195,0.5941485166549683,0.7549795627593994,0.5832525491714478,0.689750611782074,0.5448516011238098,1.33311128616333,0.6239317655563354,0.4560533583164215,0.4197472333908081,0.469441294670105,0.5972071886062622,0.27726510167121887,0.5166059732437134
YPL171C,test,True,True,0.24691660702228546,-1.3792009472846984,-1.5337111949920654,-1.4622546434402466,-0.8345922827720642,-1.8663867712020874,-1.1990598440170288,-0.12703774720430375,-0.5896639227867126,0.04596312344074249,-0.3690080940723419,0.11896886676549911,0.15855129063129425,-0.8832765102386475,-1.471950888633728,-0.5560950636863708,-1.0018072128295898,-0.6694933772087097,-0.7170360088348389
YPL172C,test,False,True,0.0734589695930481,0.04311558529734612,0.1404179334640503,0.034941043704748154,0.035756975412368774,0.42113757133483887,-0.4166755974292755,0.31706338226795194,0.08956578373908997,0.5000048279762268,0.0986088365316391,0.6004342436790466,0.2967032194137573,0.09030661582946778,0.41020143032073975,0.26180577278137207,-0.21405011415481567,-0.10609325766563416,0.09966924786567688
YPL173W,test,False,True,0.6190406084060669,0.27759769558906555,0.6998146176338196,0.31607872247695923,0.15582090616226196,0.5497305393218994,-0.3334563076496124,0.4835123479366302,0.4265795052051544,0.5374999642372131,0.5572044253349304,0.5635480880737305,0.3327297568321228,0.15271327793598174,0.35565394163131714,0.06322933733463287,0.2830926775932312,-0.14801526069641113,0.20960569381713867
YPL174C,test,True,True,0.06769438087940216,0.11660109460353851,-0.10558438301086426,0.1498977541923523,0.13513457775115967,0.39153486490249634,0.012022659182548523,0.19378975480794908,0.18821877241134644,0.0765308365225792,0.20880062878131866,0.2875310182571411,0.20786751806735992,-0.2850382387638092,-0.22220459580421448,-0.4255508780479431,-0.3537587523460388,-0.5192015171051025,0.09552454948425293
YPL175W,test,False,True,-0.229758158326149,0.04717112481594086,0.16807426512241364,-0.23060280084609985,0.07178441435098648,0.26490098237991333,-0.03830123692750931,0.42712636590003966,0.24375414848327637,0.48637115955352783,0.45111238956451416,0.5526609420776367,0.4017331898212433,0.055076520144939425,-0.17919394373893738,-0.020146749913692474,0.10192176699638367,0.21128302812576294,0.16151849925518036
YPL176C,test,True,True,0.327340692281723,0.060894948244094846,0.19038528203964233,-0.21727633476257324,0.3773845434188843,0.2800307273864746,-0.32604947686195374,0.28858751356601714,0.17073401808738708,0.22489041090011597,0.3073700964450836,0.553758978843689,0.18618406355381012,0.24616456106305123,0.19367530941963196,-0.021298464387655258,0.7547037601470947,0.16218653321266174,0.14155566692352295
YPL177C,test,True,True,0.5395194888114929,-0.3155941620469093,0.4734121561050415,-0.9085440635681152,0.11853312700986862,-0.4757572412490845,-0.7856147885322571,0.46794308722019196,0.8328035473823547,0.5169869661331177,0.22919417917728424,0.3968563973903656,0.3638743460178375,0.10240290723741055,0.6145704388618469,0.08685038983821869,-0.3412467837333679,-0.011662440374493599,0.16350293159484863
YPL178W,test,True,True,0.49650946259498596,0.3353481262922287,0.4912644028663635,0.1724695861339569,0.4465998113155365,0.5942872166633606,-0.027880385518074036,0.8222014665603637,0.6918848156929016,1.1018390655517578,0.8284001350402832,0.8404922485351562,0.64839106798172,0.5988081634044647,0.8744145035743713,0.3240160346031189,0.6156873106956482,0.8695924878120422,0.31033048033714294
YPL179W,test,True,True,0.779563844203949,0.7371581315994262,0.6098312139511108,0.4138057827949524,0.8387102484703064,1.4594271183013916,0.3640162944793701,0.9511851310729981,1.2725692987442017,0.5879916548728943,0.6804410815238953,1.4805834293365479,0.7343401908874512,0.8673274517059326,0.6074903607368469,0.4169715642929077,1.3113057613372803,1.1558239459991455,0.8450456261634827
YPL180W,test,True,True,0.28163379430770874,0.5972212195396424,0.9083163738250732,0.19276228547096252,0.7080953121185303,0.9403531551361084,0.23657897114753723,0.8634868621826172,0.7691757678985596,0.9217725396156311,0.8588870167732239,1.0319682359695435,0.7356307506561279,0.3891375184059143,0.3891866207122803,0.32137349247932434,0.5572910904884338,0.3896099328994751,0.288226455450058
YPL181W,test,True,True,0.8998109102249146,0.5567802667617798,0.6845927834510803,0.5225865244865417,0.6974102854728699,0.319491982460022,0.559819757938385,0.7853871345520019,0.5942150950431824,0.9358661770820618,0.9772383570671082,0.9075841307640076,0.5120319128036499,0.6541061758995056,0.5868855118751526,0.5479766726493835,0.8278467059135437,0.7649419903755188,0.5428799986839294
YPL182C,test,False,False,-1.896862506866455,-0.7033479779958725,-1.5200977325439453,-0.9543102383613586,-0.3871472477912903,-0.13457684218883514,-0.5206078290939331,-0.16073987372219561,-0.17196565866470337,-0.31028562784194946,-0.1821877360343933,-0.027835587039589882,-0.1114247590303421,-1.9026135444641112,-1.9190572500228882,-1.8924763202667236,-2.1111085414886475,-1.781445860862732,-1.8089797496795654
YPL183C,test,True,True,-0.08066637068986893,0.026942986249923705,-0.23206883668899536,-0.17995215952396393,0.5949566960334778,-0.23965738713741302,0.19143661856651306,0.4717344522476196,0.3684881925582886,0.6971684694290161,0.5173372626304626,0.4217508137226105,0.35392752289772034,0.15044729709625243,-0.44539403915405273,0.19457317888736725,0.3901616036891937,0.21225203573703766,0.4006437063217163
YPL183W-A,test,False,True,0.38444358110427856,0.34240192025899885,0.4142041802406311,-0.11021173000335693,0.7879241704940796,0.6873661279678345,-0.06727314740419388,0.6538307011127472,0.4802086353302002,0.7623774409294128,0.754418671131134,0.8097890019416809,0.462359756231308,0.4319426953792572,0.3033064007759094,0.4460194706916809,0.6021799445152283,0.6488774418830872,0.15933021903038025
YPL184C,test,True,True,0.1498776078224182,0.4823407128453255,0.9586355090141296,0.569381058216095,0.2500699460506439,0.6520817875862122,-0.01846473664045334,0.5846446692943573,0.3535880744457245,0.7394636869430542,0.6366415023803711,0.6208322048187256,0.5726978778839111,0.7484309315681458,1.1514958143234253,0.3456789255142212,0.9379357695579529,0.7686046361923218,0.5384395122528076
YPL185W,test,False,False,-1.3692067861557007,-1.3926936388015747,-1.1566805839538574,-1.6290597915649414,-1.6150468587875366,-0.9425106048583984,-1.6201703548431396,-0.16073987372219561,-0.17196565866470337,-0.31028562784194946,-0.1821877360343933,-0.027835587039589882,-0.1114247590303421,-2.0243186712265016,-2.179999828338623,-2.0606584548950195,-1.8691422939300537,-1.906821846961975,-2.104970932006836
YPL186C,test,True,True,-0.3969648778438568,-0.9621038258075714,-1.1764540672302246,-0.6208162903785706,-0.43003877997398376,-1.1176269054412842,-1.465583086013794,-0.4787855468690395,-0.6452908515930176,-0.8915702700614929,-0.07688009738922119,-0.7819302082061768,0.0017436929047107697,-0.7932835876941681,-1.5353513956069946,-0.3052361011505127,0.14422717690467834,-0.9738076329231262,-1.2962499856948853
YPL187W,test,True,True,2.948584794998169,0.6301274120807647,0.5937548279762268,0.4562453627586365,0.8955987691879272,0.8687527179718018,0.33628538250923157,0.9096164047718048,0.34209516644477844,1.4654101133346558,1.0686569213867188,0.7942371964454651,0.877682626247406,1.1699188470840454,2.121692419052124,1.3554308414459229,0.8984240889549255,0.8788042664527893,0.5952426195144653
YPL188W,test,True,True,0.13744904100894928,-0.8217763841152191,-0.6277931928634644,-0.5346384048461914,-0.4986605942249298,-1.4892027378082275,-0.9585869908332825,0.33533900380134585,-0.2790459990501404,0.49743902683258057,0.8105264902114868,0.08105167746543884,0.5667238235473633,-0.34391693994402883,-0.3544616103172302,-0.6446498036384583,-0.015126552432775497,-0.22808673977851868,-0.4772599935531616
YPL189C-A,test,False,True,0.422242134809494,-0.12084526643157005,-0.458487331867218,-0.03849722817540169,-0.4485015571117401,-0.04959293454885483,0.3908527195453644,0.5908747911453247,0.4094194173812866,0.3013739585876465,0.5627955794334412,0.9225860834121704,0.7581989169120789,-0.5773197114467621,-1.9866880178451538,0.7008644938468933,-0.7504026293754578,-1.1960501670837402,0.34567776322364807
YPL189W,test,True,True,-1.3205832242965698,-0.32724600806832316,-0.46535253524780273,0.015153143554925919,-0.7366315722465515,-0.36680060625076294,-0.08259847015142441,0.4424931354820728,0.10128684341907501,0.3596948981285095,0.019679326564073563,1.1401177644729614,0.5916868448257446,-0.0961746633052826,-0.7169966101646423,0.2837666869163513,0.5463781952857971,-0.7437788248062134,0.1497572362422943
YPL190C,test,True,True,1.4905145168304443,0.9003640651702881,1.0700230598449707,1.1239118576049805,0.7723770141601562,0.9010107517242432,0.6344976425170898,0.8723304629325866,1.1410579681396484,0.5889352560043335,0.6671871542930603,0.9973777532577515,0.9670941829681396,0.7769983589649201,0.5281103849411011,0.7826268076896667,1.3793057203292847,0.4910026490688324,0.7039462327957153
YPL191C,test,True,True,-0.3988450765609741,-0.4744252309203148,-0.5528470873832703,-0.5443882346153259,-0.20399630069732666,-0.10910104960203171,-0.9617934823036194,-0.16662738993763923,-0.34708142280578613,-0.31106460094451904,-0.2499198168516159,0.05596434324979782,0.018964547663927078,-0.15797139108181,-0.23986271023750305,-0.1300683170557022,-0.4204763174057007,0.09996086359024048,-0.09941047430038452
YPL192C,test,True,True,-1.140302062034607,-0.5504870653152466,-0.786451518535614,-0.49751362204551697,-0.9504018425941467,-0.1445358693599701,-0.3735324740409851,-0.1617513507604599,0.11977681517601013,-0.7371160387992859,-0.4717589318752289,0.2053767889738083,0.07496461272239685,-0.8105558812618255,-0.984937310218811,-1.5359480381011963,-1.1018431186676025,-0.36515387892723083,-0.06489706039428711
YPL193W,test,True,True,0.18291938304901123,0.21132118478417397,0.5024532675743103,0.01991282030940056,0.11421090364456177,0.29959550499916077,0.12043342739343643,0.11121296659111976,-0.18575376272201538,0.08989476412534714,0.042976703494787216,0.5412713289260864,0.06767579913139343,0.22615336179733275,0.2497892677783966,0.051004037261009216,0.18023081123828888,0.4982646107673645,0.15147808194160461
YPL194W,test,False,True,0.2219839245080948,0.433838301897049,0.7906325459480286,0.45627695322036743,0.35748496651649475,0.776256799697876,-0.21145975589752197,0.6426288843154907,0.8479213714599609,0.46938323974609375,0.7327079176902771,0.6453551054000854,0.5177767872810364,0.1196432113647461,0.21576693654060364,0.06871144473552704,0.09238334000110626,-0.03931295871734619,0.2606672942638397
YPL195W,test,False,True,0.3515267074108124,-0.021953099966049196,-0.019359763711690903,-0.4771993160247803,0.052537914365530014,0.5067880749702454,-0.17253240942955017,0.23566182404756547,0.13721928000450134,-0.02086722105741501,0.2841421663761139,0.5836516618728638,0.1941632330417633,0.04488175958395004,-0.19581440091133118,-0.02234465628862381,0.4480990767478943,-0.13470184803009033,0.12917062640190125
YPL196W,test,True,True,0.35518595576286316,0.30407036691904066,0.22923311591148376,0.44808852672576904,0.21242421865463257,0.6746971607208252,-0.04409118741750717,0.4413260444998741,0.5289626121520996,-0.0010851100087165833,0.5185778737068176,0.8422110080718994,0.3179638385772705,0.17167535275220872,0.11424898356199265,0.4974874258041382,0.09745313227176666,-0.1424172967672348,0.29160451889038086
YPL197C,test,False,False,-1.788604736328125,-0.899968633055687,-1.5003364086151123,-0.9988632798194885,-0.8412620425224304,-0.17456232011318207,-0.9848191142082214,-0.16073987372219561,-0.17196565866470337,-0.31028562784194946,-0.1821877360343933,-0.027835587039589882,-0.1114247590303421,-1.5197567462921142,-1.2265807390213013,-1.8747954368591309,-1.2893798351287842,-1.4798673391342163,-1.7281603813171387
YPL198W,test,True,True,1.0061956644058228,0.7615711539983749,0.9994507431983948,0.7546154856681824,0.22907580435276031,1.5109273195266724,0.31378641724586487,1.447389054298401,1.6807371377944946,1.4588459730148315,1.3907454013824463,1.63156259059906,1.0750541687011719,1.1632323741912842,0.948458194732666,1.4250705242156982,1.624193787574768,0.7767609357833862,1.0416784286499023
YPL199C,test,True,True,0.41561201214790344,0.6564971774816513,1.0232179164886475,0.5052162408828735,0.5016068816184998,1.1339606046676636,0.1184842437505722,1.0773478269577026,1.0045444965362549,1.073754072189331,1.1353850364685059,1.325149416923523,0.8479061126708984,0.9590774983167648,0.9914419054985046,1.3434898853302002,1.3856496810913086,0.17922227084636688,0.8955837488174438
YPL200W,test,False,True,-2.0185658931732178,-0.6736161887645722,-1.0179603099822998,-1.2413939237594604,-0.4063253700733185,-0.547632098197937,-0.15476924180984497,-0.4122078508138657,-0.5832425355911255,-1.0153759717941284,0.2093190848827362,-0.5364566445350647,-0.1352831870317459,-0.5491922229528428,-1.0658613443374634,-0.37882763147354126,-0.08076493442058563,-0.4356340765953064,-0.7848731279373169
YPL201C,test,True,True,-1.578262448310852,-0.8640975415706634,-0.9303416013717651,-1.4289737939834595,-0.5664246678352356,-1.091968059539795,-0.30277958512306213,-0.8969651490449906,-1.032260775566101,-1.2661796808242798,-1.312867522239685,-0.6482523679733276,-0.22526539862155914,-0.7666637003421783,-0.8354026675224304,-0.7655633091926575,-0.1856195032596588,-1.3092910051345825,-0.7374420166015625
YPL202C,test,True,True,0.6145318746566772,0.6484455525875091,0.6821684837341309,0.31478503346443176,1.0344364643096924,1.0808215141296387,0.1300162672996521,0.809868574142456,0.8205813765525818,0.46140217781066895,0.8726434111595154,1.0499037504196167,0.8448121547698975,0.4079583927989006,0.48437851667404175,0.323824405670166,0.07603301852941513,0.5936363339424133,0.5619196891784668
YPL203W,test,True,True,0.5678489208221436,0.7765153884887696,0.7456400990486145,0.8811793923377991,0.8306964039802551,1.0452380180358887,0.3798230290412903,0.46952666640281676,0.24415332078933716,0.44656890630722046,0.4649033844470978,0.6434342265129089,0.5485734939575195,0.6944413304328918,0.3276062607765198,1.0564289093017578,0.9560939073562622,0.6147357821464539,0.5173417925834656
YPL204W,test,False,True,1.440043568611145,1.0302080750465392,1.4018563032150269,0.780275821685791,0.9166761040687561,1.2880325317382812,0.7641996145248413,0.9194879651069641,0.7507348656654358,0.7896578907966614,0.9179641604423523,1.2758651971817017,0.8632177114486694,0.8667715787887573,0.8684362769126892,0.890710175037384,1.3118891716003418,0.500022292137146,0.7627999782562256
YPL205C,test,False,False,-1.6137820482254028,-0.21760873645544052,-0.3384518325328827,-0.4739721119403839,-0.0983634889125824,-0.04721897095441818,-0.13003727793693542,-0.16073987372219561,-0.17196565866470337,-0.31028562784194946,-0.1821877360343933,-0.027835587039589882,-0.1114247590303421,-1.7545881032943726,-1.8123971223831177,-1.9687957763671875,-1.707524061203003,-1.5189956426620483,-1.7652279138565063
YPL206C,test,True,True,0.43425077199935913,0.9692768335342408,1.3257808685302734,0.5000758767127991,1.317536473274231,1.2389631271362305,0.4640278220176697,1.0652513265609742,0.8818167448043823,1.219946265220642,1.145336389541626,1.3171266317367554,0.7620306015014648,0.9458095312118531,0.986027181148529,0.968920886516571,1.0491724014282227,1.0920387506484985,0.6328884363174438
YPL207W,test,True,True,0.43054577708244324,-0.29633437991142275,0.9739323854446411,-0.9716692566871643,-0.522354781627655,-0.3589434325695038,-0.6026368141174316,0.2765930473804474,-0.13894064724445343,-0.0736863762140274,-0.19903206825256348,0.801358699798584,0.9932656288146973,0.33797765523195267,0.10790994018316269,0.5821693539619446,0.5060036778450012,0.3277745544910431,0.16603074967861176
YPL208W,test,True,True,-0.43141525983810425,-0.4464261710643768,-0.30324694514274597,-0.31495532393455505,-0.4501796066761017,-0.5385740399360657,-0.6251749396324158,-0.07304222285747528,0.031556736677885056,-0.5526325106620789,0.014128543436527252,0.19759942591190338,-0.055863309651613235,-0.37812875360250475,-0.04832399636507034,-0.6112738847732544,-0.41492921113967896,-0.588539719581604,-0.22757695615291595
YPL209C,test,True,True,-0.09920338541269302,-0.13738205879926682,0.2891131043434143,-0.18817253410816193,-0.06360501050949097,-0.059942491352558136,-0.6643033623695374,0.047097112983465195,0.024060897529125214,-0.3320416808128357,0.055173907428979874,0.37031927704811096,0.11797316372394562,-0.05242572426795959,0.5317129492759705,-0.4047504663467407,0.018071189522743225,-0.1922069787979126,-0.21495531499385834
YPL210C,test,True,True,0.8103070855140686,0.5619576632976532,0.5113240480422974,0.5952799320220947,0.8159170746803284,0.6654918789863586,0.2217753827571869,0.6815461635589599,0.8028879165649414,0.6079002022743225,0.6516942381858826,0.7098913192749023,0.635357141494751,0.3946773111820221,0.546541154384613,0.22566643357276917,0.42737653851509094,0.3822900950908661,0.39151233434677124
YPL211W,test,True,True,0.11574989557266235,0.7563498616218567,0.8956976532936096,0.8835844993591309,0.5492112040519714,0.8792811632156372,0.5739747881889343,1.2555097103118897,1.1043751239776611,1.2730051279067993,1.350560188293457,1.5070775747299194,1.0425305366516113,0.5223965089768171,0.7108932137489319,0.5352028608322144,0.5134749412536621,-0.023499229922890663,0.875910758972168
YPL212C,test,True,True,0.7280673384666443,0.9999301671981812,1.1223769187927246,1.1425193548202515,0.8337140679359436,1.2306582927703857,0.6703822016716003,1.3483129739761353,1.2255772352218628,1.5096155405044556,1.3994851112365723,1.3559869527816772,1.2509000301361084,0.8479617953300476,0.6893497109413147,0.8717443346977234,1.0638362169265747,0.7172777056694031,0.8976010084152222
YPL213W,test,True,True,0.4089026153087616,0.32522845044732096,0.14190086722373962,0.0473986379802227,0.4404450058937073,1.0189489126205444,-0.022551171481609344,0.3743488371372223,0.15197917819023132,0.527765691280365,0.1890525221824646,0.6805338263511658,0.32241296768188477,0.30219858288764956,0.13081732392311096,0.14747697114944458,0.3121310770511627,0.5420312285423279,0.37853631377220154
YPL214C,test,True,True,-0.06525417417287827,0.17165025211870671,0.028949694707989693,-0.1720992922782898,0.6946585774421692,0.6721010208129883,-0.36535874009132385,0.14095940962433814,-0.11685669422149658,0.0655500516295433,-0.019655559211969376,0.3915809988975525,0.3841782510280609,0.18198238611221312,0.06339501589536667,0.07021909207105637,0.5497792363166809,0.32347750663757324,-0.09695892035961151
YPL215W,test,True,True,0.2970135509967804,0.36551726907491683,0.3720257580280304,0.5228502154350281,0.20041987299919128,0.763619601726532,-0.03132910281419754,0.6164007484912872,0.5865553617477417,0.6710382103919983,0.6228243708610535,0.758122444152832,0.44346335530281067,0.16160139590501785,0.059472449123859406,0.5152201056480408,-0.4647771716117859,0.340491384267807,0.35760021209716797
YPL216W,test,True,True,-0.8572720289230347,-0.36544664651155473,-0.5591015815734863,-0.39025041460990906,-0.07503297179937363,-0.16656170785427094,-0.6362865567207336,0.20998357757925987,0.034564655274152756,0.3398372232913971,0.14897359907627106,0.4425613284111023,0.08398108184337616,0.11682324036955834,0.06627631932497025,-0.1915653944015503,0.12071111798286438,0.6265456080436707,-0.037851449102163315
YPL217C,test,True,True,0.6477749943733215,-0.11443747580051422,-0.27501168847084045,-0.36758461594581604,-0.13853438198566437,0.3503584861755371,-0.14141517877578735,0.4713748037815094,0.24707293510437012,0.5370451807975769,0.6456192135810852,0.6288690567016602,0.2982676327228546,0.2300531357526779,0.4455251693725586,0.2063458263874054,0.5794188380241394,-0.2309567928314209,0.1499326378107071
YPL218W,test,True,True,0.49565550684928894,0.605467414855957,0.4872588515281677,0.8921938538551331,0.7076306939125061,0.7436571717262268,0.19659650325775146,0.8274327874183655,0.6145161390304565,0.9876177906990051,0.7978598475456238,1.1337213516235352,0.6034488081932068,0.49320227205753325,0.347439706325531,0.44904467463493347,1.165074110031128,0.31452226638793945,0.18993060290813446
YPL219W,test,True,True,-0.05709388852119446,0.5513079404830933,0.49129611253738403,0.5919809341430664,0.7308107614517212,0.7379176616668701,0.20453423261642456,0.9484498858451843,0.9881477355957031,1.3178813457489014,0.7411550879478455,0.9672980308532715,0.7277672290802002,0.48349733352661134,0.35601550340652466,0.5188080668449402,0.679691731929779,0.3692649006843567,0.49370646476745605
YPL220W,test,True,True,0.5925036072731018,1.4559224247932434,1.5356941223144531,1.6567623615264893,1.7412779331207275,1.4779070615768433,0.8679706454277039,1.2563244342803954,0.6875393390655518,1.7231730222702026,1.2961409091949463,1.4848889112472534,1.0898799896240234,1.0668789744377136,0.7729132771492004,0.8272629976272583,1.7803415060043335,0.9439862966537476,1.0098907947540283
YPL221W,test,True,True,0.18514205515384674,1.0771369338035583,0.9789796471595764,0.857403576374054,1.1374268531799316,1.477424144744873,0.9344504475593567,1.110326611995697,1.0708987712860107,0.8508293032646179,1.1983104944229126,1.2824225425720215,1.1491719484329224,0.8678938984870911,1.072166085243225,1.0808131694793701,1.0206775665283203,0.4468320608139038,0.718980610370636
YPL222C-A,test,False,False,-0.7965346574783325,-0.47823610007762907,-0.7019748091697693,-0.6302247047424316,-0.13374082744121552,-0.3794636130332947,-0.5457765460014343,-0.16073987372219561,-0.17196565866470337,-0.31028562784194946,-0.1821877360343933,-0.027835587039589882,-0.1114247590303421,-1.7357001304626465,-1.7387547492980957,-1.8322112560272217,-1.6443297863006592,-1.5296841859817505,-1.9335206747055054
YPL222W,test,True,True,-0.32247939705848694,0.17108411192893982,0.2803522050380707,0.44931602478027344,-0.20478378236293793,0.2602088451385498,0.0703272670507431,0.3239585071802139,0.5848315954208374,-0.008967891335487366,0.3292370140552521,0.28628796339035034,0.4284038543701172,0.04520381018519402,-0.037637073546648026,0.11898252367973328,0.45111343264579773,-0.1504799723625183,-0.1559598594903946
YPL223C,test,True,False,-1.1769171953201294,0.2734906733036041,0.4993998408317566,0.24277621507644653,0.5275183320045471,0.4027811288833618,-0.30502215027809143,-0.16073987372219561,-0.17196565866470337,-0.31028562784194946,-0.1821877360343933,-0.027835587039589882,-0.1114247590303421,-0.8234424710273742,-0.5842258334159851,-1.3539552688598633,-0.30981069803237915,-0.6775422692298889,-1.1916782855987549
YPL224C,test,True,True,0.07973235100507736,0.5727663457393646,0.588019073009491,0.7365134358406067,0.5723530650138855,0.6652966737747192,0.3016494810581207,0.6822463512420655,0.6677607297897339,0.2782737612724304,0.9683724045753479,0.9346442818641663,0.5621805787086487,0.388959139585495,0.5445173382759094,0.39714938402175903,0.35497283935546875,0.32755419611930847,0.3206019401550293
YPL225W,test,False,True,1.3308571577072144,0.6633207261562347,0.9568371176719666,0.39960622787475586,0.7111242413520813,0.9828996062278748,0.26613643765449524,0.970526123046875,0.7760002017021179,0.9550840258598328,1.047468900680542,1.1364372968673706,0.9376401901245117,1.036831784248352,1.1387327909469604,0.7608655691146851,1.58800208568573,0.9423420429229736,0.7542164325714111
YPL226W,test,True,True,0.679179310798645,0.9213867783546448,1.378169059753418,0.7709011435508728,0.7514543533325195,0.9741955995559692,0.7322137355804443,1.1869406700134277,0.9206869602203369,1.2993532419204712,1.3980059623718262,1.3573579788208008,0.9592992067337036,1.1980553150177002,1.2669814825057983,1.2538115978240967,1.4187653064727783,1.250186800956726,0.8005313873291016
YPL227C,test,True,True,0.3174305260181427,0.6873494207859039,0.8150447607040405,0.18170538544654846,0.9579153656959534,0.8207697868347168,0.6613118052482605,0.7529225707054138,0.6037145853042603,0.6951844096183777,0.7172009944915771,1.1070939302444458,0.6414189338684082,0.8280006229877472,0.3147500455379486,0.5291205644607544,1.7141691446304321,0.7564474940299988,0.825515866279602
YPL228W,test,True,True,0.29224875569343567,0.3796871840953827,0.6990445256233215,-0.18882152438163757,0.5289638638496399,0.7508978843688965,0.10835117101669312,0.6807901978492736,0.47995901107788086,0.6135482788085938,0.6070229411125183,0.9656397104263306,0.7377810478210449,0.4794334754347801,0.6114529967308044,0.6803908944129944,0.6203191876411438,-0.03943122178316116,0.5244355201721191
YPL229W,test,True,True,0.7420817017555237,0.21149467676877975,0.06747971475124359,0.10262110829353333,0.51042240858078,0.25354668498039246,0.12340346723794937,0.5614033758640289,0.2724415063858032,0.5798970460891724,0.47635623812675476,0.7820371389389038,0.6962849497795105,0.4757074236869812,0.4790126085281372,0.40824320912361145,0.8378239870071411,0.3585101068019867,0.29494720697402954
YPL230W,test,False,False,0.06698163598775864,-0.9477319359779358,-0.6435700058937073,-1.0548288822174072,-1.4782298803329468,-0.5787915587425232,-0.9832393527030945,-0.16073987372219561,-0.17196565866470337,-0.31028562784194946,-0.1821877360343933,-0.027835587039589882,-0.1114247590303421,-1.4008877158164978,-1.7704652547836304,-1.249262809753418,-1.9523133039474487,-1.190003514289856,-0.842393696308136
YPL231W,test,True,True,0.9197240471839905,1.4518769264221192,1.7735683917999268,1.1664643287658691,1.5561481714248657,1.705497145652771,1.057706594467163,1.0237419843673705,0.9875578880310059,0.7008594870567322,1.097605586051941,1.3392421007156372,0.9934448599815369,1.5017157554626466,1.2857023477554321,1.2800788879394531,2.4051873683929443,1.6433416604995728,0.8942685127258301
YPL232W,test,True,True,1.1224485635757446,1.180260467529297,0.8082165122032166,1.3176813125610352,1.249488115310669,1.6399420499801636,0.8859743475914001,1.2587165117263794,1.092562198638916,1.3862124681472778,1.3044512271881104,1.4123045206069946,1.0980521440505981,1.5398545026779176,1.5970618724822998,1.4094278812408447,1.9761543273925781,1.7291173934936523,0.9875110387802124
YPL233W,test,True,True,0.42366835474967957,0.6544886022806168,0.8857045769691467,0.4206898808479309,0.7134202718734741,1.127425193786621,0.12520308792591095,0.8751939296722412,0.9128919839859009,0.8984522223472595,0.7408129572868347,1.0340536832809448,0.7897588014602661,0.8654805541038513,0.5434253215789795,0.5243587493896484,1.3222731351852417,1.2639775276184082,0.6733680367469788
YPL234C,test,True,True,0.7304906249046326,0.6924036681652069,0.7604746222496033,0.2740115821361542,0.8679611086845398,0.9878986477851868,0.5716723799705505,0.9833232522010803,0.8516882658004761,1.2375208139419556,0.8316907286643982,1.1993639469146729,0.7963525056838989,0.6867830991744995,0.7520634531974792,0.6136006116867065,1.0127180814743042,0.499107301235199,0.5564260482788086
YPL235W,test,False,True,0.814925491809845,-0.011848922073841094,0.14693982899188995,-0.3271271884441376,0.10703473538160324,0.23845113813877106,-0.22454312443733215,0.5139324486255645,0.36505359411239624,0.335470050573349,0.43344080448150635,0.7618602514266968,0.6738375425338745,0.09009466767311096,-0.1807137429714203,0.10554073750972748,0.13133785128593445,0.330904483795166,0.06340400874614716
YPL236C,test,True,True,-0.13116224110126495,-0.20682055354118348,0.12146204710006714,-0.806151807308197,-0.21541590988636017,0.20855887234210968,-0.342555969953537,0.36013546884059905,0.2583484649658203,0.4461818337440491,0.13915346562862396,0.6293326020240784,0.3276609778404236,-0.020851089805364608,-0.4808311462402344,-0.0077469609677791595,0.4767264127731323,0.082135409116745,-0.17453916370868683
YPL237W,test,True,True,1.2601523399353027,0.6636997997760773,0.9711708426475525,0.8711003661155701,0.3800387680530548,0.766258716583252,0.32993030548095703,1.222553563117981,1.0006814002990723,1.5172191858291626,1.2425251007080078,1.3377907276153564,1.0145514011383057,0.6507656455039978,0.5365403294563293,0.5336769223213196,0.874259889125824,0.6015551090240479,0.7077959775924683
YPL238C,test,False,False,-1.4261696338653564,-0.852320271730423,-0.5127959251403809,-1.1557040214538574,-1.2418863773345947,-0.38584765791893005,-0.9653673768043518,-0.16073987372219561,-0.17196565866470337,-0.31028562784194946,-0.1821877360343933,-0.027835587039589882,-0.1114247590303421,-1.7818817615509033,-1.8425114154815674,-1.7589020729064941,-2.140072822570801,-1.2986730337142944,-1.8692494630813599
YPL239W,test,True,True,1.3528413772583008,0.3298246741294861,0.35197094082832336,0.3031761646270752,0.3330162763595581,0.5137921571731567,0.14716783165931702,1.1261374473571777,0.8019492626190186,1.3318678140640259,1.148125171661377,1.025388479232788,1.3233565092086792,0.6550878584384918,0.913709819316864,0.3805372416973114,0.5700952410697937,0.7532292008399963,0.6578677892684937
YPL240C,test,False,True,1.137776255607605,1.4926894426345825,1.477555513381958,1.4913091659545898,1.977055311203003,1.6672565937042236,0.8502706289291382,1.612764310836792,1.7505782842636108,1.5245801210403442,1.599871277809143,1.7426544427871704,1.4461374282836914,1.414541244506836,0.6839560270309448,1.4834198951721191,1.8913439512252808,1.7969683408737183,1.2170180082321167
YPL241C,test,True,True,-0.16707946360111237,0.31975803822278975,0.31884583830833435,0.18183836340904236,0.507916271686554,0.5172918438911438,0.07289787381887436,0.3808716118335724,0.24600309133529663,0.5605872869491577,0.32529085874557495,0.3642275333404541,0.40824928879737854,-0.10338310264050961,-0.28064781427383423,-0.27972298860549927,-0.12318778783082962,0.020765239372849464,0.14587783813476562
YPL242C,test,True,True,0.031238026916980743,0.34469330310821533,0.6816253662109375,0.2608053684234619,0.1736988127231598,0.41819846630096436,0.1891385018825531,1.093390166759491,0.43607407808303833,1.5699081420898438,1.2908958196640015,1.0967618227005005,1.0733109712600708,0.5436793148517609,0.46306270360946655,0.8058611750602722,0.635734498500824,0.1143781840801239,0.6993600130081177
YPL243W,test,True,True,0.5204063653945923,0.4009371936321259,0.7571033835411072,0.3955564796924591,0.4134180247783661,0.7407668828964233,-0.30215880274772644,0.7794684052467347,0.6154167056083679,0.8817768692970276,0.514913022518158,1.1856426000595093,0.6995928287506104,0.6572766661643982,0.5963630080223083,0.568220853805542,0.7141424417495728,0.9219197630882263,0.48573726415634155
YPL244C,test,True,True,0.727348268032074,0.8022415101528168,0.9268041253089905,0.2957403361797333,1.268186330795288,1.0862483978271484,0.4342283606529236,0.843320506811142,0.46281251311302185,0.8986926674842834,1.0224549770355225,1.161379098892212,0.6712632775306702,1.0287671208381652,1.1311837434768677,0.9790666699409485,1.2419580221176147,1.2540771961212158,0.5375499725341797
YPL245W,test,True,True,-0.48521119356155396,0.6667796432971954,0.9718337059020996,0.5694060921669006,1.1462111473083496,0.39139991998672485,0.25504735112190247,0.8772257566452026,0.8200148940086365,1.2036815881729126,0.9510539174079895,0.6326863765716553,0.7786920070648193,0.7296796083450318,1.2317267656326294,0.7329026460647583,0.8268969655036926,1.1657859086990356,-0.3089142441749573
YPL246C,test,True,True,0.48030567169189453,0.29114950746297835,0.25624901056289673,0.5824277400970459,0.44142410159111023,-0.037103183567523956,0.21274986863136292,0.7116410255432128,0.6383870244026184,0.4296684265136719,0.8079379200935364,0.9683228731155396,0.7138888835906982,0.21538502313196659,0.6314026713371277,0.35880139470100403,0.158255472779274,0.007258595898747444,-0.07879301905632019
YPL247C,test,True,True,0.40778717398643494,0.43234471827745435,0.3951593339443207,0.46649670600891113,0.6680983901023865,0.7117854356765747,-0.07981627434492111,0.5988479018211365,0.6124959588050842,0.5963353514671326,0.4927218556404114,0.6178702116012573,0.6748161315917969,0.47092748880386354,0.30778104066848755,0.7558906078338623,0.5670469403266907,0.49621355533599854,0.22770529985427856
YPL248C,test,True,True,-0.8946097493171692,-0.47934155762195585,-0.510466992855072,-0.2147740125656128,-0.47524771094322205,0.14562584459781647,-1.341844916343689,-0.6773953024297953,-0.7127130031585693,-0.6719734072685242,-1.208225131034851,-0.02612886019051075,-0.767936110496521,-0.40879755914211274,-0.25655198097229004,-0.19051557779312134,-0.20879574120044708,-0.05346754193305969,-1.3346569538116455
YPL249C,test,True,True,0.41705089807510376,-0.06534187644720077,-0.35590898990631104,-0.3488451838493347,-0.17070794105529785,0.4967385530471802,0.05201417952775955,0.32232945412397385,0.26123490929603577,0.08319371193647385,0.30958086252212524,0.5765504837036133,0.3810873031616211,0.3079453006386757,0.4012102484703064,-0.08475334197282791,0.3931281864643097,0.5939741134643555,0.2361672967672348
YPL249C-A,test,True,True,2.150327444076538,1.8684244871139526,2.145845651626587,2.2786216735839844,1.8768399953842163,1.8694143295288086,1.171400785446167,1.8218137264251708,1.660170078277588,2.038804292678833,2.3006768226623535,1.7641147375106812,1.345302700996399,2.0191457986831667,1.773779034614563,2.2822072505950928,2.420137643814087,2.0657434463500977,1.5538616180419922
YPL250C,test,False,True,1.7241530418395996,1.5450430274009705,1.7569917440414429,1.8193862438201904,2.011141300201416,1.5863733291625977,0.5513225197792053,1.6409318685531615,1.3363604545593262,2.10693359375,1.4004359245300293,1.9740911722183228,1.3868381977081299,1.3681604623794557,1.4594676494598389,1.6538686752319336,1.7678074836730957,1.0837421417236328,0.8759163618087769
YPL250W-A,test,False,False,-1.1846727132797241,-0.7512943625450135,-0.5120187401771545,-0.9414534568786621,-0.47799253463745117,-0.7854537963867188,-1.0395532846450806,-0.16073987372219561,-0.17196565866470337,-0.31028562784194946,-0.1821877360343933,-0.027835587039589882,-0.1114247590303421,-1.7504058122634887,-1.7219527959823608,-2.046736478805542,-1.071373701095581,-1.7937986850738525,-2.1181674003601074
YPL251W,test,False,False,-1.7361557483673096,-0.2431416019797325,-0.15243685245513916,-0.40232473611831665,-0.2062748223543167,0.03823678940534592,-0.49290838837623596,-0.16073987372219561,-0.17196565866470337,-0.31028562784194946,-0.1821877360343933,-0.027835587039589882,-0.1114247590303421,-1.0100501716136931,-0.22025412321090698,-1.6682660579681396,-0.3907661736011505,-1.422534465789795,-1.3484300374984741
YPL252C,test,True,True,1.3915698528289795,0.6252574324607849,1.2182143926620483,0.6322759985923767,0.740068793296814,0.3434401750564575,0.19228780269622803,0.6925508439540863,1.0532903671264648,0.12778058648109436,0.948692262172699,0.8419523239135742,0.4910386800765991,0.5624967753887177,0.7367613911628723,0.4673667550086975,0.4904727041721344,0.5854609608650208,0.5324220657348633
YPL253C,test,True,True,0.21562716364860535,0.28908523470163344,-0.06316853314638138,0.189018115401268,0.5816341042518616,0.18010547757148743,0.5578370094299316,0.7290928840637207,0.8098646402359009,0.7836421728134155,0.8425846099853516,0.5562058687210083,0.6531671285629272,0.39369930922985075,-0.024054422974586487,0.27791792154312134,0.9005125164985657,0.17986857891082764,0.6342519521713257
YPL254W,test,True,True,0.13014626502990723,0.24420603327453136,-0.027686962857842445,0.28056496381759644,0.6417859792709351,0.49340033531188965,-0.16703414916992188,0.5410519383847714,0.053265880793333054,0.6513262391090393,0.5016798973083496,1.0241713523864746,0.47481632232666016,0.6423781156539917,0.40349632501602173,1.2667112350463867,0.7835411429405212,0.518071711063385,0.2400701642036438
YPL255W,test,True,True,0.5363367199897766,-0.04694618433713913,0.45000553131103516,-1.0557761192321777,-0.22756581008434296,0.48607137799263,0.11253409832715988,0.4052813559770584,0.3528123199939728,0.4501025676727295,0.20918847620487213,0.3879489600658417,0.626354455947876,0.3186241686344147,0.25375664234161377,0.3834450840950012,0.24946656823158264,0.29860976338386536,0.4078427851200104
YPL256C,test,True,True,0.8691089153289795,0.8690366148948669,1.443345069885254,0.5714487433433533,0.8293284177780151,1.0415796041488647,0.45948123931884766,0.9593234539031983,0.9594355225563049,1.0079032182693481,0.8764092326164246,1.0017060041427612,0.9511632919311523,0.6575215816497803,0.7150172591209412,0.830034077167511,0.6964913010597229,0.7442745566368103,0.301790714263916
YPL257W,test,True,False,-0.3621915280818939,-1.7356327295303344,-1.9820020198822021,-2.251286029815674,-1.3663572072982788,-1.0816431045532227,-1.996875286102295,-0.16073987372219561,-0.17196565866470337,-0.31028562784194946,-0.1821877360343933,-0.027835587039589882,-0.1114247590303421,-2.0915836095809937,-2.087045431137085,-2.0571160316467285,-2.2432286739349365,-1.9822012186050415,-2.0883266925811768
YPL258C,test,True,True,-0.8698922991752625,0.010916446149349213,-0.1564757227897644,-0.24124455451965332,0.25396808981895447,0.30701273679733276,-0.10867831856012344,0.10467803403735161,0.029426824301481247,-0.28511300683021545,0.1976063996553421,0.3208194077014923,0.26065054535865784,-0.3984162896871567,-1.0879955291748047,0.01909591257572174,0.20328356325626373,-0.17334826290607452,-0.9531171321868896
YPL259C,test,True,True,0.3994005620479584,1.0214918732643128,1.1508350372314453,1.125037431716919,0.941135823726654,1.1425496339797974,0.747901439666748,1.4029704093933106,1.3378934860229492,1.417608618736267,1.45685875415802,1.3409557342529297,1.4615354537963867,1.224028968811035,1.4155772924423218,1.5101118087768555,0.997467041015625,1.4004067182540894,0.7965819835662842
YPL260W,test,True,True,0.5996388792991638,0.9582267642021179,0.8074091672897339,1.1144113540649414,1.003272533416748,1.2339720726013184,0.6320686936378479,0.7420570492744446,0.5109659433364868,0.6748625636100769,0.671181857585907,0.9280185699462891,0.9252563118934631,0.6843167245388031,0.7610794305801392,0.30461230874061584,1.1560457944869995,0.5552629828453064,0.6445831060409546
YPL261C,test,False,False,-1.8784334659576416,-0.9966483980417251,-0.9603986144065857,-1.724949598312378,-0.8831149935722351,-0.20474226772785187,-1.2100365161895752,-0.16073987372219561,-0.17196565866470337,-0.31028562784194946,-0.1821877360343933,-0.027835587039589882,-0.1114247590303421,-1.8776099681854248,-2.0850491523742676,-2.0378618240356445,-1.271344780921936,-1.8873683214187622,-2.1064257621765137
YPL262W,test,True,True,0.3679211139678955,0.2222748428583145,0.4344273805618286,-0.12270839512348175,0.3086458146572113,0.2661828100681305,0.2248266041278839,0.6977948725223542,0.39557722210884094,0.8191763162612915,0.6404301524162292,1.0368021726608276,0.5969884991645813,0.40444851517677305,0.3845471441745758,0.4167928397655487,0.42401236295700073,0.4851985573768616,0.31169167160987854
YPL263C,test,True,True,0.4668125808238983,0.17623523473739625,0.45703125,-0.1168663501739502,0.6930161118507385,0.35180026292800903,-0.5038051009178162,0.6354512810707093,0.47805869579315186,0.6265275478363037,0.9095296263694763,0.561689019203186,0.6014515161514282,0.32186505794525144,0.20171314477920532,0.08401070535182953,0.34936076402664185,0.877465546131134,0.0967751294374466
YPL264C,test,True,True,-0.9006322622299194,0.13779157102108003,0.3294893503189087,-0.11426131427288055,0.25601926445961,0.48953285813331604,-0.2718223035335541,-0.12740050703287126,-0.023217927664518356,-0.6301316618919373,-0.23881037533283234,0.2511404752731323,0.004016954451799393,-0.14024458825588226,-0.06234292685985565,-0.29996809363365173,-0.13109993934631348,0.07688602805137634,-0.2846980094909668
YPL265W,test,True,True,0.7865760922431946,0.19435298144817353,0.12982968986034393,0.525372326374054,0.2555003762245178,0.4626459777355194,-0.4015834629535675,1.114560079574585,0.6278704404830933,1.3932267427444458,1.0977463722229004,1.4295803308486938,1.0243765115737915,0.8749139308929443,1.3715094327926636,1.245335578918457,0.8317056894302368,0.5866799354553223,0.339339017868042
YPL266W,test,True,True,0.44287732243537903,0.7302820146083832,1.4074361324310303,0.48291605710983276,0.7510355114936829,0.5561758279800415,0.4538465440273285,0.585971936583519,0.9698755741119385,0.9249711036682129,-0.016757860779762268,0.5863242149353027,0.4654466509819031,0.6022335886955261,0.7431408762931824,0.1694055199623108,0.7913758158683777,0.7401677370071411,0.5670779943466187
YPL267W,test,True,True,0.6262861490249634,0.40838427618145945,0.49452120065689087,0.056447628885507584,0.7914348244667053,0.47122472524642944,0.22829300165176392,0.5823517501354217,0.1663193702697754,0.6762018203735352,0.511253833770752,1.1067204475402832,0.45126327872276306,0.4081065535545349,0.4916999936103821,0.6890433430671692,0.4968916177749634,-0.46836066246032715,0.8312584757804871
YPL268W,test,True,True,0.4118833541870117,0.6546264797449112,0.5321416854858398,0.9418410062789917,0.7368283867835999,0.928733766078949,0.1335875540971756,0.9299585342407226,1.2163798809051514,1.3328522443771362,0.7699982523918152,0.6256182193756104,0.7049440741539001,0.46196659207344054,0.49358534812927246,0.5250648260116577,0.6456063389778137,0.2888256311416626,0.35675081610679626
YPL269W,test,True,True,-0.1646440029144287,0.49733556658029554,0.5406011939048767,0.5114513039588928,0.41580554842948914,0.9134237766265869,0.10539600998163223,0.8620277285575867,0.6920124292373657,0.8715360164642334,0.9429177045822144,0.8742274045944214,0.9294450879096985,0.3684151142835617,0.22001898288726807,0.13499723374843597,0.7174436450004578,0.2886890172958374,0.4809266924858093
YPL270W,test,True,True,0.09722764045000076,-0.1186627984046936,0.287661612033844,0.45178961753845215,0.03308844566345215,-0.5766086578369141,-0.7892450094223022,0.3524654030799866,0.550878643989563,0.21927663683891296,0.277407705783844,0.3978438377380371,0.3169201910495758,0.09109585657715798,0.22310945391654968,-0.036293014883995056,0.14946524798870087,0.12849892675876617,-0.009301330894231796
YPL271W,test,True,True,1.769567847251892,0.5680646598339081,0.732825756072998,0.5477787852287292,0.47122928500175476,0.5845227241516113,0.503966748714447,0.8383395910263062,0.7917866110801697,0.9192212820053101,0.6517676711082458,1.0684638023376465,0.7604585886001587,0.26591246426105497,0.5126997232437134,-0.12068820744752884,0.309064656496048,0.06536488980054855,0.5631212592124939
YPL272C,test,True,True,-1.0433708429336548,-1.5406185626983642,-2.119185447692871,-1.395887017250061,-1.5100589990615845,-1.4409942626953125,-1.2369670867919922,-1.1646836996078491,-0.7609907388687134,-1.39765465259552,-1.2386891841888428,-1.4604138135910034,-0.965670108795166,-1.1281109213829041,-1.0270013809204102,-0.706109344959259,-1.3346471786499023,-1.2477298974990845,-1.3250668048858643
YPL273W,test,True,True,0.865605890750885,-0.3963191002607346,-0.32822710275650024,-0.5402254462242126,-0.16196708381175995,-0.6032365560531616,-0.34793931245803833,0.32800590693950654,0.20701147615909576,0.7365460395812988,0.3860817849636078,0.10366667807102203,0.20672355592250824,-0.17351338267326355,0.329261839389801,-0.5898435115814209,-0.15270276367664337,-0.33609098196029663,-0.11819149553775787
YPL274W,test,True,True,0.3455279767513275,0.09586937427520752,0.10389497876167297,0.0009639374911785126,0.04732905700802803,0.8189147710800171,-0.491755872964859,0.7790884733200073,0.7251017093658447,0.4974522590637207,1.2145006656646729,1.063902497291565,0.3944852352142334,0.11124464571475982,0.6473835110664368,0.01844698190689087,-0.08951538801193237,0.12798641622066498,-0.1480782926082611
YPL277C,test,True,True,-0.5346659421920776,0.1351984053850174,0.33691489696502686,0.4314223527908325,0.3322566747665405,-0.4325627386569977,0.007960841059684753,0.6497646331787109,0.792220950126648,0.7359594702720642,0.4885595738887787,0.4326063096523285,0.7994768619537354,0.45744133591651914,0.3550620675086975,0.7720138430595398,0.4576996862888336,0.30517151951789856,0.39725956320762634
YPL278C,test,True,False,-0.6563782095909119,-0.09355592243373394,-0.02194940857589245,-0.7202187180519104,-0.09439916908740997,0.46613484621047974,-0.09734716266393661,-0.16073987372219561,-0.17196565866470337,-0.31028562784194946,-0.1821877360343933,-0.027835587039589882,-0.1114247590303421,-1.121830689907074,-1.3359885215759277,-1.2435715198516846,-1.1605896949768066,-0.27310889959335327,-1.5958948135375977
YPL279C,test,True,True,-0.8027669787406921,0.4348500773310661,0.3031403422355652,0.7081214189529419,0.5144205689430237,0.712489902973175,-0.06392184644937515,0.527527517080307,0.8484784364700317,0.4708326458930969,0.5465173125267029,0.5019912123680115,0.269817978143692,0.14138153120875357,0.34056124091148376,-0.25392550230026245,0.4267886281013489,0.16815398633480072,0.02532930299639702
YPL280W,test,True,True,-2.0038468837738037,-0.6605317663401366,0.019827449694275856,-0.6151880621910095,-1.1426640748977661,-0.28417402505874634,-1.2804601192474365,-0.8090531438589096,-0.838097333908081,-1.3608503341674805,-0.631594717502594,-0.23532770574092865,-0.9793956279754639,-0.8783768892288208,-0.5939958691596985,-0.5496816039085388,-1.4474366903305054,-0.4841437339782715,-1.3166265487670898
YPL281C,test,False,False,-2.088510751724243,-0.3428805582225323,-0.5322650671005249,-0.7124168276786804,-0.016287285834550858,-0.05607501417398453,-0.39735859632492065,-0.16073987372219561,-0.17196565866470337,-0.31028562784194946,-0.1821877360343933,-0.027835587039589882,-0.1114247590303421,-1.6527088642120362,-1.58505380153656,-1.879723310470581,-1.6472761631011963,-1.6588865518569946,-1.4926044940948486
YPL282C,test,False,True,-2.088510751724243,-1.6721976041793822,-1.6276429891586304,-1.605327844619751,-1.1758694648742676,-1.9945127964019775,-1.9576349258422852,-0.8775722041726113,-1.2674038410186768,-1.3572484254837036,-1.0502049922943115,-0.11739624291658401,-0.5956075191497803,-1.1655806183815003,-1.629457950592041,-0.37970423698425293,-2.09147572517395,-0.7114260792732239,-1.0158390998840332
YPL283C,test,False,True,-2.088510751724243,-0.043114523589611056,0.2825721800327301,-0.3945547938346863,-1.0232493877410889,0.9621559381484985,-0.04249655455350876,0.680173921585083,0.3783160150051117,0.870449960231781,0.25284114480018616,1.4023703336715698,0.49689215421676636,-1.6503227829933167,-2.063399314880371,-1.595560073852539,-1.8866369724273682,-1.7962431907653809,-0.9097743630409241
YPL283W-A,test,False,False,-2.088510751724243,-0.48192642256617546,-1.086153268814087,-0.8952317833900452,0.047723542898893356,0.1114928349852562,-0.5874634385108948,-0.16073987372219561,-0.17196565866470337,-0.31028562784194946,-0.1821877360343933,-0.027835587039589882,-0.1114247590303421,-2.0963351249694826,-2.1560075283050537,-2.1812102794647217,-2.223548173904419,-1.8769912719726562,-2.0439183712005615
YPL283W-B,test,False,False,-2.088510751724243,-0.5777612805366517,-0.755517303943634,-1.2709476947784424,-0.849679708480835,0.5022076368331909,-0.5148693323135376,-0.16073987372219561,-0.17196565866470337,-0.31028562784194946,-0.1821877360343933,-0.027835587039589882,-0.1114247590303421,-2.164913606643677,-2.1724140644073486,-2.1877551078796387,-2.285461902618408,-2.0195472240448,-2.1593897342681885
YPR001W,test,True,True,-0.9524242281913757,-0.7220819532871247,-0.4721217751502991,-1.0489848852157593,-0.6712300181388855,-0.9316973686218262,-0.48637571930885315,-0.3616797439754009,-1.1303415298461914,-0.4004848301410675,-0.47850847244262695,0.1892101913690567,0.01172592118382454,-0.3010300576686859,0.18165162205696106,-0.15746885538101196,-0.5166015028953552,-0.1265338659286499,-0.8861976861953735
YPR002C-A,test,False,False,-1.7026679515838623,-0.33550493568181994,-0.3319229781627655,-1.0176275968551636,0.13688544929027557,0.06615101546049118,-0.5310105681419373,-0.16073987372219561,-0.17196565866470337,-0.31028562784194946,-0.1821877360343933,-0.027835587039589882,-0.1114247590303421,-1.1194409132003784,-1.3341388702392578,-1.692145824432373,0.28253912925720215,-1.278340220451355,-1.5751187801361084
YPR002W,test,False,True,-0.31523600220680237,-0.5467315316200256,-0.44852542877197266,-0.792466938495636,-0.47992831468582153,0.2918911576271057,-1.3046281337738037,0.08979742154479027,0.025947261601686478,0.09262645989656448,-0.1892555207014084,0.448694109916687,0.07097479701042175,-0.052245582640171054,-0.12076736241579056,0.18392807245254517,0.10209788382053375,-0.06216402351856232,-0.3643224835395813
YPR003C,test,True,True,-0.04051680862903595,0.7019633531570435,0.5912255644798279,0.8925222754478455,0.40844181180000305,1.252720594406128,0.36490651965141296,1.005748200416565,0.913244903087616,0.9658358693122864,1.2857943773269653,0.7820065021514893,1.0818593502044678,0.4352858990430832,0.2882646918296814,0.2028868943452835,0.4945072829723358,0.8241519331932068,0.36661869287490845
YPR004C,test,True,True,0.5967663526535034,0.7326013147830963,0.7859073281288147,0.834832489490509,0.5721656084060669,1.0270471572875977,0.4430539906024933,0.9681015253067017,0.8096831440925598,1.3902994394302368,0.9452988505363464,0.8897719979286194,0.8054541945457458,0.5484175026416779,0.7906362414360046,0.6749997735023499,0.42571258544921875,0.3741111755371094,0.47662773728370667
YPR005C,test,True,True,-0.2201756089925766,-0.4215060994029045,0.3843033015727997,-0.7630952000617981,-1.4152973890304565,-0.25737959146499634,-0.05606161803007126,-0.1766146294772625,-0.017730217427015305,-0.43671679496765137,-0.8344965577125549,0.138000950217247,0.2678694725036621,0.06809466183185578,0.7575412392616272,0.5880925059318542,-0.5915994048118591,-0.5338565707206726,0.12029553949832916
YPR006C,test,True,True,-0.891672670841217,-0.6007925912737846,-0.80046147108078,-1.197998046875,-0.0936228558421135,-0.5092843770980835,-0.40259620547294617,-0.4843359500169754,-0.6466130614280701,-0.8550137877464294,0.2362046092748642,-0.7569931745529175,-0.3992643356323242,-0.8276986241340637,-0.7908042669296265,-1.1041080951690674,-0.6365695595741272,-0.8091919422149658,-0.7978192567825317
YPR007C,test,True,True,-1.5663862228393555,-1.7823630571365356,-2.1330745220184326,-2.2085838317871094,-1.2837083339691162,-1.7021411657333374,-1.5843074321746826,-0.7367801785469055,-1.0113525390625,-1.419471025466919,-0.5363665819168091,-0.39428460597991943,-0.3224261403083801,-1.8828289747238158,-1.6516697406768799,-2.071967840194702,-2.0921270847320557,-1.612481713294983,-1.985898494720459
YPR008W,test,True,True,0.5415257811546326,0.04950914680957794,-0.39724001288414,0.4403662085533142,0.2357264757156372,-0.19076694548130035,0.15946000814437866,0.1739775836467743,0.10856470465660095,-0.13970941305160522,0.3462481200695038,0.43460264801979065,0.1201818585395813,0.047146144509315493,-0.5494784712791443,0.28283536434173584,0.649387538433075,-0.3520486056804657,0.20503489673137665
YPR009W,test,True,True,0.2743692994117737,0.35809299647808074,0.5169739127159119,0.34672001004219055,0.005984380841255188,1.0581203699111938,-0.1373336911201477,0.9045871019363403,0.6844741702079773,0.8485428690910339,1.112790822982788,1.5397568941116333,0.33737075328826904,0.4543414920568466,0.42845436930656433,0.438083291053772,0.23369969427585602,0.8591932654380798,0.31227684020996094
YPR010C,test,True,True,0.5656815767288208,0.7896363496780395,0.7476504445075989,0.9232068657875061,0.7435725331306458,1.02662193775177,0.507129967212677,1.0611913442611693,0.8743464350700378,1.2716301679611206,0.9152742028236389,1.162023901939392,1.0826820135116577,0.8574191927909851,0.832159698009491,0.9134518504142761,1.066481113433838,0.7834382653236389,0.6915650367736816
YPR010C-A,test,True,True,0.5609288811683655,0.18392442986369134,-0.1498333364725113,0.2665858268737793,-0.031215857714414597,0.116290383040905,0.7177951335906982,0.6321464061737061,0.5610315203666687,0.4321608245372772,0.34370627999305725,1.1227564811706543,0.7010769248008728,0.21071745865046979,0.48713117837905884,0.4768528342247009,-0.34483325481414795,-0.0019502881914377213,0.4363868236541748
YPR011C,test,True,False,-0.16557951271533966,-0.5481168687343597,-0.5601250529289246,-0.48941147327423096,-0.6901242136955261,-0.610997200012207,-0.38992640376091003,-0.16073987372219561,-0.17196565866470337,-0.31028562784194946,-0.1821877360343933,-0.027835587039589882,-0.1114247590303421,-0.49601022601127626,-0.007443562150001526,-0.21202272176742554,-0.7530522346496582,-0.15292789041996002,-1.354604721069336
YPR012W,test,False,False,-1.4246201515197754,-0.11780689936131239,-0.0475296713411808,-0.5102681517601013,-0.009123708121478558,0.14623957872390747,-0.16835254430770874,-0.16073987372219561,-0.17196565866470337,-0.31028562784194946,-0.1821877360343933,-0.027835587039589882,-0.1114247590303421,-1.0268564820289612,-0.7504938244819641,-1.5020065307617188,-0.7184388041496277,-0.8033692240715027,-1.3599740266799927
YPR013C,test,True,True,0.32971319556236267,-0.6469047248363495,-0.0989450216293335,-1.3367825746536255,-1.0169413089752197,-0.5772579908370972,-0.20459672808647156,0.46468156278133393,-0.2356686294078827,1.205361008644104,0.0872364193201065,0.6767847537994385,0.5896942615509033,0.44017691612243653,0.4059297442436218,1.7568283081054688,-1.133442759513855,0.5748090744018555,0.5967602133750916
YPR014C,test,False,False,-2.088510751724243,-0.26654759645462034,-0.7613996267318726,-0.85541170835495,-0.064594566822052,0.5593156814575195,-0.21064776182174683,-0.16073987372219561,-0.17196565866470337,-0.31028562784194946,-0.1821877360343933,-0.027835587039589882,-0.1114247590303421,-1.6920820236206056,-1.4613795280456543,-1.9660134315490723,-1.8860747814178467,-1.3825117349624634,-1.7644306421279907
YPR015C,test,True,True,-0.48620036244392395,0.461236784607172,0.0360838919878006,0.5949943661689758,0.382610023021698,1.275029182434082,0.017466459423303604,0.6230713725090027,-0.2687498927116394,0.9114047884941101,0.47551411390304565,1.225136160850525,0.7720516920089722,0.0010363072156906127,-1.411950707435608,-0.024202212691307068,0.4032891094684601,0.6703621745109558,0.36768317222595215
YPR016C,test,True,True,0.34613722562789917,1.0673040211200715,1.1856768131256104,1.0897061824798584,1.2739094495773315,1.2901309728622437,0.4970966875553131,1.132436788082123,1.112884521484375,1.2432708740234375,1.2344671487808228,1.1174074411392212,0.9541539549827576,1.120995044708252,0.6841827034950256,1.245434284210205,1.6509318351745605,1.3262428045272827,0.6981835961341858
YPR016W-A,test,False,False,-1.9736788272857666,-0.9058295488357544,-0.560005247592926,-1.3462190628051758,-0.7454496026039124,-0.38634753227233887,-1.491126298904419,-0.16073987372219561,-0.17196565866470337,-0.31028562784194946,-0.1821877360343933,-0.027835587039589882,-0.1114247590303421,-1.8816530227661132,-1.1469817161560059,-2.1345975399017334,-2.027710199356079,-2.036731004714966,-2.0622446537017822
YPR017C,test,True,True,0.7695294618606567,0.36072379127144816,0.4066770076751709,-0.03557726368308067,0.49336740374565125,0.9334853291511536,0.005666479468345642,0.6909862518310547,0.5398051738739014,0.7726372480392456,0.8423638939857483,0.7314146161079407,0.5687103271484375,0.11663112938404083,-0.007627442479133606,0.17253145575523376,0.30359286069869995,-0.18014061450958252,0.2947993874549866
YPR018W,test,True,True,0.6501332521438599,0.44771775379776957,0.5717464089393616,-0.02603582665324211,0.7402375340461731,0.8147788047790527,0.13786184787750244,0.6005064487457276,0.6153095960617065,0.4750151038169861,0.7317589521408081,0.6021236777305603,0.5783249139785767,0.3887939780950546,0.5162215232849121,-0.16780199110507965,1.2157456874847412,-0.4274664521217346,0.8072711229324341
YPR019W,test,False,True,0.3084491193294525,-0.1651505518704653,0.023612258955836296,-0.46872758865356445,0.46357741951942444,-0.11308895796537399,-0.7311258912086487,0.27579046934843066,0.3548595905303955,0.08269765228033066,0.2817871868610382,0.3525054156780243,0.3071025013923645,-0.14847336672246456,-0.29944831132888794,-0.624117910861969,0.2664414048194885,0.005040602758526802,-0.0902826189994812
YPR020W,test,True,True,0.16888144612312317,0.13477170430123805,0.04582826793193817,0.016946319490671158,0.7939438223838806,-0.022368034347891808,-0.16049185395240784,0.5280125081539154,0.38857948780059814,0.32130759954452515,0.8031435608863831,0.4437294900417328,0.6833024024963379,-0.328103332221508,-0.4715385437011719,-0.15224620699882507,0.16857501864433289,-0.03686156123876572,-1.1484453678131104
YPR021C,test,True,True,-0.330348938703537,-0.13726844042539596,-0.07017302513122559,-0.14945828914642334,-0.09077581763267517,0.07669840008020401,-0.45263347029685974,0.08376970812678337,0.011685159057378769,-0.14307250082492828,-0.18127892911434174,0.47000762820243835,0.26150718331336975,-0.2997801549732685,3.0525028705596924e-05,-1.067875862121582,-0.09790358692407608,-0.2883586883544922,-0.04479316249489784
YPR022C,test,True,True,0.45360851287841797,0.2216254949569702,0.4328085780143738,0.18080216646194458,0.25459834933280945,0.6752666234970093,-0.435348242521286,0.5859612941741943,0.7641004920005798,0.3610347807407379,0.6003422141075134,0.7329673767089844,0.47136160731315613,0.2066006362438202,0.40889376401901245,0.13421832025051117,0.36199939250946045,-0.1551416665315628,0.2830333709716797
YPR023C,test,True,True,0.5851549506187439,0.07637186050415039,-0.4709388017654419,0.24933871626853943,0.24404504895210266,0.5657312870025635,-0.20631694793701172,0.5371629685163498,-0.06528885662555695,0.483772337436676,0.7600009441375732,0.7523638010025024,0.7549666166305542,0.20173604488372804,-0.21842175722122192,0.14934134483337402,0.23176677525043488,0.6175827980041504,0.22841106355190277
YPR024W,test,True,True,0.6099821925163269,0.3342759184539318,-0.2725585699081421,0.059201475232839584,0.6983374953269958,0.8499771356582642,0.33642205595970154,0.7310148030519485,0.4312337636947632,0.7584065198898315,0.23604293167591095,1.3208726644515991,0.9085181355476379,0.16295234709978104,0.011516064405441284,-0.0031406953930854797,0.1319655478000641,0.5877102613449097,0.08671055734157562
YPR025C,test,True,True,0.5910552144050598,0.5044259324669838,0.48261624574661255,0.5716078877449036,0.4908907115459442,1.0231223106384277,-0.046107493340969086,0.7023513197898865,0.6100755929946899,0.7026472687721252,0.611223042011261,1.028115153312683,0.5596955418586731,0.6027530491352081,0.6857934594154358,0.6938075423240662,0.7311567664146423,0.6033934354782104,0.2996140420436859
YPR026W,test,False,False,-0.38801541924476624,-0.3030464604496956,-0.059059061110019684,-0.6190966963768005,-0.34707996249198914,0.19759514927864075,-0.6875917315483093,-0.16073987372219561,-0.17196565866470337,-0.31028562784194946,-0.1821877360343933,-0.027835587039589882,-0.1114247590303421,-1.1500809907913208,-0.9002842903137207,-1.3372299671173096,-1.1924728155136108,-1.062760591506958,-1.2576572895050049
YPR027C,test,True,True,-1.7935770750045776,-0.8289743006229401,-0.9483391642570496,-0.7984281182289124,-0.6978127360343933,-1.2781704664230347,-0.4221210181713104,-0.5790766209363938,-0.5762367248535156,-0.8681042194366455,-0.9731431603431702,-0.1826828569173813,-0.2952161431312561,-0.6264208763837814,-0.5689869523048401,-1.251347541809082,-0.5051330327987671,-0.6339787840843201,-0.1726580709218979
YPR028W,test,True,True,0.727773904800415,0.9580896914005279,1.0405235290527344,0.8545032143592834,0.983749270439148,1.4295985698699951,0.4820738732814789,0.8816185235977173,1.0067825317382812,0.47893887758255005,0.7961068749427795,1.3685473203659058,0.7577170133590698,0.5656719982624054,0.19610831141471863,0.708977997303009,0.6662183403968811,0.7448404431343079,0.5122148990631104
YPR029C,test,True,True,0.4323946535587311,0.7515247166156769,0.9949899315834045,0.703792929649353,0.8928409814834595,0.7565087080001831,0.40949103236198425,0.8479766249656677,1.03721022605896,0.6745420098304749,0.8303917050361633,0.8564022183418274,0.8413369655609131,0.7660694360733032,0.5740113854408264,0.8983361721038818,0.86949223279953,0.7891812920570374,0.6993260979652405
YPR030W,test,True,True,-0.9190059304237366,-1.096452498435974,-0.5316155552864075,-1.3202431201934814,-1.2208689451217651,-0.8996371626853943,-1.5098977088928223,-0.39023501574993136,-0.1772783398628235,-1.4970437288284302,-0.7908099293708801,0.39777645468711853,0.11618046462535858,-1.3041918754577637,-1.0750706195831299,-1.5890707969665527,-1.0369797945022583,-1.2487303018569946,-1.5711078643798828
YPR031W,test,True,True,-0.18508248031139374,-0.11759898662567139,-0.22393837571144104,0.4066270589828491,-0.07279437780380249,-0.2020941972732544,-0.49579504132270813,0.19483982883393763,-0.019698696210980415,0.18601763248443604,0.22864402830600739,0.4192486107349396,0.15998756885528564,0.2362123791128397,0.4821786880493164,0.790336549282074,0.09561777114868164,-0.02599899284541607,-0.16107212007045746
YPR032W,test,True,True,0.296891987323761,-0.37393057644367217,-0.304569810628891,-0.3013266921043396,-0.4263997972011566,-0.16511721909046173,-0.672239363193512,0.1983633153140545,0.13513141870498657,0.38109177350997925,0.02549092099070549,0.36931732296943665,0.08078514039516449,-0.22972528636455536,-0.17722845077514648,-0.21535606682300568,-0.26141107082366943,-0.1825692355632782,-0.312061607837677
YPR033C,test,True,True,0.4104873538017273,0.6953205049037934,0.9265400767326355,0.645751416683197,0.8305419683456421,0.6821377873420715,0.39163127541542053,1.329693651199341,0.8457812070846558,1.5421428680419922,1.4671207666397095,1.428283452987671,1.3651399612426758,0.8003042697906494,0.8346000909805298,0.9304898381233215,0.8016545176506042,0.7110252976417542,0.7237516045570374
YPR034W,test,True,True,0.7020313143730164,0.7764499843120575,0.9339609742164612,0.41665488481521606,1.0690910816192627,1.0720418691635132,0.39050111174583435,1.0164485216140746,0.5330069065093994,1.3606833219528198,1.0807511806488037,1.2372504472732544,0.8705507516860962,0.8006275534629822,0.726684033870697,0.9992571473121643,0.7803220152854919,0.7473326921463013,0.7495418787002563
YPR035W,test,True,True,1.4824684858322144,0.8194183349609375,0.8826228976249695,0.831540048122406,1.2308945655822754,0.5946971774101257,0.5573369860649109,1.1252526879310607,0.7198557257652283,0.615300178527832,1.4828013181686401,1.55064857006073,1.2576576471328735,0.9353148221969605,0.8322765231132507,1.1038050651550293,0.9539811611175537,0.8219196200370789,0.9645917415618896
YPR036W,test,True,True,0.8744816780090332,0.5078660488128662,0.7453896999359131,0.5219239592552185,0.7613071203231812,0.35034286975860596,0.16036659479141235,1.1724757909774781,0.8009152412414551,1.0967316627502441,1.5912368297576904,1.4609625339508057,0.9125326871871948,0.6511352717876434,0.2762451469898224,0.9413431882858276,1.3189704418182373,0.0872352123260498,0.63188236951828
YPR036W-A,test,True,True,3.1081831455230713,1.0192063271999359,2.3454487323760986,0.1675560176372528,0.8637145161628723,0.8623853325843811,0.8569270372390747,1.2193349093198775,1.0758682489395142,1.775339961051941,0.2278294414281845,1.768069863319397,1.2495670318603516,0.7734042882919312,0.7993835806846619,0.6849938035011292,1.0807263851165771,0.7020133137702942,0.5999043583869934
YPR037C,test,True,True,0.7396559119224548,0.3053006812930107,0.5210289359092712,-0.06778512895107269,0.5511885285377502,0.4988064169883728,0.023264653980731964,0.8200005888938904,0.855454683303833,0.8319591283798218,0.9269331097602844,0.7300166487693787,0.755639374256134,0.41017535924911497,0.49449169635772705,0.24039846658706665,0.5707913041114807,0.41700977087020874,0.3281855583190918
YPR038W,test,False,False,-1.7893805503845215,-0.2742286719381809,-0.4280206561088562,-0.3479672968387604,-0.05700929835438728,0.20120999217033386,-0.7393561005592346,-0.16073987372219561,-0.17196565866470337,-0.31028562784194946,-0.1821877360343933,-0.027835587039589882,-0.1114247590303421,-1.5637950897216797,-1.187198281288147,-1.6657259464263916,-1.6818888187408447,-1.3715864419937134,-1.9125759601593018
YPR039W,test,False,False,-2.088510751724243,-0.2940578103065491,-0.3076263666152954,-0.34330207109451294,-0.272504985332489,0.27268409729003906,-0.8195397257804871,-0.16073987372219561,-0.17196565866470337,-0.31028562784194946,-0.1821877360343933,-0.027835587039589882,-0.1114247590303421,-1.822205901145935,-1.51756751537323,-1.6958427429199219,-2.002863883972168,-1.870577096939087,-2.0241782665252686
YPR040W,test,True,True,0.4803764522075653,0.5525110065937042,0.48162466287612915,0.6125859618186951,0.49130651354789734,0.9789910316467285,0.19804686307907104,0.8717925667762756,0.9346514344215393,0.8546479344367981,0.9709446430206299,0.6949325203895569,0.903786301612854,0.5721415221691132,0.8279857039451599,0.4169861078262329,0.7139658331871033,0.6636545658111572,0.23811540007591248
YPR041W,test,True,True,1.2526652812957764,0.4787871778011322,0.2793966829776764,0.5633001923561096,0.6525717377662659,0.5831847786903381,0.315482497215271,0.5935058057308197,0.629976212978363,0.5517433881759644,0.4311196506023407,0.7053453922271729,0.6493443846702576,0.4716718703508377,0.686909019947052,0.5535652041435242,0.24774070084095,0.4287034869194031,0.4414409399032593
YPR042C,test,True,True,0.17029283940792084,0.6077439397573471,0.9925411343574524,0.44512608647346497,0.5760995149612427,0.8754608631134033,0.14949209988117218,0.8398504614830017,0.7674330472946167,0.7160685062408447,0.5963113903999329,1.1808069944381714,0.9386323690414429,0.9565947532653809,0.7066813111305237,0.7304827570915222,1.0441203117370605,1.4406377077102661,0.8610516786575317
YPR043W,test,True,True,1.9856042861938477,1.3642545342445374,1.9381426572799683,0.9788238406181335,1.5675842761993408,1.2803778648376465,1.0563440322875977,1.6274773120880126,1.5425982475280762,1.515953779220581,1.8998777866363525,1.9029966592788696,1.275960087776184,1.520883846282959,1.4580353498458862,0.638563871383667,2.2952802181243896,1.9493001699447632,1.2632396221160889
YPR044C,test,False,False,-1.6829833984375,-0.637460806965828,-0.9372751116752625,-0.9180118441581726,-0.8480938673019409,0.17042557895183563,-0.6543487906455994,-0.16073987372219561,-0.17196565866470337,-0.31028562784194946,-0.1821877360343933,-0.027835587039589882,-0.1114247590303421,-1.793834662437439,-1.526520848274231,-2.163092851638794,-2.038121461868286,-1.6208531856536865,-1.6205849647521973
YPR045C,test,True,True,0.7805144190788269,0.5288139283657074,0.5422943234443665,0.6885971426963806,0.5095835328102112,0.6964434385299683,0.20715120434761047,0.4989087462425232,0.3770875930786133,0.7308763265609741,0.27973997592926025,0.6349397301673889,0.4719001054763794,0.6699162542819976,0.3442206084728241,0.6465660929679871,0.8903456926345825,1.0905841588974,0.3778647184371948
YPR046W,test,True,True,0.49749132990837097,0.45182838588953017,0.38615381717681885,0.4184056520462036,0.8861924409866333,0.530001163482666,0.03838885575532913,0.5057986438274383,0.4020655155181885,0.6801589131355286,0.35247084498405457,0.5306695699691772,0.5636283755302429,0.4619941532611847,0.48774003982543945,0.5419797301292419,0.7574942708015442,0.20011097192764282,0.32264575362205505
YPR047W,test,True,True,0.12557938694953918,-0.06713638007640839,-0.1169591099023819,-0.3272419273853302,0.18715690076351166,0.18123842775821686,-0.25987619161605835,0.24715334922075272,0.24334073066711426,-0.07406555861234665,0.28823235630989075,0.33844634890556335,0.43981286883354187,0.09344171583652497,-0.003071501851081848,-0.12683779001235962,0.27523869276046753,0.26573094725608826,0.0561482310295105
YPR048W,test,True,True,0.38500770926475525,-0.07240425311028957,0.01892530359327793,-0.37696611881256104,0.05915852636098862,-0.0490327849984169,-0.01410619169473648,0.2442906305193901,0.11765679717063904,0.09468328207731247,0.2505135238170624,0.404533714056015,0.35406583547592163,-0.1025060087442398,-0.3933282792568207,-0.06922128796577454,0.1922260969877243,-0.39471715688705444,0.15251058340072632
YPR049C,test,True,True,-0.3040373623371124,0.5280740439891816,0.2778075337409973,0.7372878789901733,0.46484073996543884,0.936597466468811,0.22383660078048706,0.7655740261077881,0.7184132933616638,0.7944075465202332,0.8301717638969421,0.7905230522155762,0.6943544745445251,0.6578629016876221,0.6820107698440552,0.6072605848312378,1.0833841562271118,0.41308653354644775,0.5035724639892578
YPR050C,test,False,False,-1.5189731121063232,-0.33809635043144226,-0.5066965222358704,-0.8501558899879456,-0.033872395753860474,0.318939745426178,-0.6186966896057129,-0.16073987372219561,-0.17196565866470337,-0.31028562784194946,-0.1821877360343933,-0.027835587039589882,-0.1114247590303421,-1.3444315552711488,-0.8642488718032837,-2.018249273300171,-1.63138747215271,-0.7339641451835632,-1.4743080139160156
YPR051W,test,True,True,1.0074734687805176,0.33341497778892515,0.8768278360366821,0.36652207374572754,0.2766895890235901,0.41398224234580994,-0.26694685220718384,0.7716850101947784,0.9493224620819092,0.864676296710968,0.8317638039588928,0.4896170198917389,0.7230454683303833,0.5468672901391983,0.7881393432617188,0.7425245642662048,0.6738029718399048,0.4204251170158386,0.10944445431232452
YPR052C,test,True,True,-0.19396597146987915,-0.020586748048663138,0.49256324768066406,0.06973622739315033,0.1787613481283188,0.017449134960770607,-0.8614436984062195,0.5930038511753082,0.8374825119972229,0.7084996104240417,0.788885772228241,-0.1969744861125946,0.8271258473396301,-0.1413530707359314,-0.022749900817871094,0.49297887086868286,-1.3109636306762695,0.6883715391159058,-0.554402232170105
YPR053C,test,False,False,0.2122475504875183,-0.4703404873609543,-0.2395886927843094,-1.0115644931793213,-0.1489688605070114,0.21011067926883698,-1.1616910696029663,-0.16073987372219561,-0.17196565866470337,-0.31028562784194946,-0.1821877360343933,-0.027835587039589882,-0.1114247590303421,-0.7273580636829138,-0.31107696890830994,-0.9079554080963135,-1.4485700130462646,-0.029853476211428642,-0.9393344521522522
YPR054W,test,True,True,-1.800399899482727,0.0022368580102920532,-0.21934163570404053,1.064915418624878,-0.15092243254184723,-0.3013414144515991,-0.3821256458759308,0.38666866570711134,0.10508459806442261,-0.045304857194423676,0.3088134527206421,0.7076801061630249,0.8570700287818909,0.05243744254112244,0.2938756048679352,0.39831963181495667,-0.7753790020942688,0.06755787134170532,0.2778131067752838
YPR055W,test,True,True,0.006045721936970949,0.642151290178299,1.0640404224395752,0.4546389579772949,0.5324646830558777,0.9243050813674927,0.23530730605125427,0.9292269825935364,0.8038297295570374,1.0113459825515747,0.9637025594711304,0.9970865249633789,0.8701701164245605,0.7116041660308838,0.8410000205039978,0.5089492201805115,0.7528015971183777,0.8795252442359924,0.5757447481155396
YPR056W,test,False,True,0.3363363742828369,0.4148717701435089,0.18901020288467407,0.2816201448440552,0.5417395234107971,0.7917498350143433,0.2702391445636749,0.7238117218017578,0.834943413734436,0.6538834571838379,0.7777707576751709,0.7210448384284973,0.6314161419868469,0.3856901049613953,0.39092618227005005,0.46049320697784424,0.7190747261047363,0.090142160654068,0.2678142488002777
YPR057W,test,True,True,0.20946061611175537,0.8316955983638763,1.1506940126419067,1.1017789840698242,0.79808109998703,0.9529529809951782,0.1549709141254425,0.8663510084152222,0.7166320085525513,1.024891972541809,1.1020841598510742,0.7710295915603638,0.7171173095703125,0.7177996873855591,0.8345464468002319,0.396194189786911,0.9655551314353943,0.9860250353813171,0.40667763352394104
YPR058W,test,True,True,-0.19542531669139862,-0.2787453606724739,0.18047019839286804,-0.14936614036560059,0.027496151626110077,-0.8964250683784485,-0.5559019446372986,0.3684655547142029,0.42680996656417847,0.1918468475341797,0.5376878976821899,0.2771327495574951,0.4088503122329712,0.11436827145516873,0.23153868317604065,-0.07978645712137222,0.3979414701461792,-0.0220924224704504,0.044240083545446396
YPR059C,test,False,False,-1.667330265045166,-0.2935927823185921,-0.34071481227874756,-0.8707795143127441,-0.14628489315509796,-0.10325079411268234,-0.0069338977336883545,-0.16073987372219561,-0.17196565866470337,-0.31028562784194946,-0.1821877360343933,-0.027835587039589882,-0.1114247590303421,-1.0529200673103332,0.48175013065338135,-1.9512450695037842,-1.7425673007965088,-1.7686400413513184,-0.2838980555534363
YPR060C,test,True,True,0.5555434823036194,0.42811626344919207,0.4856288433074951,0.5561928749084473,0.639106035232544,0.5359235405921936,-0.0762699767947197,0.5773894309997558,0.2924238443374634,0.7748070359230042,0.77794349193573,0.6392730474472046,0.4024997353553772,0.17377649992704391,0.11259322613477707,-0.23805269598960876,0.42309051752090454,0.14990568161010742,0.4213457703590393
YPR061C,test,True,True,-0.4234486520290375,0.940245407819748,1.5912723541259766,0.7273009419441223,0.948548436164856,1.0305497646331787,0.4035555422306061,1.0490565657615663,1.1933872699737549,0.9801538586616516,1.1010022163391113,0.9760973453521729,0.9946421384811401,0.7695097684860229,0.7838748097419739,0.3665047883987427,1.0853053331375122,0.9499306082725525,0.6619333028793335
YPR062W,test,True,True,1.5032622814178467,0.6074996158480644,0.5013737082481384,0.9602026343345642,0.6852739453315735,0.7701525688171387,0.12049522250890732,1.0768691778182984,1.0832219123840332,1.2789547443389893,1.1506731510162354,0.9696159362792969,0.901880145072937,0.41706414967775346,-0.010754741728305817,0.6230146288871765,1.0025612115859985,-0.04034529626369476,0.5108449459075928
YPR063C,test,True,True,1.0710760354995728,-0.48253958821296694,-0.7638413310050964,-0.16387367248535156,-0.19265930354595184,-0.1799207180738449,-1.1124029159545898,-0.48948889672756196,-0.1767576038837433,-0.906185507774353,-0.7366072535514832,-0.19954098761081696,-0.42835313081741333,-0.4400319933891296,-0.21220704913139343,-0.8741384148597717,-0.23994341492652893,-0.37910497188568115,-0.49476611614227295
YPR064W,test,False,False,-1.8751901388168335,-0.1406352698802948,0.1106121838092804,-0.236398845911026,0.17138983309268951,-0.12722603976726532,-0.6215534806251526,-0.16073987372219561,-0.17196565866470337,-0.31028562784194946,-0.1821877360343933,-0.027835587039589882,-0.1114247590303421,-1.6103867292404175,-1.1548469066619873,-1.3716027736663818,-1.6184144020080566,-1.791293978691101,-2.1157755851745605
YPR065W,test,True,True,1.872467279434204,1.3784556627273559,1.3739742040634155,1.4773170948028564,1.3183599710464478,1.6866083145141602,1.0360187292099,1.2948683142662047,1.0096122026443481,2.0425562858581543,0.6012327075004578,1.6657930612564087,1.1551473140716553,1.1407816380262374,1.4198545217514038,1.8101649284362793,1.6005851030349731,0.04902319610118866,0.8242804408073425
YPR066W,test,False,True,-0.39606431126594543,-0.06706093177199364,-0.22100955247879028,-0.03592107817530632,-0.15836772322654724,0.384873628616333,-0.30487993359565735,0.18896813020110131,-0.004575800150632858,0.07096029072999954,0.24800583720207214,0.45509034395217896,0.17535997927188873,0.14901153445243837,0.12306486815214157,-0.07676342874765396,0.14537523686885834,0.2445071041584015,0.30887389183044434
YPR067W,test,True,True,0.8205110430717468,0.6464534819126129,1.0556128025054932,0.6033806800842285,0.49423646926879883,0.7729398012161255,0.3060976564884186,0.743118417263031,0.6571317911148071,0.914196789264679,0.4614454507827759,0.9592495560646057,0.7235684990882874,0.8581306338310242,0.7015659213066101,0.735063910484314,1.1614725589752197,1.1395505666732788,0.5530002117156982
YPR068C,test,True,True,-0.2711314558982849,0.060045211017131804,0.2062220722436905,-0.7721640467643738,0.7531287670135498,0.20561473071575165,-0.09257546812295914,0.22506238371133805,0.09922994673252106,0.002286948263645172,0.24989594519138336,0.4390413761138916,0.334857702255249,-0.2554749697446823,0.18747371435165405,-0.8688243627548218,0.08023719489574432,-0.5060795545578003,-0.17018184065818787
YPR069C,test,True,True,0.21001195907592773,-0.16368208304047585,0.4149320721626282,-0.6711170077323914,-0.053779978305101395,-0.28175830841064453,-0.22668719291687012,-0.20376727506518363,0.15007832646369934,-0.6562892198562622,-0.33714431524276733,-0.18029217422008514,0.004811007529497147,0.03492603227496147,0.5065481066703796,-0.15840643644332886,0.03809529170393944,0.29758960008621216,-0.509196400642395
YPR070W,test,True,True,0.2929215729236603,-0.07051201835274697,0.2097119688987732,-0.41264793276786804,0.041249606758356094,0.10790923982858658,-0.29878297448158264,0.3675914406776428,0.6282483339309692,0.3034639358520508,0.2212963104248047,0.4244343936443329,0.2605142295360565,0.02166697084903717,0.383895605802536,-0.06692221760749817,0.3395201563835144,-0.1523943990468979,-0.3957642912864685
YPR071W,test,True,True,0.15582045912742615,0.14892682135105134,0.3855072259902954,0.17083872854709625,0.19010251760482788,0.19981256127357483,-0.20162692666053772,0.34732580184936523,0.38326284289360046,0.14643076062202454,0.3378918468952179,0.5845762491226196,0.28446730971336365,-0.1046769917011261,-0.005349218845367432,-0.5518977046012878,0.1775352507829666,-0.3143284022808075,0.17065511643886566
YPR072W,test,True,True,0.682544469833374,0.2051697077229619,0.42944374680519104,0.7004724144935608,0.009890378452837467,0.4384227395057678,-0.5523807406425476,0.2151848554611206,0.1452259123325348,0.6613006591796875,-0.5492479205131531,0.31091007590293884,0.507735550403595,0.550261777639389,0.7635436058044434,0.5360221266746521,0.7525750398635864,0.7872217297554016,-0.0880536139011383
YPR073C,test,True,True,0.6062354445457458,0.4562781721353531,0.5069542527198792,-0.0662255734205246,0.722118079662323,0.6920751333236694,0.42646896839141846,0.5604697048664093,0.6249405741691589,0.1310538649559021,0.6691674590110779,0.8958356976509094,0.48135092854499817,0.42137823104858396,0.13099020719528198,0.22352474927902222,0.562492311000824,0.5758023858070374,0.6140815019607544
YPR074C,test,True,True,1.013850212097168,1.4440896272659303,1.5259259939193726,1.5825614929199219,1.1943604946136475,1.6881126165390015,1.2294875383377075,1.5468692541122437,1.3841991424560547,1.7026004791259766,1.5683608055114746,1.3673572540283203,1.711828589439392,1.468303108215332,1.439414143562317,1.51621413230896,2.13158917427063,0.8601113557815552,1.3941867351531982
YPR074W-A,test,False,False,-1.8977502584457397,-1.1011137962341309,-0.8410490155220032,-0.6519233584403992,-1.9139565229415894,-0.8741295337677002,-1.2245105504989624,-0.16073987372219561,-0.17196565866470337,-0.31028562784194946,-0.1821877360343933,-0.027835587039589882,-0.1114247590303421,-1.8463859558105469,-1.8859604597091675,-1.8243515491485596,-2.0510852336883545,-1.9649325609207153,-1.5055999755859375
YPR075C,test,True,True,0.8531057834625244,0.8565178751945496,0.7261548638343811,1.362647294998169,0.8356315493583679,0.91252601146698,0.44562965631484985,0.6247095465660095,0.12079346179962158,1.0360941886901855,0.6075380444526672,0.8400865197181702,0.5190355181694031,0.7895400285720825,0.1532796025276184,1.2460272312164307,1.021925449371338,0.987493097782135,0.5389747619628906
YPR076W,test,False,False,-1.617417812347412,-0.003891134262084961,0.04748767614364624,-0.5153716206550598,0.36889520287513733,0.30428546667099,-0.22475239634513855,-0.16073987372219561,-0.17196565866470337,-0.31028562784194946,-0.1821877360343933,-0.027835587039589882,-0.1114247590303421,-1.5032667517662048,-1.8602688312530518,-1.747948408126831,-1.482169508934021,-0.5014200806617737,-1.9245269298553467
YPR077C,test,False,False,-2.088510751724243,0.21619563549757004,0.3375404179096222,-0.10138767957687378,0.346070796251297,0.5042011141777039,-0.005446471273899078,-0.16073987372219561,-0.17196565866470337,-0.31028562784194946,-0.1821877360343933,-0.027835587039589882,-0.1114247590303421,-0.8483481738716364,-0.7410841584205627,-1.2637958526611328,-1.1378068923950195,-0.0247028935700655,-1.0743510723114014
YPR078C,test,True,True,-1.940317153930664,-1.1326393365859986,-1.4048771858215332,-1.5208923816680908,-0.8264339566230774,-0.2668007016181946,-1.6441924571990967,-1.0817812740802766,-1.556358814239502,-1.9500397443771362,-0.837083101272583,-0.35214701294898987,-0.7132776975631714,-0.7798758029937745,-0.7316024303436279,-1.271355390548706,-0.9477754235267639,-0.301984965801239,-0.6466608047485352
YPR079W,test,True,True,0.4310239851474762,-0.5823821824043989,-0.9143890738487244,-0.7461212277412415,-0.0755770280957222,-0.027766598388552666,-1.148056983947754,-0.011322341859340668,-0.23153959214687347,-0.1512937843799591,0.1483825445175171,0.07070783525705338,0.10713128745555878,-0.8461042314767837,-1.31465744972229,-0.9390941262245178,-0.0919230729341507,-0.5514035820960999,-1.3334429264068604
YPR080W,test,True,True,0.9588358402252197,1.5212611436843873,1.1172629594802856,1.4316790103912354,1.6350152492523193,1.8378257751464844,1.5845227241516113,1.7108770608901978,1.954937219619751,1.4817490577697754,1.8244786262512207,1.8912898302078247,1.401930570602417,1.425111711025238,1.0937284231185913,0.7984138131141663,2.118317127227783,1.4277468919754028,1.6873522996902466
YPR081C,test,True,True,-0.030704617500305176,-1.5346709966659546,-1.1094766855239868,-1.5966699123382568,-1.6788034439086914,-1.3751881122589111,-1.9132168292999268,-0.9259046792984009,-0.9285126328468323,-1.1462987661361694,-0.8691061735153198,-0.5749016404151917,-1.1107041835784912,-1.2574595093727112,-1.196624755859375,-1.2550814151763916,-1.615925669670105,-0.49179965257644653,-1.7278660535812378
YPR082C,test,True,True,0.4077508747577667,-0.7653255373239517,-0.8682276606559753,-0.7659081816673279,-0.7619479894638062,0.1836402863264084,-1.6141841411590576,0.4670982912182808,0.4871443510055542,-0.0484953448176384,0.5007535219192505,0.971723198890686,0.42436572909355164,-0.3599099412560463,-0.2160538136959076,-0.8162792325019836,0.40146660804748535,0.12435593456029892,-1.2930392026901245
YPR083W,test,False,True,-0.14244955778121948,0.26481200456619264,0.4292055070400238,0.3128470778465271,-0.15791946649551392,1.1327108144760132,-0.39278391003608704,0.7099908471107483,0.8225647211074829,0.22988027334213257,0.6740854382514954,1.1156481504440308,0.7077756524085999,0.33442225977778434,0.2900182604789734,0.1143893152475357,0.6384115815162659,0.5687479376792908,0.060544203966856
YPR084W,test,False,True,0.31660687923431396,-0.013042455911636353,0.45068246126174927,-0.1929122358560562,-0.3205864131450653,0.21788649260997772,-0.22028258442878723,0.03683498278260231,-0.09759818017482758,-0.1556326150894165,0.07388405501842499,0.3992407023906708,-0.035719048231840134,0.1981227070093155,0.16491198539733887,0.024189099669456482,0.21201415359973907,0.35733354091644287,0.23216475546360016
YPR085C,test,False,True,-0.22848032414913177,0.12518280297517775,0.2697438597679138,-0.21964186429977417,0.14745737612247467,0.42639777064323425,0.0019568726420402527,0.46635183691978455,0.4395635426044464,0.4217977523803711,0.4744720160961151,0.5556334257125854,0.44029244780540466,0.06942501366138458,0.2908823490142822,0.0928867757320404,0.1533704400062561,-0.28487899899482727,0.09486450254917145
YPR086W,test,False,True,0.870729923248291,-0.45741075128316877,-0.29960504174232483,-0.7526935935020447,-0.9125457406044006,0.07850009948015213,-0.40070948004722595,0.4254043400287628,0.30657118558883667,0.4003671407699585,0.3016563355922699,0.6422242522239685,0.4762027859687805,0.15999067425727845,0.4216560125350952,-0.14234580099582672,0.10461607575416565,0.17841127514839172,0.23761580884456635
YPR087W,test,False,False,-1.6625139713287354,-0.3755674883723259,-0.07693424820899963,-0.5509592890739441,-0.4596998393535614,-0.07578655332326889,-0.7144575119018555,-0.16073987372219561,-0.17196565866470337,-0.31028562784194946,-0.1821877360343933,-0.027835587039589882,-0.1114247590303421,-0.8405866771936417,-0.2631722390651703,-1.6461193561553955,-0.8484696745872498,-1.2825762033462524,-0.16259591281414032
YPR088C,test,True,True,0.5347812175750732,0.05146464407444,-0.20355679094791412,-0.06666164845228195,-0.1850297898054123,0.5913980603218079,0.12117338925600052,0.6933365345001221,0.7649925351142883,0.5485879778862,0.782622218132019,0.6228362321853638,0.7476437091827393,0.4261954613029957,0.6450528502464294,-0.01220899447798729,0.9951320290565491,0.26469555497169495,0.23830586671829224
YPR089W,test,False,True,0.41571345925331116,0.3842037722468376,0.4981326460838318,0.39541807770729065,0.36618396639823914,0.592787504196167,0.06849666684865952,0.7649718046188354,0.8642438650131226,0.7730408310890198,0.8659543395042419,0.6022995710372925,0.7193204164505005,0.3165194600820541,0.6520045399665833,0.25708508491516113,0.5561359524726868,-0.10025858879089355,0.2176303118467331
YPR091C,test,True,True,0.17341940104961395,0.060202063620090486,-0.15178386867046356,-0.17830675840377808,0.48049670457839966,0.09381156414747238,0.05679267644882202,0.5696233868598938,0.8133498430252075,0.5156216025352478,0.42457491159439087,0.5589268207550049,0.5356437563896179,0.25485235899686814,-0.09606079012155533,0.3731025159358978,0.3324497938156128,0.4077731966972351,0.25699707865715027
YPR092W,test,False,False,-1.8215807676315308,-0.6723399996757508,-0.48267805576324463,-0.9907516837120056,-0.6579211950302124,-0.3578140139579773,-0.8725350499153137,-0.16073987372219561,-0.17196565866470337,-0.31028562784194946,-0.1821877360343933,-0.027835587039589882,-0.1114247590303421,-1.2098434805870055,-1.6822181940078735,-0.6415706872940063,-0.6887896656990051,-1.2954469919204712,-1.7411918640136719
YPR093C,test,True,True,0.511422336101532,0.4148609861731529,0.9185419082641602,0.1885809600353241,0.7573280930519104,0.30026620626449585,-0.09041223675012589,0.5626916289329529,0.3778136372566223,0.2141890525817871,1.1455085277557373,0.7583346366882324,0.31761229038238525,0.20504267811775206,0.4844849705696106,-0.23945575952529907,0.6206961274147034,0.4811230003833771,-0.3216349482536316
YPR094W,test,True,True,0.48936015367507935,0.36134272664785383,0.17158786952495575,0.10512909293174744,1.0267800092697144,0.5348072648048401,-0.03159060329198837,0.5233975857496261,0.37706804275512695,0.6339666843414307,0.7863766551017761,0.6800293922424316,0.13954715430736542,0.14823901355266572,0.2586996257305145,0.28708726167678833,0.440338671207428,0.11892606317996979,-0.36385655403137207
YPR095C,test,True,True,0.1337207853794098,-0.0268964521586895,-0.2962116003036499,0.011892903596162796,0.22617323696613312,0.4245261549949646,-0.5008629560470581,0.2390081390738487,0.19101093709468842,-0.010580845177173615,0.30499327182769775,0.48388680815696716,0.2257305234670639,0.18442506194114686,0.5294426083564758,-0.12295982241630554,0.28882071375846863,0.09935931861400604,0.1274624913930893
YPR096C,test,True,True,0.4936728775501251,-0.023193103075027467,-0.0973808765411377,-0.2286684215068817,0.1930052936077118,0.3904881477355957,-0.3734096586704254,0.35241965651512147,0.3855467438697815,0.27549055218696594,0.39527541399002075,0.41631191968917847,0.28947365283966064,-0.09385823011398316,0.1743876338005066,-0.5839723944664001,-0.23801395297050476,0.08181002736091614,0.0964975357055664
YPR097W,test,False,True,0.11031106114387512,-0.3334489267319441,-0.6606727242469788,-0.43775951862335205,0.21632890403270721,-0.016194945201277733,-0.7689463496208191,0.2763045892119408,0.4067404866218567,0.09943854063749313,0.21858732402324677,0.45593634247779846,0.20082025229930878,-0.18326656930148602,-0.08587135374546051,-0.4111143946647644,-0.09999867528676987,0.009622963145375252,-0.32897138595581055
YPR098C,test,True,True,0.0434931144118309,0.5241306722164154,0.6475047469139099,0.4689784646034241,0.8037735223770142,1.1898261308670044,-0.4894295036792755,0.8523184061050415,0.7292845249176025,0.9215986728668213,0.8758158087730408,0.9566805362701416,0.7782124876976013,0.5837129592895508,0.5625352263450623,0.6123159527778625,0.8310233950614929,0.5305578708648682,0.382132351398468
YPR099C,test,False,False,-0.6626415252685547,-0.8052144423127174,-1.1922882795333862,-0.7597498893737793,-0.5789414048194885,-0.045025356113910675,-1.4500672817230225,-0.16073987372219561,-0.17196565866470337,-0.31028562784194946,-0.1821877360343933,-0.027835587039589882,-0.1114247590303421,-1.4137324213981628,-1.1315020322799683,-1.87062406539917,-1.4958264827728271,-0.6981409192085266,-1.8725686073303223
YPR100W,test,True,True,1.353677749633789,0.911611533164978,1.2427524328231812,1.2148773670196533,0.8264943361282349,0.8692419528961182,0.40469157695770264,0.6127443790435791,0.5546144843101501,0.5935990214347839,0.5985788702964783,0.6191639304161072,0.697765588760376,0.808487331867218,0.500614583492279,0.4665732979774475,0.8708735108375549,1.6258357763290405,0.5785394906997681
YPR101W,test,True,True,1.155868411064148,0.889284759759903,1.2165727615356445,0.6754392981529236,1.0536352396011353,1.0382413864135742,0.4625351130962372,0.8504969358444214,0.8756563663482666,0.809238612651825,0.821690022945404,0.8713891506195068,0.8745105266571045,0.6957570791244507,0.5501917004585266,0.48589450120925903,0.7904232740402222,1.0629206895828247,0.5893552303314209
YPR102C,test,True,True,0.9722728729248047,1.4290268659591674,1.950036883354187,1.479179859161377,1.2421624660491943,1.4004085063934326,1.0733466148376465,1.6027741432189941,1.5380914211273193,1.8175431489944458,1.602900743484497,1.7554843425750732,1.2998510599136353,1.3770359635353089,1.3008662462234497,1.599315881729126,1.7489994764328003,0.9946950078010559,1.2413032054901123
YPR103W,test,True,True,1.0704882144927979,1.5170476675033568,1.7477452754974365,1.326831340789795,1.7340259552001953,1.7634278535842896,1.0132079124450684,1.4170888662338257,1.5451903343200684,1.6926370859146118,0.9778228402137756,1.8837426900863647,0.9860513806343079,1.2773622155189515,0.7820335030555725,1.5902061462402344,1.3847970962524414,1.0640580654144287,1.56571626663208
YPR104C,test,True,True,0.4790937304496765,-0.4936012014746666,0.2272210419178009,-1.2021757364273071,-0.0400787815451622,-0.64687180519104,-0.8061007261276245,-0.9164855122566223,-1.0965280532836914,-1.6171128749847412,-0.2714706063270569,-0.7677048444747925,-0.8296111822128296,0.11760079264640808,0.3996589779853821,-0.5251005291938782,0.4679204821586609,-0.11135932803153992,0.3568843603134155
YPR105C,test,True,True,0.012957881204783916,0.34760007858276365,0.2062475085258484,0.26640585064888,0.10532909631729126,0.8181374073028564,0.34188053011894226,0.9054310560226441,0.5873012542724609,1.3611868619918823,0.8011268377304077,1.219862937927246,0.5576773881912231,0.4870602935552597,0.6630827784538269,0.8247859477996826,-0.08840435743331909,0.15160374343395233,0.8842333555221558
YPR106W,test,True,True,-0.05383434146642685,0.1766677524894476,0.5166081786155701,0.006895553320646286,0.5130169987678528,-0.02615138702094555,-0.12703058123588562,0.6581729888916016,0.38870540261268616,1.1297577619552612,0.3844016492366791,0.7370902299880981,0.6509099006652832,0.3413459062576294,-0.26989537477493286,0.49045324325561523,0.6435061097145081,0.1858465075492859,0.6568190455436707
YPR107C,test,True,True,0.346192866563797,0.03316061869263649,0.40070727467536926,0.09853291511535645,-0.02547358348965645,0.11272332817316055,-0.42068684101104736,0.6051050543785095,0.39679235219955444,0.6602985858917236,0.7067141532897949,0.6825096607208252,0.5792105197906494,0.5452618479728699,0.38868141174316406,0.4859737157821655,0.7133836150169373,0.7736021876335144,0.3646683096885681
YPR108W,test,True,True,0.9620803594589233,0.35027841478586197,0.33431434631347656,0.25369131565093994,0.14774003624916077,0.9303168654441833,0.08532951027154922,0.6633098363876343,0.47415482997894287,0.6892099976539612,0.764494001865387,0.7657123804092407,0.6229779720306396,0.46356319189071654,0.4493524134159088,0.43931105732917786,0.7469673156738281,0.2712801694869995,0.41090500354766846
YPR108W-A,test,False,True,-2.088510751724243,-0.009890381619334221,0.5454806089401245,0.14950384199619293,-0.19137661159038544,0.012632021680474281,-0.5656917691230774,-0.05839222893118858,0.29487305879592896,-0.16341093182563782,-0.007219936698675156,0.23434250056743622,-0.6505458354949951,-0.39724518060684205,-0.5602579116821289,-0.2992416024208069,-0.2545642852783203,-0.05956912040710449,-0.8125929832458496
YPR109W,test,True,True,0.016956975683569908,0.805910611152649,0.7258309125900269,0.9658457636833191,0.9421106576919556,0.8396230936050415,0.5561426281929016,0.6152488589286804,0.5994383096694946,0.42213112115859985,0.8787282109260559,0.6032096147537231,0.5727370381355286,0.7778924524784088,0.7890501618385315,0.8218172192573547,0.8177475929260254,1.1049643754959106,0.3558829128742218
YPR110C,test,True,True,0.6642172336578369,0.26925403252243996,0.24340492486953735,0.02385614439845085,0.34865567088127136,0.7347718477249146,-0.004418425261974335,0.9271544575691223,0.3709203600883484,1.1642441749572754,1.190805435180664,1.2122780084609985,0.6975243091583252,0.6011601686477661,0.4511379599571228,0.24655529856681824,1.1808221340179443,0.32852140069007874,0.7987640500068665
YPR111W,test,True,True,0.24969817698001862,0.47756450772285464,0.6888039708137512,0.37311434745788574,0.4579029381275177,0.5559338331222534,0.312067449092865,0.532045578956604,0.5652090311050415,0.6162440180778503,0.2974315285682678,0.759617030620575,0.4217262864112854,0.8737915635108948,1.1078113317489624,0.8204836249351501,1.0819350481033325,0.8252926468849182,0.5334351658821106
YPR112C,test,True,True,0.6652969121932983,0.8575725555419922,1.0412750244140625,1.1234763860702515,0.6452556252479553,0.7485628128051758,0.7292929291725159,1.1898462533950807,0.692367434501648,1.675606608390808,1.3192024230957031,1.0792304277420044,1.1828243732452393,0.8639312267303467,0.29817497730255127,1.1061863899230957,0.9979811310768127,0.9501287341117859,0.9671849012374878
YPR113W,test,True,True,0.6050480604171753,-0.005103300511837006,0.058737240731716156,0.43874529004096985,-0.3540574014186859,-0.17639818787574768,0.007456555962562561,0.5828511118888855,0.07271939516067505,0.9096059203147888,0.748849093914032,0.5216397047042847,0.661441445350647,0.029782517254352568,-0.1976172924041748,-0.009806923568248749,-0.3346308171749115,0.2980411648750305,0.3929264545440674
YPR114W,test,False,True,0.8805071115493774,0.5048926115036011,0.5723829865455627,0.6253980994224548,0.4113750755786896,0.5759367346763611,0.33937016129493713,0.4856830358505249,0.4829307198524475,0.4642177224159241,0.5406485199928284,0.5828717947006226,0.357746422290802,0.36312923580408096,0.3651575446128845,0.38988736271858215,0.11956322938203812,0.639908492565155,0.301129549741745
YPR115W,test,True,True,0.4768902063369751,0.20527942776679992,0.18161621689796448,0.6100273728370667,0.1668074131011963,0.4590282738208771,-0.39108213782310486,0.286577033996582,0.2642987370491028,0.522267758846283,0.17702822387218475,0.30463147163391113,0.16465897858142853,0.3767749935388565,0.13345113396644592,0.77473384141922,0.4198867678642273,0.4153338372707367,0.14046938717365265
YPR116W,test,True,True,-0.36647725105285645,0.07478362321853638,0.37831974029541016,-0.1063930094242096,0.17549943923950195,0.33609527349472046,-0.4096033275127411,0.376574969291687,0.35172387957572937,0.23044732213020325,0.4674791097640991,0.4625416100025177,0.3706829249858856,0.14364522099494934,0.29074352979660034,0.5876142978668213,0.4560437500476837,-0.17771422863006592,-0.4384612441062927
YPR117W,test,True,True,-0.39701709151268005,-0.09216615557670593,-0.39734554290771484,0.5949312448501587,-0.4486091434955597,0.31295257806777954,-0.5227599143981934,0.4302373379468918,0.14925312995910645,0.24882516264915466,0.7880147099494934,0.7765640020370483,0.18852968513965607,-0.31114275604486463,-0.6545063853263855,-0.1218697801232338,-0.31600797176361084,-0.0639958381652832,-0.39933380484580994
YPR118W,test,True,True,0.11121770739555359,0.27988141775131226,0.32763853669166565,0.5891708731651306,0.09494318068027496,0.4072055220603943,-0.019551023840904236,0.3334172308444977,0.5770829916000366,0.24389636516571045,0.08841767907142639,0.4003432095050812,0.35734590888023376,0.307798345386982,-0.023028306663036346,0.22647997736930847,0.2762297987937927,0.6679505705833435,0.39135968685150146
YPR119W,test,True,True,0.7766158580780029,0.5810970723628998,0.631182849407196,0.6175408959388733,0.2957581579685211,1.2049386501312256,0.15606480836868286,1.0156258583068847,0.6373147368431091,1.739814043045044,0.5192715525627136,1.1178563833236694,1.0638725757598877,0.6242299675941467,0.5775715112686157,0.6997223496437073,0.7666000723838806,0.6138410568237305,0.46341484785079956
YPR120C,test,True,True,0.1777881383895874,0.35814386904239653,0.40863534808158875,-0.038418687880039215,0.5751867890357971,0.9294015765190125,-0.08408568054437637,0.5322926282882691,0.33827608823776245,0.16822832822799683,0.6563121676445007,0.998141884803772,0.5005046725273132,0.2636267304420471,-0.3788345456123352,0.8374728560447693,0.9909064173698425,-0.4230707585811615,0.2916596829891205
YPR121W,test,True,False,-0.6720236539840698,-0.916678537428379,-0.36989060044288635,-1.9589958190917969,-0.9280573129653931,-0.12320856004953384,-1.2032403945922852,-0.16073987372219561,-0.17196565866470337,-0.31028562784194946,-0.1821877360343933,-0.027835587039589882,-0.1114247590303421,-1.66320743560791,-1.2411962747573853,-2.1734933853149414,-1.5704870223999023,-1.3276296854019165,-2.0032308101654053
YPR122W,test,True,True,0.11472439765930176,0.291260190308094,0.5680447816848755,0.1640036553144455,0.3331797420978546,0.49194636940956116,-0.10087359696626663,0.5301815889775753,-0.03678034618496895,0.7742066383361816,0.6118258237838745,0.8418152332305908,0.4598405957221985,0.2358572393655777,0.27574604749679565,0.30980464816093445,0.12906692922115326,0.3919011354446411,0.07276743650436401
YPR123C,test,False,False,-1.4605296850204468,-0.2700349256396294,0.4421941041946411,-0.32243627309799194,-0.47886714339256287,0.09172064810991287,-1.082785964012146,-0.16073987372219561,-0.17196565866470337,-0.31028562784194946,-0.1821877360343933,-0.027835587039589882,-0.1114247590303421,-1.489582884311676,-0.2511170506477356,-1.761181116104126,-1.6979385614395142,-1.7552260160446167,-1.9824516773223877
YPR124W,test,True,True,-0.41800427436828613,-0.7953644961118698,0.11695368587970734,-1.668086051940918,-1.183948278427124,-0.6282798051834106,-0.6134620308876038,-0.5765309609472752,0.4540240466594696,-1.1274514198303223,-1.5939369201660156,-0.5558637380599976,-0.059426773339509964,-0.2188735455274582,0.44366416335105896,-0.9008567333221436,-0.6988147497177124,-0.044802576303482056,0.1064421683549881
YPR125W,test,False,True,0.5841535329818726,0.32739990055561063,0.48694074153900146,0.3929864764213562,0.25765010714530945,0.14896701276302338,0.3504551649093628,0.7489733695983887,0.9219938516616821,0.622347891330719,0.809401273727417,0.8348134756088257,0.5563103556632996,0.3553644195199013,0.25809764862060547,0.6111140251159668,0.12262440472841263,0.3056248426437378,0.4793611764907837
YPR126C,test,False,False,-1.689320683479309,-0.5447776317596436,-0.7289924621582031,-0.9674562811851501,-0.8081129193305969,0.14463457465171814,-0.3639610707759857,-0.16073987372219561,-0.17196565866470337,-0.31028562784194946,-0.1821877360343933,-0.027835587039589882,-0.1114247590303421,-1.7097885847091674,-1.5601872205734253,-2.112377166748047,-1.9244211912155151,-1.1768635511398315,-1.7750937938690186
YPR127W,test,True,True,-0.16888369619846344,0.8642880737781524,0.49710172414779663,1.0676822662353516,1.2415533065795898,1.0295770168304443,0.48552605509757996,0.6877476871013641,0.8046518564224243,0.1372157633304596,1.2027819156646729,0.7580958008766174,0.5359930992126465,0.8411356687545777,0.8093510270118713,0.9606925845146179,0.8469876646995544,0.9165095686912537,0.6721374988555908
YPR128C,test,True,True,-0.4116979241371155,0.007156988978385926,0.08794590830802917,-0.03141951560974121,-0.06752900779247284,0.4668203592300415,-0.420032799243927,0.4318157732486725,0.18513622879981995,0.33804863691329956,0.6539784669876099,0.597364068031311,0.384551465511322,0.3895154297351837,0.5144640803337097,0.39575713872909546,0.46857568621635437,0.2245103120803833,0.34426993131637573
YPR129W,test,True,True,1.2357637882232666,0.5560238897800446,0.5612651705741882,0.11331409215927124,0.6153921484947205,1.113006353378296,0.37714168429374695,0.9769694089889527,0.854326069355011,1.0638128519058228,0.8600760102272034,1.1827387809753418,0.9238933324813843,0.5807511568069458,0.2815244197845459,0.6960711479187012,0.5100058317184448,0.8133739829063416,0.6027804017066956
YPR130C,test,False,False,-1.0726063251495361,-0.5643269419670105,-0.23272785544395447,-0.767744779586792,-0.29126235842704773,-0.3356090784072876,-1.1942906379699707,-0.16073987372219561,-0.17196565866470337,-0.31028562784194946,-0.1821877360343933,-0.027835587039589882,-0.1114247590303421,-1.790745735168457,-1.2810808420181274,-2.1377339363098145,-1.626294732093811,-1.8677587509155273,-2.040860414505005
YPR131C,test,True,True,0.2802828550338745,1.1862363457679748,1.8976995944976807,1.3514988422393799,0.7482406497001648,1.293989658355713,0.639752984046936,1.4384023666381835,1.4283535480499268,1.8469663858413696,1.2376761436462402,1.5633727312088013,1.11564302444458,0.8874451011419296,1.170418620109558,0.3689150810241699,1.6190826892852783,0.16311852633953094,1.1156905889511108
YPR132W,test,True,True,1.0209909677505493,1.5561072826385498,1.8200167417526245,1.8216378688812256,1.3495351076126099,1.4558278322219849,1.3335188627243042,1.7278948307037354,1.6904356479644775,2.088322639465332,1.9049994945526123,1.6813745498657227,1.2743418216705322,1.616085958480835,1.8375767469406128,1.582817792892456,1.5912569761276245,1.4937301874160767,1.5750480890274048
YPR133C,test,True,True,0.9142868518829346,0.4304542541503906,0.40401265025138855,0.6089162230491638,0.7504760026931763,0.7061152458190918,-0.3172488510608673,0.5432990729808808,0.34838980436325073,0.6003873944282532,0.63336580991745,0.8464829921722412,0.2878693640232086,0.7755585610866547,0.7422985434532166,0.9501946568489075,1.0265381336212158,0.9345390796661377,0.22422239184379578
YPR133W-A,test,True,True,2.485689163208008,0.4213931694626808,0.5598426461219788,0.7583481669425964,0.42490193247795105,0.45931780338287354,-0.0954447016119957,0.718425989151001,0.574998140335083,0.8540465235710144,0.8225154280662537,0.7616658210754395,0.5789040327072144,0.4785218328237534,0.7631338834762573,0.7764137983322144,0.4373103976249695,0.045308634638786316,0.3704424500465393
YPR134W,test,True,False,0.06467356532812119,-0.6515824496746063,-1.2018132209777832,-0.3379650413990021,-0.42196395993232727,-0.33521291613578796,-0.9609571099281311,-0.16073987372219561,-0.17196565866470337,-0.31028562784194946,-0.1821877360343933,-0.027835587039589882,-0.1114247590303421,-1.4501943588256836,-1.0446528196334839,-1.3056702613830566,-1.7187446355819702,-1.42338228225708,-1.7585217952728271
YPR135W,test,True,True,-0.0015004918677732348,0.3359603494405746,0.6566860675811768,0.2758554518222809,0.21902041137218475,0.7352208495140076,-0.20698103308677673,0.6140679121017456,0.47592663764953613,0.751140832901001,0.5257956385612488,0.8448664546012878,0.4726099967956543,-0.043352861702442166,0.02647676318883896,-0.24951240420341492,0.2772837281227112,-0.3648754358291626,0.09386304020881653
YPR136C,test,False,False,-1.8955533504486084,-0.9038369059562683,-0.5270786881446838,-1.3934413194656372,-0.6122872233390808,-0.5355444550514221,-1.4508328437805176,-0.16073987372219561,-0.17196565866470337,-0.31028562784194946,-0.1821877360343933,-0.027835587039589882,-0.1114247590303421,-2.1259774923324586,-2.1659233570098877,-2.127047538757324,-2.2417850494384766,-1.9978078603744507,-2.0973236560821533
YPR137W,test,True,True,0.8700509071350098,0.6154878199100494,0.7136303782463074,0.6230176091194153,0.8358096480369568,1.2033593654632568,-0.2983779013156891,1.117038869857788,0.9441671371459961,1.2853548526763916,1.4630224704742432,1.052281141281128,0.8403687477111816,0.7206694304943084,0.6879584789276123,0.6675271391868591,1.464163064956665,0.40524277091026306,0.3784556984901428
YPR138C,test,True,True,0.2411171942949295,-1.2068910598754883,-1.2361156940460205,-0.9778558015823364,-1.2589820623397827,-1.0399596691131592,-1.5215420722961426,-0.41753049194812775,-1.1891453266143799,-0.24415713548660278,-1.0419585704803467,-0.2026875764131546,0.5902961492538452,-0.8287686869502068,-1.2859129905700684,-1.1342053413391113,-1.4873485565185547,-0.04251610487699509,-0.19386044144630432
YPR139C,test,True,True,0.6423280835151672,0.10836636051535606,0.2817681133747101,0.06580036878585815,-0.027948100119829178,0.3800981044769287,-0.15788668394088745,0.8216622233390808,0.7266823053359985,1.0260118246078491,0.7765697836875916,0.7547495365142822,0.8242976665496826,-0.01696811392903328,-0.22783392667770386,0.1067456305027008,0.4643236994743347,-0.4613809585571289,0.033304985612630844
YPR140W,test,True,True,0.10246644169092178,0.33687790483236313,0.19555529952049255,0.7086063027381897,0.15025687217712402,0.7051818370819092,-0.07521078735589981,0.5124792128801345,0.4820641279220581,0.3471313714981079,0.7187560796737671,0.7911993861198425,0.22324509918689728,0.3851135432720184,0.17887917160987854,0.5662403106689453,0.6084430813789368,0.1658746302127838,0.40613052248954773
YPR141C,test,True,True,0.13992832601070404,0.498660059273243,0.6689367890357971,0.3288276195526123,0.5078086256980896,0.8673283457756042,0.12039891630411148,0.6857396781444549,0.5381556749343872,0.7119417190551758,0.8291341066360474,0.872365415096283,0.47710147500038147,0.44561087489128115,0.32924872636795044,0.17639929056167603,0.8811672925949097,0.44012972712516785,0.40110933780670166
YPR142C,test,False,False,-1.8432248830795288,-0.3712454319000244,-0.3375595510005951,-0.8683903217315674,-0.16175222396850586,-0.2660840153694153,-0.22244104743003845,-0.16073987372219561,-0.17196565866470337,-0.31028562784194946,-0.1821877360343933,-0.027835587039589882,-0.1114247590303421,-1.6225920796394349,-0.7999952435493469,-2.0695996284484863,-1.2784278392791748,-1.9436628818511963,-2.0212748050689697
YPR143W,test,True,True,1.3073354959487915,0.9370339095592499,1.4203846454620361,0.8378158211708069,1.025160551071167,1.0193921327590942,0.38241639733314514,1.0837878584861755,1.1067649126052856,1.3000342845916748,1.2349828481674194,0.8966237306594849,0.8805335164070129,0.8713840842247009,1.1360074281692505,0.6166394352912903,1.583167314529419,0.4153861999511719,0.605720043182373
YPR144C,test,True,True,0.4604417681694031,0.9261962532997131,0.6122468113899231,1.00994074344635,1.1319023370742798,1.3374607563018799,0.5394306182861328,1.2270468711853026,1.1581828594207764,0.8610551357269287,1.0717660188674927,1.6603204011917114,1.3839099407196045,0.7638121515512466,0.31486374139785767,1.3572924137115479,0.921795666217804,0.17345233261585236,1.0516566038131714
YPR145C-A,test,True,True,-0.18859218060970306,0.5295035064220428,0.30982086062431335,0.481875479221344,0.08862727880477905,1.0930302143096924,0.6741636991500854,0.6477877676486969,0.1229768693447113,0.3632526397705078,0.8618006110191345,1.186505675315857,0.7044030427932739,0.7386726856231689,0.4835137724876404,1.499415397644043,0.5498493313789368,0.5963250398635864,0.5642598867416382
YPR145W,test,True,True,1.4271697998046875,1.0811916708946228,0.6955117583274841,1.3579318523406982,0.9017806649208069,1.7216002941131592,0.7291337847709656,1.3161938190460205,0.9999436140060425,1.8158270120620728,0.7161825895309448,1.7829703092575073,1.2660455703735352,1.2598207116127014,1.6550348997116089,1.6988351345062256,1.2299755811691284,1.0655075311660767,0.6497504115104675
YPR146C,test,False,False,-0.365792840719223,-0.6227482840418815,-0.6336546540260315,-1.1332995891571045,-1.0713872909545898,-0.098622165620327,-0.17677772045135498,-0.16073987372219561,-0.17196565866470337,-0.31028562784194946,-0.1821877360343933,-0.027835587039589882,-0.1114247590303421,-1.000711941719055,-0.6666589975357056,-1.6147291660308838,-1.1823298931121826,-1.0591734647750854,-0.48066818714141846
YPR147C,test,False,True,0.02802719920873642,0.34535229206085205,0.11555051803588867,0.24604389071464539,0.4899807870388031,0.7215062975883484,0.1536799669265747,0.37565168738365173,0.5067784786224365,0.1409987509250641,0.35807570815086365,0.4750908315181732,0.3973146677017212,0.33003065586090086,0.5551385879516602,-0.20399001240730286,0.23941344022750854,0.7194902300834656,0.340101033449173
YPR148C,test,True,True,0.661849856376648,1.4302964806556702,1.4720547199249268,1.6867326498031616,1.3727118968963623,1.6434895992279053,0.9764935374259949,1.5647705316543579,1.4921493530273438,1.3779574632644653,1.9872270822525024,1.4798728227615356,1.4866459369659424,0.953796899318695,0.4803154468536377,1.104513168334961,1.5002379417419434,1.0068732500076294,0.677044689655304
YPR149W,test,True,True,1.1745121479034424,-0.15596851222217084,0.44131526350975037,-0.09220762550830841,-0.3330003619194031,0.01945064403116703,-0.8154004812240601,0.2508019834756851,0.19788908958435059,0.26664331555366516,-0.0996251255273819,0.9850335121154785,-0.09593087434768677,-0.3906200110912323,-0.2509293556213379,-0.41048505902290344,-0.6569880247116089,-0.49110668897628784,-0.14359092712402344
YPR150W,test,False,False,-0.9649407267570496,-0.9814322471618653,-1.5428647994995117,-1.5931487083435059,-0.4071085751056671,-0.2756560742855072,-1.0883830785751343,-0.16073987372219561,-0.17196565866470337,-0.31028562784194946,-0.1821877360343933,-0.027835587039589882,-0.1114247590303421,-1.7850574493408202,-1.8386088609695435,-2.191951036453247,-1.598440408706665,-1.1987143754959106,-2.0975725650787354
YPR151C,test,True,False,-0.6189508438110352,-0.09289877787232399,-0.19622313976287842,-0.002178039401769638,-0.5931036472320557,0.4047137498855591,-0.07770281285047531,-0.16073987372219561,-0.17196565866470337,-0.31028562784194946,-0.1821877360343933,-0.027835587039589882,-0.1114247590303421,-0.3588642552495003,-0.057617463171482086,-0.48677951097488403,-0.8879712224006653,-0.1976502388715744,-0.16430284082889557
YPR152C,test,True,False,0.28906092047691345,-0.3125381976366043,-0.5174782276153564,-0.8732088208198547,-0.1554936319589615,0.13886895775794983,-0.1553792655467987,-0.16073987372219561,-0.17196565866470337,-0.31028562784194946,-0.1821877360343933,-0.027835587039589882,-0.1114247590303421,-1.0096288561820983,-1.2102094888687134,-1.3134651184082031,-0.9045310616493225,-1.363871693611145,-0.2560669183731079
YPR153W,test,False,False,-0.5025051236152649,0.014975067973136903,0.8684431314468384,-0.2583433985710144,-0.8092632293701172,0.30285584926605225,-0.028817012906074524,-0.16073987372219561,-0.17196565866470337,-0.31028562784194946,-0.1821877360343933,-0.027835587039589882,-0.1114247590303421,-1.1600702166557313,-0.6179503202438354,-0.883442223072052,-1.9020376205444336,-1.2018682956695557,-1.1950526237487793
YPR154W,test,True,True,1.3382643461227417,0.9627020597457886,1.4208598136901855,0.9309918284416199,1.0093365907669067,0.9848512411117554,0.46747082471847534,0.8329221963882446,0.6920201778411865,0.7702029943466187,1.0683469772338867,1.0278407335281372,0.606200098991394,0.7075990289449692,0.6206462383270264,1.3514759540557861,0.12976418435573578,0.6679994463920593,0.7681093215942383
YPR155C,test,True,True,-0.028160933405160904,0.14012608528137208,0.18255245685577393,-0.22491374611854553,0.29231342673301697,0.2723897099494934,0.17828857898712158,0.41419280767440797,0.3739398717880249,0.3254665434360504,0.3887554705142975,0.5539841651916504,0.4288179874420166,0.10049247592687607,-0.022119618952274323,-0.18093794584274292,0.6161269545555115,-0.04316681623458862,0.13255980610847473
YPR156C,test,True,True,0.23947133123874664,0.37597544193267823,0.15704771876335144,0.3737053871154785,0.24170953035354614,0.8685343861579895,0.2388801872730255,0.34870186969637873,0.12989267706871033,-0.13751092553138733,0.009917374700307846,0.8228859305381775,0.9183242917060852,0.4976265490055084,0.43172159790992737,0.2195776402950287,0.7066659331321716,0.6575747132301331,0.47259286046028137
YPR157W,test,True,True,-0.5788564682006836,-0.881919527053833,-1.1456892490386963,-0.4263507127761841,-0.7108271718025208,-1.2285573482513428,-0.8981731534004211,-0.22395969405770302,-0.09451520442962646,-0.4829600751399994,-0.37997201085090637,-0.21035973727703094,0.04800855740904808,-0.15708358399569988,-0.010853191837668419,0.20690226554870605,0.17998723685741425,-0.4659043252468109,-0.6955499053001404
YPR158W,test,True,True,1.0065457820892334,0.43168395161628725,0.45898866653442383,-0.3467458188533783,0.5395408272743225,0.7272365093231201,0.779399573802948,0.9302306771278381,0.570101797580719,1.310202717781067,0.655819296836853,1.0983283519744873,1.0167012214660645,1.1457730054855346,1.2559601068496704,1.1936147212982178,1.1032450199127197,1.2462373971939087,0.9298077821731567
YPR159C-A,test,True,True,-1.0829640626907349,-0.26219519674777986,-0.19170664250850677,-0.5414042472839355,-0.29491737484931946,0.6351988315582275,-0.918146550655365,0.38123766630887984,0.6855353713035583,0.6668996214866638,0.3125796616077423,0.0660158023238182,0.17515787482261658,-0.47297548651695254,0.15345999598503113,0.30141139030456543,-1.1775574684143066,-0.5882782340049744,-1.0539131164550781
YPR159W,test,True,True,0.7029479146003723,1.0440826892852784,1.0105867385864258,1.2499206066131592,0.9866233468055725,1.4319618940353394,0.5413208603858948,1.4576070785522461,1.5573914051055908,1.903466820716858,1.0546833276748657,1.565582513809204,1.206911325454712,0.7772190809249878,0.712213933467865,1.005357027053833,0.3670763373374939,0.9975897073745728,0.8038583993911743
YPR160C-A,test,False,False,-1.3417809009552002,-0.6243290856480599,-0.827111542224884,-0.7620133757591248,-0.3436782658100128,-0.12249965220689774,-1.0663425922393799,-0.16073987372219561,-0.17196565866470337,-0.31028562784194946,-0.1821877360343933,-0.027835587039589882,-0.1114247590303421,-1.8644007921218873,-1.9328235387802124,-2.1112430095672607,-1.9933264255523682,-1.4836137294769287,-1.800997257232666
YPR160W,test,False,True,-0.7287850975990295,0.10412331223487854,0.21904891729354858,-0.7332530617713928,0.16562868654727936,0.783750057220459,0.0854419618844986,-0.34885587766766546,-1.4368417263031006,-0.7035813927650452,0.0361575148999691,0.14861662685871124,0.211369588971138,0.6101002141833305,1.107455849647522,0.05808567255735397,0.6883156299591064,0.8908147811889648,0.30582913756370544
YPR160W-A,test,False,False,-2.088510751724243,-0.08402901738882065,-0.6777471899986267,-0.3199782967567444,0.10156476497650146,0.4720095098018646,0.004006125032901764,-0.16073987372219561,-0.17196565866470337,-0.31028562784194946,-0.1821877360343933,-0.027835587039589882,-0.1114247590303421,-0.09169681072235107,-0.15688443183898926,-0.33496177196502686,0.25548475980758667,0.03442740440368652,-0.25655001401901245
YPR161C,test,True,True,0.5830186009407043,0.6565982818603515,0.6901043653488159,0.7612268328666687,0.811592698097229,0.7440527081489563,0.2760148048400879,0.9285648345947266,0.9353574514389038,0.9716951251029968,1.1856067180633545,0.9347478747367859,0.6154170036315918,0.7661119818687439,0.7675371170043945,0.7110499739646912,1.188697338104248,0.47352564334869385,0.6897498369216919
YPR162C,test,False,False,0.1490389108657837,0.2504400297999382,0.9523395895957947,0.15037879347801208,0.4032954275608063,-0.15641631186008453,-0.0973973497748375,-0.16073987372219561,-0.17196565866470337,-0.31028562784194946,-0.1821877360343933,-0.027835587039589882,-0.1114247590303421,-0.40694759115576745,0.3090142011642456,-0.20916587114334106,0.018145252019166946,-1.4617961645126343,-0.6909353733062744
YPR163C,test,True,True,0.9227486252784729,0.23006125688552856,0.36601465940475464,0.1980254054069519,0.3613884747028351,0.35346561670303345,-0.12858787178993225,0.47128782868385316,0.4287787079811096,0.4723573923110962,0.35725003480911255,0.7859921455383301,0.3120608627796173,0.49876723289489744,0.3989463746547699,0.42353829741477966,0.6473747491836548,0.4357532262802124,0.5882235169410706
YPR164W,test,True,True,0.06585467606782913,-0.15866733193397523,-0.12903235852718353,-0.5120564699172974,-0.2244700938463211,0.33459925651550293,-0.262376993894577,-0.05981932282447815,-0.40318554639816284,-0.22099709510803223,0.12908895313739777,0.3024757504463196,-0.10647867619991302,-0.19684812128543855,0.3479612469673157,-1.1349060535430908,0.06571047008037567,-0.10838711261749268,-0.15461915731430054
YPR165W,test,True,True,0.9790582656860352,0.7254357099533081,0.7458967566490173,0.5614822506904602,0.6753771901130676,1.2710965871810913,0.37332576513290405,0.8364190459251404,0.8023734092712402,0.48991942405700684,0.9810999035835266,1.2700204849243164,0.6386820077896118,0.9492933988571167,1.2044239044189453,0.937824547290802,1.0324864387512207,0.851799726486206,0.7199323773384094
YPR166C,test,True,True,-0.013963745906949043,0.8257912755012512,1.3993898630142212,0.9311690926551819,0.6478732228279114,0.656380295753479,0.49414390325546265,0.9422425389289856,0.7481288909912109,1.0031136274337769,1.2911202907562256,0.9142205119132996,0.754629373550415,0.6176371216773987,0.566053569316864,0.7593393921852112,0.7011525630950928,0.5898962616920471,0.4717438220977783
YPR167C,test,True,True,0.040643516927957535,0.18374377191066743,0.25125136971473694,-0.04992515593767166,0.3209856450557709,0.48035550117492676,-0.08394850045442581,0.5012180775403976,0.15162034332752228,0.27745118737220764,0.5539557337760925,0.8567830920219421,0.6662800312042236,0.15404678434133529,0.1033463105559349,0.7008509039878845,0.040553972125053406,0.12097401916980743,-0.19549128413200378
YPR168W,test,True,True,-0.11571411788463593,0.22566073387861252,0.4359552264213562,0.10796649754047394,0.24279095232486725,0.41231173276901245,-0.07072073966264725,0.2800725556910038,-0.04988988861441612,0.1436731517314911,0.1583697348833084,0.885793924331665,0.2624158561229706,0.024836717545986174,-0.23759427666664124,0.28110581636428833,0.019762061536312103,-0.1343255192041397,0.1952355057001114
YPR169W,test,True,True,0.66619873046875,-0.2334195762872696,0.08279906213283539,-0.4180799126625061,0.3319597840309143,-0.6337371468544006,-0.5300396680831909,0.008240161836147309,-0.1751956343650818,-0.10790503770112991,-0.15697118639945984,0.24276243150234222,0.23851023614406586,0.16238740384578704,0.5165033936500549,0.4161558747291565,0.4986010789871216,-0.19861413538455963,-0.42070919275283813
YPR169W-A,test,False,False,-2.088510751724243,-0.04111758470535278,0.7754318714141846,-0.3949543535709381,0.23606377840042114,0.254412442445755,-1.0765416622161865,-0.16073987372219561,-0.17196565866470337,-0.31028562784194946,-0.1821877360343933,-0.027835587039589882,-0.1114247590303421,-0.2928676337003708,0.4659174084663391,0.12076343595981598,-0.41990965604782104,-0.36349260807037354,-1.2676167488098145
YPR170C,test,False,False,-1.228011131286621,0.058641400188207626,0.45583605766296387,-0.1150452196598053,0.02007560059428215,-0.1113349124789238,0.04367547482252121,-0.16073987372219561,-0.17196565866470337,-0.31028562784194946,-0.1821877360343933,-0.027835587039589882,-0.1114247590303421,-1.2374375104904174,-1.3949105739593506,-1.1355226039886475,-1.3967430591583252,-1.370470643043518,-0.8895406723022461
YPR170W-A,test,False,False,-2.088510751724243,-0.17965121269226075,0.25235968828201294,-0.7050577998161316,0.22116249799728394,0.4013879895210266,-1.0681084394454956,-0.16073987372219561,-0.17196565866470337,-0.31028562784194946,-0.1821877360343933,-0.027835587039589882,-0.1114247590303421,-0.654030579328537,0.1336628496646881,-0.3725685477256775,-0.3664286732673645,-1.2911021709442139,-1.3737163543701172
YPR170W-B,test,False,True,-1.4901995658874512,0.9547398656606674,1.4720573425292969,0.9571108222007751,0.9577236771583557,1.2178963422775269,0.1689111441373825,1.379112672805786,1.3379826545715332,1.666666865348816,1.435225486755371,1.5884255170822144,0.8672628402709961,1.0051992774009704,1.0377827882766724,1.4281466007232666,1.0263917446136475,0.7792748808860779,0.754400372505188
YPR171W,test,True,True,0.46786919236183167,0.05890720374882221,-0.002940541133284569,-0.300850510597229,0.25366970896720886,0.6183346509933472,-0.2736772894859314,0.6488413453102112,0.6546567678451538,0.7527568340301514,0.713948667049408,0.6208275556564331,0.5020169019699097,0.1418839745223522,0.035178229212760925,-0.00186055526137352,0.3669518232345581,0.08489271253347397,0.2242576628923416
YPR172W,test,True,True,0.4075910151004791,0.3840086206793785,0.7785379886627197,0.1619543582201004,0.25267207622528076,0.6487096548080444,0.07816902548074722,0.35674005299806594,0.636562705039978,0.11060331016778946,0.30228835344314575,0.3745691478252411,0.3596767485141754,0.523927241563797,0.5662306547164917,0.3234143555164337,0.7226284146308899,0.5062946677207947,0.501068115234375
YPR173C,test,False,True,1.0180516242980957,0.5753012955188751,0.6705581545829773,0.4618593454360962,0.5526369214057922,0.8815929293632507,0.30985912680625916,0.5368373572826386,0.7804103493690491,0.20891064405441284,0.8448838591575623,0.4358863830566406,0.41409555077552795,0.40349542945623396,0.12207432836294174,0.4054693579673767,0.7105239033699036,0.44108474254608154,0.33832481503486633
YPR174C,test,True,True,0.4943625032901764,0.5280842006206512,0.44130948185920715,1.1347651481628418,0.34816494584083557,0.8419613838195801,-0.12577995657920837,0.7882018327713013,0.6374675035476685,0.7992294430732727,0.8466419577598572,0.9016821384429932,0.7559881210327148,0.3917468532919884,0.05698602646589279,0.47303658723831177,0.7994290590286255,0.2770584225654602,0.3522241711616516
YPR175W,test,True,True,0.21858875453472137,-0.39001266062259676,-0.35849422216415405,-0.2472953349351883,-0.8018827438354492,0.3196594715118408,-0.862050473690033,0.37717045843601227,0.12406526505947113,0.6663004159927368,0.16458675265312195,0.7924222350120544,0.138477623462677,-0.36119164526462555,0.2722850441932678,-0.6306520104408264,-0.931887149810791,-0.4002518057823181,-0.11545230448246002
YPR176C,test,True,True,0.028016716241836548,0.4762712508440018,0.04492945969104767,0.6857661604881287,0.43027105927467346,0.9627783298492432,0.2576112449169159,0.5739452540874481,0.37828120589256287,0.5858871936798096,0.5778934955596924,0.7244820594787598,0.603182315826416,0.548013174533844,0.44698959589004517,0.38188445568084717,0.8858182430267334,0.4489781856536865,0.5763953924179077
YPR177C,test,False,False,-2.0011391639709473,-0.15380577743053436,0.05973106622695923,-0.10494297742843628,-0.45746108889579773,-0.38153165578842163,0.1151757687330246,-0.16073987372219561,-0.17196565866470337,-0.31028562784194946,-0.1821877360343933,-0.027835587039589882,-0.1114247590303421,-1.4727686047554016,-1.972975254058838,-1.632308006286621,-1.6578633785247803,-1.4203799962997437,-0.6803163886070251
YPR178W,test,True,True,0.20991475880146027,0.2709937319159508,-0.24570828676223755,0.13989105820655823,0.5887120962142944,0.792702317237854,0.07937147468328476,0.42593532204627993,0.37415286898612976,0.26097357273101807,0.32291582226753235,0.7559329271316528,0.41570141911506653,0.4992544770240784,0.3668091595172882,0.4379723370075226,0.6506558656692505,0.658905565738678,0.3819294571876526
YPR179C,test,True,True,0.3514207899570465,0.15781312063336372,0.31658560037612915,-0.01029866561293602,0.3127858638763428,0.21667054295539856,-0.046677738428115845,0.36063292920589446,0.21652577817440033,0.3295901417732239,0.3860488831996918,0.6038647890090942,0.26713505387306213,0.15356683731079102,0.3235000967979431,0.010214142501354218,0.12050949037075043,0.06912840157747269,0.24448205530643463
YPR180W,test,True,True,0.014030802994966507,-0.03447016030550003,0.15257035195827484,-0.20372655987739563,0.03433239459991455,0.11799318343400955,-0.27352017164230347,0.43920527696609496,0.3288094401359558,0.6833694577217102,0.2983931005001068,0.4965076148509979,0.3889467716217041,0.004857403039932251,0.18435350060462952,-0.32848215103149414,0.13654477894306183,-0.03183211386203766,0.06370300054550171
YPR181C,test,True,True,1.0113255977630615,0.4952982008457184,0.622752845287323,0.41394543647766113,0.9070636630058289,0.7243337035179138,-0.1916046440601349,1.118408989906311,0.6639580726623535,1.0342459678649902,1.2791365385055542,1.6887379884719849,0.9259663820266724,0.936663806438446,1.0742202997207642,1.1169118881225586,0.518653392791748,1.2821563482284546,0.6913771033287048
YPR182W,test,True,True,1.5914597511291504,0.5135876536369324,0.22762608528137207,0.6914471983909607,0.5902313590049744,0.8818026185035706,0.17683100700378418,1.1078388035297393,0.4259161651134491,1.3703315258026123,0.9962347149848938,1.711262822151184,1.0354487895965576,0.6828206002712249,0.7264553308486938,0.7352392673492432,0.8173065781593323,0.7593486905097961,0.37575313448905945
YPR183W,test,True,True,1.366305947303772,0.8927624940872192,1.0669528245925903,1.1565406322479248,0.8754154443740845,1.2151708602905273,0.14973270893096924,1.106730008125305,1.0480291843414307,1.2432036399841309,1.2382947206497192,1.0905975103378296,0.9135249853134155,0.6657930254936218,0.5299702286720276,0.7478107213973999,0.8463364839553833,0.6316814422607422,0.5731662511825562
YPR184W,test,False,True,-0.2153036743402481,0.1962127260863781,0.8065553307533264,-0.01951916143298149,0.3821638524532318,0.0551321879029274,-0.24326857924461365,-0.18652657121419908,-0.10334371030330658,-0.498337984085083,-0.15604384243488312,0.04942774027585983,-0.22433505952358246,0.09221808463335038,0.5751979351043701,0.045791931450366974,0.39886248111724854,0.36832043528556824,-0.927082359790802
YPR185W,test,True,True,0.4848250448703766,0.07227790653705597,0.36328285932540894,-0.28934648633003235,-0.078484445810318,0.41647228598594666,-0.0505346804857254,0.32653738409280775,0.530057966709137,0.061976589262485504,0.224365234375,0.38096144795417786,0.4353256821632385,0.1636098377406597,0.20316070318222046,-0.012550696730613708,0.48316335678100586,0.11486940085887909,0.02940642461180687
YPR186C,test,True,True,0.30767524242401123,0.35137677639722825,0.3617575764656067,0.3042835593223572,0.34946537017822266,0.7089183926582336,0.03245898336172104,0.3790261447429657,0.3505987524986267,0.27179139852523804,0.4385039508342743,0.42809832096099854,0.4061383008956909,0.39251587614417077,0.5097543597221375,0.2648046612739563,0.7674725651741028,0.38255003094673157,0.037997763603925705
YPR187W,test,True,True,1.2839267253875732,0.30064081847667695,0.266246497631073,-0.0668327584862709,0.726884126663208,0.516896665096283,0.060009561479091644,0.4847933351993561,0.37305086851119995,0.29811331629753113,0.5284919738769531,0.6459482312202454,0.5783622860908508,0.36877663880586625,0.0963551476597786,0.20271843671798706,0.847515881061554,0.5753787755966187,0.12191495299339294
YPR188C,test,True,True,0.5870754718780518,0.022722050547599792,-0.12618941068649292,-0.24914878606796265,0.15674962103366852,0.39597293734550476,-0.06377410888671875,0.30034797787666323,0.21720156073570251,0.26851439476013184,0.26776325702667236,0.44650599360466003,0.3017546832561493,0.18134659826755523,0.4059598743915558,-0.1444385051727295,0.8208776712417603,-0.26859569549560547,0.0929296463727951
YPR189W,test,False,True,0.14325082302093506,-0.14508726298809052,0.11206839978694916,-0.1379806399345398,-0.7488999962806702,0.3505936563014984,-0.3012177348136902,0.24695472046732903,0.2718046009540558,0.2694419026374817,-0.0307464636862278,0.39669033885002136,0.3275832235813141,-0.027231763303279876,0.06738968938589096,-0.17784279584884644,0.043376047164201736,-0.11805203557014465,0.04897027835249901
YPR190C,test,True,True,0.3087592124938965,1.3440832376480103,1.5080292224884033,1.4209506511688232,1.322890281677246,1.5808225870132446,0.887723445892334,1.2112686276435851,0.9737296104431152,1.1038066148757935,0.9233620762825012,1.4896355867385864,1.5658092498779297,1.0961771965026856,1.0419219732284546,1.2803499698638916,1.2447227239608765,0.8705089092254639,1.0433824062347412
YPR191W,test,True,True,0.5455928444862366,0.8699782907962799,0.9633156061172485,0.7725175023078918,0.9780153632164001,1.2391588687896729,0.39688411355018616,0.6994333624839782,0.3833369016647339,0.3590543866157532,0.5997706651687622,1.4343143701553345,0.7206904888153076,0.6763335108757019,0.4901583194732666,0.7324668765068054,0.6339507699012756,0.9809405207633972,0.5441510677337646
YPR192W,test,True,True,-1.3104695081710815,-1.233604633808136,-1.2761033773422241,-1.3950142860412598,-0.8761913180351257,-1.1217358112335205,-1.4989783763885498,-1.2048078536987306,-1.7077720165252686,-1.6961692571640015,-1.2152605056762695,-0.6174018383026123,-0.7874356508255005,-0.9504836320877075,-0.24753981828689575,-1.317441701889038,-1.4371898174285889,-0.4952778220176697,-1.2549690008163452
YPR193C,test,True,True,-0.31695595383644104,-0.9526793956756592,-1.1197776794433594,-0.8544840812683105,-0.7226495742797852,-0.5573751926422119,-1.509110450744629,-0.21722766906023025,-0.5158416032791138,-0.5530080199241638,0.01760820299386978,0.15349029004573822,-0.1883872151374817,-0.35449016839265823,-0.0003918856382369995,-0.8007839322090149,-0.06302755326032639,-0.49983835220336914,-0.40840911865234375
YPR194C,test,True,False,-1.6876615285873413,-0.15061767250299454,-0.191644549369812,-0.01332458108663559,-0.5543140172958374,0.09600680321455002,-0.0898120179772377,-0.16073987372219561,-0.17196565866470337,-0.31028562784194946,-0.1821877360343933,-0.027835587039589882,-0.1114247590303421,-0.4743385374546051,-1.0341708660125732,-0.8146169781684875,-0.28032562136650085,-0.32465213537216187,0.082072913646698
YPR195C,test,False,False,-0.36696335673332214,-0.45891245305538175,-0.5012405514717102,-0.3786987066268921,-0.8699968457221985,-0.12580953538417816,-0.41881662607192993,-0.16073987372219561,-0.17196565866470337,-0.31028562784194946,-0.1821877360343933,-0.027835587039589882,-0.1114247590303421,-1.45584237575531,-0.9811633825302124,-1.8118352890014648,-1.4445104598999023,-1.4770971536636353,-1.5646055936813354
YPR196W,test,True,True,-0.8148883581161499,-0.22963496446609497,0.042308509349823,-0.5238972306251526,-0.026564039289951324,0.09547308832406998,-0.7354951500892639,-0.19764953330159188,-0.535558819770813,-0.7357214093208313,0.2402079850435257,0.03578276187181473,0.007041815668344498,-0.5403108604252338,-0.022496957331895828,-1.4715027809143066,0.15005092322826385,-0.19789543747901917,-1.1597100496292114
YPR197C,test,False,False,-1.5266436338424683,-0.6314822182059288,-0.7852146625518799,-0.8434805274009705,-0.786247730255127,0.08800221234560013,-0.8304703831672668,-0.16073987372219561,-0.17196565866470337,-0.31028562784194946,-0.1821877360343933,-0.027835587039589882,-0.1114247590303421,-1.6571527242660522,-1.7444159984588623,-1.5190579891204834,-1.9513604640960693,-1.3716596364974976,-1.6992695331573486
YPR198W,test,True,True,-0.08635298162698746,-1.3896369814872742,-0.2886348366737366,-1.962134599685669,-1.0668537616729736,-1.73329758644104,-1.8972641229629517,0.07622690051794052,0.030746299773454666,-0.28727245330810547,0.07957212626934052,0.5148568153381348,0.04323171451687813,-0.9905529737472534,-0.6429451107978821,-1.3461377620697021,-1.161447286605835,-0.5310171246528625,-1.2712175846099854
YPR199C,test,True,True,0.30400922894477844,0.22600794360041618,0.49421578645706177,-0.03458923473954201,0.5461981892585754,0.2659575343132019,-0.1417425572872162,0.285313618183136,0.20485053956508636,0.3965083658695221,0.3882174789905548,0.1570402830839157,0.27995142340660095,0.22983547449111938,0.2408876121044159,0.2783167362213135,0.5607120990753174,-0.08161398768424988,0.15087491273880005
YPR200C,test,True,True,-0.34860339760780334,-0.31503799706697466,-0.6166648268699646,-0.11147184669971466,-0.24150478839874268,-0.7159119844436646,0.11036346107721329,-0.1941574826836586,-0.11311198770999908,0.013448245823383331,-0.5633559823036194,-0.2407086044549942,-0.06705908477306366,-0.3503476470708847,-0.7617128491401672,-0.006503168493509293,-0.25635749101638794,-0.7020679116249084,-0.025096815079450607
YPR201W,test,True,True,-1.2380478382110596,-0.37425842732191084,-0.03898157179355621,-0.9722114205360413,-0.4467473328113556,-0.37543487548828125,-0.03791693598031998,-0.001455254852771759,-0.08319854736328125,0.2652973234653473,-0.4133776128292084,0.09802917391061783,0.1259733885526657,-0.25458898916840556,-0.37813401222229004,0.08256782591342926,-0.4510003328323364,-0.4658735990524292,-0.06050482764840126
YPR202W,test,True,True,-0.9642260074615479,-0.2937989115715027,0.11220741271972656,-0.1516207754611969,-0.7536594271659851,-0.3434826731681824,-0.3324390947818756,0.727564537525177,0.562125563621521,0.9238132834434509,0.7504224181175232,0.7408683896064758,0.6605930328369141,-0.9371388465166092,-0.7071168422698975,-1.3848814964294434,-1.387487530708313,-1.0547606945037842,-0.15144766867160797
YPR203W,test,False,False,-2.088510751724243,-2.067581820487976,-2.202540874481201,-2.210991621017456,-2.344538688659668,-1.4038499593734741,-2.175987958908081,-0.16073987372219561,-0.17196565866470337,-0.31028562784194946,-0.1821877360343933,-0.027835587039589882,-0.1114247590303421,-1.998603057861328,-1.9563335180282593,-2.1013331413269043,-2.1935479640960693,-1.7719961404800415,-1.9698045253753662
YPR204C-A,test,False,False,-2.088510751724243,-0.76396803855896,-0.829047441482544,-1.5354200601577759,-1.1757161617279053,0.4807029962539673,-0.760359525680542,-0.16073987372219561,-0.17196565866470337,-0.31028562784194946,-0.1821877360343933,-0.027835587039589882,-0.1114247590303421,-2.1609545230865477,-2.1888811588287354,-2.180173873901367,-2.2558441162109375,-2.0125861167907715,-2.1672873497009277
YPR204W,test,False,True,-1.5897023677825928,-0.5915978386998176,-0.03414670377969742,-0.7455869913101196,-0.7150470614433289,-0.5103346705436707,-0.9528737664222717,0.23931000828742982,0.2167741060256958,0.3697977066040039,-0.11524462699890137,0.6194719672203064,0.10575088858604431,-0.6876454055309296,-0.3928840756416321,-1.094764232635498,-1.0835411548614502,-0.7294463515281677,-0.13759121298789978
YML001W,val,True,True,0.09981755167245865,0.41782505959272387,0.8787944912910461,0.09811809659004211,0.3768249452114105,0.8257604241371155,-0.09037265926599503,0.5956800520420075,0.5898555517196655,0.6269835829734802,0.5269297957420349,0.8342592716217041,0.40037205815315247,0.17587106823921203,0.2215871512889862,0.38063424825668335,0.14989915490150452,-0.1671794354915619,0.294414222240448
YML002W,val,True,False,-0.5484904646873474,-0.05741724520921707,0.2486943006515503,-0.3204663395881653,-0.4171605408191681,0.18935544788837433,0.012490905821323395,-0.16073987372219561,-0.17196565866470337,-0.31028562784194946,-0.1821877360343933,-0.027835587039589882,-0.1114247590303421,-0.5975274264812469,-0.4870990514755249,-0.7668615579605103,-0.8991785645484924,-0.25791457295417786,-0.5765833854675293
YML003W,val,True,True,-0.17206202447414398,-1.5658686399459838,-0.8185266256332397,-1.635547399520874,-1.8304238319396973,-1.4784505367279053,-2.066394805908203,-1.6860144853591919,-0.8380881547927856,-1.9150042533874512,-2.058595657348633,-2.0658442974090576,-1.5525400638580322,-1.2097510814666748,-0.6450672745704651,-1.2622699737548828,-1.8037785291671753,-0.5601800084114075,-1.7774596214294434
YML004C,val,True,True,0.9507676362991333,-0.3229884535074234,-0.3080821633338928,-0.09565763175487518,0.2962122857570648,-0.5955836772918701,-0.9118310809135437,0.3281557887792587,0.06910094618797302,0.892285168170929,0.9253833889961243,-0.17536388337612152,-0.07062667608261108,-0.07627355456352233,-0.31845003366470337,0.6714780926704407,0.12294363975524902,-0.4260207414627075,-0.4313187301158905
YML005W,val,True,True,-0.3877286911010742,0.012610795348882676,0.13136570155620575,0.03516846522688866,-0.19206435978412628,0.22851566970348358,-0.13993149995803833,0.1087969034910202,0.03129297494888306,-0.2530578374862671,0.2297881692647934,0.42581865191459656,0.11014255881309509,-0.04488587453961372,0.32427558302879333,-0.5719156265258789,-0.07986246794462204,0.09793278574943542,0.0051403529942035675
YML006C,val,False,True,0.3955738842487335,0.14293728321790694,0.5464191436767578,0.11106707155704498,0.3524397611618042,-0.17654018104076385,-0.11869937926530838,0.4913212418556213,0.3033694922924042,0.5056301355361938,0.3088529407978058,0.6049379110336304,0.7338157296180725,0.3902879267930984,0.6085557341575623,0.7061333656311035,0.1942680925130844,0.21686910092830658,0.22561334073543549
YML007C-A,val,False,True,-0.5949561595916748,0.4474472187459469,0.8949455618858337,-0.007818538695573807,0.5092633366584778,0.6518674492835999,0.18897828459739685,0.8835283160209656,0.6632325649261475,1.0426329374313354,0.8093602061271667,1.2100690603256226,0.6923468112945557,0.05852541029453277,-0.43566256761550903,-0.10521203279495239,0.07557100057601929,0.19191010296344757,0.5660205483436584
YML007W,val,True,True,0.8737053871154785,1.2975069761276246,1.3653963804244995,1.238389253616333,1.0716897249221802,1.4991334676742554,1.3129260540008545,1.4028164386749267,1.4916319847106934,1.2770357131958008,1.5055668354034424,1.76480233669281,0.9750453233718872,1.1257979989051818,1.1483474969863892,1.2173421382904053,1.3854315280914307,0.8240324854850769,1.0538363456726074
YML008C,val,True,True,1.46259343624115,0.9584355831146241,1.6437276601791382,0.5110415816307068,0.7645019292831421,1.20516836643219,0.6677383780479431,1.3196770429611206,1.310842752456665,1.425485610961914,1.3406212329864502,1.6317764520645142,0.8896591663360596,0.6475200355052948,0.2730948030948639,0.8586621284484863,0.8756290078163147,0.6255190372467041,0.604695200920105
YML009C,val,True,True,1.2611125707626343,-0.27157587110996245,0.3548371493816376,-0.748166024684906,-0.18586523830890656,-0.5869535207748413,-0.19173172116279602,0.23539164960384368,0.12834692001342773,0.15295061469078064,-0.08933599293231964,0.5568175315856934,0.42817917466163635,-0.04638415277004242,0.648725152015686,-0.33764785528182983,-0.4059068560600281,0.21852494776248932,-0.35561615228652954
YML009C-A,val,False,False,-1.6299614906311035,-0.5586542025208473,0.2512688636779785,-1.7124577760696411,-0.6516348719596863,0.05227523297071457,-0.7327224612236023,-0.16073987372219561,-0.17196565866470337,-0.31028562784194946,-0.1821877360343933,-0.027835587039589882,-0.1114247590303421,-1.2787274718284607,-0.5125017762184143,-2.066476821899414,-1.204727292060852,-1.0275028944015503,-1.5824285745620728
YML009W-B,val,False,False,-1.4736425876617432,0.11411361247301102,-0.21159453690052032,-0.22783887386322021,0.3742254674434662,0.52707439661026,0.10870160907506943,-0.16073987372219561,-0.17196565866470337,-0.31028562784194946,-0.1821877360343933,-0.027835587039589882,-0.1114247590303421,-1.3952652215957642,-0.986203670501709,-1.9161646366119385,-1.285599708557129,-1.1221665143966675,-1.666191577911377
YML010W,val,True,True,0.6635039448738098,0.5075481817126274,0.4394489526748657,0.6476237177848816,0.7157071232795715,0.7018335461616516,0.033127568662166595,0.692008376121521,0.5660833716392517,0.9048953652381897,0.6471799612045288,0.7464268207550049,0.5954563617706299,0.4072077602148056,0.2699015736579895,0.32782942056655884,0.7258209586143494,0.15674595534801483,0.5557408928871155
YML011C,val,True,True,0.18327467143535614,0.5638394713401794,0.9892027974128723,0.5750738382339478,0.47355276346206665,0.5496212244033813,0.23174673318862915,0.9062295794487,0.777915894985199,0.958305299282074,0.9638988375663757,0.8892972469329834,0.9417306184768677,0.7870469450950622,1.0210342407226562,0.8339880108833313,0.7797183394432068,0.816527783870697,0.4839663505554199
YML012C-A,val,False,False,-1.415997862815857,-0.742488545179367,-0.8490198254585266,-1.4324802160263062,-0.3552035391330719,-0.39072030782699585,-0.6850188374519348,-0.16073987372219561,-0.17196565866470337,-0.31028562784194946,-0.1821877360343933,-0.027835587039589882,-0.1114247590303421,-1.7970580816268922,-2.0362987518310547,-1.8595354557037354,-2.0996124744415283,-1.8533074855804443,-1.1365362405776978
YML012W,val,True,True,1.0474464893341064,0.6145519316196442,0.9443731904029846,0.5314242243766785,0.3789752125740051,1.0302585363388062,0.18772849440574646,1.2633021593093872,1.043774127960205,1.6858216524124146,1.2419495582580566,1.3237024545669556,1.0212630033493042,0.9123250722885132,0.6464112401008606,0.7235299944877625,1.1372367143630981,1.3208167552947998,0.7336306571960449
YML013W,val,True,True,0.24168728291988373,0.8541082143783569,0.898469865322113,0.7301844954490662,0.8412225842475891,1.1908835172653198,0.6097806096076965,1.2648354053497315,1.1704975366592407,1.1711678504943848,1.1986799240112305,1.6225907802581787,1.1612409353256226,0.7219549655914307,0.703204333782196,0.9271140098571777,0.7353379130363464,0.46566563844680786,0.7784529328346252
YML014W,val,True,True,0.4371262192726135,0.10273352600634097,0.003568677231669426,0.04590357467532158,0.2203967422246933,0.2521953880786896,-0.008396752178668976,0.657870602607727,0.5067727565765381,0.5037640333175659,0.9795299768447876,0.5658107995986938,0.7334754467010498,0.28624974712729456,0.6720607876777649,0.0669158473610878,0.05236630514264107,0.42870211601257324,0.2112036794424057
YML015C,val,True,True,1.0052204132080078,0.024471239373087882,0.29626572132110596,-0.1571728140115738,0.01678839884698391,0.35768070816993713,-0.3912058174610138,0.5752760529518127,0.4610911011695862,0.5883336067199707,0.6371217370033264,0.5919837951660156,0.5978500247001648,0.23078746423125268,0.3310838043689728,0.11038646101951599,0.13769258558750153,0.5205224752426147,0.05425199493765831
YML016C,val,True,True,0.2720161974430084,0.5218806147575379,0.5136128067970276,0.44864243268966675,0.6794614195823669,0.7680189609527588,0.19966745376586914,0.7949309110641479,0.814592719078064,0.6202726364135742,1.1252413988113403,0.7053667306900024,0.7091810703277588,0.5836191922426224,0.5616728663444519,0.1669837385416031,0.916442334651947,0.7724636197090149,0.500533401966095
YML017W,val,False,True,0.786972165107727,0.3811506345868111,0.37112337350845337,0.18896596133708954,0.25167116522789,1.0286648273468018,0.06532784551382065,0.7560033917427063,0.5353127121925354,0.7932972311973572,0.5635070204734802,1.0822981595993042,0.8056018352508545,0.4691228151321411,0.33567777276039124,0.537060558795929,0.5087305903434753,0.46467840671539307,0.49946674704551697
YML018C,val,True,True,-0.07932473719120026,0.23623119592666625,0.30169063806533813,0.1177232563495636,0.35875555872917175,0.2560633718967438,0.14692315459251404,0.5026627898216247,0.40264374017715454,0.40729445219039917,0.24878138303756714,0.9215949177742004,0.5329994559288025,0.08112651109695435,-0.097658172249794,0.14080810546875,0.2298884093761444,-0.1392231434583664,0.2718173563480377
YML019W,val,True,True,0.6306172609329224,-0.31294446140527726,-0.24225138127803802,-0.6972271800041199,-0.147243931889534,-0.08871636539697647,-0.3892834484577179,0.3369841143488884,0.5259109139442444,0.6245574355125427,0.48893073201179504,-0.09331303089857101,0.13883452117443085,-0.09393909610807896,-0.20500731468200684,-0.20542128384113312,-0.015816159546375275,-0.00796465389430523,-0.035486068576574326
YML020W,val,True,True,0.3224639892578125,0.19071999974548817,0.016526417806744576,-0.03880113363265991,0.29879480600357056,0.6106784343719482,0.06640147417783737,0.43313184976577757,0.6275098919868469,0.2955467700958252,0.2917461097240448,0.6239628195762634,0.3268936574459076,0.35199842751026156,0.38966065645217896,0.18998295068740845,0.7508320212364197,0.2020658552646637,0.2274506539106369
YML021C,val,False,True,0.6435824036598206,-0.02589315176010132,-0.2752208113670349,-0.19851282238960266,0.18199922144412994,0.19576095044612885,-0.03349229693412781,0.26036415323615075,0.4623714089393616,0.20238125324249268,-0.061962027102708817,0.4316854774951935,0.2673446536064148,-0.253496765345335,-0.1776386797428131,-0.5526111721992493,-0.2787970304489136,-0.29528841376304626,0.03685146942734718
YML022W,val,True,True,0.5541379451751709,0.5534920156002044,0.3032737672328949,0.9075178503990173,0.5894873738288879,0.7118694186210632,0.25531166791915894,0.48388726711273194,0.27337825298309326,0.6593754291534424,0.5596370697021484,0.47279271483421326,0.45425286889076233,0.33313595354557035,0.3295380175113678,0.04609142243862152,0.4603537321090698,0.5355071425437927,0.294189453125
YML023C,val,True,True,-0.35976850986480713,0.258244901150465,0.7825844883918762,0.07869331538677216,-0.03306770697236061,0.4831281304359436,-0.02011372148990631,0.5436471581459046,0.4624006152153015,0.5982950925827026,0.7122007012367249,0.42737674713134766,0.517962634563446,0.40320099890232086,0.6974138617515564,0.4686819911003113,0.4394162893295288,0.29203560948371887,0.11845724284648895
YML024W,val,True,True,1.096016526222229,1.419793152809143,1.6739485263824463,1.3138881921768188,1.0933337211608887,1.7620997428894043,1.2556955814361572,1.5965452432632445,1.6075239181518555,1.6710227727890015,1.5088547468185425,1.8150086402893066,1.380316138267517,1.4450677752494812,1.513754963874817,0.965446412563324,1.6250724792480469,1.6765491962432861,1.4445158243179321
YML025C,val,True,True,0.9592479467391968,1.1980599641799927,1.1874852180480957,1.5919060707092285,1.1286334991455078,1.4484285116195679,0.6338465213775635,1.0399471640586853,0.8570653796195984,1.1259100437164307,0.8560256958007812,1.4627372026443481,0.8979974985122681,1.0220983684062959,0.29984667897224426,1.330413579940796,0.9691866040229797,1.2526837587356567,1.2583612203598022
YML026C,val,True,True,1.3523147106170654,1.6294266700744628,1.9501190185546875,1.4090875387191772,1.6327272653579712,1.6838538646697998,1.4713456630706787,1.800104546546936,1.7870439291000366,1.878984808921814,1.845730185508728,2.0359742641448975,1.452789545059204,1.7017468452453612,1.785521149635315,1.7873122692108154,2.0357866287231445,1.105499267578125,1.7946149110794067
YML027W,val,True,True,0.6756961941719055,0.5030802428722382,0.3363782465457916,0.5744599103927612,0.8543040156364441,1.1935781240463257,-0.44331908226013184,0.7103333413600922,0.6195204257965088,1.1981475353240967,0.6791076064109802,0.6905309557914734,0.36436018347740173,0.8123908996582031,0.6220072507858276,1.4827933311462402,0.7480932474136353,1.020208716392517,0.1888519525527954
YML028W,val,False,True,2.2603280544281006,1.0593652307987214,1.0763075351715088,1.3001983165740967,1.2144676446914673,1.2986444234848022,0.40720823407173157,1.0431097149848938,0.6519722938537598,1.0566538572311401,1.4645166397094727,0.9827117323875427,1.0596940517425537,0.9848309457302094,1.3047664165496826,1.2456879615783691,1.2896368503570557,0.8377082943916321,0.24635520577430725
YML029W,val,True,True,0.0011504775611683726,-0.3957768872380257,-0.7645397186279297,-0.548089325428009,-0.28457120060920715,-0.2631818354129791,-0.11850235611200333,-0.190419302880764,-0.26635318994522095,-0.35332006216049194,0.018794983625411987,-0.12341133505105972,-0.2278069108724594,-0.3672213114798069,-0.1480780690908432,-0.6957472562789917,0.026929553598165512,-0.6213565468788147,-0.3978542387485504
YML030W,val,True,True,0.9730721712112427,0.7223375916481019,0.9673264622688293,0.5544580221176147,0.7925875782966614,0.7547858357429504,0.5425300598144531,0.6698838949203492,0.5849334597587585,0.7495690584182739,0.6667787432670593,0.7950245141983032,0.5531136989593506,0.8719555258750915,0.798223078250885,1.0805728435516357,0.6910044550895691,1.1700763702392578,0.6199008822441101
YML031C-A,val,False,False,-2.007462978363037,0.015690670907497407,-0.4129863381385803,0.28433477878570557,0.08968736976385117,0.5050433874130249,-0.3876258432865143,-0.16073987372219561,-0.17196565866470337,-0.31028562784194946,-0.1821877360343933,-0.027835587039589882,-0.1114247590303421,-0.8381768524646759,-1.423204779624939,-0.8430019617080688,-0.34945279359817505,-0.4486531913280487,-1.126571536064148
YML031W,val,True,True,0.7626447677612305,0.3735123693943024,0.5687074065208435,0.191860631108284,0.394646018743515,0.6929265260696411,0.01942126452922821,0.6323165893554688,0.44599398970603943,0.9746344685554504,0.6333248019218445,0.6112265586853027,0.49640312790870667,0.65575692653656,0.6915105581283569,1.0619392395019531,0.6403849720954895,0.44846194982528687,0.43648791313171387
YML032C,val,True,True,0.8247361183166504,0.5424914449453354,0.8588767051696777,0.2756603956222534,0.6289384365081787,0.8295719623565674,0.1194097250699997,0.7166364431381226,0.6525763273239136,0.8922191262245178,0.6626308560371399,0.8254616856575012,0.5502942204475403,0.6323392748832702,0.7272478938102722,0.6202005743980408,0.7225633263587952,0.7191122174263,0.3725723624229431
YML034C-A,val,False,False,-1.8128827810287476,-1.3924028515815734,-1.2528868913650513,-1.960688829421997,-1.1661159992218018,-0.5282172560691833,-2.054105281829834,-0.16073987372219561,-0.17196565866470337,-0.31028562784194946,-0.1821877360343933,-0.027835587039589882,-0.1114247590303421,-1.6418884634971618,-0.784812867641449,-2.0699470043182373,-1.6827797889709473,-1.6171824932098389,-2.054720163345337
YML034W,val,False,True,0.27390971779823303,1.0177396774291991,1.2545957565307617,1.048102855682373,0.7554308772087097,1.4720814228057861,0.5584874749183655,0.9297812819480896,0.8277102708816528,1.2038592100143433,0.7993385195732117,1.1892215013504028,0.6287769079208374,0.9507797837257386,1.0047045946121216,1.0931336879730225,1.0536212921142578,0.8679836392402649,0.7344557046890259
YML035C,val,False,True,0.2505436837673187,0.5268612325191497,0.4460609257221222,0.3387889862060547,0.5253645777702332,1.1343209743499756,0.18977069854736328,0.7823762178421021,0.49363744258880615,0.436140775680542,0.9694936275482178,1.282871127128601,0.7297381162643433,0.5088394612073899,0.7887738347053528,0.05483691394329071,0.5746543407440186,0.7156655192375183,0.4102666974067688
YML036W,val,True,True,-0.2925157845020294,-0.08730351775884629,0.10490423440933228,-0.25507786870002747,-0.09998542070388794,0.12306127697229385,-0.30941981077194214,0.039667247980833056,0.1012626439332962,-0.2250927984714508,0.023191820830106735,0.14089341461658478,0.15808115899562836,-0.31277684569358827,-0.22923704981803894,-1.0705578327178955,0.31355854868888855,-0.19004061818122864,-0.38760727643966675
YML037C,val,False,True,-0.011663244105875492,-0.23552022576332093,-0.31695321202278137,-0.08607667684555054,-0.3916136622428894,-0.12850046157836914,-0.25445711612701416,0.03595406785607338,-0.026936929672956467,-0.1848520040512085,0.14780426025390625,0.14244824647903442,0.10130676627159119,-0.06973359361290932,-0.18138384819030762,-0.2570269703865051,0.09723642468452454,-0.04191441833972931,0.03442084416747093
YML038C,val,True,True,0.6244213581085205,0.746391773223877,0.9315834045410156,0.736903727054596,0.7416008114814758,0.8859254121780396,0.4359455108642578,0.8678987860679627,0.8595812320709229,1.0913009643554688,0.7603566646575928,0.8229805827140808,0.805274486541748,0.5074733048677444,0.4471716582775116,0.5200377106666565,0.75025874376297,0.233726367354393,0.5861720442771912
YML041C,val,True,True,0.3921988308429718,0.8429276168346405,0.9245811700820923,1.0786590576171875,0.9161235690116882,1.0019574165344238,0.29331687092781067,1.0414463996887207,0.9164110422134399,0.8271151781082153,1.1326195001602173,1.2781156301498413,1.0529706478118896,0.8344590902328491,0.6764186024665833,0.7270757555961609,1.1998509168624878,0.9069823026657104,0.6619678735733032
YML042W,val,True,True,-1.2188129425048828,-1.3629925489425658,-1.5339503288269043,-1.5773968696594238,-1.048235297203064,-1.5149335861206055,-1.140446662902832,-1.5737038135528565,-1.991884469985962,-2.258767604827881,-1.2758969068527222,-1.4707485437393188,-0.8712215423583984,-1.0548669934272765,-1.0444642305374146,-1.3428990840911865,-0.7740612626075745,-1.143672227859497,-0.9692381620407104
YML043C,val,True,True,0.34939372539520264,-0.3657323075924069,-0.5367270112037659,-0.2610098719596863,-0.0008577697444707155,-0.947093665599823,-0.08297321945428848,-0.3220509190112352,-1.4885919094085693,-0.45864343643188477,-0.4229147732257843,0.021925589069724083,0.7379699349403381,0.4337789833545685,0.5328531265258789,0.5471748113632202,0.28299400210380554,0.5971247553825378,0.2087482213973999
YML046W,val,True,True,-0.27543413639068604,-1.109463596343994,-0.6108161211013794,-1.7721232175827026,-1.4150280952453613,-0.8117595314979553,-0.937591016292572,-0.6870715856552124,-1.0864624977111816,-1.3321391344070435,-0.6295446753501892,0.05788546800613403,-0.44509708881378174,-0.44345701336860655,-0.5374534726142883,-1.0962672233581543,-0.7545912265777588,-0.2574601173400879,0.42848697304725647
YML047C,val,True,True,-1.7559802532196045,-1.0448516130447387,-0.6696401238441467,-1.3545483350753784,-0.9142746925354004,-0.3739120364189148,-1.9118828773498535,-0.44414362609386443,-1.7870888710021973,-0.3517017364501953,-0.1528327763080597,0.19600902497768402,-0.12510377168655396,-0.7285003677010536,-1.7867010831832886,-1.0511958599090576,-0.4905289113521576,-0.09358387440443039,-0.22049210965633392
YML047W-A,val,False,False,-2.088510751724243,-0.4520163878798485,-0.7528332471847534,-0.619828462600708,-0.3724118769168854,0.09544495493173599,-0.6104533076286316,-0.16073987372219561,-0.17196565866470337,-0.31028562784194946,-0.1821877360343933,-0.027835587039589882,-0.1114247590303421,-0.9554076254367828,-0.43283209204673767,-1.2935354709625244,-0.9660051465034485,-1.0016261339187622,-1.0830392837524414
YML048W,val,True,True,1.1930466890335083,0.3261610507965088,0.5343288779258728,0.6588829755783081,0.06322458386421204,0.5957604646682739,-0.22139164805412292,0.6643434643745423,0.5780156850814819,0.7046312689781189,0.746824324131012,0.6532460451126099,0.6389999985694885,0.4812107443809509,0.4300403892993927,0.7262178063392639,0.34670013189315796,0.47572603821754456,0.4273693561553955
YML049C,val,True,True,0.2124556005001068,-0.05676386058330536,-0.044621266424655914,-0.02494651824235916,-0.304712176322937,0.2872759699821472,-0.19681531190872192,0.4449723169207573,0.4608190953731537,0.7666435837745667,0.45247676968574524,0.04106970876455307,0.5038524270057678,-0.19004560112953187,-0.3956291079521179,0.13074177503585815,-0.7392464280128479,0.18679505586624146,-0.1328893005847931
YML050W,val,False,True,-0.6815418601036072,-0.30396924912929535,-0.24996791779994965,-0.7544969916343689,-0.2049332857131958,0.15277686715126038,-0.4632249176502228,-0.12153931558132172,-0.15294651687145233,-0.6855803728103638,0.09499643743038177,0.22940845787525177,-0.09357458353042603,-0.605849540233612,-0.38616251945495605,-1.0089006423950195,-0.5033848881721497,-0.5219371318817139,-0.6088625192642212
YML051W,val,True,True,0.7700380682945251,-2.2037909984588624,-2.060209274291992,-2.154911994934082,-2.146634817123413,-2.2359097003936768,-2.4212892055511475,-1.5247629165649415,-1.9268646240234375,-1.8256655931472778,-1.9754786491394043,-1.0152240991592407,-0.8805816173553467,-1.5535700798034668,-1.5336873531341553,-1.5402121543884277,-2.2169878482818604,-1.3796758651733398,-1.0972871780395508
YML052W,val,True,True,1.5104461908340454,0.47822407335042955,0.48631054162979126,0.632565438747406,0.5573676228523254,0.7727587819099426,-0.05788201838731766,1.447881245613098,0.9937576055526733,1.7265437841415405,1.6899334192276,1.708893895149231,1.1202775239944458,0.6874010294675827,0.3989727795124054,1.3549885749816895,1.3391752243041992,0.1692887544631958,0.17457981407642365
YML053C,val,True,True,1.0034986734390259,0.9922390103340148,1.3406182527542114,1.2502870559692383,0.5748152136802673,1.2635936737060547,0.5318808555603027,1.2456714749336242,0.4246062636375427,1.6050302982330322,1.6052353382110596,1.460876226425171,1.132609248161316,0.921451735496521,0.5406997799873352,1.201509714126587,1.0656821727752686,1.1012800931930542,0.6980869174003601
YML054C,val,True,True,-1.4724072217941284,-0.23503870368003846,0.4548946022987366,-0.8781334757804871,0.37050458788871765,-0.7482502460479736,-0.3742089867591858,-0.1974880687892437,-0.024766873568296432,-1.0073050260543823,0.1471271961927414,0.13915042579174042,-0.24164606630802155,-0.27454853653907774,0.2669501006603241,-1.1207382678985596,0.3538033962249756,-0.232657790184021,-0.6401001214981079
YML054C-A,val,True,False,-1.7812060117721558,-0.47456510961055753,-0.4491055905818939,-1.0389668941497803,-0.16040875017642975,-0.17760062217712402,-0.5467436909675598,-0.16073987372219561,-0.17196565866470337,-0.31028562784194946,-0.1821877360343933,-0.027835587039589882,-0.1114247590303421,-1.6243561625480651,-1.378724455833435,-2.1189677715301514,-0.9430939555168152,-1.790003776550293,-1.8909908533096313
YML055W,val,True,True,0.5926761031150818,0.38795182555913926,0.09439024329185486,1.0579930543899536,0.3920465409755707,0.48029232025146484,-0.08496303111314774,0.6972209274768829,0.6804060935974121,0.3306877315044403,0.9222536683082581,0.7786425948143005,0.7741145491600037,0.21169112920761107,0.5840126872062683,0.1296612024307251,0.13913623988628387,-0.07294641435146332,0.27859193086624146
YML056C,val,True,False,0.5239586234092712,-0.8191833406686783,-1.1150436401367188,-0.49495676159858704,-1.2824897766113281,-0.19529609382152557,-1.008130431175232,-0.16073987372219561,-0.17196565866470337,-0.31028562784194946,-0.1821877360343933,-0.027835587039589882,-0.1114247590303421,-1.2611806511878967,-0.9897674918174744,-1.5118317604064941,-1.1414546966552734,-1.2498501539230347,-1.412999153137207
YML057C-A,val,False,False,-1.6367273330688477,-0.33443064987659454,-0.2001085877418518,-0.52159184217453,0.07945393025875092,-0.29281848669052124,-0.7370882630348206,-0.16073987372219561,-0.17196565866470337,-0.31028562784194946,-0.1821877360343933,-0.027835587039589882,-0.1114247590303421,-1.775871992111206,-1.6371511220932007,-1.954777717590332,-1.646681547164917,-1.8663564920425415,-1.774393081665039
YML057W,val,True,True,0.577944278717041,0.26576394960284233,-0.19693952798843384,0.04023679718375206,0.7954311966896057,0.6050256490707397,0.08506563305854797,0.4145004987716675,0.2894153594970703,0.1449895203113556,0.5308513045310974,0.6629114151000977,0.44433489441871643,0.37525696158409116,0.4745083451271057,0.31773990392684937,0.5616626143455505,0.37440451979637146,0.14796942472457886
YML058W,val,True,True,2.415214776992798,0.722902113199234,0.8014266490936279,1.1291775703430176,0.2622688114643097,1.0945976972579956,0.32703983783721924,1.2247915387153625,0.9465540051460266,1.2806572914123535,1.0299124717712402,1.3931251764297485,1.4737087488174438,0.7314171314239502,0.7370870113372803,0.598991334438324,0.8886047005653381,0.712527871131897,0.7198747396469116
YML058W-A,val,True,True,-0.8497840762138367,-0.0033459272235631943,-0.28074225783348083,-0.20858918130397797,0.027509570121765137,0.01276061125099659,0.4323316216468811,0.5390430331230164,0.22925657033920288,0.3174842596054077,0.5839231610298157,0.9769184589385986,0.5876327157020569,-0.2169193997979164,0.04481375962495804,-0.3524491488933563,-0.7042767405509949,-0.19245566427707672,0.11977079510688782
YML059C,val,True,True,0.48048847913742065,0.4447133481502533,0.6873858571052551,0.43461674451828003,0.5068712830543518,0.34230756759643555,0.25238528847694397,0.7688506841659546,0.5053476095199585,0.8615953326225281,0.5290314555168152,1.1942145824432373,0.7540644407272339,0.5345969587564469,0.8527548313140869,0.04496936500072479,0.5551747679710388,0.36890044808387756,0.8511853814125061
YML060W,val,True,True,0.16933417320251465,0.2055149430409074,0.2795005142688751,-0.15487584471702576,0.011816111393272877,0.5643385052680969,0.32679542899131775,0.5208235919475556,0.6989965438842773,0.3277367353439331,0.608161985874176,0.5287056565284729,0.44051703810691833,0.3059916108846664,0.24415674805641174,0.15392403304576874,0.5339691638946533,0.3017193675041199,0.29618874192237854
YML061C,val,True,True,-0.00618769833818078,-0.1466136310249567,0.01702253334224224,-0.6429944038391113,-0.31197017431259155,0.5399036407470703,-0.3350297510623932,0.2828180864453316,0.31120264530181885,0.07817291468381882,0.3178060054779053,0.49328550696372986,0.21362335979938507,-0.01892768368124962,0.15036621689796448,-0.5276315212249756,0.010886210948228836,0.18134000897407532,0.09040066599845886
YML062C,val,False,True,0.8133376836776733,0.42981324791908265,0.5766564011573792,0.5253223180770874,0.9250102639198303,0.06227605789899826,0.05980119854211807,0.4492182910442352,0.3303438425064087,0.1877320110797882,0.7834379076957703,0.5148457884788513,0.42973190546035767,0.08633273839950562,-0.06799907982349396,0.13573232293128967,0.5039198398590088,-0.3452315926551819,0.20524220168590546
YML063W,val,True,True,1.1429274082183838,1.5140829801559448,1.7593178749084473,1.2220128774642944,1.6160694360733032,1.7828474044799805,1.1901673078536987,1.688693356513977,1.7616126537322998,1.7647640705108643,1.9125337600708008,1.668437123298645,1.3361191749572754,1.8341753959655762,1.33266282081604,1.9180634021759033,2.476515054702759,1.8590675592422485,1.5845681428909302
YML064C,val,True,True,0.7237704396247864,1.2600839376449584,1.666257381439209,1.5746631622314453,0.9556891322135925,1.503090262413025,0.6007197499275208,1.3404139518737792,1.125044345855713,1.2435723543167114,1.400369644165039,1.644070029258728,1.289013385772705,1.7171352863311768,1.763327956199646,1.1720123291015625,2.5190069675445557,1.684726595878601,1.4466025829315186
YML065W,val,True,True,0.1456042230129242,-0.13960913866758345,-0.5634101033210754,-0.35286009311676025,0.13516245782375336,0.17277838289737701,-0.089716337621212,0.2990286320447922,0.18321600556373596,0.13653287291526794,0.43287602066993713,0.5506432056427002,0.19187505543231964,0.18768184185028075,0.21353545784950256,0.10897602140903473,0.3018268644809723,0.1731652468442917,0.14090561866760254
YML066C,val,False,True,-2.0325348377227783,0.06381579544395208,0.34406453371047974,0.16213862597942352,0.013494248501956463,0.24942903220653534,-0.45004746317863464,-0.12922283411026,-0.022397369146347046,-0.7442945837974548,-0.14555107057094574,0.39354291558265686,-0.1274140626192093,0.12680940851569175,0.34906455874443054,-0.17986327409744263,-0.013458911329507828,0.3896991014480591,0.08860556781291962
YML067C,val,False,True,0.44219791889190674,0.22835074365139008,0.4360508322715759,0.11984355747699738,0.4116845428943634,0.5305749773979187,-0.35640019178390503,0.11695956364274025,0.33878278732299805,0.16887399554252625,-0.027531582862138748,0.04217147082090378,0.06250114738941193,0.23802541047334672,0.2099173665046692,0.3715716004371643,0.11892924457788467,0.3387101888656616,0.15099865198135376
YML068W,val,False,True,-0.20716801285743713,-0.1845712035894394,-0.28783419728279114,-0.5405438542366028,-0.1715289205312729,0.30377626419067383,-0.22672531008720398,0.142182082682848,0.12513622641563416,0.09920758754014969,0.0004050694406032562,0.3973216414451599,0.08883988857269287,0.024339800979942084,0.050361551344394684,-0.25007563829421997,0.006346158217638731,0.10236489772796631,0.21270203590393066
YML069W,val,True,True,0.896743893623352,0.7321160435676575,0.7761544585227966,0.6733081936836243,0.8184639811515808,1.1477489471435547,0.24490463733673096,0.8407968282699585,0.5049188733100891,1.1171047687530518,0.7657340168952942,1.0684189796447754,0.747807502746582,0.7537191271781921,0.6548585295677185,0.7261881828308105,0.6467106938362122,1.076650857925415,0.6641873717308044
YML070W,val,True,True,-0.15745986998081207,-1.5440361857414246,-0.9283559918403625,-1.5888023376464844,-1.2982070446014404,-1.9735796451568604,-1.931235909461975,-0.9822940111160279,-1.0006952285766602,-1.268578290939331,-1.4189980030059814,-0.5193713903427124,-0.7038271427154541,-0.7346926927566528,-0.9333394169807434,-0.15545654296875,-1.5087209939956665,-0.7080414295196533,-0.3679050803184509
YML071C,val,False,True,0.5427349209785461,0.3288505584001541,0.09254898130893707,0.4135814309120178,0.6876776814460754,0.2814120650291443,0.16903263330459595,0.7077670454978943,0.7753581404685974,0.7253073453903198,0.9116794466972351,0.5643194913864136,0.5621708035469055,0.3406043455004692,0.10938885062932968,0.5876302123069763,0.4566388726234436,0.2698841094970703,0.2794796824455261
YML072C,val,True,True,0.4716711938381195,0.6148495435714721,0.5989204049110413,0.8178904056549072,0.40587490797042847,0.9996575117111206,0.2519044876098633,0.8203400373458862,0.7214211225509644,1.2816640138626099,0.6346743702888489,0.9584155678749084,0.5055251121520996,0.5604196548461914,0.47871166467666626,0.45826756954193115,0.8708005547523499,0.3919360041618347,0.602382481098175
YML073C,val,True,True,1.2814387083053589,1.7301518678665162,1.532065510749817,2.202770948410034,1.5794106721878052,1.9962589740753174,1.340253233909607,1.949053120613098,1.6968417167663574,1.8942734003067017,1.9828532934188843,2.4870893955230713,1.684207797050476,1.6459671258926392,1.3833783864974976,1.6996946334838867,2.3513472080230713,1.088066577911377,1.7073488235473633
YML074C,val,True,True,1.443901777267456,0.5003331646323204,0.6183269619941711,0.7619852423667908,0.6339749693870544,0.6065189838409424,-0.11914033442735672,0.721495532989502,0.957929790019989,0.90642249584198,0.6565185189247131,0.5019343495368958,0.5846725106239319,0.48990753293037415,0.6955796480178833,0.29997411370277405,0.7750642895698547,0.37431102991104126,0.3046085834503174
YML075C,val,False,True,0.12522383034229279,0.6609234884381294,1.4391465187072754,0.39000970125198364,0.3977959454059601,1.052930235862732,0.024735040962696075,0.7840719580650329,0.9913946390151978,0.6601418256759644,0.7229189276695251,0.8999829292297363,0.6459214687347412,0.6228313148021698,0.542658269405365,1.0235650539398193,0.7467195987701416,0.24374595284461975,0.5574676990509033
YML076C,val,True,True,0.38254299759864807,0.7069581806659698,1.2057185173034668,0.6082455515861511,0.9519321918487549,0.5206395983695984,0.24825504422187805,0.5546618223190307,0.4842795133590698,0.6367886662483215,0.74384605884552,0.40141725540161133,0.5069776177406311,0.6479807198047638,0.42446550726890564,0.6392869353294373,0.8063101172447205,0.676781952381134,0.6930590867996216
YML077W,val,True,False,0.38037848472595215,-0.304933899641037,-0.36028367280960083,-0.7963141798973083,-0.1613176017999649,0.1673571616411209,-0.37411120533943176,-0.16073987372219561,-0.17196565866470337,-0.31028562784194946,-0.1821877360343933,-0.027835587039589882,-0.1114247590303421,-0.9427540235221386,-0.6718258857727051,-1.485231876373291,-0.02748497948050499,-1.1026206016540527,-1.4266067743301392
YML078W,val,True,True,0.1646891087293625,0.17366192042827605,0.35061487555503845,-0.10838012397289276,0.41563233733177185,0.3818456530570984,-0.17140313982963562,0.6739239037036896,0.788504958152771,0.35970360040664673,0.825522780418396,0.9148207902908325,0.48106738924980164,0.2531551644206047,0.5177802443504333,0.2083028256893158,0.3976205289363861,0.03596056252717972,0.10611166059970856
YML079W,val,False,False,0.7467490434646606,-0.4571808710694313,0.41121625900268555,-1.1973321437835693,-0.07669346034526825,-0.08060207217931747,-1.342492938041687,-0.16073987372219561,-0.17196565866470337,-0.31028562784194946,-0.1821877360343933,-0.027835587039589882,-0.1114247590303421,-1.1026705265045167,-0.30346184968948364,-1.4175736904144287,-1.7818459272384644,-0.7224088311195374,-1.288062334060669
YML080W,val,True,True,0.20410187542438507,0.19277639910578728,0.559212327003479,-0.0633053183555603,0.04256080463528633,0.47153955698013306,-0.0461253747344017,0.3768420085310936,0.34047865867614746,0.12405099719762802,0.43067654967308044,0.6829584240913391,0.30604541301727295,0.19837409555912017,0.40869051218032837,-0.41138848662376404,0.3125973343849182,0.4869217276573181,0.19504939019680023
YML081C-A,val,True,True,1.8966631889343262,0.5702751934528351,1.1882802248001099,0.3080470561981201,0.30601632595062256,0.8303766250610352,0.21865573525428772,0.7180530428886414,0.5825060606002808,0.4854359030723572,0.8390036225318909,0.9910860657691956,0.6922335624694824,0.4779054790735245,0.4851840138435364,0.5714578032493591,0.15761692821979523,0.6651579737663269,0.5101106762886047
YML081W,val,True,True,0.528617262840271,0.6250678956508636,0.5053032040596008,0.3082263469696045,0.6782940030097961,1.2672823667526245,0.36623355746269226,0.6772726401686668,0.6798349618911743,0.06741224974393845,0.6344719529151917,1.10548996925354,0.8991540670394897,0.7738998293876648,0.8402024507522583,0.7627849578857422,0.7485117316246033,1.052235722541809,0.46576428413391113
YML082W,val,True,True,0.40789860486984253,-0.7287752613425255,0.07316017895936966,-0.4206926226615906,-0.9099625945091248,-0.931388258934021,-1.4549930095672607,0.3990337193012238,0.22647833824157715,0.25443363189697266,0.4237518012523651,0.41549330949783325,0.6750115156173706,-0.20276575833559035,-0.05674632638692856,0.4862404465675354,-0.6986864805221558,-0.6657965779304504,-0.07883985340595245
YML083C,val,True,True,-1.7255744934082031,-0.31749326959252355,-0.012333456426858902,-0.1583060473203659,-0.5436659455299377,-0.6835466027259827,-0.18961429595947266,-0.16448889225721358,-0.5550004839897156,-0.38063886761665344,-0.25557810068130493,0.08400271087884903,0.28477028012275696,0.23222079277038574,-0.06479401886463165,0.4816187620162964,0.1328304558992386,0.19944345951080322,0.41200530529022217
YML084W,val,False,False,-1.2485897541046143,-1.2999096393585206,-1.0052168369293213,-2.1741085052490234,-1.6595017910003662,-0.3949671983718872,-1.2657538652420044,-0.16073987372219561,-0.17196565866470337,-0.31028562784194946,-0.1821877360343933,-0.027835587039589882,-0.1114247590303421,-1.7302222490310668,-1.7530676126480103,-1.7871692180633545,-1.7387101650238037,-1.8354253768920898,-1.5367388725280762
YML085C,val,True,True,0.4721769392490387,0.42408391237258913,0.7367002367973328,0.3120863437652588,0.4317649304866791,0.4612305462360382,0.17863750457763672,0.7519624531269073,0.7255980968475342,1.1259788274765015,0.4308723509311676,0.8646265268325806,0.6127364635467529,0.11376541322097182,0.08008787035942078,-0.058191388845443726,0.005679729860275984,0.2151499092578888,0.3261009454727173
YML086C,val,True,True,0.2188797891139984,-0.6096477478742599,-0.3348125219345093,-0.47064340114593506,-0.9011390805244446,-0.22679583728313446,-1.1148478984832764,0.07965324670076371,0.2768057882785797,0.03636794537305832,-0.366217702627182,0.2627195417881012,0.1885906606912613,-0.39582623541355133,-0.10737656056880951,-0.8371378779411316,-0.4568708539009094,-0.10495874285697937,-0.47278714179992676
YML087C,val,True,True,-0.5461809039115906,-0.6530459642410278,-0.457206666469574,-0.5991138219833374,-0.7008188962936401,-0.7363796234130859,-0.7717108130455017,0.2521369993686676,0.3882291615009308,0.154312402009964,0.4110660254955292,0.1903589516878128,0.11671845614910126,-0.5143708169460297,0.3167448341846466,-0.6089508533477783,-0.7331315875053406,-0.7706215977668762,-0.7758948802947998
YML088W,val,True,True,0.5288590788841248,0.27646811194717885,0.24253785610198975,0.3717246949672699,0.4164898097515106,-0.0042148735374212265,0.35580307245254517,0.737070894241333,0.7737935781478882,0.7019804120063782,0.389606773853302,0.9928172826766968,0.8271564245223999,0.31935263574123385,0.6921595931053162,0.36430349946022034,0.2746136784553528,-0.14493773877620697,0.4106241464614868
YML089C,val,False,False,-0.11639826744794846,-0.34392019733786583,-0.6908996105194092,-0.7657026648521423,0.03468926623463631,0.18696856498718262,-0.48465654253959656,-0.16073987372219561,-0.17196565866470337,-0.31028562784194946,-0.1821877360343933,-0.027835587039589882,-0.1114247590303421,-0.8435510694980621,-0.9693956971168518,-1.5080938339233398,0.08842477202415466,-0.7740793824195862,-1.0546112060546875
YML090W,val,False,False,-1.8888826370239258,-0.6904242396354675,-0.3572605848312378,-0.35805779695510864,-1.0624022483825684,-0.37088656425476074,-1.303514003753662,-0.16073987372219561,-0.17196565866470337,-0.31028562784194946,-0.1821877360343933,-0.027835587039589882,-0.1114247590303421,-1.6919533252716064,-2.0731093883514404,-1.6149582862854004,-1.4420192241668701,-1.596152901649475,-1.7335268259048462
YML091C,val,False,True,0.32278382778167725,0.12576039731502534,-0.08939303457736969,-0.20723286271095276,0.7212088704109192,0.35397592186927795,-0.14975690841674805,-0.06821940913796425,-0.25327661633491516,-1.048557162284851,-0.012942720204591751,0.3643437325954437,0.609335720539093,0.2824889808893204,0.1962513029575348,-0.03407548367977142,0.4396427869796753,0.42264437675476074,0.38798192143440247
YML092C,val,True,True,1.2779977321624756,0.5503180220723152,0.7571973204612732,0.5470869541168213,0.8456742167472839,0.5578362941741943,0.043795324862003326,0.6028173267841339,0.23585215210914612,0.8333504796028137,0.5807886719703674,0.749477207660675,0.6146181225776672,0.683191567659378,0.9373008012771606,0.5516475439071655,0.8086574673652649,0.786684513092041,0.3316675126552582
YML093W,val,True,True,0.8223190307617188,0.785854448378086,0.841856062412262,0.9290975332260132,1.0689300298690796,0.9740946888923645,0.11529392749071121,0.4733950138092041,0.47453272342681885,0.6132547855377197,0.2549980580806732,0.5458264946937561,0.4783630073070526,0.6602348923683167,0.5490249991416931,0.5776470899581909,1.2627977132797241,0.37004703283309937,0.5416576266288757
YML094C-A,val,False,False,-1.774247169494629,-0.7001166373491288,-1.2635217905044556,-1.0726048946380615,-0.5328547954559326,-0.18663839995861053,-0.4449633061885834,-0.16073987372219561,-0.17196565866470337,-0.31028562784194946,-0.1821877360343933,-0.027835587039589882,-0.1114247590303421,-2.0392213582992555,-2.28397274017334,-2.194547414779663,-2.254693031311035,-1.785195231437683,-1.6776983737945557
YML094W,val,True,False,0.5129966139793396,0.2083945468068123,0.6157761812210083,0.22797700762748718,0.6249520778656006,0.11731833964586258,-0.5440508723258972,-0.16073987372219561,-0.17196565866470337,-0.31028562784194946,-0.1821877360343933,-0.027835587039589882,-0.1114247590303421,-0.024505488574504852,0.16573262214660645,-0.17246013879776,1.0079278945922852,0.034667231142520905,-1.1583950519561768
YML095C,val,False,False,0.34410446882247925,-0.27130310945212843,-0.5397844910621643,-0.5084552764892578,0.07185186445713043,-0.02090269885957241,-0.35922494530677795,-0.16073987372219561,-0.17196565866470337,-0.31028562784194946,-0.1821877360343933,-0.027835587039589882,-0.1114247590303421,-0.4063989132642746,-0.31093233823776245,-0.6516987681388855,0.15148736536502838,-0.3196713924407959,-0.9011794328689575
YML096W,val,True,True,-0.2960871458053589,-1.143984591960907,-1.6477046012878418,-0.9568070769309998,-0.5181127786636353,-0.8723791837692261,-1.724919319152832,-0.13146498389542102,-0.7978060245513916,0.21213459968566895,0.20265021920204163,-0.029497111216187477,-0.24480660259723663,-0.3908150851726532,0.38670647144317627,-1.2989451885223389,-0.39233458042144775,0.33436718583106995,-0.9838693141937256
YML097C,val,True,True,0.7617132067680359,-0.08060325533151627,-0.40098142623901367,-0.2254905104637146,0.06281453371047974,0.2622520625591278,-0.1016109362244606,0.14879845082759857,0.4573639929294586,0.04227270185947418,0.10472522675991058,-0.13243968784809113,0.2720700204372406,-0.056415388360619545,-0.5312044024467468,-0.02970217913389206,0.028040355071425438,0.09606972336769104,0.15471956133842468
YML098W,val,True,True,0.9084579944610596,0.4713236793875694,0.8820666670799255,0.35260316729545593,0.5019323229789734,0.5209969282150269,0.09901931136846542,0.5282532632350921,0.6124981641769409,0.5469467043876648,0.48498672246932983,0.5025204420089722,0.4943142831325531,0.5864543080329895,0.7175540924072266,0.6303274035453796,0.6354493498802185,0.649419367313385,0.2995213270187378
YML099C,val,True,True,0.00624150549992919,0.20259327590465545,0.6491233110427856,-0.08056969940662384,0.27307093143463135,0.3195745348930359,-0.14823269844055176,0.3909253150224686,0.4225754141807556,0.6147064566612244,0.33193105459213257,0.35381412506103516,0.23159952461719513,0.0642061673104763,-0.017323315143585205,0.02785351872444153,0.1990974396467209,0.08096710592508316,0.030436087399721146
YML099W-A,val,False,False,-1.9113911390304565,-0.20566828101873397,0.020429247990250587,-0.38262107968330383,-0.03273528441786766,0.02386639453470707,-0.657280683517456,-0.16073987372219561,-0.17196565866470337,-0.31028562784194946,-0.1821877360343933,-0.027835587039589882,-0.1114247590303421,-1.2534909844398499,-1.313620686531067,-1.8018255233764648,-1.4399034976959229,-0.40178054571151733,-1.3103246688842773
YML100W,val,False,True,0.6521351933479309,0.4051763951778412,0.40697211027145386,0.37811779975891113,0.9259138703346252,0.38610097765922546,-0.07122278213500977,1.235285186767578,1.0271365642547607,1.2541402578353882,1.1723241806030273,1.6363877058029175,1.0864372253417969,0.07596994936466217,-0.8071519732475281,-0.19986668229103088,0.6018854379653931,0.63918536901474,0.14579759538173676
YML100W-A,val,True,True,-0.42879676818847656,-0.4920634388923645,-1.0239770412445068,-0.8768911957740784,-0.5394659638404846,0.38255995512008667,-0.40254294872283936,0.1290029540657997,-0.09584343433380127,0.210511714220047,-0.040898557752370834,0.6296299695968628,-0.05838492140173912,-1.299494469165802,-1.5356894731521606,-1.4660799503326416,-1.8882176876068115,-1.3070675134658813,-0.3004177212715149
YML101C,val,True,True,0.5706790685653687,0.5726733282208443,0.5080243945121765,0.6241621971130371,0.7976499795913696,0.8674025535583496,0.06612751632928848,0.8172699987888337,0.4709397256374359,1.0031057596206665,0.6398331522941589,1.4278794527053833,0.5445919036865234,0.3406494282186031,0.06322000175714493,0.8186463713645935,-0.062315430492162704,0.5283055901527405,0.35539060831069946
YML101C-A,val,False,False,-0.9648038744926453,-0.4759544774889946,-0.8316060900688171,-0.751811683177948,-0.23091638088226318,0.06355080753564835,-0.628989040851593,-0.16073987372219561,-0.17196565866470337,-0.31028562784194946,-0.1821877360343933,-0.027835587039589882,-0.1114247590303421,-1.7574893832206726,-2.070208787918091,-1.9302122592926025,-2.2430508136749268,-0.9718684554100037,-1.5721065998077393
YML102W,val,True,True,0.44295546412467957,0.9518417894840241,1.2962045669555664,0.35833272337913513,1.270936131477356,1.1294218301773071,0.7043136954307556,1.03355370759964,0.7774719595909119,0.7932416796684265,1.4297490119934082,1.2608972787857056,0.9064086079597473,0.844465172290802,1.0081884860992432,0.4394453167915344,1.2119958400726318,0.8050241470336914,0.7576720714569092
YML103C,val,True,True,0.3696173131465912,0.7474446773529053,1.3524432182312012,0.7315959334373474,0.6444873213768005,0.8540025353431702,0.15469437837600708,1.019464647769928,0.9448784589767456,1.2858504056930542,0.990300714969635,0.7577254772186279,1.1185681819915771,0.9006552815437316,0.9501362442970276,1.0569961071014404,0.7323194146156311,1.0935786962509155,0.6702459454536438
YML104C,val,True,True,-0.5036650896072388,-0.5544400990009308,-0.17655347287654877,-0.9916675686836243,0.14631693065166473,-1.29804265499115,-0.4522537291049957,0.03383965566754341,-0.035555556416511536,-0.4474504888057709,0.30346915125846863,0.3217819035053253,0.02695326879620552,-0.24294961914420127,-0.15105287730693817,-0.7425838708877563,0.2223050445318222,-0.5180830955505371,-0.02533329650759697
YML105C,val,True,True,0.7099078297615051,0.0909064631909132,-0.07207581400871277,-0.020319724455475807,0.07095418125391006,0.48616278171539307,-0.010189108550548553,0.405047807097435,0.21763908863067627,0.5250654220581055,0.5464345812797546,0.49524375796318054,0.24085618555545807,0.09257996678352357,0.1514056921005249,-0.34476423263549805,0.24744382500648499,0.24208855628967285,0.1667259931564331
YML106W,val,True,True,0.6847445964813232,-0.13733806908130647,0.23523908853530884,0.19586148858070374,-0.15218882262706757,0.3317944407463074,-1.2973965406417847,0.3574574053287506,0.2658649981021881,-0.10930967330932617,0.5316115021705627,0.6474735736846924,0.451646625995636,-0.0628838874399662,0.23045793175697327,-1.492429494857788,0.3202764093875885,0.6481422781944275,-0.02086656168103218
YML107C,val,False,True,-0.1278109848499298,0.6736723363399506,0.8573809266090393,0.6842962503433228,0.884281575679779,0.7868785262107849,0.15552440285682678,0.7286320209503174,0.6793068647384644,0.9755590558052063,0.717196524143219,0.6946768164634705,0.5764208436012268,0.5066878616809845,0.40589639544487,0.4771314859390259,0.5600298047065735,0.7330891489982605,0.3572924733161926
YML108W,val,True,True,0.8787569999694824,0.4654334232211113,0.5860839486122131,0.08217838406562805,0.6475646495819092,0.9125797748565674,0.09876035898923874,0.5824670553207397,0.8087777495384216,0.6378861665725708,0.45107677578926086,0.541420042514801,0.4731745421886444,0.4934256672859192,0.19819635152816772,0.3925633430480957,1.171497106552124,0.33190783858299255,0.37296369671821594
YML109W,val,True,True,0.10808736085891724,-0.03326298892498016,0.19153618812561035,-0.1787719577550888,-0.760918915271759,0.7469502687454224,-0.1651105284690857,0.682585084438324,0.5442774891853333,0.7995927333831787,0.7533800005912781,0.6821084022521973,0.6335667967796326,0.08912578821182252,-0.12773379683494568,0.3162882328033447,0.15486648678779602,-0.3775763213634491,0.4797843396663666
YML110C,val,True,True,0.33706533908843994,0.18887142539024354,0.12993237376213074,0.24981218576431274,0.2780098617076874,0.4361489713191986,-0.14954626560211182,0.41023686826229094,0.4180304706096649,0.5027948617935181,0.353691965341568,0.6478235721588135,0.12884347140789032,0.1606268621981144,0.17778834700584412,0.2823168933391571,-0.037392016500234604,0.1374962478876114,0.24292483925819397
YML111W,val,False,True,0.25611329078674316,0.3825882602483034,0.32602065801620483,0.703589677810669,0.5162698030471802,0.010039174929261208,0.3570219874382019,0.41444850862026217,0.16831114888191223,0.8640303611755371,0.11803288757801056,0.38439327478408813,0.5374748706817627,0.4771928429603577,0.3955495059490204,0.2018508017063141,0.5970798134803772,0.8125242590904236,0.3789598345756531
YML112W,val,True,True,0.7091566920280457,0.638416999578476,0.5446706414222717,0.7307581305503845,0.7308835983276367,0.7547318339347839,0.43104079365730286,0.4191224694252014,0.355863094329834,0.2850404977798462,0.41671785712242126,0.6563896536827087,0.3816012442111969,0.42482268810272217,0.7778723835945129,0.10857728123664856,0.48966720700263977,0.3711954951286316,0.376801073551178
YML113W,val,True,True,1.2940490245819092,0.8377636671066284,1.4501209259033203,1.0996637344360352,0.5504338145256042,0.8677055835723877,0.22089427709579468,0.9246286749839783,1.021611213684082,1.1475937366485596,0.7503477931022644,1.0135194063186646,0.6900712251663208,0.7182140827178956,0.73782879114151,0.694641649723053,1.0091252326965332,0.6435612440109253,0.505913496017456
YML114C,val,True,True,0.8619050979614258,0.7935832381248474,1.1081321239471436,0.57752925157547,0.6311208605766296,0.9498429298400879,0.701291024684906,0.9163653969764709,0.9157145023345947,0.9608163237571716,0.8084937930107117,1.0485550165176392,0.8482473492622375,0.7493563055992126,0.6053516864776611,0.6389745473861694,1.083248496055603,0.8875780701637268,0.5316287279129028
YML115C,val,False,True,0.8334412574768066,0.4310981333255768,0.46151813864707947,0.6904945373535156,0.4278034269809723,0.5653949975967407,0.010279566049575806,0.31003863289952277,0.33583107590675354,0.43096593022346497,0.3734537661075592,0.3489498496055603,0.060992542654275894,0.409002360701561,0.3675288259983063,0.4549313187599182,0.4324037432670593,0.5436071157455444,0.24654079973697662
YML116W,val,False,True,0.5332885980606079,-0.28387629985809326,0.15031206607818604,-0.6600821018218994,-0.23021411895751953,-0.8401809334754944,0.160783588886261,-0.07152110636234284,-0.26112228631973267,-0.10910441726446152,-0.4632040560245514,0.10855398327112198,0.3672712445259094,-0.03533854782581329,0.814507782459259,-1.0746915340423584,-0.37767040729522705,0.39656907320022583,0.06459234654903412
YML116W-A,val,False,False,-0.33021149039268494,-0.3429495632648468,-0.10291250050067902,-1.0289075374603271,-0.37601572275161743,0.22384484112262726,-0.43075689673423767,-0.16073987372219561,-0.17196565866470337,-0.31028562784194946,-0.1821877360343933,-0.027835587039589882,-0.1114247590303421,-1.56185142993927,-1.6160646677017212,-1.5743842124938965,-1.7508009672164917,-1.3467847108840942,-1.5212225914001465
YML117W,val,True,True,0.7749189138412476,-0.3513949692249298,-0.5561215281486511,-0.19486984610557556,-0.1403137445449829,-0.3401157855987549,-0.5255539417266846,0.23747931122779847,0.2547164857387543,0.34695717692375183,0.15958422422409058,0.2828904390335083,0.14324823021888733,-0.2062149666249752,-0.6006795167922974,-0.06921973824501038,0.151261568069458,-0.45370638370513916,-0.05873076245188713
YML118W,val,True,True,-0.3975036144256592,-0.004800225794315338,-0.19197063148021698,-0.12856614589691162,0.0960775762796402,0.30310219526290894,-0.10264412313699722,0.10516416355967521,-0.1811530590057373,-0.04525589197874069,0.14964567124843597,0.6338561773300171,-0.031272079795598984,0.3267463281750679,0.744790256023407,0.028651468455791473,0.2676365077495575,0.20277626812458038,0.3898771405220032
YML119W,val,True,True,0.6349478960037231,1.0058640778064727,1.619009256362915,1.085445523262024,0.28946956992149353,1.198158621788025,0.8372374176979065,0.8397999703884125,0.425647109746933,0.9395458102226257,0.06807464361190796,1.5421602725982666,1.223572015762329,0.6654701516032219,0.07172223180532455,0.7733250856399536,1.0568437576293945,0.804706871509552,0.6207528114318848
YML120C,val,True,True,0.5357692837715149,0.260425928235054,0.4991469979286194,0.37269127368927,0.34072110056877136,0.0920187458395958,-0.0024484768509864807,0.5977346956729889,0.34878525137901306,0.4831109642982483,0.26155102252960205,0.990071177482605,0.9051550626754761,0.5067530333995819,0.5198773741722107,0.7246047258377075,0.5338547825813293,0.2235335409641266,0.5318947434425354
YML121W,val,True,True,0.7197954654693604,0.624485993385315,0.6335992813110352,0.9483537077903748,0.48178520798683167,0.709423303604126,0.34926846623420715,0.9916211366653442,0.5433613061904907,1.2787634134292603,0.5233196020126343,1.6874537467956543,0.9252076148986816,-0.0038050174713134765,-1.3439041376113892,0.36327940225601196,0.5662497878074646,-0.5273914337158203,0.9227412939071655
YML122C,val,False,False,-1.2089948654174805,-1.1490378618240356,-0.827919602394104,-1.1437273025512695,-1.6627827882766724,-0.9051905870437622,-1.2055690288543701,-0.16073987372219561,-0.17196565866470337,-0.31028562784194946,-0.1821877360343933,-0.027835587039589882,-0.1114247590303421,-1.7700042486190797,-1.4752331972122192,-1.7751362323760986,-2.198307991027832,-1.9130191802978516,-1.4883246421813965
YML123C,val,True,True,1.46579110622406,0.7406128168106079,0.8719598054885864,0.708605945110321,0.7345588803291321,1.0302847623825073,0.3576546907424927,1.380648958683014,0.6057183146476746,2.012974739074707,1.3563717603683472,1.5031604766845703,1.4250195026397705,0.6854121863842011,-0.19163662195205688,1.501988172531128,1.2863960266113281,0.20942559838294983,0.6208877563476562
YML124C,val,True,True,0.7573512196540833,0.8497211575508118,0.9790216088294983,0.6732492446899414,0.8257411122322083,1.1607557535171509,0.60983806848526,1.1354535460472106,0.9461695551872253,1.3956916332244873,1.153104305267334,1.0393450260162354,1.1429572105407715,0.8559921622276306,0.8243595957756042,0.6888118982315063,1.4130090475082397,1.0092582702636719,0.34452199935913086
YML125C,val,True,True,0.7188077569007874,0.1088821291923523,0.2574726939201355,-0.18093648552894592,0.2717039883136749,0.4058711528778076,-0.20970070362091064,0.5606270074844361,0.5677467584609985,0.5110788345336914,0.6771810054779053,0.5627220869064331,0.48440635204315186,0.06887429431080819,0.02389288693666458,-0.05317506939172745,0.3787928819656372,-0.04995262622833252,0.04481339827179909
YML126C,val,True,True,0.38258954882621765,-0.10203940235078335,0.08318469673395157,-0.4209597706794739,0.17815668880939484,0.011456707492470741,-0.36203533411026,0.30475808382034303,0.13526061177253723,0.28650742769241333,0.4490066468715668,0.3951341211795807,0.25788161158561707,0.1339140184223652,0.5738402009010315,-0.12669408321380615,0.065839983522892,0.1082405373454094,0.04834345355629921
YML127W,val,True,True,0.5888843536376953,0.4078888535499573,0.6698510050773621,-0.1165170669555664,0.6082913875579834,0.5438219308853149,0.3339970111846924,0.670301866531372,0.7657169103622437,0.7427423596382141,0.5781921744346619,0.5982557535171509,0.6666021347045898,0.5077030122280121,0.4121544659137726,0.41735368967056274,0.6178874373435974,0.6048805713653564,0.48623889684677124
YML128C,val,False,True,0.07409635931253433,0.3018259733915329,0.7101134061813354,0.3825387954711914,0.35928815603256226,0.23070628941059113,-0.17351678013801575,0.5184249103069305,0.6249103546142578,0.4766278862953186,0.40963199734687805,0.5772859454154968,0.5036683678627014,0.46285754442214966,0.6163495182991028,0.18488666415214539,0.573020339012146,0.6276471018791199,0.31238409876823425
YML129C,val,True,True,1.6074448823928833,0.46616298109292986,0.44380977749824524,0.5926350951194763,0.7442410588264465,0.5199642777442932,0.030164696276187897,0.7306197047233581,0.6743209362030029,0.7712341547012329,0.8823297023773193,0.7811041474342346,0.544109582901001,0.8152565479278564,0.9670462608337402,1.2063403129577637,0.8514229655265808,0.7831431031227112,0.26833009719848633
YML130C,val,True,True,0.33311814069747925,0.8345265746116638,1.1029880046844482,0.305237352848053,1.0539257526397705,1.0705868005752563,0.639894962310791,1.1247331380844117,1.2529520988464355,1.0590713024139404,0.8094459772109985,1.512221336364746,0.9899749755859375,0.8738043665885925,0.7857361435890198,0.7827033400535583,1.2561602592468262,0.5313875079154968,1.0130345821380615
YML131W,val,False,True,0.671188235282898,-0.1559179440140724,0.40809425711631775,0.1012977659702301,-1.012587308883667,-0.17478331923484802,-0.10161111503839493,0.2726110078394413,0.004412759095430374,0.6330402493476868,-0.6567954421043396,0.8979159593582153,0.4844815135002136,0.021888923645019532,-0.4877001643180847,0.11779841780662537,-0.08847495913505554,0.26549068093299866,0.3023306429386139
YML132W,val,True,True,-0.9098246693611145,-1.3449740290641785,-0.8211873173713684,-1.3652300834655762,-1.2234150171279907,-1.7679545879364014,-1.5470831394195557,-0.3091831229627132,-0.19625224173069,-0.8074256181716919,0.010352302342653275,-0.4369295835494995,-0.11566047370433807,-1.3431344389915467,-1.0390267372131348,-1.430408000946045,-1.800529956817627,-0.9606736302375793,-1.4850338697433472
YML133C,val,True,True,-1.825521469116211,-0.6367690406739712,-0.03760522976517677,-1.2473341226577759,-1.281857967376709,-0.07292888313531876,-0.5441190004348755,0.18829985782504083,-0.014562372118234634,0.37521684169769287,-1.2335808277130127,0.9454059600830078,0.8690196871757507,-1.6463884592056275,-1.9297562837600708,-1.6359596252441406,-1.9192405939102173,-1.921995759010315,-0.8249900341033936
YML133W-A,val,False,False,-2.088510751724243,-0.49855854660272597,-1.00167977809906,-0.7926221489906311,-0.2440275102853775,0.08882195502519608,-0.5432852506637573,-0.16073987372219561,-0.17196565866470337,-0.31028562784194946,-0.1821877360343933,-0.027835587039589882,-0.1114247590303421,-2.098712992668152,-2.14911150932312,-2.180004119873047,-2.2233476638793945,-1.9019993543624878,-2.03910231590271
YML133W-B,val,False,False,-2.088510751724243,-1.0041534066200257,-1.1285922527313232,-1.8104171752929688,-1.5683259963989258,0.28097349405288696,-0.7944051027297974,-0.16073987372219561,-0.17196565866470337,-0.31028562784194946,-0.1821877360343933,-0.027835587039589882,-0.1114247590303421,-2.1376574516296385,-2.168677806854248,-2.1586239337921143,-2.2137389183044434,-2.000206470489502,-2.1470401287078857
YMR001C,val,True,True,0.4824891984462738,0.36013385355472566,0.08052240312099457,-0.06912417709827423,0.18053902685642242,1.2331435680389404,0.37558844685554504,0.9734338909387589,0.8256475329399109,1.5781141519546509,-0.09251652657985687,1.5470552444458008,1.0088690519332886,0.6298266649246216,0.6291894912719727,0.7875802516937256,0.2887114882469177,0.6401315331459045,0.8035205602645874
YMR001C-A,val,True,True,-0.9232489466667175,0.774676251411438,0.5324841141700745,0.25161755084991455,0.8654233813285828,1.463167428970337,0.7606887817382812,1.2407369136810302,0.6517646312713623,1.697442650794983,1.152055025100708,1.611085295677185,1.091336965560913,0.5773257553577423,0.8083646893501282,0.4018833041191101,0.6703729033470154,0.27627477049827576,0.7297331094741821
YMR002W,val,True,True,1.6318634748458862,1.124535694718361,1.829331874847412,0.7207133173942566,1.3031814098358154,1.6585534811019897,0.11089839041233063,1.2717415690422058,0.5947750210762024,1.117011308670044,1.803074598312378,1.7247837781906128,1.119063138961792,1.3265779614448547,1.6403480768203735,1.4214038848876953,1.5737485885620117,1.1408981084823608,0.8564911484718323
YMR003W,val,True,True,0.5063076019287109,0.5295134142041207,0.5596235394477844,0.8928706645965576,0.6332634091377258,0.619188129901886,-0.05737867206335068,0.7195152163505554,0.6298620104789734,0.8585597276687622,0.7123449444770813,0.7101169228553772,0.686692476272583,0.6112492978572845,0.455167680978775,0.6855104565620422,0.8291568160057068,0.6937842965126038,0.3926272392272949
YMR004W,val,False,True,0.4858071208000183,0.2690075278282166,0.45751869678497314,0.4047505259513855,0.36727842688560486,0.4147651195526123,-0.29927513003349304,0.16706499606370925,-0.3967602550983429,0.01632998138666153,0.733420193195343,0.2460196167230606,0.23631544411182404,0.1949675925076008,0.21088340878486633,0.12602218985557556,0.24464769661426544,0.3896014094352722,0.0036832578480243683
YMR005W,val,True,True,0.7838118672370911,0.02568172812461853,-0.10383099317550659,-0.16206736862659454,0.09227190166711807,0.4155418872833252,-0.11350678652524948,0.25721447393298147,-0.0317654050886631,0.24822670221328735,0.29130133986473083,0.602881669998169,0.17542806267738342,0.1479361042380333,0.10117980092763901,0.11883369088172913,0.2803061008453369,0.031650811433792114,0.2077101171016693
YMR006C,val,False,True,-0.3357008099555969,-0.39913495630025864,-0.47075188159942627,-0.4433860182762146,-0.43439891934394836,0.03483346849679947,-0.6819714307785034,0.45301990061998365,-0.032175563275814056,0.48869645595550537,0.8407540321350098,0.5443581342697144,0.42346644401550293,-0.17795985080301763,-0.014817217364907265,0.33000898361206055,-0.013279072940349579,-1.2874196767807007,0.0957077294588089
YMR007W,val,False,False,-1.4166887998580933,-0.5396077960729599,-0.2168797105550766,-1.1624417304992676,-0.542208731174469,-0.25663095712661743,-0.5198778510093689,-0.16073987372219561,-0.17196565866470337,-0.31028562784194946,-0.1821877360343933,-0.027835587039589882,-0.1114247590303421,-1.579337477684021,-1.363991141319275,-1.7889084815979004,-2.141172409057617,-1.0934898853302002,-1.5091254711151123
YMR008C,val,True,True,0.08533569425344467,-0.04308153688907623,0.12036053836345673,0.9476163983345032,-0.47556740045547485,0.31042933464050293,-1.1182465553283691,0.7149188786745071,0.5187821388244629,0.9053015112876892,-0.21831993758678436,1.196840524673462,1.171990156173706,0.39515267610549926,-0.2494198977947235,1.0831830501556396,0.3515560030937195,0.41916990280151367,0.37127432227134705
YMR009W,val,True,True,0.1333782970905304,0.15220715701580048,0.061746083199977875,0.7252722978591919,0.3133813440799713,-0.11113382130861282,-0.22823011875152588,0.12729637920856476,-0.228730708360672,-0.12657946348190308,0.5685317516326904,0.23103182017803192,0.1922284960746765,0.18858622014522552,0.259243905544281,0.44631093740463257,0.22326913475990295,0.2615503668785095,-0.24744324386119843
YMR010W,val,True,True,0.3039596676826477,0.5315165042877197,0.45488110184669495,0.7473505139350891,0.6107409596443176,0.6299130916595459,0.21469685435295105,0.6936690807342529,0.6301928758621216,0.5648478865623474,0.9760648012161255,0.7490657567977905,0.5481740832328796,0.3606777638196945,0.18851274251937866,0.4503634572029114,0.23691008985042572,0.5831215381622314,0.3444809913635254
YMR011W,val,False,True,0.8461068272590637,0.46718909591436386,1.949889063835144,0.6151950359344482,0.4111708700656891,0.031567953526973724,-0.6718774437904358,1.3681885361671449,1.6491098403930664,1.4949827194213867,0.8999457955360413,1.7742387056350708,1.0226656198501587,0.6594356775283814,0.9608668684959412,1.1247155666351318,0.5065793991088867,0.5344071388244629,0.17060941457748413
YMR012W,val,True,True,0.7629134058952332,0.6058754831552505,1.0966851711273193,0.7163018584251404,0.3065641224384308,0.9080003499984741,0.0018259137868881226,0.9413352012634277,1.088507056236267,0.7303459644317627,1.082619071006775,1.0349255800247192,0.7702783346176147,0.41468978524208067,0.3655862510204315,0.4076460003852844,0.5809845328330994,0.4683566093444824,0.2508755326271057
YMR013C,val,True,True,-0.6629487872123718,0.5501240000128746,0.5531783699989319,0.5133153796195984,0.7463294863700867,0.838411808013916,0.09938495606184006,0.796970134973526,0.5950416326522827,1.3405548334121704,0.42826351523399353,0.954627513885498,0.6663631796836853,0.6414616823196411,0.7473401427268982,0.5977498292922974,1.1423544883728027,0.2740616500377655,0.4458023011684418
YMR013C-A,val,False,False,-2.088510751724243,-0.2061271533370018,-0.3151906728744507,-0.6223146915435791,-0.06506168097257614,0.13837039470672607,-0.16643911600112915,-0.16073987372219561,-0.17196565866470337,-0.31028562784194946,-0.1821877360343933,-0.027835587039589882,-0.1114247590303421,-0.8027590215206146,-0.07352666556835175,-1.5269043445587158,0.07570715248584747,-1.056052327156067,-1.4330189228057861
YMR013W-A,val,False,False,-2.088510751724243,-0.18346462100744249,0.37443041801452637,-0.303393691778183,-0.10868873447179794,0.19270122051239014,-1.072372317314148,-0.16073987372219561,-0.17196565866470337,-0.31028562784194946,-0.1821877360343933,-0.027835587039589882,-0.1114247590303421,-1.0651532113552094,-0.21594753861427307,-0.6108278632164001,-1.534181833267212,-1.3034504652023315,-1.66135835647583
YMR014W,val,True,True,0.987548291683197,1.031284075975418,1.256278157234192,1.0669373273849487,1.394470453262329,1.0053071975708008,0.43342724442481995,1.060834491252899,0.7868608236312866,1.5322091579437256,0.8613339066505432,1.1228350400924683,1.0009335279464722,1.054060411453247,1.2837358713150024,0.6886855959892273,1.2506296634674072,0.881962239742279,1.1652886867523193
YMR015C,val,True,True,0.21486030519008636,0.6894645273685456,1.0430731773376465,0.30709514021873474,0.2909696698188782,1.1329373121261597,0.6732473373413086,1.1916489243507384,0.825322151184082,1.553510069847107,0.7592375874519348,1.6669296026229858,1.153245210647583,0.680701470375061,0.8546971678733826,1.322049856185913,0.9016783237457275,-0.7285624146461487,1.0536444187164307
YMR016C,val,True,True,1.2020421028137207,1.6005381226539612,1.8167533874511719,1.7055246829986572,1.7670059204101562,1.8586807250976562,0.8547258973121643,1.6716946840286255,1.7252755165100098,1.8462671041488647,1.4067630767822266,1.6381882429122925,1.7419794797897339,1.6905077934265136,2.1455836296081543,2.2114968299865723,1.8802282810211182,1.135665774345398,1.0795644521713257
YMR017W,val,True,True,-1.5353121757507324,-0.24881417863070965,0.014402473345398903,-0.6246948838233948,-0.4476013481616974,-0.33802497386932373,0.15184783935546875,-0.636499896645546,-0.8943166136741638,-0.7951493263244629,-1.0357897281646729,-0.14339719712734222,-0.313846617937088,-0.780682897567749,-0.9102709889411926,-0.5064197778701782,-1.1033406257629395,-1.0616639852523804,-0.32171911001205444
YMR018W,val,True,True,-1.3377783298492432,-1.6512738943099976,-1.9079813957214355,-2.030979871749878,-1.7452330589294434,-1.2019448280334473,-1.3702303171157837,-1.8300465106964112,-2.619795560836792,-2.223581314086914,-1.4828858375549316,-1.4093283414840698,-1.4146414995193481,-1.1700025796890259,-1.3744221925735474,-0.8647012710571289,-1.8811880350112915,-0.6625505685806274,-1.0671508312225342
YMR019W,val,True,True,0.06982558965682983,-0.10813107788562774,0.3134464621543884,-0.4362461566925049,0.1332673579454422,-0.2933710217475891,-0.25775203108787537,0.31626021936535836,0.05085209384560585,0.30226701498031616,0.5692022442817688,0.3485640585422516,0.31041568517684937,-0.027325030136853456,0.3088794946670532,-0.3738689422607422,-0.004555618856102228,-0.08544041216373444,0.018360327929258347
YMR020W,val,True,True,-0.1742202639579773,-0.1997919648885727,-0.6041702628135681,-0.17499670386314392,-0.08775176107883453,-0.4471544623374939,0.315113365650177,0.6070751309394836,0.7637921571731567,0.44887465238571167,0.7263975143432617,0.6685096025466919,0.4278017282485962,0.12274814993143082,-0.07617036253213882,0.33867567777633667,0.06893564760684967,0.039967894554138184,0.24233189225196838
YMR021C,val,False,True,0.20549044013023376,0.3590293824672699,0.7326040863990784,0.11280906200408936,0.25429150462150574,0.6273616552352905,0.0680806040763855,0.6150453567504883,0.5186820030212402,0.6460252404212952,0.5960642695426941,0.6812582015991211,0.6331970691680908,0.5943602025508881,0.8543279767036438,0.7390099167823792,0.28473198413848877,0.6986278891563416,0.39510324597358704
YMR022W,val,True,True,1.2896997928619385,0.7333260238170624,1.028865098953247,0.2611781358718872,0.9767152667045593,1.066925287246704,0.3329463303089142,0.846411156654358,0.7450539469718933,0.9029312133789062,0.9092099070549011,0.8825027346611023,0.7923579812049866,0.7067793011665344,0.33650246262550354,1.0170235633850098,0.497465580701828,1.2188268899917603,0.46407800912857056
YMR023C,val,True,True,-0.5356108546257019,0.26055344492197036,0.6045597195625305,0.25717267394065857,0.08130142092704773,0.37338510155677795,-0.013651691377162933,0.31733916625380515,-0.031826574355363846,0.2598182260990143,0.6078760623931885,0.30266067385673523,0.44816744327545166,0.36265768110752106,0.6836977601051331,0.40432190895080566,0.22787365317344666,0.18686355650424957,0.31053152680397034
YMR024W,val,True,True,0.8016412258148193,0.4856270968914032,0.5748619437217712,0.43599316477775574,0.6847736239433289,0.7552087306976318,-0.02270197868347168,0.7059633255004882,0.8128740787506104,0.5352915525436401,0.8072088360786438,0.6293375492095947,0.7451046109199524,0.8313993453979492,1.0372384786605835,1.0557596683502197,0.7935693860054016,0.8284955024719238,0.44193369150161743
YMR025W,val,False,False,-0.7798637747764587,-0.622759471833706,-0.5129944086074829,-0.6256096959114075,-0.7914724946022034,-0.07557743042707443,-1.1081433296203613,-0.16073987372219561,-0.17196565866470337,-0.31028562784194946,-0.1821877360343933,-0.027835587039589882,-0.1114247590303421,-0.9866845846176148,-0.7377083897590637,-1.2587080001831055,-1.1831939220428467,-0.8805771470069885,-0.8732354640960693
YMR026C,val,True,True,0.12751556932926178,0.1812758132815361,0.28564032912254333,0.35457661747932434,0.06433644145727158,0.3812365233898163,-0.17941084504127502,0.6067376434803009,0.682325005531311,0.5855796933174133,0.31271985173225403,0.8465596437454224,0.6065040230751038,0.6498129367828369,0.549505889415741,0.6085676550865173,0.9781544804573059,0.6055753827095032,0.5072612762451172
YMR027W,val,True,True,0.3633936643600464,1.1169930160045625,1.0135189294815063,1.762830138206482,1.1363190412521362,1.209428310394287,0.46286866068840027,1.1953072667121887,0.9957294464111328,1.702939748764038,1.1009414196014404,1.2414408922195435,0.9354848265647888,1.2119505882263184,0.8011574149131775,1.6183521747589111,1.8109647035598755,1.1367638111114502,0.6925148367881775
YMR028W,val,False,True,0.19092926383018494,0.24003725796937941,0.3033553957939148,0.4386652708053589,0.10514438897371292,0.5858709812164307,-0.23284974694252014,0.6371140360832215,0.6940262913703918,0.7309099435806274,0.5053228139877319,0.6474939584732056,0.6078171730041504,0.17742506861686708,0.4556863009929657,-0.14596283435821533,0.41162148118019104,-0.1156826913356781,0.281463086605072
YMR029C,val,False,True,0.3323368728160858,0.5327116787433624,0.37576937675476074,0.8367289304733276,0.44418445229530334,0.9743466377258301,0.03252899646759033,1.0680861473083496,0.4809483289718628,1.37898588180542,1.24837064743042,1.1949950456619263,1.0371308326721191,0.7562154531478882,0.5345932245254517,0.8318288326263428,1.064258098602295,0.8369342684745789,0.5134628415107727
YMR030W,val,True,True,-0.10805293172597885,0.47593812346458436,0.35972481966018677,0.4274787902832031,0.7505193948745728,0.6452704071998596,0.1966972053050995,0.5078939944505692,0.31759876012802124,0.06885243952274323,0.4798298478126526,1.0884982347488403,0.5846906900405884,0.790531051158905,1.0186296701431274,0.9182636141777039,0.9393967986106873,0.6085651516914368,0.4678000211715698
YMR030W-A,val,False,False,-1.639910340309143,-0.5897792294621468,-0.47665005922317505,-1.4407203197479248,-0.1705506294965744,0.11082059890031815,-0.9717957377433777,-0.16073987372219561,-0.17196565866470337,-0.31028562784194946,-0.1821877360343933,-0.027835587039589882,-0.1114247590303421,-1.327051818370819,-1.2627360820770264,-2.1782546043395996,-0.5384562611579895,-1.749467372894287,-0.9063447713851929
YMR031C,val,True,True,0.8167580366134644,0.6358443617820739,1.1350740194320679,0.30953362584114075,0.9476565718650818,0.460305392742157,0.3266521990299225,1.0690079092979432,1.1646409034729004,1.1486259698867798,0.754945695400238,1.5807002782821655,0.6961266994476318,1.0807852387428283,0.9555326104164124,1.204850196838379,1.0656301975250244,1.419488549232483,0.7584246397018433
YMR031W-A,val,False,False,-1.8252671957015991,-0.8927423000335694,-1.2588069438934326,-1.2154231071472168,-0.5703040957450867,-0.4053874611854553,-1.0137898921966553,-0.16073987372219561,-0.17196565866470337,-0.31028562784194946,-0.1821877360343933,-0.027835587039589882,-0.1114247590303421,-1.3829008340835571,-1.0618369579315186,-1.3777334690093994,-1.5404939651489258,-1.2763770818710327,-1.6580626964569092
YMR032W,val,True,True,0.2060471624135971,0.2872169092297554,0.28021004796028137,0.6243407726287842,0.6562697291374207,0.04439694434404373,-0.16913294792175293,0.796550965309143,0.4184141755104065,1.113420844078064,0.5954892039299011,1.2985830307006836,0.5568475723266602,0.5361905515193939,0.20069217681884766,1.1155738830566406,0.39497098326683044,0.684856116771698,0.2848595976829529
YMR033W,val,True,True,0.5531527996063232,0.5384672701358795,0.9237426519393921,0.3117693364620209,0.6780278086662292,0.6698375940322876,0.10895895957946777,1.1204304695129395,0.9573089480400085,1.2949186563491821,1.2566711902618408,1.1371066570281982,0.9561468958854675,0.39063196182250975,0.6088280081748962,-0.28222811222076416,0.729688823223114,0.2592085599899292,0.6376625299453735
YMR034C,val,True,True,-0.7925997376441956,-0.02589317262172699,-0.19354191422462463,0.10115441679954529,0.21329981088638306,0.17979367077350616,-0.4301718473434448,0.10263342633843422,-0.06760969758033752,-0.05203718692064285,0.1883441060781479,0.4546872675418854,-0.01021735742688179,0.3270885519683361,0.2596590220928192,0.7538394331932068,0.2662293016910553,0.3973711431026459,-0.041656140238046646
YMR035W,val,False,True,-0.39148810505867004,0.4052719295024872,0.5673978924751282,0.23723071813583374,0.7583488821983337,0.7412380576133728,-0.27785590291023254,0.5028835415840149,0.5078126192092896,0.13155239820480347,0.6662079095840454,0.7170108556747437,0.4918339252471924,0.40599259957671163,0.261035680770874,0.5898601412773132,0.7072203755378723,0.5110952854156494,-0.03924848511815071
YMR036C,val,True,True,0.14828236401081085,0.27981883436441424,0.5956729054450989,-0.11254072189331055,0.4900961220264435,0.4966025948524475,-0.07073672860860825,0.4137062728404999,0.12848258018493652,0.45255017280578613,0.4077970087528229,0.5572028160095215,0.5224987864494324,0.050921577215194705,-0.16745027899742126,-0.17845755815505981,0.17016999423503876,0.19866837561130524,0.2316773533821106
YMR037C,val,True,True,0.6423014402389526,0.16776243299245835,0.16193071007728577,-0.49425989389419556,0.2791471779346466,1.0017964839935303,-0.10980231314897537,0.7557351052761078,0.4295029938220978,0.8840020298957825,0.48021018505096436,1.0745463371276855,0.9104139804840088,0.18969520926475525,-0.2261252999305725,0.27214688062667847,0.6929671168327332,0.13945752382278442,0.07002982497215271
YMR038C,val,True,True,1.6437407732009888,0.6545831263065338,0.4485418200492859,1.3213917016983032,0.8136653304100037,0.6628509759902954,0.026465803384780884,0.9676795482635498,0.7534191608428955,1.3136762380599976,1.142132043838501,1.0572422742843628,0.5719280242919922,0.9707783341407776,0.6807718873023987,1.1674437522888184,1.1356309652328491,0.9680240154266357,0.902021050453186
YMR039C,val,True,True,1.1387752294540405,0.8891310930252075,0.8327323794364929,1.1893885135650635,1.072940468788147,0.8018440008163452,0.548750102519989,0.7665004253387451,0.7438501715660095,0.5319222807884216,0.8820594549179077,0.948428750038147,0.7262414693832397,0.7420338004827499,1.1926828622817993,0.555000364780426,0.9938517808914185,0.17144249379634857,0.7971915006637573
YMR040W,val,True,True,-0.6550355553627014,-0.14905788898468017,-0.556880533695221,-0.4122377038002014,-0.08174124360084534,0.543853759765625,-0.23828372359275818,0.1834083765745163,0.35461902618408203,-0.19048452377319336,0.21399782598018646,0.19701862335205078,0.34189093112945557,0.08920748382806779,-0.14909237623214722,0.01221715658903122,0.15861639380455017,0.28105679154396057,0.14323945343494415
YMR041C,val,True,False,0.07577654719352722,-0.0869983047246933,-0.524410605430603,-0.11817343533039093,0.42721420526504517,0.2655029892921448,-0.4851246774196625,-0.16073987372219561,-0.17196565866470337,-0.31028562784194946,-0.1821877360343933,-0.027835587039589882,-0.1114247590303421,-0.9850820183753968,-1.0401660203933716,-1.236771583557129,-0.5517104864120483,-0.4539704918861389,-1.642791509628296
YMR042W,val,True,True,1.2613765001296997,0.3028090298175812,0.6259052157402039,-0.22093045711517334,0.2973006069660187,0.5693351030349731,0.24243468046188354,0.10713739171624184,-0.2853572964668274,-0.07670985162258148,0.305326372385025,0.5973043441772461,-0.004876609891653061,0.13064019680023192,-0.3685299754142761,0.021237172186374664,-0.09779597073793411,0.726596474647522,0.37169328331947327
YMR043W,val,False,True,1.9257817268371582,0.8906674146652221,0.9541436433792114,1.3301998376846313,0.8269246816635132,1.0323652029037476,0.3097037076950073,0.7238389059901238,0.011917255818843842,0.8399326205253601,1.0234922170639038,1.3280526399612427,0.4157997965812683,0.9640716671943664,0.6269638538360596,1.0890896320343018,1.1436007022857666,0.828240692615509,1.1324634552001953
YMR044W,val,True,True,0.84188312292099,0.785875427722931,0.9368277192115784,0.781954288482666,0.6905024647712708,1.1883714199066162,0.3317212462425232,0.6584190011024476,0.5005679130554199,0.4425690770149231,0.6226005554199219,1.0375540256500244,0.6888034343719482,0.6959729194641113,0.6761114001274109,0.6868422627449036,0.727270245552063,0.9399808645248413,0.4496598243713379
YMR046W-A,val,False,False,-1.4176878929138184,0.032576334476470944,-0.18512853980064392,-0.06634803116321564,0.20255963504314423,0.1411852091550827,0.07061339914798737,-0.16073987372219561,-0.17196565866470337,-0.31028562784194946,-0.1821877360343933,-0.027835587039589882,-0.1114247590303421,-0.6843836039304734,-0.7820732593536377,-0.7242563366889954,-0.9987279772758484,-0.1192769855260849,-0.7975834608078003
YMR047C,val,False,True,1.1055155992507935,0.2079797238111496,0.21328303217887878,0.5014180541038513,0.1513168066740036,0.1722102016210556,0.0016705244779586792,0.5100264728069306,0.6781302690505981,0.3303542733192444,0.46530064940452576,0.6241684556007385,0.4521787166595459,0.2277967393398285,0.3584476113319397,0.21835309267044067,0.1303398460149765,0.2817489206790924,0.15009422600269318
YMR048W,val,True,True,0.39447519183158875,0.10890737771987916,0.5618483424186707,-0.10454793274402618,-0.18952561914920807,0.5485361218452454,-0.271774023771286,0.48321556448936465,0.5207993388175964,0.2930130362510681,0.41973111033439636,0.5782634019851685,0.6042709350585938,0.052562720328569415,0.07689689099788666,-0.40977075695991516,0.018888849765062332,0.4215085506439209,0.15529006719589233
YMR049C,val,True,True,0.5939699411392212,0.5588419497013092,0.8162384629249573,0.35723763704299927,0.553874671459198,0.91036456823349,0.1564944088459015,0.7675935983657837,0.9254398941993713,0.8435447812080383,0.8012716174125671,0.7009227871894836,0.566788911819458,0.7211259067058563,1.1908838748931885,0.4835398197174072,0.8278517723083496,0.729300320148468,0.3740537464618683
YMR052C-A,val,False,False,-1.9501065015792847,-0.45477518350817264,-1.0536839962005615,-1.265390157699585,0.0011797293554991484,0.5714067220687866,-0.5273882150650024,-0.16073987372219561,-0.17196565866470337,-0.31028562784194946,-0.1821877360343933,-0.027835587039589882,-0.1114247590303421,-1.3147687256336211,-1.923269510269165,-2.2257914543151855,-0.6693667769432068,-0.44562408328056335,-1.3097918033599854
YMR052W,val,False,True,-0.06370944529771805,-0.1797970611602068,0.18932998180389404,-0.23606541752815247,0.04391541704535484,-0.02142617665231228,-0.8747391104698181,-0.26160560846328734,-0.08134670555591583,-0.6081536412239075,-0.06328757107257843,-0.6946298480033875,0.13938972353935242,0.17343247681856155,0.3913194537162781,0.1642574965953827,0.047452040016651154,0.8852015137672424,-0.6210681200027466
YMR053C,val,True,True,-0.1720779538154602,0.5772349253296852,0.8614018559455872,0.8103958964347839,0.5619634985923767,0.5699989795684814,0.08241439610719681,0.716272234916687,0.5922884345054626,0.9165501594543457,0.7127604484558105,0.8153596520423889,0.5444024801254272,0.4594781994819641,0.390164852142334,0.5317252278327942,0.5532959699630737,0.29089486598968506,0.5313100814819336
YMR054W,val,True,True,0.7382772564888,0.03660842478275299,0.36181795597076416,0.06849074363708496,0.07061707228422165,-0.21415050327777863,-0.10373314470052719,0.5080159962177276,0.4773901700973511,0.5153738856315613,0.4678047001361847,0.7710825204849243,0.30842870473861694,0.3915079474449158,0.030910514295101166,0.6360858082771301,0.46922290325164795,0.11744556576013565,0.703874945640564
YMR055C,val,True,True,0.3377173840999603,0.19863646030426024,-0.08100947737693787,0.2955210208892822,0.30108872056007385,0.7232263088226318,-0.24564427137374878,0.12262086793780327,-0.03712192550301552,-0.1994093656539917,0.18803265690803528,0.542038083076477,0.11956489086151123,0.07592829428613186,-0.3829062581062317,-0.07641905546188354,0.7480714917182922,-0.023600922897458076,0.11449621617794037
YMR056C,val,True,True,-0.5663414597511292,-0.3607790105044842,-0.03835669532418251,-0.7918611168861389,-0.09132944792509079,-0.4676397442817688,-0.41470804810523987,0.12940970212221145,-0.10085104405879974,-0.06870999187231064,-0.2943238914012909,0.8945922255516052,0.21634121239185333,-0.4455636590719223,-0.8412690758705139,-0.3253973424434662,-0.34296321868896484,-0.9402347207069397,0.22204606235027313
YMR057C,val,False,False,-1.3527500629425049,-1.1620673179626464,-1.2683608531951904,-1.264214038848877,-1.1917108297348022,-0.7297581434249878,-1.356292724609375,-0.16073987372219561,-0.17196565866470337,-0.31028562784194946,-0.1821877360343933,-0.027835587039589882,-0.1114247590303421,-1.9565753936767578,-1.942515254020691,-2.061375856399536,-1.8409751653671265,-1.864464521408081,-2.0735461711883545
YMR058W,val,False,True,1.8499541282653809,0.9228692412376404,1.497030258178711,0.6976932287216187,0.7007233500480652,1.044538140296936,0.6743612289428711,0.7842472411692143,1.0451464653015137,0.8192915320396423,0.03609215095639229,0.9679210186004639,1.052785038948059,0.4824136316776276,0.9958000779151917,0.9937369227409363,0.4685215950012207,-0.4366644024848938,0.390673965215683
YMR059W,val,True,True,0.4226018786430359,0.5462430566549301,0.7263304591178894,-0.16218547523021698,0.815155565738678,1.0106792449951172,0.341235488653183,0.6296546459197998,0.35685020685195923,0.18552547693252563,0.8853030800819397,0.9133633375167847,0.8072311282157898,0.2927009880542755,0.2907882332801819,0.10439789295196533,0.5782894492149353,0.23784467577934265,0.2521846890449524
YMR060C,val,True,True,-0.1825529783964157,0.3446278065443039,0.678930401802063,-0.1083056777715683,0.3898606598377228,0.529516875743866,0.23313677310943604,0.9326754570007324,1.0046018362045288,1.0996545553207397,0.8725643754005432,0.8005428910255432,0.8860136270523071,0.2984013341367245,0.433005690574646,0.014959979802370071,0.6208547949790955,0.08183803409337997,0.34134817123413086
YMR061W,val,True,True,0.22700481116771698,0.5106484815478325,0.6432846784591675,0.3147045969963074,0.6956869959831238,0.914330244064331,-0.014764107763767242,0.880800974369049,0.9384504556655884,0.8605890274047852,0.9504199624061584,0.8651875257492065,0.7893579006195068,0.4860377311706543,0.3763476014137268,0.37452295422554016,0.652239978313446,0.746112048625946,0.2809660732746124
YMR062C,val,False,True,0.6509613394737244,0.2675016552209854,0.4594615697860718,0.4806966185569763,0.7357480525970459,-0.30047863721847534,-0.03791932761669159,0.8806732296943665,0.7478123903274536,0.9107380509376526,1.0321115255355835,0.9099261164665222,0.8027780652046204,0.5510236859321594,0.5569432973861694,0.7504626512527466,0.5985453128814697,0.4809406101703644,0.368226557970047
YMR063W,val,True,True,-0.29390841722488403,0.13430607989430426,0.3265833556652069,-0.05138600990176201,0.24378128349781036,0.29043591022491455,-0.13788414001464844,0.38113638758659363,0.4914090037345886,0.3240554928779602,0.3184269368648529,0.43505430221557617,0.33673620223999023,-0.29725813269615176,-0.5206989049911499,0.15703968703746796,-0.13276983797550201,-0.5187095999717712,-0.47115200757980347
YMR064W,val,True,True,0.13884542882442474,0.32308742851018907,0.4218321144580841,0.17414945363998413,0.4180741012096405,0.5356531143188477,0.06572835892438889,0.48683481812477114,0.4130954444408417,0.465626060962677,0.4937390387058258,0.5980097055435181,0.46370384097099304,0.3024174392223358,0.1364949345588684,0.45318520069122314,0.4771393835544586,0.32910946011543274,0.11615821719169617
YMR065W,val,True,True,-0.6228752732276917,-1.6386456727981566,-1.1038541793823242,-2.2576727867126465,-2.2453927993774414,-1.0965774059295654,-1.4897311925888062,-1.0461059212684631,-1.2448240518569946,-1.13364577293396,-1.2793338298797607,-0.26606684923171997,-1.3066591024398804,-1.349425995349884,-1.1293007135391235,-2.308060884475708,-2.0451629161834717,-0.5239781141281128,-0.7406273484230042
YMR066W,val,True,True,-0.16083306074142456,0.5157644279301167,0.9097857475280762,0.010445479303598404,0.43980321288108826,1.0567437410354614,0.162043958902359,0.7805373311042786,0.8605087399482727,0.7635093927383423,0.5677579641342163,1.195953607559204,0.5149569511413574,0.5980442047119141,0.3801270127296448,0.43146318197250366,0.8051291108131409,0.6599017977714539,0.7135999202728271
YMR067C,val,True,False,0.5742176175117493,-0.2850653074681759,-0.03614884242415428,-0.7393849492073059,-0.530910074710846,0.1478991061449051,-0.2667817771434784,-0.16073987372219561,-0.17196565866470337,-0.31028562784194946,-0.1821877360343933,-0.027835587039589882,-0.1114247590303421,-1.1046880602836608,-0.5736314654350281,-1.4590930938720703,-2.072272539138794,-0.3829517364501953,-1.0354914665222168
YMR068W,val,True,True,-0.1521661877632141,0.1834372475743294,-0.29724109172821045,-0.0553588792681694,0.327144056558609,0.6246451735496521,0.3179969787597656,0.5730699002742767,0.48946458101272583,0.6130314469337463,0.6094488501548767,0.6824427843093872,0.4709618389606476,0.5485137462615967,0.4926196336746216,0.5158360600471497,0.6270350813865662,0.704413115978241,0.40266484022140503
YMR069W,val,True,True,-0.21647587418556213,0.11530023515224457,0.2227257490158081,0.1950085163116455,0.07732480764389038,0.22037304937839508,-0.13893094658851624,-0.12442340180277825,0.06929033994674683,-0.7200623750686646,-0.006904643028974533,0.17852932214736938,-0.14296965301036835,0.051551537960767745,0.40209513902664185,-0.153981015086174,-0.19286946952342987,0.2566452920436859,-0.05413225665688515
YMR070W,val,True,True,1.446903109550476,1.1308212280273438,1.8159761428833008,1.0144391059875488,1.2585699558258057,0.7180034518241882,0.8471174836158752,0.8878062665462494,0.2456248700618744,0.8790637254714966,0.5394498109817505,1.4368690252304077,1.3380239009857178,1.3595855951309204,1.6431528329849243,1.6173577308654785,1.3302199840545654,1.379891276359558,0.8273061513900757
YMR071C,val,True,True,0.4303622245788574,0.45154388546943663,0.8007550835609436,0.41675105690956116,0.7752339243888855,0.5906606912612915,-0.32568132877349854,0.7698511838912964,0.8088885545730591,0.2930629849433899,0.9214574694633484,1.1219706535339355,0.703876256942749,0.39270116239786146,0.04837191849946976,0.4848455786705017,0.6746514439582825,0.6890417337417603,0.06659513711929321
YMR072W,val,True,True,0.914535403251648,0.7602105915546418,0.8272833228111267,0.7292956709861755,1.0469067096710205,0.7684452533721924,0.4291220009326935,0.7114372849464417,1.0009429454803467,0.4691161513328552,0.614989697933197,0.9268090724945068,0.5453285574913025,0.8803588628768921,0.8767257332801819,1.2361414432525635,1.0785573720932007,0.7445211410522461,0.4658486247062683
YMR073C,val,True,True,0.10483115166425705,0.043023678660392764,-0.47932279109954834,0.17256291210651398,0.07142454385757446,0.6089457273483276,-0.15849199891090393,0.6660865783691406,0.4880390763282776,0.6618694067001343,0.7883016467094421,0.8192557096481323,0.5729670524597168,0.11532063335180283,-0.15814560651779175,0.18740394711494446,0.2520907521247864,0.04440491646528244,0.2508491575717926
YMR074C,val,True,True,0.2055628001689911,0.5764666125178337,0.6214295625686646,0.6778177618980408,0.5471295714378357,0.9225860834121704,0.11337008327245712,0.9704406023025512,0.6278845071792603,1.2613168954849243,0.6230719089508057,1.408790946006775,0.9311387538909912,0.7897866368293762,0.724668025970459,0.8314061760902405,1.0546846389770508,0.779377818107605,0.5587965250015259
YMR075C-A,val,False,False,-0.9526128172874451,-0.6873341888189316,-0.9710671305656433,-1.0557184219360352,-0.4842761754989624,0.21683348715305328,-1.1424427032470703,-0.16073987372219561,-0.17196565866470337,-0.31028562784194946,-0.1821877360343933,-0.027835587039589882,-0.1114247590303421,-2.1185254096984862,-2.1010358333587646,-2.18753719329834,-2.1274430751800537,-2.0523178577423096,-2.124293088912964
YMR075W,val,True,True,0.28249210119247437,0.836666488647461,0.9977769255638123,0.5650221705436707,1.067378282546997,0.9669883847236633,0.5861666798591614,0.7262835025787353,0.5737096071243286,0.6325560212135315,0.9011009335517883,0.8988200426101685,0.6252309083938599,0.7733887076377869,0.5723322629928589,0.7101218700408936,1.3698025941848755,0.5703940987586975,0.6442927122116089
YMR076C,val,True,True,0.21583524346351624,-0.27826762311160563,-0.015218174085021019,-0.38498979806900024,-0.6139785647392273,0.35775378346443176,-0.7349053621292114,0.28067382574081423,0.19303765892982483,0.31233906745910645,0.5223376154899597,0.28956761956214905,0.086087167263031,-0.47089277133345603,-0.7043260931968689,-0.31590354442596436,-0.572432816028595,-0.7716345191001892,0.009833116084337234
YMR077C,val,False,True,0.510713517665863,0.2738786280155182,0.4819207191467285,0.3671976923942566,0.3303854763507843,0.34846776723861694,-0.1585785150527954,0.47969337105751036,0.5670097470283508,0.5349110960960388,0.3959546685218811,0.6280218362808228,0.2725695073604584,0.2484154224395752,-0.13042914867401123,0.4154144525527954,0.4896749258041382,0.17703673243522644,0.2903801500797272
YMR078C,val,True,True,0.20262150466442108,0.4515614002943039,0.5395349860191345,0.31353121995925903,0.5771045684814453,0.6809409856796265,0.14669524133205414,0.7148634970188141,0.45891717076301575,0.8989256620407104,0.5534594655036926,1.0465264320373535,0.6164887547492981,0.327161979675293,0.4639437198638916,-0.12725040316581726,0.5571038126945496,0.38924792408943176,0.3527648448944092
YMR079W,val,True,True,1.1700260639190674,0.5425133258104324,0.7270198464393616,0.47075992822647095,0.4787851870059967,0.9663615226745605,0.0696401447057724,1.0170302271842957,0.7563393115997314,1.4781211614608765,1.0057724714279175,1.0974656343460083,0.7474525570869446,0.27810647785663606,-0.45691126585006714,0.6185088157653809,0.8167096972465515,0.16716472804546356,0.24506041407585144
YMR080C,val,True,True,0.6442092657089233,-0.14435781873762607,0.02748754434287548,-0.3359881639480591,0.05216771364212036,0.16289794445037842,-0.6283541321754456,0.4387087464332581,0.45065778493881226,0.4181555211544037,0.3051166534423828,0.5908734798431396,0.4287402927875519,-0.07468012124300002,-0.031391508877277374,-0.19549992680549622,0.011663217097520828,-0.1747530698776245,0.01658068224787712
YMR081C,val,False,True,-1.2055633068084717,-0.6702498912811279,0.909291684627533,-0.8482283353805542,-1.4452500343322754,-0.8337875008583069,-1.1332752704620361,-0.31830649077892303,-0.4125397205352783,-1.0316203832626343,-0.3622032105922699,0.3916386663913727,-0.17680780589580536,-0.5153428882360458,-0.7357715964317322,-0.8129445314407349,-0.4864444434642792,0.12834493815898895,-0.6698988080024719
YMR082C,val,False,False,-1.965366244316101,-0.33326531760394573,0.04881006479263306,-0.40356138348579407,-0.7476813197135925,0.01756199635565281,-0.5814559459686279,-0.16073987372219561,-0.17196565866470337,-0.31028562784194946,-0.1821877360343933,-0.027835587039589882,-0.1114247590303421,-0.7739686876535415,-1.1806178092956543,-1.3748705387115479,-0.3525075614452362,-0.8262986540794373,-0.13554887473583221
YMR083W,val,True,True,1.051512360572815,1.1594276785850526,1.261269211769104,0.9312511086463928,1.1776149272918701,1.3795809745788574,1.047422170639038,1.0733087003231048,1.0876494646072388,1.1330150365829468,0.38209137320518494,1.4840389490127563,1.2797486782073975,0.9196256518363952,0.6766760945320129,1.0988800525665283,1.222154140472412,0.8122040033340454,0.7882139682769775
YMR084W,val,True,True,-0.9687114953994751,-0.5685614556074142,-0.24675174057483673,-0.4029836654663086,-0.1457224190235138,-1.1405725479125977,-0.9067769050598145,-0.04589617699384689,-0.06819134205579758,-0.27260875701904297,0.31772735714912415,-0.49049732089042664,0.28408917784690857,-0.32338060103356836,-0.016620559617877007,-0.9708730578422546,0.2317451685667038,-0.10478782653808594,-0.7563667297363281
YMR085W,val,True,False,-0.7475424408912659,-0.672512000799179,-0.7882483601570129,-0.7548944354057312,-0.2701775133609772,-0.6082977652549744,-0.9409419298171997,-0.16073987372219561,-0.17196565866470337,-0.31028562784194946,-0.1821877360343933,-0.027835587039589882,-0.1114247590303421,-1.182560884952545,-0.6431063413619995,-1.6322176456451416,-0.3935479521751404,-1.7140384912490845,-1.5298939943313599
YMR086C-A,val,False,False,-0.9845613837242126,-0.14511589407920839,0.12377962470054626,-0.8449901342391968,-0.20366013050079346,0.431868314743042,-0.2325771450996399,-0.16073987372219561,-0.17196565866470337,-0.31028562784194946,-0.1821877360343933,-0.027835587039589882,-0.1114247590303421,-1.2861019849777222,-1.0663162469863892,-2.1948065757751465,-1.177262783050537,-0.40050339698791504,-1.591620922088623
YMR086W,val,True,True,0.6859308481216431,0.5727030426263809,0.6892302632331848,0.7593241333961487,0.21136777102947235,0.8946533203125,0.30893972516059875,0.9279767274856567,0.5579739809036255,0.9386070370674133,0.9350276589393616,1.1715086698532104,1.0367662906646729,0.5074668824672699,0.2927211821079254,0.359322190284729,0.6601123809814453,0.48667603731155396,0.7385026216506958
YMR087W,val,True,True,-0.004127393011003733,0.7812089323997498,1.0437250137329102,0.8080098628997803,0.7077310085296631,0.7434513568878174,0.6031274199485779,0.9308827161788941,0.8016048073768616,1.060921549797058,0.9917895197868347,0.8936492204666138,0.906448483467102,0.8236940801143646,0.7524448037147522,0.44734808802604675,1.3095123767852783,0.937232255935669,0.6719328761100769
YMR088C,val,False,True,-0.05404137074947357,0.22048033997416497,0.4783089756965637,0.08629965782165527,0.02901982143521309,0.4610297679901123,0.047743476927280426,0.485725337266922,0.3080718219280243,0.8304277062416077,0.43496912717819214,0.3682527542114258,0.4869052767753601,0.22090647667646407,0.3417215645313263,-0.05939996987581253,0.46615737676620483,0.28373846411705017,0.07231494784355164
YMR089C,val,True,True,0.7003083825111389,0.2809188485145569,0.3279174566268921,0.10675355792045593,0.5396884083747864,0.5583821535110474,-0.12814733386039734,0.5655748546123505,0.6477638483047485,0.34499797224998474,0.61879563331604,0.7033750414848328,0.5129417777061462,0.6644935250282288,0.9408119320869446,0.5880434513092041,0.9402129054069519,0.57029789686203,0.2831014394760132
YMR090W,val,True,False,0.3914693593978882,-0.15555429607629775,0.04066834598779678,-0.6434062719345093,-0.2523733675479889,0.24274863302707672,-0.16540881991386414,-0.16073987372219561,-0.17196565866470337,-0.31028562784194946,-0.1821877360343933,-0.027835587039589882,-0.1114247590303421,-1.2175530791282654,-1.4252253770828247,-1.5068871974945068,-1.929805040359497,-0.5881668329238892,-0.6376809477806091
YMR091C,val,True,True,1.1592481136322021,0.5280763283371925,0.42624491453170776,0.44872376322746277,0.6483174562454224,1.0320454835891724,0.08505002409219742,0.842476487159729,0.8010448813438416,1.0215495824813843,0.8071179389953613,1.0419296026229858,0.540740430355072,0.8923511028289794,0.9860609173774719,0.9492244720458984,1.4135477542877197,0.5589006543159485,0.5540217161178589
YMR092C,val,True,True,0.13973207771778107,0.5664133727550507,0.48884159326553345,0.9041649699211121,0.3649688959121704,0.8766361474990845,0.1974552571773529,0.8114598631858826,0.6820507645606995,0.9701611399650574,0.5680872797966003,1.1305071115493774,0.7064930200576782,0.00038350820541381835,-1.4799171686172485,0.9687504172325134,-0.3483654260635376,0.2413768768310547,0.6200728416442871
YMR093W,val,True,True,0.557646632194519,1.156304705142975,1.457176685333252,1.2558807134628296,0.666296660900116,1.170825719833374,1.2313437461853027,1.3275925397872925,1.1343917846679688,1.5084974765777588,1.441828966140747,1.6233172416687012,0.9299272298812866,1.063487136363983,1.186876893043518,1.2789628505706787,1.0562546253204346,0.6611047387123108,1.1342365741729736
YMR094W,val,True,True,-0.3076956272125244,-0.19314139895141125,0.0010676030069589615,-0.12802094221115112,-0.4088525176048279,0.17293088138103485,-0.602832019329071,0.29497996270656585,0.4437394440174103,0.1977599561214447,0.16773280501365662,0.49766677618026733,0.16800083220005035,0.06702189221978187,0.021345801651477814,-0.05065535381436348,0.30279967188835144,0.2007725089788437,-0.13915316760540009
YMR095C,val,False,True,-1.1974660158157349,0.5376601368188858,0.9520211815834045,0.5840654969215393,0.8422771096229553,0.1733570098876953,0.13657988607883453,0.8860736846923828,0.7730293869972229,1.0435993671417236,0.6618773341178894,1.0245610475540161,0.927301287651062,0.5060674630105495,1.4388235807418823,0.561690628528595,0.1429436355829239,0.41711854934692383,-0.030239079147577286
YMR096W,val,False,True,0.03498462215065956,0.20796000808477402,0.03593932092189789,0.1655915528535843,0.3658178150653839,0.5380717515945435,-0.06562040001153946,0.6794425904750824,0.8231105208396912,0.7910798788070679,0.496870756149292,0.9133950471878052,0.3727567493915558,0.19113820195198059,0.2887359857559204,0.12090626358985901,0.44031235575675964,0.4680870473384857,-0.3623506426811218
YMR097C,val,True,True,0.03883013129234314,-0.034761329367756846,0.019246740266680717,-0.16935162246227264,-0.08702591806650162,0.3391433358192444,-0.27581918239593506,0.35488050878047944,0.29972678422927856,0.42047643661499023,0.3088139593601227,0.5745156407356262,0.17086972296237946,0.22514478266239166,0.34062090516090393,0.17613108456134796,0.5120881199836731,-0.18466773629188538,0.2815515398979187
YMR098C,val,False,True,0.14804422855377197,-0.4890779107809067,-0.2089080810546875,-1.29799485206604,-0.24867992103099823,-0.34708544611930847,-0.34272125363349915,-0.2083737701177597,-0.25971949100494385,-0.4177263677120209,-0.35979458689689636,0.12620767951011658,-0.13083608448505402,-0.8187142431735992,-0.387178510427475,-1.642057180404663,-0.7872850298881531,-0.44126081466674805,-0.835789680480957
YMR099C,val,True,True,0.30095961689949036,0.7755268305540085,0.9541698694229126,0.8393681645393372,0.8954018950462341,1.0560989379882812,0.13259528577327728,0.7351224899291993,0.6063652038574219,0.833893895149231,0.9096061587333679,0.8181326389312744,0.5076145529747009,0.5085849463939667,0.5032864212989807,0.49162179231643677,1.020540714263916,0.25383785367012024,0.27363795042037964
YMR100W,val,True,True,0.37577787041664124,0.09046214818954468,-0.40548574924468994,0.3889407515525818,-0.15985625982284546,0.8291725516319275,-0.2004605531692505,0.3570262461900711,0.23994052410125732,0.5473881363868713,0.32330232858657837,0.49754831194877625,0.17695192992687225,0.20721679627895356,0.2354920506477356,0.014540106058120728,0.6018169522285461,-0.20872609317302704,0.39296096563339233
YMR101C,val,False,False,-1.6371384859085083,0.002125363051891327,0.060127608478069305,-0.3439440131187439,0.4052985608577728,0.3370209038257599,-0.4478762447834015,-0.16073987372219561,-0.17196565866470337,-0.31028562784194946,-0.1821877360343933,-0.027835587039589882,-0.1114247590303421,-0.5172432214021683,-0.18981492519378662,-0.5206479430198669,-0.8729584813117981,-0.19781740009784698,-0.8049773573875427
YMR102C,val,True,True,0.17960655689239502,1.0572805285453797,1.5056250095367432,1.1989877223968506,0.8394802212715149,1.2744495868682861,0.4678601026535034,1.4707220315933227,1.5889153480529785,1.266882300376892,1.6310954093933105,1.6005131006240845,1.2662039995193481,0.9641859769821167,0.7925229668617249,0.8746387958526611,1.5265456438064575,0.6216480135917664,1.0055744647979736
YMR103C,val,False,False,-0.15570811927318573,-0.7447913348674774,-0.9855978488922119,-0.7961874604225159,-1.0343925952911377,-0.18349036574363708,-0.7242884039878845,-0.16073987372219561,-0.17196565866470337,-0.31028562784194946,-0.1821877360343933,-0.027835587039589882,-0.1114247590303421,-0.9848955035209656,-0.7656282186508179,-1.8057196140289307,-0.7864066958427429,-0.982127845287323,-0.5845951437950134
YMR104C,val,True,True,-0.11229781806468964,0.45841536968946456,0.4233040511608124,0.3996584415435791,0.556982696056366,0.7941450476646423,0.11798661202192307,0.4702534720301628,0.2519681453704834,-0.03021947294473648,0.51105135679245,0.9206637144088745,0.6978036165237427,0.49519932866096494,0.3512474298477173,0.7122953534126282,0.30801427364349365,0.6977396607398987,0.40669992566108704
YMR105C,val,False,True,-0.11203970015048981,-0.365874844789505,0.34092772006988525,-1.3810338973999023,-0.33023449778556824,0.44400662183761597,-0.9030401706695557,0.6259351372718811,0.322421133518219,0.7186335921287537,0.19528096914291382,1.425531029701233,0.46780896186828613,0.16905560791492463,-0.1942969560623169,-0.223871648311615,0.7433250546455383,0.378030389547348,0.14209119975566864
YMR105W-A,val,True,True,-0.9750942587852478,-0.30043041706085205,-0.315727561712265,-0.5168402194976807,-0.6649972200393677,0.2523362636566162,-0.2569233477115631,0.48697729110717775,0.36627548933029175,0.306509405374527,0.06648817658424377,1.0867923498153687,0.6088210344314575,-0.12443211898207665,0.11111598461866379,0.064908966422081,-0.8342380523681641,0.022580891847610474,0.013471614569425583
YMR106C,val,False,False,0.00565993320196867,-0.46973317861557007,-0.6188501119613647,-0.8967508673667908,-0.49148282408714294,0.45621511340141296,-0.7977972030639648,-0.16073987372219561,-0.17196565866470337,-0.31028562784194946,-0.1821877360343933,-0.027835587039589882,-0.1114247590303421,-1.2691059708595276,-1.5345231294631958,-1.0552175045013428,-1.33367919921875,-0.9830564856529236,-1.4390535354614258
YMR107W,val,True,True,-1.3421334028244019,0.04453652501106262,-0.4618692994117737,-0.3178142309188843,0.8199957013130188,0.4315994083881378,-0.24922895431518555,0.8100122317671776,0.2072634994983673,0.102081798017025,1.135878086090088,1.4221760034561157,1.182661771774292,0.1229651004076004,-0.16990292072296143,0.16243980824947357,0.9891634583473206,-0.6190302968025208,0.25215545296669006
YMR108W,val,True,True,1.0093053579330444,0.3470181435346603,0.5949738025665283,0.444510817527771,0.25231224298477173,0.19253306090831757,0.2507607936859131,0.9317526578903198,0.9622628688812256,1.2052804231643677,0.5858924984931946,0.8314608931541443,1.073866605758667,0.4974858969449997,0.5694494247436523,0.7293850779533386,0.5483065247535706,0.21521063148975372,0.4250778257846832
YMR109W,val,True,True,0.9447410106658936,0.6792644202709198,0.9690628051757812,0.8466673493385315,0.34581440687179565,0.8235865831375122,0.4111909568309784,1.4173165321350099,1.1656405925750732,1.7005003690719604,1.404963731765747,1.5029419660568237,1.3125360012054443,0.686589139699936,0.6821464896202087,1.0819792747497559,0.4766620397567749,0.49548253417015076,0.6966753602027893
YMR110C,val,True,True,0.06477561593055725,0.15074230954051018,0.2908860146999359,0.028706159442663193,0.27114206552505493,0.32936787605285645,-0.1663905680179596,0.392930805683136,0.3235405683517456,0.24404224753379822,0.5687976479530334,0.3081419765949249,0.5201315879821777,0.339373604208231,0.06209187209606171,0.23198792338371277,0.6974040865898132,0.6891971230506897,0.016187015920877457
YMR111C,val,False,False,0.11198809742927551,0.03541834950447083,0.07956153899431229,-0.10512725263834,-0.12291568517684937,0.4833146929740906,-0.15774154663085938,-0.16073987372219561,-0.17196565866470337,-0.31028562784194946,-0.1821877360343933,-0.027835587039589882,-0.1114247590303421,-0.20500200986862183,-0.388075053691864,-0.36299601197242737,-0.29654836654663086,-0.32367974519729614,0.34628912806510925
YMR112C,val,True,True,0.2982625365257263,-0.10611337423324585,-0.06372268497943878,-0.5575524568557739,-0.14482997357845306,0.3670731782913208,-0.13153493404388428,0.26758604496717453,0.20840905606746674,-0.03851483017206192,0.20083780586719513,0.5808944702148438,0.38630372285842896,-0.5451729416847229,-0.3142636716365814,-0.9826374650001526,-0.41234466433525085,-0.49820399284362793,-0.5184149146080017
YMR113W,val,True,False,-0.1669062227010727,-0.46056811064481734,-0.6476677060127258,-0.5107928514480591,-0.4004971385002136,-0.08180304616689682,-0.6620798110961914,-0.16073987372219561,-0.17196565866470337,-0.31028562784194946,-0.1821877360343933,-0.027835587039589882,-0.1114247590303421,-1.425669288635254,-1.1048988103866577,-1.6664924621582031,-1.4950213432312012,-1.4531279802322388,-1.4088058471679688
YMR114C,val,True,True,0.34420982003211975,-0.5668837483972311,0.0010259170085191727,-1.4493125677108765,0.0883135199546814,-0.2069629728794098,-1.2674826383590698,-0.209043999761343,0.2140500247478485,-1.0190216302871704,-0.751849353313446,0.4644758999347687,0.047125060111284256,-0.49931796789169314,0.2916829288005829,-0.5426939725875854,-1.1454373598098755,0.2794143855571747,-1.3795558214187622
YMR115W,val,True,True,0.499195396900177,-0.4019169133156538,-0.08614355325698853,-0.5453306436538696,-0.17403830587863922,0.023736650124192238,-1.2278087139129639,0.24707264304161072,0.44717592000961304,-0.33361077308654785,-0.12424623966217041,0.8796828985214233,0.3663614094257355,-0.35285777002573016,0.05827001482248306,-0.6558546423912048,-0.2521301507949829,0.1396319419145584,-1.0542060136795044
YMR116C,val,True,True,0.991439938545227,0.7416331231594085,0.8952701091766357,0.6744810342788696,0.6871415972709656,1.0593972206115723,0.39187565445899963,1.2142112374305725,1.1489049196243286,1.2887870073318481,0.5986787676811218,1.5930100679397583,1.4416754245758057,0.8593613147735596,0.517586886882782,0.8591348528862,1.3736555576324463,0.3384760618209839,1.2079532146453857
YMR117C,val,True,True,0.5023767948150635,0.3401691198348999,0.7406428456306458,0.3525603115558624,0.2707178294658661,0.5006116628646851,-0.16368705034255981,0.8002659559249878,0.5954219102859497,1.028325080871582,0.7275404930114746,0.972011923789978,0.6780303716659546,0.4932528018951416,0.214042067527771,0.3019642233848572,0.6828872561454773,0.6832080483436584,0.5841624140739441
YMR118C,val,False,False,-1.9225828647613525,-0.8054900407791138,-1.2822476625442505,-1.0409727096557617,-0.8066515326499939,-0.3545899987220764,-0.5429883003234863,-0.16073987372219561,-0.17196565866470337,-0.31028562784194946,-0.1821877360343933,-0.027835587039589882,-0.1114247590303421,-1.5024249076843261,-1.2160288095474243,-1.8905279636383057,-1.7716883420944214,-1.368499517440796,-1.2653799057006836
YMR119W,val,True,True,0.2078818827867508,0.34571419581770896,0.6338157653808594,0.19421902298927307,-0.054508764296770096,0.5343459844589233,0.42069897055625916,0.49818838834762574,0.781680703163147,0.20583581924438477,0.3228517770767212,0.807282567024231,0.3732910752296448,-0.06293875277042389,0.315909743309021,-0.11749053001403809,-1.0020170211791992,0.0641353577375412,0.42476868629455566
YMR119W-A,val,False,False,-1.720638394355774,-0.5756362557411194,-0.058412082493305206,-0.6632179617881775,-0.9091154932975769,-0.0718654915690422,-1.1755702495574951,-0.16073987372219561,-0.17196565866470337,-0.31028562784194946,-0.1821877360343933,-0.027835587039589882,-0.1114247590303421,-1.3627220392227173,-0.8605303168296814,-1.5153350830078125,-0.6255162358283997,-1.7198821306228638,-2.092346429824829
YMR120C,val,False,True,-0.04271256923675537,0.6017374753952026,0.8170649409294128,0.5753129124641418,0.6325158476829529,0.8446075916290283,0.1391860842704773,0.1780366577208042,0.4405810832977295,-0.28181448578834534,0.2549002468585968,0.4717039167881012,0.004812527447938919,0.3086446776986122,0.45560288429260254,0.262986421585083,0.5693411827087402,0.18507125973701477,0.07022164016962051
YMR121C,val,True,True,0.5846226811408997,0.9782732844352722,1.2667272090911865,1.42313814163208,0.5925917625427246,1.107586145401001,0.5013231635093689,0.8351200848817826,-0.013706550002098083,1.14899480342865,0.8305632472038269,1.2529345750808716,0.9568143486976624,0.7767353117465973,0.839863121509552,1.3518517017364502,0.7606561779975891,0.3617977201938629,0.5695078372955322
YMR122C,val,False,False,-0.7771351933479309,-0.999254584312439,-1.0818506479263306,-1.123946189880371,-0.8033636212348938,-0.6705866456031799,-1.3165258169174194,-0.16073987372219561,-0.17196565866470337,-0.31028562784194946,-0.1821877360343933,-0.027835587039589882,-0.1114247590303421,-1.6162668704986571,-1.304081916809082,-1.623441219329834,-1.6200684309005737,-1.7123907804489136,-1.8213520050048828
YMR122W-A,val,True,True,1.4229546785354614,1.3310456991195678,1.6568812131881714,1.1605454683303833,1.4882822036743164,1.1513268947601318,1.1981927156448364,1.4313525676727294,0.8597267866134644,1.4722557067871094,1.6749277114868164,1.765337347984314,1.3845152854919434,1.2680948495864868,1.4712737798690796,1.266634225845337,1.1996650695800781,1.5996726751327515,0.803228497505188
YMR123W,val,True,True,1.0721299648284912,0.838291585445404,0.9206642508506775,0.7534969449043274,0.7882995009422302,0.9356071352958679,0.7933900952339172,1.0404220938682556,0.9763530492782593,1.1568607091903687,0.8288787007331848,1.2123922109603882,1.0276257991790771,0.9310174942016601,0.8341220617294312,0.6283906102180481,1.1856225728988647,0.9755188822746277,1.031433343887329
YMR124W,val,True,True,0.6106365919113159,1.0551511645317078,1.1842173337936401,1.4312255382537842,0.990940272808075,1.1467640399932861,0.5226086378097534,0.9705458283424377,0.48535650968551636,1.0456998348236084,1.0907924175262451,1.141904592514038,1.0889757871627808,1.1621248364448546,0.9364452362060547,1.2328433990478516,1.781516671180725,0.9070912003517151,0.9527276754379272
YMR125W,val,True,True,0.1828499436378479,0.24462554529309272,0.7013185024261475,0.06158250942826271,0.4272960424423218,0.31439560651779175,-0.28146493434906006,0.4430718243122101,0.6606041789054871,0.49457061290740967,0.45618462562561035,0.30117830634117126,0.30282139778137207,0.36005009412765504,0.3115839958190918,0.21461406350135803,0.4384159445762634,0.41673529148101807,0.4189011752605438
YMR126C,val,True,True,-0.4807407259941101,-0.1057814121246338,-0.07781679928302765,-0.18916916847229004,-0.16347472369670868,0.5008566975593567,-0.5993030667304993,0.2982671171426773,0.46602919697761536,0.29604572057724,0.07277630269527435,0.4759429395198822,0.18054142594337463,-0.0006108950823545456,0.04471690207719803,-0.010702461004257202,-0.1899678260087967,-0.02400083653628826,0.1768997460603714
YMR127C,val,True,True,-0.412885844707489,0.6361141324043273,0.8046217560768127,0.6080591082572937,0.480420857667923,0.8251174688339233,0.4623514711856842,0.9611266732215882,0.9902034997940063,1.2048453092575073,1.0614964962005615,0.9368277788162231,0.6122602820396423,0.6827142477035523,0.7830144762992859,0.38501811027526855,1.2454748153686523,0.3420566916465759,0.6580071449279785
YMR128W,val,True,True,0.45279693603515625,0.7716412663459777,1.2171399593353271,0.8290882706642151,0.5656212568283081,0.9865044355392456,0.25985240936279297,0.8792933106422425,0.7900132536888123,1.3064237833023071,0.7197848558425903,0.8289288282394409,0.7513158321380615,0.7439406394958497,0.6718615889549255,0.6228578686714172,1.1322606801986694,0.6155160665512085,0.6772069931030273
YMR129W,val,True,True,0.3754810094833374,0.4529604695737362,0.9682729244232178,0.39030689001083374,0.029986228793859482,0.8946592807769775,-0.01842297613620758,0.7067387282848359,0.7519474625587463,0.740178108215332,0.4642121493816376,0.8156793713569641,0.761676549911499,0.3684955909848213,0.6716910600662231,0.03965502232313156,0.238035187125206,0.4786389470100403,0.4144577383995056
YMR130W,val,True,False,0.4512205719947815,-0.15114516913890838,-0.14610807597637177,-0.7202937006950378,-0.10797607898712158,0.4173072576522827,-0.19865524768829346,-0.16073987372219561,-0.17196565866470337,-0.31028562784194946,-0.1821877360343933,-0.027835587039589882,-0.1114247590303421,-0.725642553716898,-0.053049731999635696,-0.8778504133224487,-1.7550603151321411,0.04473838210105896,-0.9869906902313232
YMR131C,val,True,True,1.247976541519165,0.3912404842674732,0.9217724204063416,0.0316191129386425,0.7276206612586975,0.3640460669994354,-0.08885584026575089,0.7139085412025452,1.0097739696502686,0.6220107674598694,0.656777560710907,0.8872034549713135,0.39377695322036743,0.5421341061592102,0.27527061104774475,0.44990652799606323,1.0842009782791138,0.6108061671257019,0.29048624634742737
YMR132C,val,True,True,0.1247139498591423,0.16866664290428163,0.4558778703212738,-0.06162497401237488,0.32626771926879883,0.4435330033302307,-0.3207204043865204,0.3860969215631485,0.3436153531074524,0.4445563852787018,0.34889259934425354,0.600077748298645,0.19334252178668976,-0.02271445244550705,-0.22516700625419617,-0.40596407651901245,0.6108198761940002,-0.10309860110282898,0.009837545454502106
YMR133W,val,True,True,-1.6574259996414185,-1.0419827342033385,-1.484390139579773,-1.6077611446380615,-0.37519848346710205,-0.912176787853241,-0.8303871154785156,-0.9880650579929352,-1.3037158250808716,-0.9308239221572876,-1.4532911777496338,-0.40517786145210266,-0.8473165035247803,-0.21733213774859905,-0.4543309807777405,-0.3030252456665039,-0.17578308284282684,-0.0005433913320302963,-0.15297798812389374
YMR134W,val,True,True,0.8051518201828003,0.23306253999471666,0.25978296995162964,-0.29419824481010437,0.3575303256511688,0.740053117275238,0.10214453190565109,0.32911898866295813,0.042992088943719864,0.07127447426319122,0.6790044903755188,0.5118904709815979,0.34043341875076294,-0.02061355598270893,-0.060385797172784805,-0.45970427989959717,0.27268463373184204,0.017328480258584023,0.12700918316841125
YMR135C,val,True,True,0.29075002670288086,0.6506064891815185,0.15154391527175903,0.6294896602630615,1.3099631071090698,1.027801752090454,0.1342340111732483,1.1014271020889281,0.8490755558013916,1.7140086889266968,0.5915321111679077,1.5661498308181763,0.7863693237304688,0.8749358654022217,0.7050812840461731,1.3926129341125488,1.0189608335494995,0.6044196486473083,0.6536046266555786
YMR135W-A,val,False,False,-2.013568639755249,-0.992151403427124,-0.8430601954460144,-1.6188981533050537,-0.8309037685394287,-0.5246203541755676,-1.1432745456695557,-0.16073987372219561,-0.17196565866470337,-0.31028562784194946,-0.1821877360343933,-0.027835587039589882,-0.1114247590303421,-1.8409035921096801,-1.2581921815872192,-1.9930739402770996,-2.120647668838501,-1.8231768608093262,-2.009427309036255
YMR136W,val,True,True,0.9186321496963501,1.0682493925094605,2.0485546588897705,0.8806070685386658,1.2304855585098267,0.6134905815124512,0.5681090950965881,1.158449125289917,0.7732811570167542,1.4271506071090698,0.8768978714942932,1.7067350149154663,1.0081809759140015,0.8321864411234856,0.882498562335968,1.5109055042266846,0.8642107844352722,0.10058488696813583,0.8027324676513672
YMR137C,val,True,False,-0.01912430301308632,-0.18540706038475036,-0.6742526888847351,-0.27048420906066895,0.25077804923057556,0.35895389318466187,-0.5920303463935852,-0.16073987372219561,-0.17196565866470337,-0.31028562784194946,-0.1821877360343933,-0.027835587039589882,-0.1114247590303421,-1.0460339069366456,-1.2716337442398071,-1.3230814933776855,-0.9554514288902283,-0.5976983904838562,-1.0823044776916504
YMR138W,val,True,False,0.2760164439678192,-0.35538376681506634,-0.6482433676719666,-1.0512158870697021,0.15186725556850433,0.017103085294365883,-0.2464299201965332,-0.16073987372219561,-0.17196565866470337,-0.31028562784194946,-0.1821877360343933,-0.027835587039589882,-0.1114247590303421,-0.8285370349884034,-1.3288071155548096,-0.23806875944137573,-0.9151912331581116,-0.9322758316993713,-0.7283422350883484
YMR139W,val,True,True,0.08234218508005142,0.5646645277738571,0.7799297571182251,-0.06302206218242645,0.6115824580192566,1.0672056674957275,0.4276268184185028,0.7616501808166504,0.7204515337944031,0.5241243243217468,0.8101572394371033,1.0288077592849731,0.7247100472450256,0.724234688282013,0.6397945880889893,0.5275378823280334,1.202937126159668,0.6700499653816223,0.5808538794517517
YMR140W,val,True,True,0.5718968510627747,0.4449982106685638,0.3728417158126831,0.6326612830162048,0.4328922629356384,0.7357535362243652,0.05084225535392761,0.6297720193862915,0.5584145784378052,0.6437491178512573,0.591401994228363,0.8436530828475952,0.5116413235664368,0.5111537039279938,0.4623813033103943,0.49576640129089355,0.6018165349960327,0.7024952173233032,0.2933090627193451
YMR141C,val,False,False,-1.9205278158187866,-0.12426537349820137,-0.4030844569206238,-0.10241034626960754,0.01983180269598961,0.34118494391441345,-0.4768488109111786,-0.16073987372219561,-0.17196565866470337,-0.31028562784194946,-0.1821877360343933,-0.027835587039589882,-0.1114247590303421,-0.6323254689574241,-0.6883223056793213,-1.2868287563323975,-1.0200297832489014,0.07067834585905075,-0.23712484538555145
YMR141W-A,val,False,False,-1.925790786743164,-0.5339491426944732,-0.6422458291053772,-0.642128586769104,-0.6478353142738342,-0.16771361231803894,-0.569822371006012,-0.16073987372219561,-0.17196565866470337,-0.31028562784194946,-0.1821877360343933,-0.027835587039589882,-0.1114247590303421,-1.6641432762145996,-1.7142096757888794,-2.029268503189087,-1.8115348815917969,-1.2755478620529175,-1.4901554584503174
YMR142C,val,True,True,1.4650660753250122,1.5364353895187377,1.6151227951049805,1.7235223054885864,1.1528151035308838,1.782850980758667,1.4078657627105713,1.9559444665908814,1.664041519165039,2.0084171295166016,2.181326150894165,2.0192711353302,1.9066663980484009,1.4483409166336059,1.2060952186584473,1.3120102882385254,1.83548903465271,1.2403771877288818,1.6477328538894653
YMR143W,val,True,True,1.3197498321533203,0.8442946076393127,0.5464040637016296,0.562184751033783,1.045648217201233,1.3534694910049438,0.7137665152549744,1.5180020093917848,1.2015849351882935,1.6906685829162598,1.4018118381500244,1.8777209520339966,1.4182237386703491,0.848803061619401,0.42876988649368286,0.586965024471283,1.8710613250732422,0.017569275572896004,1.3396497964859009
YMR144W,val,True,True,0.49363821744918823,1.0416005373001098,1.1223183870315552,0.9783112406730652,1.1973679065704346,1.123277187347412,0.7867279648780823,1.2578944087028503,0.7110969424247742,1.0846060514450073,1.4363272190093994,1.7745517492294312,1.2828900814056396,0.6408851653337478,0.25600266456604004,0.3465522229671478,1.3427685499191284,0.03819291293621063,1.2209094762802124
YMR145C,val,True,True,-0.03685140237212181,1.5782183408737183,1.9384489059448242,2.0728368759155273,1.4221763610839844,1.3741538524627686,1.0834757089614868,1.7014042854309082,1.3869147300720215,2.1217825412750244,1.264207124710083,1.994368553161621,1.739748477935791,1.4489435076713562,1.112425446510315,1.799396276473999,1.9934396743774414,0.8658687472343445,1.4735873937606812
YMR146C,val,True,True,1.1729726791381836,0.9152231931686401,1.3441872596740723,0.7860798239707947,1.1201251745224,0.8373374342918396,0.48838627338409424,0.8463536262512207,0.8043877482414246,0.9380053877830505,0.9694603085517883,0.8216044902801514,0.6983101963996887,1.1174014329910278,1.3891910314559937,0.9657352566719055,1.386488437652588,1.2342270612716675,0.6113653779029846
YMR147W,val,True,True,0.28586462140083313,-0.7362291246652604,-0.5360826849937439,-0.9736006259918213,-0.19663502275943756,-1.2493312358856201,-0.7254960536956787,-0.5679622143507004,-0.4639437198638916,-1.0794669389724731,-0.8267037272453308,-0.17069821059703827,-0.29899847507476807,-1.1197635293006898,-0.9420881867408752,-1.6448898315429688,-0.7664518356323242,-1.1174705028533936,-1.1279172897338867
YMR148W,val,True,True,0.9803047180175781,-0.2512623183429241,-0.37144261598587036,-0.018560562282800674,-0.3241763710975647,-0.48958754539489746,-0.052544496953487396,0.0006161928176879883,0.14644870162010193,0.2928226590156555,-0.23766909539699554,-0.29516950249671936,0.0966482013463974,-0.07658552303910256,0.08576929569244385,-0.09249582141637802,-0.07093634456396103,-0.3291858732700348,0.02392112836241722
YMR149W,val,True,True,0.9823613166809082,1.026939582824707,0.9881131052970886,1.200985312461853,1.1076912879943848,1.1860425472259521,0.6518656611442566,1.2293010711669923,1.10666823387146,1.2660716772079468,1.3225430250167847,1.3441555500030518,1.1070668697357178,0.99080730676651,0.8899139761924744,1.0202372074127197,1.3231465816497803,0.7068256139755249,1.0139131546020508
YMR150C,val,True,False,-0.2294904887676239,-0.376102602481842,-0.2815036177635193,-0.9008314609527588,-0.12759308516979218,-0.13641630113124847,-0.4341685473918915,-0.16073987372219561,-0.17196565866470337,-0.31028562784194946,-0.1821877360343933,-0.027835587039589882,-0.1114247590303421,-1.334766998887062,-0.13507886230945587,-1.9094109535217285,-1.4805035591125488,-1.62523353099823,-1.5236080884933472
YMR151W,val,False,False,-1.1818103790283203,-0.03393605947494507,0.15874797105789185,-0.2924978733062744,0.038618944585323334,0.08208531886339188,-0.15663465857505798,-0.16073987372219561,-0.17196565866470337,-0.31028562784194946,-0.1821877360343933,-0.027835587039589882,-0.1114247590303421,-1.4917869091033935,-1.6033707857131958,-1.6847472190856934,-1.150324821472168,-1.3978792428970337,-1.622612476348877
YMR152W,val,True,True,0.2720028758049011,0.30413183867931365,0.07638649642467499,-0.1313437819480896,0.5121459364891052,0.8999524116516113,0.16351813077926636,0.5697218418121338,0.49988001585006714,0.22737205028533936,0.681682288646698,0.801125168800354,0.6385496854782104,0.12800457030534745,0.15317398309707642,-0.18826910853385925,0.5498171448707581,-0.08725259453058243,0.21255342662334442
YMR153C-A,val,False,False,-0.9981798529624939,-0.22632066905498505,-0.673710286617279,-0.05324111133813858,-0.12013891339302063,0.12057831138372421,-0.4050913453102112,-0.16073987372219561,-0.17196565866470337,-0.31028562784194946,-0.1821877360343933,-0.027835587039589882,-0.1114247590303421,-1.370632243156433,-0.6911118626594543,-1.7570381164550781,-1.9180235862731934,-0.560113251209259,-1.9268743991851807
YMR153W,val,True,True,0.451785147190094,0.290950994938612,0.627713143825531,0.03625289723277092,0.25676262378692627,0.5853514671325684,-0.05132515728473663,0.6745326161384583,0.6801486015319824,0.68480384349823,0.5819908976554871,0.7548421621322632,0.6708775758743286,0.38464429378509524,0.9603719115257263,0.26364731788635254,0.34596744179725647,0.05466613173484802,0.2985686659812927
YMR154C,val,True,True,-0.7241703271865845,-0.5946973130106926,-0.3620021939277649,-0.8040024638175964,-0.8105486035346985,-0.0969678983092308,-0.8999654054641724,-0.05784209072589874,-0.13714022934436798,-0.2140156328678131,-0.037352483719587326,0.10042504221200943,-0.001127149909734726,-0.6874859269708395,-0.7118006348609924,-1.5801033973693848,-0.04894160106778145,0.026146134361624718,-1.1227301359176636
YMR155W,val,False,True,-0.5177555680274963,-0.3103831022977829,-0.12367947399616241,-0.7069926857948303,-0.3873920738697052,0.2793252468109131,-0.6131765246391296,-0.11767008304595947,-0.12866133451461792,-0.2658631503582001,-0.2333141267299652,0.14848361909389496,-0.10899542272090912,-0.48454210460186004,-0.527151882648468,-0.8776504397392273,-0.5604737401008606,-0.11816148459911346,-0.33927297592163086
YMR156C,val,True,False,0.07918404042720795,-0.5559892371296883,-1.0678596496582031,-1.1171555519104004,-0.13450317084789276,0.05224240571260452,-0.5126702189445496,-0.16073987372219561,-0.17196565866470337,-0.31028562784194946,-0.1821877360343933,-0.027835587039589882,-0.1114247590303421,-1.6375695943832398,-1.2328256368637085,-1.9777729511260986,-1.4262032508850098,-1.7555655241012573,-1.7954806089401245
YMR157C,val,True,False,-0.04616571590304375,-0.048312139511108396,-0.2937816083431244,-0.06209196150302887,0.3404037654399872,0.17854537069797516,-0.4046362638473511,-0.16073987372219561,-0.17196565866470337,-0.31028562784194946,-0.1821877360343933,-0.027835587039589882,-0.1114247590303421,-1.0769070744514466,-1.5081080198287964,-1.4846503734588623,-0.7349388003349304,-0.32634198665618896,-1.3304961919784546
YMR158C-A,val,False,False,-0.887690007686615,-0.8750905141234397,-0.8271691203117371,-1.1930642127990723,-1.0076566934585571,-0.0787191316485405,-1.268843412399292,-0.16073987372219561,-0.17196565866470337,-0.31028562784194946,-0.1821877360343933,-0.027835587039589882,-0.1114247590303421,-1.5564396262168885,-0.7981187701225281,-1.7335386276245117,-1.815845012664795,-1.7963342666625977,-1.6383614540100098
YMR158W,val,True,False,0.9991394877433777,-0.22236295342445372,0.09698989242315292,-0.3320538401603699,-0.15881671011447906,0.03949757665395737,-0.75743168592453,-0.16073987372219561,-0.17196565866470337,-0.31028562784194946,-0.1821877360343933,-0.027835587039589882,-0.1114247590303421,-0.8579287707805634,-0.39244091510772705,-0.28291356563568115,-1.3579039573669434,-0.46789857745170593,-1.7884868383407593
YMR158W-B,val,False,False,-2.011467933654785,-0.8595326840877533,-0.43163028359413147,-0.8690404891967773,-1.1126940250396729,-0.5889453291893005,-1.2953532934188843,-0.16073987372219561,-0.17196565866470337,-0.31028562784194946,-0.1821877360343933,-0.027835587039589882,-0.1114247590303421,-1.7208033561706544,-1.331668734550476,-1.6384496688842773,-2.062917470932007,-1.651476502418518,-1.9195044040679932
YMR159C,val,True,True,0.2444881945848465,-0.6768797278404236,-0.2080027461051941,-0.5647322535514832,-0.9730588793754578,-0.5711691379547119,-1.067435622215271,-0.6909266352653504,-0.631615400314331,-1.1740268468856812,-0.5084741115570068,-0.608829915523529,-0.5316869020462036,-0.47536606043577195,-0.1242435947060585,-0.6203562617301941,-0.24094916880130768,-0.18635156750679016,-1.2049297094345093
YMR160W,val,True,True,0.006113803945481777,-0.2616287723183632,-0.3998948335647583,0.1403248906135559,-0.08089963346719742,-0.812690019607544,-0.1549842655658722,0.038934824615716936,-0.14030373096466064,-0.1719023883342743,0.20132900774478912,0.28690245747566223,0.018648777157068253,0.03577208444476128,-0.3090309202671051,0.25815048813819885,0.31304776668548584,-0.05728735774755478,-0.02601955458521843
YMR161W,val,True,True,0.9567857384681702,0.2789155513048172,0.23925882577896118,0.36731696128845215,0.3194655478000641,0.522883415222168,-0.05434699356555939,0.6984278559684753,0.5705136656761169,0.8400358557701111,0.5585262775421143,0.8175753355026245,0.7054881453514099,0.3733736455440521,0.14984148740768433,0.4897634983062744,0.332319438457489,0.41798874735832214,0.4769550561904907
YMR162C,val,False,True,-0.09003997594118118,0.3043039634823799,0.2916144132614136,0.35824745893478394,0.18200653791427612,0.7854260802268982,-0.09577467292547226,0.5425821363925933,0.7724677920341492,0.5465631484985352,0.49514761567115784,0.5116443037986755,0.3870878219604492,0.2565466821193695,0.4650287628173828,0.1501770317554474,0.436073899269104,0.058557525277137756,0.17289619147777557
YMR163C,val,True,True,-0.47929808497428894,-0.5137593455612659,-0.5281669497489929,-0.07932763546705246,-0.0371808223426342,-1.002030611038208,-0.9220907092094421,0.17180660739541054,0.23087167739868164,-0.22785645723342896,0.4861806333065033,0.3126593232154846,0.05717786028981209,-1.067282810807228,-1.2162998914718628,-1.9790382385253906,-0.12507249414920807,-1.3976682424545288,-0.6183351874351501
YMR164C,val,True,True,0.6774958372116089,0.2689547248184681,0.597884476184845,0.018092747777700424,0.2160448282957077,0.4681739807128906,0.04457759112119675,0.33187341392040254,0.1840193271636963,0.3621930480003357,0.5744166970252991,0.29432156682014465,0.24441643059253693,0.2174875944852829,0.2347278594970703,-0.28307944536209106,1.1369171142578125,-0.14415769279003143,0.14303013682365417
YMR165C,val,True,True,0.18798108398914337,0.24396961703896522,0.43729856610298157,0.2067771553993225,0.03466841205954552,0.6163982152938843,-0.07529426366090775,0.5082659363746643,0.48879486322402954,0.3258422613143921,0.6785618662834167,0.38381463289260864,0.6643160581588745,0.25923904627561567,0.03793901950120926,0.6988980174064636,-0.15192292630672455,0.27873438596725464,0.4325467348098755
YMR166C,val,True,True,0.41125890612602234,0.15621538013219832,0.20623129606246948,0.26181742548942566,-0.3722669184207916,0.7510340213775635,-0.06573892384767532,0.5750558733940124,0.4814881682395935,0.6514798402786255,0.4781935214996338,0.7218895554542542,0.5422282814979553,0.22388103008270263,0.40801793336868286,-0.07895894348621368,0.22452490031719208,0.28320541977882385,0.2826158404350281
YMR167W,val,True,True,-0.33543217182159424,0.25093918591737746,0.16982826590538025,0.1942291557788849,0.2130926251411438,0.6265316009521484,0.05101428180932999,0.5970931828022004,0.46504589915275574,0.6596490740776062,0.5016493797302246,0.714357852935791,0.644763708114624,0.38956633806228635,0.5038241744041443,0.19573858380317688,0.4842851161956787,0.5003890991210938,0.26359471678733826
YMR168C,val,True,True,-0.3236355185508728,0.21621721028350294,0.1757635474205017,0.22586792707443237,-3.569130785763264e-05,0.8046633005142212,-0.12517303228378296,0.5993575632572175,0.7867404222488403,0.718376100063324,0.2571096122264862,0.7881174087524414,0.4464442729949951,0.622927212715149,0.5026116967201233,0.7180784940719604,0.6644440293312073,0.8605366349220276,0.368965208530426
YMR169C,val,True,True,-0.9297303557395935,-0.07178964614868164,-0.3133125901222229,-0.1791766881942749,-0.07499811053276062,0.633556604385376,-0.42501744627952576,0.4670882523059845,0.5125687122344971,0.31784895062446594,0.4556869864463806,0.5472754240036011,0.5020611882209778,0.3078830599784851,0.21608960628509521,0.35874301195144653,0.26543113589286804,0.19132855534553528,0.5078229904174805
YMR170C,val,True,True,-0.8128296732902527,-0.7587111830711365,-0.40630170702934265,-1.0864908695220947,-0.340011864900589,-1.3432306051254272,-0.6175208687782288,0.09313982799649238,0.042071204632520676,0.28169363737106323,0.13829511404037476,-0.10433091968297958,0.10797010362148285,-0.17353012412786484,0.32338666915893555,-0.2097644805908203,-0.07447322458028793,-0.2239842712879181,-0.6828153133392334
YMR171C,val,False,True,0.27961716055870056,0.6250775888562202,0.7770170569419861,0.556265115737915,0.7458531260490417,1.077543020248413,-0.03129037469625473,0.9129114866256713,0.9645503163337708,1.0827112197875977,0.85543292760849,0.9885026216506958,0.6733603477478027,0.7810712337493897,0.9413672089576721,0.8913153409957886,0.761965811252594,0.851789653301239,0.45891815423965454
YMR172C-A,val,False,False,-1.9341336488723755,-0.7934574484825134,-1.098995566368103,-0.7280572652816772,-0.6893174648284912,-0.42752307653427124,-1.0233938694000244,-0.16073987372219561,-0.17196565866470337,-0.31028562784194946,-0.1821877360343933,-0.027835587039589882,-0.1114247590303421,-2.023025465011597,-2.016744613647461,-2.069899320602417,-2.1817409992218018,-1.8801114559173584,-1.9666309356689453
YMR172W,val,False,True,0.33658936619758606,0.4074468217790127,0.4711381793022156,0.04753590002655983,0.7118780016899109,0.7551484704017639,0.05153355747461319,0.6009432911872864,0.5957305431365967,0.5058099031448364,0.5676660537719727,0.6738028526306152,0.6617071032524109,0.6276591718196869,0.9498056173324585,0.3313751220703125,0.9054161310195923,0.5099452137947083,0.4417537748813629
YMR173W,val,False,True,0.888419508934021,0.6576148509979248,0.3631337583065033,1.1506332159042358,0.8277972340583801,0.5302884578704834,0.41622158885002136,0.21035049557685853,-0.2841450572013855,0.20652425289154053,0.18231217563152313,0.23861102759838104,0.7084500789642334,0.824800169467926,1.2417218685150146,0.8920713067054749,0.832736074924469,0.776580810546875,0.38089078664779663
YMR173W-A,val,False,False,-1.479039192199707,0.5856785178184509,0.36612772941589355,1.105421781539917,0.7348612546920776,0.3666613698005676,0.35532045364379883,-0.16073987372219561,-0.17196565866470337,-0.31028562784194946,-0.1821877360343933,-0.027835587039589882,-0.1114247590303421,-0.6850834250450134,-0.4638811945915222,-0.7136998772621155,-0.7443954348564148,-0.6715278029441833,-0.8319128155708313
YMR174C,val,True,True,0.03905602917075157,-0.5393574744462967,-0.5843784213066101,-0.9314623475074768,-0.13346372544765472,-0.37136194109916687,-0.676120936870575,-0.13208168372511864,-0.16092246770858765,-0.36826464533805847,0.06402702629566193,-0.24035392701625824,0.045105595141649246,-0.46441338658332826,0.36213892698287964,0.06934872269630432,-0.5753644108772278,-0.6075894236564636,-1.5706007480621338
YMR175W,val,True,True,-1.228126049041748,-1.1896115064620971,-1.1067588329315186,-1.0332674980163574,-0.5615407228469849,-1.595226764678955,-1.65126371383667,-0.11800024658441544,-0.13811758160591125,0.08321506530046463,0.08205938339233398,-0.38123849034309387,-0.23591960966587067,-1.3058631896972657,-1.5716325044631958,-1.3576304912567139,-0.9084005355834961,-1.4301166534423828,-1.2615357637405396
YMR175W-A,val,False,True,-1.3728446960449219,-0.147288079559803,0.08237946033477783,-0.30506688356399536,-0.29981890320777893,0.06000082939863205,-0.27393490076065063,0.3093754470348358,0.2693014144897461,0.23120510578155518,0.45988839864730835,0.5124908089637756,0.07399150729179382,-0.3146472588181496,-0.19677874445915222,-0.714570939540863,0.16633927822113037,-0.8719151616096497,0.04368927329778671
YMR176W,val,True,True,-0.2380296140909195,0.017104128003120424,0.3078339993953705,0.0850507915019989,0.22946004569530487,-0.3085753917694092,-0.22824880480766296,0.035452762991189955,0.1151336133480072,-0.2561156451702118,-0.015158753842115402,0.2678067684173584,0.06559783220291138,-0.14973153471946715,0.0060370489954948425,-0.406081885099411,0.00993763655424118,-0.5263496041297913,0.16779913008213043
YMR177W,val,True,True,0.4252517819404602,0.065386463701725,0.1640452742576599,-0.5145593285560608,0.20997293293476105,0.5390762686729431,-0.07160282880067825,0.18705202937126159,0.1821303516626358,-0.28392502665519714,0.6464182138442993,0.3031463325023651,0.0874902755022049,0.2450850114226341,0.11873292177915573,-0.1342502236366272,0.35948389768600464,0.5466952323913574,0.33476322889328003
YMR178W,val,True,True,0.04973974451422691,0.6301815614104271,0.9121212363243103,0.39627671241760254,0.9932248592376709,0.8575683832168579,-0.008283384144306183,0.8388735771179199,0.9008564352989197,0.6449266672134399,1.1104246377944946,0.9666286706924438,0.5715314745903015,0.4911137580871582,0.41017651557922363,0.5859087705612183,0.778131902217865,0.3040432035923004,0.3773083984851837
YMR179W,val,True,True,0.3557274043560028,-0.10315175205469132,0.05944674462080002,-0.3140036463737488,-0.22302156686782837,0.3211144506931305,-0.35929474234580994,0.1367201216518879,0.15690386295318604,0.08782530575990677,-0.012212637811899185,0.33080679178237915,0.1202772855758667,-0.22715829610824584,-0.12519153952598572,-0.3221215605735779,-0.04847868159413338,-0.6201964020729065,-0.019803296774625778
YMR180C,val,True,True,-0.16164305806159973,0.3239068478345871,0.47170668840408325,0.08387157320976257,0.5930581092834473,0.523116409778595,-0.052218541502952576,0.7250333189964294,0.753513753414154,0.8864637017250061,0.7364948987960815,0.7047349810600281,0.5439592599868774,0.3666924208402634,0.2773782014846802,0.18147803843021393,0.6870055794715881,0.19759345054626465,0.49000683426856995
YMR181C,val,True,True,0.6234571933746338,0.20897721648216247,0.060979992151260376,0.2201848030090332,0.4641329348087311,0.5664701461791992,-0.2668817937374115,0.21817134246230124,0.13568010926246643,0.20364493131637573,-0.01996726170182228,0.13241888582706451,0.6390800476074219,0.12035006433725357,0.17471098899841309,0.5936679244041443,-0.008752278983592987,0.33605343103408813,-0.49392974376678467
YMR182C,val,True,True,0.8216173648834229,-0.24848992824554444,-0.3419308066368103,-0.255095899105072,0.32591328024864197,-0.7397884726524353,-0.2315477430820465,0.670490837097168,0.6567119359970093,0.6871439814567566,0.8128581643104553,0.7104727625846863,0.4852673411369324,0.015687780827283858,0.27628016471862793,-0.6096469759941101,0.16327281296253204,0.19202354550361633,0.0565093569457531
YMR182W-A,val,True,True,-0.08336169272661209,0.12083986550569534,0.25009477138519287,-0.33707767724990845,-0.08307664841413498,1.0124049186706543,-0.23814603686332703,0.19163159430027008,0.36205363273620605,-0.4042835533618927,-0.06945747137069702,0.8551257848739624,0.21471957862377167,0.26593283116817473,0.6960281729698181,-0.25224918127059937,0.4472564458847046,0.2460108995437622,0.19261781871318817
YMR183C,val,True,True,1.2587549686431885,-0.0009256727993488312,0.03398066759109497,0.1198362410068512,0.05135498568415642,-0.1570400446653366,-0.05276021361351013,0.4615103848278522,0.023978251963853836,0.5038983821868896,0.8455807566642761,0.24887685477733612,0.6852176785469055,0.4601442039012909,0.42805027961730957,0.5485339164733887,0.7671765089035034,0.22866088151931763,0.3282994329929352
YMR184W,val,True,True,0.38128983974456787,0.16801888272166252,0.22948086261749268,0.06239624693989754,0.37998899817466736,0.0696045383810997,0.09862376749515533,0.3308501452207565,0.15903563797473907,0.3203360140323639,0.3476444482803345,0.540794849395752,0.28643977642059326,0.30470305383205415,0.20896875858306885,0.41386449337005615,0.4158185124397278,0.3770351707935333,0.10782833397388458
YMR185W,val,True,True,-0.535325288772583,0.7490389630198478,0.8043901324272156,1.2159072160720825,0.9590340256690979,0.6851580739021301,0.08070536702871323,1.0585621356964112,0.7444015741348267,1.4611467123031616,0.8929282426834106,1.1957732439041138,0.998560905456543,0.9253834247589111,1.0591896772384644,1.2996633052825928,1.1857001781463623,0.5003230571746826,0.5820409059524536
YMR186W,val,True,True,1.4548770189285278,0.952750813961029,1.5132086277008057,0.9178443551063538,1.1773383617401123,0.908416748046875,0.24694597721099854,1.3613409519195556,1.05758798122406,1.3441232442855835,1.37223219871521,1.5055320262908936,1.5272293090820312,1.2168844938278198,0.8935092091560364,1.3290791511535645,1.691258192062378,1.309342384338379,0.8612335324287415
YMR187C,val,False,True,-0.6773937940597534,-0.02569318376481533,-0.21389839053153992,-0.07384918630123138,0.16367946565151215,0.023268545046448708,-0.027666352689266205,0.10435515344142914,-0.1849967986345291,-0.7206318378448486,0.31320318579673767,0.38828638195991516,0.7259148359298706,0.08119969740509987,-0.09441464394330978,-0.3739335238933563,0.530038058757782,0.2903103828430176,0.05399821326136589
YMR188C,val,False,True,1.1784628629684448,0.18848934322595595,0.10197967290878296,0.30779874324798584,0.05104265362024307,0.643403947353363,-0.1617783010005951,0.13917816653847695,0.22125713527202606,-0.15154755115509033,-0.010121192783117294,0.9263651371002197,-0.29006269574165344,0.28739091753959656,0.2683182954788208,0.3094105124473572,0.23138247430324554,0.4379473626613617,0.18989594280719757
YMR189W,val,True,True,0.6841251850128174,-0.30625632107257844,0.08774140477180481,-0.12491448223590851,0.271294504404068,-0.7303820848464966,-1.0350209474563599,0.4147357247769833,0.01637847349047661,0.4275050163269043,0.3660937547683716,0.7902534008026123,0.4734479784965515,0.034064768254756926,0.07872603088617325,0.6436091065406799,0.11752253770828247,0.07344521582126617,-0.7429790496826172
YMR190C,val,True,True,0.2987006604671478,0.6549618601799011,0.8062220811843872,0.763028085231781,0.8662305474281311,0.5895960330963135,0.24973255395889282,0.6154625892639161,0.3425779640674591,0.9384559988975525,0.5169563293457031,0.7810311913490295,0.4982914626598358,0.6923518538475036,0.5861373543739319,0.5622031092643738,1.130622386932373,0.6121612191200256,0.570635199546814
YMR191W,val,True,True,-0.010720393620431423,0.4010266184806824,0.3551163375377655,0.20020824670791626,0.5289364457130432,0.6722669005393982,0.2486051619052887,0.7394550323486329,0.514495849609375,0.8371493220329285,0.7397429943084717,0.8776517510414124,0.7282352447509766,0.41180103421211245,0.5615429282188416,0.376770943403244,0.45662808418273926,0.2261660397052765,0.4378971755504608
YMR192W,val,True,True,0.27815935015678406,0.554547344148159,0.6764503717422485,0.5803827047348022,0.8068756461143494,0.6755737662315369,0.033454231917858124,0.5240992128849029,0.8090349435806274,0.6815614700317383,0.3051646649837494,0.4570692479610443,0.36766573786735535,0.49263946413993837,0.466022789478302,0.3101222515106201,0.7162628769874573,0.6098816990852356,0.3609077036380768
YMR193C-A,val,False,False,-1.9986053705215454,-0.6819907635450363,-0.16020730137825012,-1.065692663192749,-0.5728838443756104,-0.24913997948169708,-1.362030029296875,-0.16073987372219561,-0.17196565866470337,-0.31028562784194946,-0.1821877360343933,-0.027835587039589882,-0.1114247590303421,-1.9852628469467164,-1.921189546585083,-2.124788999557495,-1.837397575378418,-1.9552146196365356,-2.08772349357605
YMR193W,val,False,True,0.5039529800415039,0.28578849881887436,0.19460836052894592,0.1661192923784256,0.5747238397598267,0.5987433195114136,-0.10525231808423996,0.45342387706041337,0.6291073560714722,0.07400641590356827,0.31759482622146606,0.7332788705825806,0.5131319165229797,0.4682164341211319,0.45391958951950073,0.045800402760505676,0.8431114554405212,0.527930736541748,0.4703199863433838
YMR194C-A,val,False,False,-0.48778247833251953,-1.0450824663043021,-1.2938472032546997,-0.6854358911514282,-2.1379547119140625,-0.09870442003011703,-1.0094701051712036,-0.16073987372219561,-0.17196565866470337,-0.31028562784194946,-0.1821877360343933,-0.027835587039589882,-0.1114247590303421,-1.9132750034332275,-1.9110187292099,-1.9005126953125,-2.1573431491851807,-1.913321614265442,-1.6841788291931152
YMR194C-B,val,True,True,0.6659758687019348,0.09911183714866638,0.2111942172050476,0.4077269434928894,-0.9460769295692444,0.5592164993286133,0.263498455286026,0.8191008985042572,0.38843387365341187,1.4994378089904785,0.2531391680240631,1.08391273021698,0.8705809116363525,-0.22124384269118308,-0.12781469523906708,0.22730839252471924,-0.6719333529472351,-0.48397165536880493,-0.04980790242552757
YMR194W,val,True,True,1.5383656024932861,0.9920045137405396,0.9869001507759094,0.8196744322776794,1.0853601694107056,1.0199031829833984,1.0481846332550049,1.4606250643730163,0.9129805564880371,0.9430772662162781,1.8882580995559692,1.4033995866775513,2.155409812927246,0.9737550973892212,0.6238426566123962,0.4142758846282959,1.4644076824188232,0.7248517870903015,1.641397476196289
YMR195W,val,True,True,1.9025007486343384,1.0219294428825378,1.1283950805664062,1.0065702199935913,0.9738101959228516,1.359903335571289,0.640968382358551,1.2465117573738098,0.6130461692810059,1.5183061361312866,0.9167788624763489,1.6630282402038574,1.5213993787765503,1.1684297561645507,1.4711467027664185,1.5163953304290771,1.0328612327575684,1.024049997329712,0.797695517539978
YMR196W,val,False,True,-0.3780609369277954,0.07777987122535705,0.1413637399673462,-0.5332251787185669,0.9563427567481995,-0.3863755464553833,0.21079358458518982,-0.4526743948459625,-0.9589275121688843,-1.092652678489685,0.1593555510044098,-0.8549327850341797,0.4837854504585266,0.3826789349317551,0.3921714723110199,0.9372467398643494,0.20025382936000824,0.4769389033317566,-0.09321627020835876
YMR197C,val,True,True,0.6898616552352905,0.2935659781098366,0.9407746195793152,0.08442214131355286,0.29533880949020386,-0.12048953026533127,0.26778385043144226,0.8323201179504395,0.6890969276428223,0.7238819003105164,0.6968245506286621,1.0814323425292969,0.9703648686408997,0.5339132189750672,0.34541165828704834,0.43319281935691833,0.4760134518146515,0.7682653069496155,0.646682858467102
YMR198W,val,True,True,0.2122962921857834,-0.027917273342609406,-0.1971740424633026,-0.5215023756027222,0.4867454767227173,0.21499715745449066,-0.1226525828242302,0.20081502422690392,0.11038902401924133,-0.32113713026046753,0.0228450708091259,0.6655732989311218,0.526404857635498,0.24048763923346997,0.061500221490859985,0.21091580390930176,0.5375092625617981,0.02039222978055477,0.3721206784248352
YMR199W,val,True,True,0.5677912831306458,0.3516748398542404,-0.5929718613624573,0.9207112193107605,0.08958162367343903,1.1488951444625854,0.1921580731868744,0.8036130666732788,-0.31035321950912476,1.4167472124099731,0.41986149549484253,0.9829738140106201,1.508836030960083,-0.1566670335829258,-0.6637775301933289,0.48115622997283936,-0.809382975101471,0.19203412532806396,0.016634982079267502
YMR200W,val,True,True,1.193773627281189,0.9155256807804107,1.2661937475204468,0.8552256226539612,0.9916457533836365,1.0009429454803467,0.4636203348636627,1.084622323513031,1.1027284860610962,1.030185341835022,1.1224952936172485,1.3000622987747192,0.8676401972770691,0.9788145422935486,0.8945583701133728,1.1511435508728027,1.0918989181518555,0.857901394367218,0.8985704779624939
YMR201C,val,True,True,0.20353330671787262,0.5703431844711304,0.46883252263069153,0.704927384853363,0.6769433617591858,0.7296559810638428,0.2713566720485687,0.5988123893737793,0.4289211630821228,0.7800600528717041,0.6451278328895569,0.5677980184555054,0.5721548795700073,0.7674633741378785,0.9240519404411316,1.0265171527862549,1.0644813776016235,0.4731891453266144,0.3490772545337677
YMR202W,val,False,True,0.8655810952186584,0.2913674362003803,0.3630966544151306,0.04020923003554344,0.3984600305557251,0.7638013362884521,-0.10873007029294968,0.48283750712871554,0.33150872588157654,0.5612236857414246,0.46428945660591125,0.8230921626091003,0.23407350480556488,0.4248771995306015,0.4137417674064636,0.17587457597255707,0.6403349041938782,0.5881916880607605,0.30624306201934814
YMR203W,val,True,True,0.6722173094749451,0.7717944145202636,0.6880707144737244,0.9119091629981995,0.8334292769432068,1.1576627492904663,0.26790016889572144,1.162732684612274,0.9241690635681152,1.5141319036483765,1.334256649017334,1.1263946294784546,0.9147111773490906,0.7619610071182251,0.48348742723464966,0.5841750502586365,1.1245540380477905,0.8003016114234924,0.8172869086265564
YMR204C,val,True,True,0.28988024592399597,0.3980993703007698,0.529244601726532,0.48892444372177124,0.3715423047542572,0.5746024250984192,0.026183076202869415,0.6755833446979522,0.5390678644180298,0.9361135959625244,0.7221538424491882,0.7464442253112793,0.4341371953487396,0.6474205553531647,0.8446035981178284,0.08493801951408386,1.1434106826782227,0.36634790897369385,0.7978025674819946
YMR205C,val,False,True,0.9918448328971863,1.1271307110786437,0.747988760471344,1.5661697387695312,0.9578486084938049,1.517742395401001,0.8459040522575378,1.0548823952674866,1.1858649253845215,1.0326874256134033,0.682854950428009,1.2653870582580566,1.1076176166534424,1.296281373500824,1.2280900478363037,1.9493277072906494,1.2368985414505005,1.3499672412872314,0.7171233296394348
YMR206W,val,True,True,-1.3763221502304077,0.6278549358248711,1.435196042060852,0.7643536329269409,0.5404383540153503,0.5175739526748657,-0.11828730255365372,0.419989413022995,1.0098698139190674,0.5193415880203247,-0.5073469877243042,0.4321976602077484,0.6458849906921387,0.37068464159965514,1.4313308000564575,0.3579593300819397,0.5479482412338257,-0.3363758623600006,-0.14743930101394653
YMR207C,val,True,True,-0.08375991135835648,-1.411051869392395,-0.9673522710800171,-1.601096510887146,-1.6024585962295532,-1.480658769607544,-1.4036931991577148,-0.860143032670021,-0.3710016906261444,-1.9157322645187378,-1.1947124004364014,-0.6308286190032959,-0.18844018876552582,-0.8452935792505741,0.0024069659411907196,-1.473006248474121,-0.8522463440895081,-1.2615793943405151,-0.642042875289917
YMR208W,val,True,True,0.39640533924102783,-0.7797130238264799,-0.5564465522766113,-0.904013454914093,-0.6355100870132446,0.016735905781388283,-1.8193309307098389,0.22595490664243698,-0.2338697761297226,0.0038178786635398865,0.8467035889625549,0.2482759803533554,0.2648468613624573,-0.635022047162056,-0.5016703009605408,-1.1035432815551758,-0.5644696950912476,-0.18710555136203766,-0.8183214068412781
YMR209C,val,False,True,-0.09583469480276108,0.08411762937903404,0.07511453330516815,-0.05251571908593178,0.3126378357410431,0.25117766857147217,-0.16582617163658142,0.2334976390004158,0.17970280349254608,0.08655544370412827,0.30726853013038635,0.2591646611690521,0.3347967565059662,0.26381421983242037,0.6213629245758057,0.04407113790512085,0.1300668865442276,0.4149318337440491,0.10863831639289856
YMR210W,val,True,True,0.24560604989528656,0.18278677463531495,0.3100942373275757,-0.0713355541229248,0.5064287781715393,0.4266843795776367,-0.2579379677772522,0.1966166079044342,0.20942899584770203,-0.09495210647583008,0.4238341152667999,0.22409504652023315,0.220676988363266,0.47764807045459745,0.2963934540748596,0.7597170472145081,0.3681066632270813,0.8323776125907898,0.1316455751657486
YMR211W,val,True,True,-0.10197059065103531,0.23965702429413796,0.3059845566749573,0.044300999492406845,0.3692358434200287,0.5011186599731445,-0.022354938089847565,0.7213157057762146,0.8833034038543701,0.5718998312950134,0.7638595700263977,0.7093907594680786,0.6781249642372131,0.37848525047302245,0.3961740732192993,0.34063097834587097,0.508228063583374,0.2440861463546753,0.4033069908618927
YMR212C,val,False,True,-0.017113907262682915,0.30526411682367327,0.24275249242782593,0.40028566122055054,0.32643041014671326,0.4814213514328003,0.07543066889047623,0.36172047555446624,0.14115916192531586,0.4216563105583191,0.41422370076179504,0.49302294850349426,0.338540256023407,0.3338293731212616,0.5963712334632874,0.14510628581047058,0.47433674335479736,0.28885164856910706,0.16448095440864563
YMR213W,val,False,True,0.5615159273147583,0.10456993728876114,0.6777653098106384,-0.5584321022033691,0.18366673588752747,0.3051973879337311,-0.08534764498472214,0.36430291533470155,0.3265342712402344,0.2771071493625641,0.2873540222644806,0.574813961982727,0.3557051718235016,0.3693696394562721,0.5146299004554749,0.05793691426515579,0.5509167313575745,0.47004273533821106,0.25332191586494446
YMR214W,val,True,True,1.1156238317489624,0.11363235507160425,0.22598057985305786,-0.17856407165527344,0.014388789422810078,0.6577742099761963,-0.15141773223876953,0.5022326529026031,0.5272155404090881,0.48674237728118896,0.3704228699207306,0.5883726477622986,0.5384098291397095,0.3706583946943283,0.2326710820198059,0.1296452134847641,0.3503623604774475,0.7856491804122925,0.35496413707733154
YMR215W,val,True,True,0.17974303662776947,-0.8016159057617187,0.5611703991889954,-1.1266756057739258,-1.6983933448791504,-0.6415242552757263,-1.1026567220687866,-0.021219060570001603,0.2722315192222595,0.15581849217414856,-0.3442606031894684,-0.13458529114723206,-0.05529941990971565,-0.2667114853858948,-0.19297188520431519,-0.20303328335285187,-0.2236204296350479,-0.1818402111530304,-0.5320916175842285
YMR216C,val,True,True,0.8455097079277039,0.36458716094493865,0.8878751397132874,0.7699536681175232,0.13192777335643768,0.06030716747045517,-0.0271279439330101,0.5376225352287293,0.8639624118804932,0.47015661001205444,0.5177806615829468,0.4819936454296112,0.35421934723854065,0.49229882657527924,0.5738930106163025,0.7132791876792908,0.3142273426055908,0.1423783153295517,0.7177162766456604
YMR217W,val,True,True,0.5878188610076904,0.44139284491539,0.852026641368866,0.5402161478996277,0.2798832952976227,0.3082813024520874,0.22655683755874634,0.5602629899978637,0.7282093167304993,0.7291642427444458,0.40102052688598633,0.5034247636795044,0.43949609994888306,0.4172771036624908,0.3705592155456543,0.2767926752567291,0.7012028694152832,0.259490966796875,0.4783397912979126
YMR218C,val,False,True,0.23266097903251648,0.04895535297691822,-0.13674618303775787,-0.08480992913246155,0.018485570326447487,0.30867987871170044,0.1391674280166626,0.4633483111858368,0.22684913873672485,0.4289606809616089,0.8307618498802185,0.5143166184425354,0.3158532679080963,0.2651069611310959,0.41773203015327454,0.17702221870422363,0.3555983006954193,0.09314329922199249,0.28203895688056946
YMR219W,val,False,True,0.5751975178718567,0.03266986459493637,-0.31954577565193176,-0.21581551432609558,0.32867664098739624,0.4613046646118164,-0.09127069264650345,0.4235295385122299,0.36557018756866455,0.258886456489563,0.7404724955558777,0.5135841369628906,0.23913441598415375,0.258651340007782,0.4674649238586426,0.2580273747444153,0.4613611400127411,-0.2842494547367096,0.39065271615982056
YMR220W,val,True,True,0.2736606299877167,-0.2225364178419113,-0.2755317687988281,-0.9516294002532959,0.19742940366268158,0.38150787353515625,-0.4644581973552704,0.1304101102054119,0.15857450664043427,-0.07132291793823242,-0.006213877350091934,0.3993658721446991,0.17164696753025055,0.010705188661813737,0.1868080198764801,-0.45142871141433716,0.2679206132888794,0.04179863631725311,0.008427385240793228
YMR221C,val,True,True,0.007693371269851923,0.10883872136473656,0.35006728768348694,0.04634851589798927,0.057819999754428864,0.4532230496406555,-0.3632652461528778,0.6498748779296875,0.5769258737564087,0.7389427423477173,0.5767789483070374,0.8500248193740845,0.5067020058631897,0.0921131618320942,0.06465277820825577,-0.29602327942848206,0.47582533955574036,0.20326107740402222,0.012849893420934677
YMR222C,val,True,True,0.25820863246917725,0.29672274440526963,0.3003551959991455,0.2773956060409546,0.35180410742759705,0.5295361876487732,0.024522624909877777,0.5861674666404724,0.40847527980804443,0.6472219824790955,0.8191232085227966,0.6096780896186829,0.4463387727737427,0.4175838351249695,0.3069635033607483,0.6024649143218994,0.6865424513816833,0.24446731805801392,0.24748098850250244
YMR223W,val,True,True,-0.3398813307285309,-0.16954189985990525,0.328434020280838,-0.40767309069633484,-1.016136646270752,0.2742733061313629,-0.02660708874464035,0.26698965579271317,0.1733494997024536,0.12474032491445541,0.37842199206352234,0.42989110946655273,0.22854535281658173,-0.11928229117766023,-0.02952318638563156,-0.5457885265350342,0.005458909552544355,-0.13508760929107666,0.10852895677089691
YMR224C,val,True,True,-0.5619959831237793,0.5974014967679977,1.4130027294158936,0.3977900743484497,0.319254070520401,0.8533212542533875,0.0036393553018569946,0.7909964561462403,0.6033740043640137,0.6948105692863464,0.8646020293235779,1.065595269203186,0.7266004085540771,0.5269669234752655,0.548639714717865,0.7135641574859619,0.5810127854347229,0.6771764755249023,0.11444148421287537
YMR225C,val,True,True,1.0599489212036133,0.6023307874798774,0.8019499182701111,0.4529591202735901,0.5735602974891663,1.0680549144744873,0.11512968689203262,0.45182777643203736,0.4062541723251343,0.5336481928825378,0.48173990845680237,0.44278255105018616,0.3947140574455261,0.48339364528656004,1.0280601978302002,0.5834080576896667,0.12380930781364441,0.2814966142177582,0.40019404888153076
YMR226C,val,False,True,0.8392863869667053,0.6069942161440849,0.35575905442237854,0.6410627961158752,0.8464194536209106,1.1107041835784912,0.08102559298276901,0.6162515163421631,0.3414853811264038,0.902326762676239,0.6243303418159485,0.7274181246757507,0.4856969714164734,0.7012632131576538,0.9589681029319763,0.2598642110824585,1.0423309803009033,0.7200433611869812,0.5251094102859497
YMR227C,val,True,True,0.8296753168106079,0.17184529602527618,0.4838201403617859,-0.08032297343015671,0.7187029719352722,0.07221338897943497,-0.33518704771995544,0.38126779794692994,0.32739168405532837,0.40408599376678467,0.45836907625198364,0.44225823879241943,0.27423399686813354,0.43364783227443693,0.6553775668144226,0.3693044185638428,0.6827602982521057,0.3259032368659973,0.13489364087581635
YMR228W,val,False,True,0.020132409408688545,0.05947643518447876,-0.13298772275447845,0.13123266398906708,0.46437790989875793,-0.4257799983024597,0.26053932309150696,0.2904100626707077,0.2333570420742035,0.17818903923034668,0.5826011300086975,0.3415053188800812,0.11639778316020966,0.05843626148998737,0.12809404730796814,0.016544923186302185,0.10277266800403595,-0.013037683442234993,0.057807352393865585
YMR229C,val,True,True,0.4828428626060486,0.38798816576600076,0.7757591605186462,0.048694122582674026,0.28921112418174744,0.5580898523330688,0.2681865692138672,0.689525020122528,0.6199765205383301,0.7384674549102783,0.7646777629852295,0.8059165477752686,0.5185868144035339,0.40348443388938904,0.19483917951583862,0.3437313735485077,0.471412718296051,0.2793230414390564,0.7281158566474915
YMR230W,val,True,True,1.5338035821914673,1.5113803148269653,1.549501657485962,1.8645501136779785,1.299393892288208,1.814610481262207,1.0288454294204712,1.9823146343231202,1.9494714736938477,2.1528453826904297,1.7441693544387817,2.088951587677002,1.9761353731155396,1.639336919784546,1.4687551259994507,1.6328885555267334,2.173933982849121,1.4057954549789429,1.5153114795684814
YMR230W-A,val,False,True,-1.9690884351730347,0.5893009543418884,0.7210797667503357,0.6393770575523376,0.468400776386261,0.8826577067375183,0.2349894642829895,1.0799194812774657,1.0364832878112793,1.235139012336731,0.9513117671012878,0.9265953898429871,1.250067949295044,-0.5746281906962395,0.021941252052783966,-0.9490857124328613,-0.578137218952179,-1.5827200412750244,0.21486076712608337
YMR231W,val,True,True,-0.013337486423552036,0.4284769847989082,0.4406623840332031,0.8465673327445984,0.27857765555381775,0.5482117533683777,0.02836579829454422,0.6798464238643647,0.5687747001647949,0.9376659989356995,0.465186208486557,0.6927339434623718,0.7348712682723999,0.31781251430511476,0.4018804728984833,0.20994463562965393,0.7690101265907288,-0.14429420232772827,0.35252153873443604
YMR232W,val,True,True,-1.0463100671768188,-0.8530369281768799,-1.2957574129104614,-0.8543769717216492,-0.4270293712615967,-0.48158353567123413,-1.206437349319458,-0.193242334574461,-0.46512165665626526,-0.13573738932609558,0.407760351896286,-0.8336585760116577,0.06054559722542763,-0.3741420090198517,-0.36144864559173584,-1.301537036895752,0.1392776370048523,-0.24874216318130493,-0.098259836435318
YMR233W,val,True,True,0.20257914066314697,-0.48112193718552587,-0.04825117066502571,-0.8083654046058655,-0.4925994575023651,-0.726474940776825,-0.3299187123775482,-0.09858175218105317,0.22865641117095947,-0.9868984222412109,0.4650871455669403,-0.3574826717376709,0.15772877633571625,0.08555520176887513,0.2493591606616974,-0.22489990293979645,0.1493893265724182,-0.13055191934108734,0.3844793438911438
YMR234W,val,True,True,0.11128855496644974,-0.6458282500505448,-0.22044265270233154,-0.9216095805168152,-1.0415945053100586,-0.2344771772623062,-0.8110173344612122,-0.7760665960609913,-0.7240334153175354,-1.9412893056869507,-1.0656561851501465,-0.1436893492937088,-0.0056647248566150665,0.062409404665231705,0.006558321416378021,-0.5465840101242065,0.040084924548864365,0.48091283440589905,0.33107495307922363
YMR235C,val,True,True,0.5811904668807983,0.6141343891620636,0.6699925065040588,0.5129101872444153,0.6397569179534912,0.8997975587844849,0.3482147753238678,0.9199788451194764,0.8988221883773804,1.137853980064392,1.1372792720794678,0.6839827299118042,0.7419560551643372,0.6456381261348725,0.6638748645782471,0.4719502925872803,0.9423336982727051,0.7629477381706238,0.387084037065506
YMR236W,val,True,True,0.9516023993492126,0.7656787514686585,0.6416851878166199,1.044250249862671,1.1282594203948975,0.8202819228172302,0.19391697645187378,0.8055987477302551,0.7423893213272095,0.9996852278709412,0.8966332077980042,0.5920265316963196,0.7972594499588013,0.6612478733062744,0.6503316760063171,0.2764549255371094,1.0844855308532715,0.9192973971366882,0.37566983699798584
YMR237W,val,True,True,0.28220289945602417,0.6520852506160736,0.7263811230659485,0.9034133553504944,0.7271480560302734,0.8219229578971863,0.08156076073646545,0.7299992203712463,0.6512037515640259,0.9189504981040955,0.9263467192649841,0.607523500919342,0.5459716320037842,0.5210611283779144,0.45268988609313965,0.7957886457443237,0.7122809290885925,0.23470816016197205,0.4098380208015442
YMR238W,val,True,True,0.08447622507810593,0.1095203548669815,0.7295547127723694,0.08544781804084778,-0.0717327743768692,0.2613541781902313,-0.45702216029167175,0.30512292087078097,0.45627379417419434,0.6087386012077332,0.09443730115890503,0.5615863800048828,-0.1954214721918106,-0.027828160673379898,0.20007404685020447,-0.4415658116340637,-0.32377123832702637,0.48653703927993774,-0.060414839535951614
YMR239C,val,True,True,-0.029721496626734734,0.36697776690125467,0.5032673478126526,0.009149599820375443,0.9202525019645691,0.4636837840080261,-0.061464399099349976,0.47282003462314603,0.5472075343132019,0.4698091745376587,0.41754862666130066,0.680193305015564,0.24934153258800507,0.1437045931816101,-0.06363460421562195,0.10346461832523346,0.5725006461143494,-0.12076830863952637,0.22696061432361603
YMR240C,val,True,True,0.3670709431171417,0.8003851711750031,0.7416966557502747,1.1700822114944458,0.4252232015132904,1.0482712984085083,0.6166524887084961,0.9391071915626525,0.8601905703544617,0.8024807572364807,1.100424885749817,1.1202970743179321,0.8121426701545715,0.7526347815990448,0.8875308036804199,0.8791341185569763,0.9574874639511108,0.22973600029945374,0.8092855215072632
YMR241W,val,True,True,-0.06374509632587433,0.1335197675973177,0.3167898952960968,0.5503830313682556,-0.23305658996105194,0.026923993602395058,0.006558507680892944,0.634323900938034,0.4393554925918579,0.8385849595069885,0.441630095243454,0.7447512745857239,0.707297682762146,0.5195906370878219,0.6318434476852417,0.6696348786354065,0.4948665499687195,0.21978984773159027,0.5818184614181519
YMR242C,val,True,True,1.2922544479370117,1.6493893146514893,1.6328434944152832,1.576073408126831,1.6874901056289673,1.9546146392822266,1.3959249258041382,1.5336633920669556,1.0223584175109863,1.7561737298965454,1.559924602508545,1.802086353302002,1.5277738571166992,1.8886403799057008,1.85328209400177,1.894113540649414,2.3526108264923096,1.7719247341156006,1.5712707042694092
YMR242W-A,val,False,True,-1.2203556299209595,-0.052008187770843504,0.1977849304676056,0.11467933654785156,-0.36664879322052,-0.1034277155995369,-0.10242869704961777,0.5207615286111832,0.39078229665756226,0.8185458779335022,0.614380955696106,0.20497889816761017,0.5751196146011353,-0.12526655197143555,-0.33774566650390625,0.14939174056053162,-0.13960593938827515,-0.4929264187812805,0.19455352425575256
YMR243C,val,True,True,0.2702189087867737,0.18699369728565216,0.41123446822166443,0.2763867974281311,0.297654390335083,-0.2154870182275772,0.16517984867095947,0.8506188988685608,0.5894859433174133,0.9787024855613708,1.3004703521728516,0.6459681391716003,0.7384675741195679,0.051793885231018064,-0.3065096437931061,-0.3289504051208496,0.3296016752719879,-0.24452269077301025,0.8093504905700684
YMR244C-A,val,True,True,1.1905517578125,1.1347058176994325,0.8853919506072998,1.2279194593429565,1.1692726612091064,1.7143502235412598,0.6765947937965393,0.9932664632797241,0.6552718877792358,1.0799204111099243,0.7822552919387817,1.6302833557128906,0.8186013698577881,1.0473170161247254,0.755003809928894,1.559593915939331,1.424210548400879,0.9055039286613464,0.5922728776931763
YMR244W,val,True,True,-1.8010060787200928,-1.7865296125411987,-1.3809490203857422,-2.1129002571105957,-2.1892404556274414,-1.531884789466858,-1.7176735401153564,-1.9355187177658082,-2.2878940105438232,-2.1390018463134766,-1.9758305549621582,-1.935076355934143,-1.3397908210754395,-1.7802472233772277,-1.916481375694275,-1.540762186050415,-2.390166997909546,-2.282632827758789,-0.771192729473114
YMR245W,val,False,False,-1.2270761728286743,-0.8584267243742942,-1.025721549987793,-1.583249568939209,-0.3917635977268219,-0.09134449809789658,-1.200054407119751,-0.16073987372219561,-0.17196565866470337,-0.31028562784194946,-0.1821877360343933,-0.027835587039589882,-0.1114247590303421,-1.9798893928527832,-1.2240512371063232,-2.166236162185669,-2.2749693393707275,-2.065253257751465,-2.1689369678497314
YMR246W,val,False,True,1.1902005672454834,0.8984337747097015,1.2604689598083496,0.38656583428382874,0.7861828804016113,1.54811429977417,0.5108368992805481,1.0291075110435486,0.794491171836853,1.4961680173873901,0.9106571078300476,1.1719101667404175,0.7723110914230347,0.8976859331130982,0.5707600712776184,1.0989677906036377,1.3876698017120361,0.7660840153694153,0.6649479866027832
YMR247C,val,True,True,-0.32300981879234314,-0.7133582059293986,-0.028240295127034187,-0.48223888874053955,-1.6609702110290527,-0.5143918991088867,-0.8809497356414795,-0.05979917868971825,-0.17820654809474945,-0.33209773898124695,-0.059364285320043564,0.09289389848709106,0.17777878046035767,-0.80723916888237,-0.7876046299934387,-0.5798686742782593,-1.2983611822128296,-0.936972439289093,-0.43338891863822937
YMR247W-A,val,False,False,-2.088510751724243,-0.8124297261238098,-0.4056970477104187,-1.8058292865753174,-0.6982231736183167,-0.8107581734657288,-0.3416409492492676,-0.16073987372219561,-0.17196565866470337,-0.31028562784194946,-0.1821877360343933,-0.027835587039589882,-0.1114247590303421,-1.9016456842422484,-1.7496849298477173,-2.137068510055542,-2.2002720832824707,-1.9998325109481812,-1.4213703870773315
YMR250W,val,False,True,-0.3707834482192993,-0.33933172225952146,0.04110206663608551,-0.7337427735328674,-0.22188882529735565,0.16559389233589172,-0.9477229714393616,0.004969565570354462,-0.06405572593212128,-0.12026719003915787,0.18460069596767426,0.3437183201313019,-0.3191482722759247,0.017658494412899017,-0.07572057098150253,0.21085461974143982,0.2432960420846939,0.3296431005001068,-0.6197807192802429
YMR251W,val,False,True,0.4454679787158966,-0.12415104806423187,-0.20065614581108093,-0.18245673179626465,-0.14179222285747528,0.48888644576072693,-0.5847365856170654,-0.6456477865576744,-0.9053533673286438,0.08884937316179276,-1.1729037761688232,-0.5273127555847168,-0.711518406867981,-0.333813351392746,-0.40300893783569336,-0.057396143674850464,-0.7728357315063477,0.1405910849571228,-0.5764170289039612
YMR251W-A,val,False,True,1.903547763824463,1.2626695811748505,1.6405861377716064,1.2122504711151123,1.641617774963379,1.4595613479614258,0.3593321740627289,1.4596309185028076,1.2513259649276733,1.8170441389083862,1.0273088216781616,1.8069645166397095,1.3955111503601074,1.1211448669433595,1.2321504354476929,1.0599219799041748,0.9657081365585327,1.4010294675827026,0.9469143152236938
YMR252C,val,True,True,0.5903218388557434,0.6497212290763855,0.7773213386535645,0.7623523473739624,0.5322023034095764,0.4592939019203186,0.7174362540245056,0.7371332049369812,0.3524337410926819,1.0513756275177002,0.5804879069328308,0.7561879754066467,0.9451807737350464,0.3084647938609123,0.3917767107486725,0.1865828037261963,-0.06440327316522598,0.6549789309501648,0.37338879704475403
YMR253C,val,True,True,0.019356660544872284,0.2194269061088562,0.26252713799476624,0.1000516414642334,0.2710941731929779,0.51498943567276,-0.05152785778045654,0.578225576877594,0.24967607855796814,0.607909083366394,0.48306193947792053,1.0024559497833252,0.5480248332023621,0.03514130413532257,-0.525629460811615,0.44566816091537476,0.13827939331531525,-0.4475920796394348,0.5649805068969727
YMR254C,val,False,False,-1.6139827966690063,-0.22050827443599702,0.2480572760105133,-0.7016357183456421,-0.17960254848003387,-0.2715832591056824,-0.19777712225914001,-0.16073987372219561,-0.17196565866470337,-0.31028562784194946,-0.1821877360343933,-0.027835587039589882,-0.1114247590303421,-1.0336681962013246,-0.9912141561508179,-1.3322761058807373,-0.518160879611969,-1.0668946504592896,-1.2597951889038086
YMR255W,val,False,True,1.0088999271392822,0.2340966910123825,0.21971739828586578,-0.17043061554431915,0.7154076099395752,0.12701727449893951,0.2787717878818512,0.3575951516628265,-0.4012945294380188,0.6999463438987732,0.16172483563423157,0.7297833561897278,0.597815752029419,0.4344643473625183,0.41235271096229553,0.31756892800331116,0.48729008436203003,0.3333978056907654,0.6217122077941895
YMR256C,val,True,True,0.7007008194923401,0.05551012754440308,-0.21607756614685059,-0.42200130224227905,0.8395808339118958,0.6133202910423279,-0.5372716188430786,0.2603640556335449,0.220115527510643,-0.26415520906448364,1.4315178394317627,0.23322154581546783,-0.3188794255256653,-0.5035599112510681,-0.21946096420288086,-0.3248571753501892,-1.1927292346954346,-0.1784009337425232,-0.6023512482643127
YMR257C,val,True,True,-0.33138561248779297,0.2529752977192402,0.26763856410980225,0.024119671434164047,0.16832533478736877,0.6806306838989258,0.1241622343659401,0.6792295813560486,0.5152580738067627,0.5438538789749146,0.7351942658424377,0.9272662401199341,0.6745754480361938,0.3695601999759674,0.346671462059021,0.4273393154144287,0.4126618504524231,0.33379799127578735,0.3273303806781769
YMR258C,val,True,True,-0.03638818487524986,0.03899372816085815,-0.32207581400871277,-0.09514403343200684,0.5514762997627258,0.437739759683609,-0.37702757120132446,0.6213225960731507,0.7612160444259644,0.5244830250740051,0.5183855891227722,0.6120325326919556,0.6904957890510559,0.00025916099548339844,0.11180897802114487,0.06907746940851212,0.27088093757629395,0.37253254652023315,-0.8230041265487671
YMR259C,val,True,True,-0.34839537739753723,0.3729009047150612,0.24721229076385498,0.37469735741615295,0.48619648814201355,0.7615811824798584,-0.005182795226573944,0.7235507249832154,0.7988438606262207,0.6957682371139526,0.7113286852836609,0.8489572405815125,0.56285560131073,0.3325178727507591,-0.05044887214899063,0.16247671842575073,0.843392550945282,0.26762041449546814,0.4395485520362854
YMR260C,val,True,True,1.1278398036956787,0.44242324531078336,0.3799160122871399,0.23144081234931946,0.7721429467201233,0.799328625202179,0.029287829995155334,0.6355831027030945,0.5179541707038879,0.7929313778877258,0.7076720595359802,0.6488615274429321,0.5104963779449463,0.5886661827564239,0.3234301507472992,0.3149884343147278,0.8141315579414368,0.8371590971946716,0.6536216735839844
YMR261C,val,True,True,-0.025688927620649338,0.7897968351840973,0.8454794883728027,0.6162772178649902,1.0110992193222046,1.1061524152755737,0.36997583508491516,0.2960704892873764,0.44997692108154297,0.1517702341079712,0.4034034311771393,0.2692510783672333,0.2059507817029953,0.4033020794391632,0.16118237376213074,0.2617042660713196,0.6855787634849548,0.4586825966835022,0.4493623971939087
YMR262W,val,True,True,-0.07308361679315567,0.9566023826599122,0.7075054049491882,1.1565766334533691,0.9190860986709595,1.3084825277328491,0.6913612484931946,0.6780828416347504,0.6557326316833496,0.5892501473426819,0.7875627875328064,0.8842928409576416,0.47357580065727234,0.6066560745239258,0.6838833689689636,0.3839770257472992,0.6292078495025635,0.8407564759254456,0.49545565247535706
YMR263W,val,True,True,1.001662254333496,1.1124120831489563,1.3176217079162598,1.16471529006958,1.086188554763794,1.1713184118270874,0.8222164511680603,0.8271461486816406,0.7645952701568604,0.7755782604217529,1.0995839834213257,0.7625172138214111,0.733456015586853,0.8881009340286254,0.7579019665718079,0.9399032592773438,1.238167643547058,0.8612004518508911,0.6433313488960266
YMR264W,val,True,True,0.3024878203868866,0.5828636676073075,0.6226766705513,0.7883232235908508,0.6855531334877014,0.6688159704208374,0.14894933998584747,0.6194234132766724,0.8022757768630981,0.41359710693359375,0.706734836101532,0.6148008108139038,0.5597085356712341,0.44394307732582095,0.46727168560028076,0.3125919699668884,0.5550164580345154,0.5214858651161194,0.36334940791130066
YMR265C,val,True,True,0.24924401938915253,0.7576481401920319,0.4827081561088562,1.0341625213623047,0.8118872046470642,0.9937876462936401,0.46569517254829407,0.9873551964759827,0.4209330081939697,1.310880184173584,0.7805121541023254,1.5832980871200562,0.841152548789978,1.094442331790924,0.7037992477416992,1.0822370052337646,1.4243334531784058,1.3456206321716309,0.9162213206291199
YMR266W,val,True,True,0.37541303038597107,0.7393398940563202,0.9023717045783997,0.8325722813606262,0.6903336644172668,1.1151463985443115,0.1562754213809967,1.294026255607605,1.017898678779602,1.387346863746643,1.118749737739563,1.730225682258606,1.2159103155136108,0.45071519911289215,-0.07899461686611176,0.9395826458930969,0.34960514307022095,0.2596169114112854,0.7837659120559692
YMR267W,val,True,False,0.8693280220031738,0.0839319258928299,0.5185865759849548,-0.24733495712280273,-0.15092487633228302,0.501976728439331,-0.20264384150505066,-0.16073987372219561,-0.17196565866470337,-0.31028562784194946,-0.1821877360343933,-0.027835587039589882,-0.1114247590303421,-0.8129985570907593,-0.7737399935722351,-0.9514899253845215,-0.635293185710907,-1.0279451608657837,-0.6765245199203491
YMR268C,val,True,True,0.017266511917114258,0.5637606680393219,0.5182610750198364,0.7178372740745544,0.557455837726593,0.814555287361145,0.2106938660144806,0.658505117893219,0.8088988661766052,0.5225100517272949,0.6281325221061707,0.7931029796600342,0.53988116979599,0.42388361096382143,0.40728986263275146,0.2043018937110901,0.6479009985923767,0.5545724034309387,0.3053528964519501
YMR269W,val,True,True,1.2399035692214966,0.3820565715432167,0.2340807318687439,0.36790329217910767,0.5982668399810791,0.6866607666015625,0.023371227085590363,0.522805917263031,0.5656837821006775,0.37428000569343567,0.5015169382095337,0.7234817743301392,0.449067085981369,0.5763387978076935,0.8245806694030762,0.5253329277038574,0.5712399482727051,0.7498967051506042,0.2106437385082245
YMR270C,val,True,False,0.3992079496383667,-0.9061451435089112,-0.4625823497772217,-1.2176916599273682,-2.1536924839019775,-0.15301012992858887,-0.5437490940093994,-0.16073987372219561,-0.17196565866470337,-0.31028562784194946,-0.1821877360343933,-0.027835587039589882,-0.1114247590303421,-1.3566259264945983,-1.1008641719818115,-1.6358423233032227,-1.990490198135376,-0.9666644930839539,-1.089268445968628
YMR271C,val,True,True,-0.7547412514686584,0.19573004692792892,0.5845080018043518,0.08592094480991364,0.5586822628974915,0.0828498974442482,-0.3333108723163605,0.666836678981781,0.8727425932884216,0.3273349404335022,0.9429628849029541,0.708185613155365,0.4829573631286621,0.09860094636678696,0.1794886291027069,-0.31405895948410034,0.2927328944206238,0.05787210911512375,0.2769700586795807
YMR272C,val,False,True,0.6131361126899719,-1.151477074623108,-0.41945433616638184,-1.6896605491638184,-0.8394653797149658,-1.183203935623169,-1.6256011724472046,-0.41584631204605105,-0.34840720891952515,-0.1967209279537201,-0.9633428454399109,-0.2793414890766144,-0.2914190888404846,-0.628626924753189,-0.18794748187065125,-1.1898126602172852,-0.8423559069633484,-0.5516263842582703,-0.3713921904563904
YMR272W-A,val,False,False,-1.8984706401824951,-0.3905256062746048,-0.53347247838974,-0.6739440560340881,-0.023018769919872284,0.057954348623752594,-0.7801470756530762,-0.16073987372219561,-0.17196565866470337,-0.31028562784194946,-0.1821877360343933,-0.027835587039589882,-0.1114247590303421,-1.811903214454651,-1.906440258026123,-2.0333776473999023,-1.710254430770874,-1.6081291437149048,-1.8013145923614502
YMR272W-B,val,False,True,-1.7172963619232178,-1.853550100326538,-1.6045100688934326,-1.8281222581863403,-2.0318386554718018,-1.8997389078140259,-1.9035406112670898,-1.5164715051651,-1.0948071479797363,-1.8938324451446533,-1.694603681564331,-1.8030959367752075,-1.0960183143615723,-1.9828310489654541,-1.8301786184310913,-2.0905117988586426,-2.409259557723999,-1.5905030965805054,-1.9937021732330322
YMR273C,val,False,True,0.7893985509872437,-0.3360920786857605,-0.7241867184638977,-0.49288874864578247,-0.5209364295005798,0.32648250460624695,-0.26893100142478943,0.47668884992599486,0.3389146625995636,0.46608221530914307,0.38106483221054077,0.7560380101203918,0.4413445293903351,0.0123465895652771,-0.19545915722846985,-0.23093478381633759,0.20782193541526794,0.08618968725204468,0.1941152662038803
YMR274C,val,True,True,-0.36067065596580505,-0.7740449786186219,-0.7440258264541626,-0.8700827956199646,-1.0722804069519043,-0.4455256462097168,-0.7383102178573608,0.14139878898859023,0.13477735221385956,0.10790733247995377,0.021934133023023605,0.4803721606731415,-0.037997033447027206,-0.07364976182579994,0.11280151456594467,-0.8997543454170227,0.30606532096862793,0.14653900265693665,-0.03390030190348625
YMR275C,val,True,True,0.37040507793426514,0.1847846895456314,0.3684808313846588,0.01979091390967369,0.05061021074652672,0.610034704208374,-0.1249932125210762,0.749880063533783,0.9724201560020447,0.5742581486701965,0.8223100304603577,0.8368439674377441,0.5435680150985718,0.0317988246679306,0.6688469052314758,-0.7878673672676086,-0.12257388234138489,0.04607535898685455,0.35451310873031616
YMR276W,val,True,True,1.3840795755386353,0.3550206020474434,0.5411784052848816,0.1297270506620407,0.534997284412384,0.5702804923057556,-0.0010802224278450012,0.7487969875335694,0.8382405042648315,0.669838547706604,0.9205103516578674,0.6488768458366394,0.6665186882019043,0.5942251145839691,0.39041459560394287,0.41716402769088745,0.798039972782135,0.9083439707756042,0.457163006067276
YMR277W,val,False,True,0.7171459794044495,0.34148664176464083,-0.12586723268032074,0.015829704701900482,0.9446825385093689,0.8875060081481934,-0.014717809855937958,0.18574158772826194,0.045122694224119186,0.15322425961494446,0.13767953217029572,0.4337533116340637,0.15892814099788666,0.3362996578216553,0.17462635040283203,0.02047497034072876,0.7956585884094238,0.579781711101532,0.11095666885375977
YMR278W,val,True,True,-0.0976286381483078,0.09748385921120643,0.15114828944206238,-0.355329692363739,-0.031251419335603714,0.6562764644622803,0.06657565385103226,0.20192077457904817,0.4421612024307251,-0.12578484416007996,0.15650047361850739,0.18521448969841003,0.3515125513076782,0.22271492183208466,0.13886436820030212,-0.006685465574264526,0.16043837368488312,0.37747862935066223,0.44347870349884033
YMR279C,val,True,True,-1.5840277671813965,-0.06845636069774627,-0.22330746054649353,-0.2062569409608841,-0.567401647567749,0.5966514945030212,0.05803275108337402,0.2966756343841553,0.46148669719696045,0.3701382875442505,-0.5216895937919617,0.6834636926651001,0.489979088306427,-0.5668592482805253,-1.1442617177963257,-0.6564120650291443,-0.6957634687423706,-0.4826163649559021,0.14475737512111664
YMR280C,val,True,True,-0.9252983927726746,-0.24607442319393158,0.38783130049705505,0.0860428512096405,-0.14666979014873505,-0.7846373319625854,-0.772939145565033,-0.013760793209075927,-0.3802089989185333,0.19962632656097412,-0.24485497176647186,-0.17901520431041718,0.5356488823890686,-0.08045023381710052,-0.4252440929412842,0.4192444980144501,-0.1916511058807373,0.14206300675868988,-0.3466634750366211
YMR281W,val,True,True,0.30369648337364197,-1.889328908920288,-2.009589910507202,-1.8089982271194458,-1.5792018175125122,-2.1631476879119873,-1.885706901550293,-0.5820467323064804,-0.5410158038139343,-1.2529702186584473,-0.4461389482021332,-0.5734364986419678,-0.0966721922159195,-1.1600255727767945,-1.6101984977722168,-1.103694200515747,-1.722641944885254,-0.8483822345733643,-0.5152109861373901
YMR282C,val,True,True,0.11674139648675919,-0.0197485089302063,-0.05001808702945709,-0.49164167046546936,-0.18112815916538239,0.9523721933364868,-0.3283268213272095,0.5711456060409545,0.4621928036212921,0.6210964322090149,0.5697424411773682,0.71784508228302,0.48485127091407776,0.31026628613471985,0.4116835594177246,-0.26680317521095276,0.6205843091011047,0.4748057723045349,0.31106096506118774
YMR283C,val,False,False,-0.3070243000984192,-1.479137110710144,-1.67214834690094,-1.3463335037231445,-1.1590971946716309,-1.192366123199463,-2.025740385055542,-0.16073987372219561,-0.17196565866470337,-0.31028562784194946,-0.1821877360343933,-0.027835587039589882,-0.1114247590303421,-1.95609130859375,-2.0206515789031982,-2.0697202682495117,-2.174116849899292,-1.822538137435913,-1.693429708480835
YMR284W,val,True,True,0.0009208522969856858,-0.35445025712251665,-0.25041499733924866,-0.6611015200614929,-0.387233704328537,0.09661247581243515,-0.5701135396957397,0.045746609568595886,-0.04397619143128395,-0.1414726972579956,0.010835427790880203,0.23066699504852295,0.17267951369285583,-0.325761204957962,-0.3220285475254059,-0.366150438785553,-0.3620119094848633,0.143146812915802,-0.72176194190979
YMR285C,val,True,True,0.5212271213531494,0.5999035000801086,0.9873059391975403,0.7473918795585632,0.32670000195503235,0.7261067628860474,0.21201291680335999,0.8302021265029907,0.9006963968276978,0.9732605814933777,0.9619166851043701,0.6723663806915283,0.6427705883979797,0.5147408366203308,0.7564424872398376,0.5066346526145935,0.660486102104187,0.29858869314193726,0.35155224800109863
YMR286W,val,True,True,0.9880877137184143,0.49714825600385665,1.2031220197677612,0.19587889313697815,0.4615074694156647,0.5795168876647949,0.04571601003408432,0.6708142757415771,0.7697780132293701,0.7832295298576355,0.7257962822914124,0.5022399425506592,0.5730276107788086,0.21930154860019685,0.2904003858566284,0.15201017260551453,0.4939946234226227,-0.08907556533813477,0.24917812645435333
YMR287C,val,True,True,-0.029336990788578987,-0.03648260533809662,-0.21054574847221375,-0.2792852818965912,-0.08985687792301178,0.6042640805244446,-0.20698919892311096,0.4239804923534393,0.3013550341129303,0.49229884147644043,0.4898749589920044,0.49190717935562134,0.3444664478302002,0.22476205676794053,0.1019052192568779,0.46353286504745483,0.4919017553329468,-0.036654457449913025,0.10312490165233612
YMR288W,val,False,True,-0.16647282242774963,-0.18181108869612217,0.000635763630270958,-0.3179532289505005,-0.17691834270954132,0.07630162686109543,-0.4911212623119354,0.3362572491168976,0.27568134665489197,0.2655940651893616,0.4129793643951416,0.4614565372467041,0.26557493209838867,0.09774271585047245,0.07336423546075821,0.032909758388996124,0.35637366771698,0.001558905467391014,0.024507012218236923
YMR289W,val,False,True,0.36541232466697693,-0.05548352599143982,0.18099728226661682,-0.21770158410072327,-0.15671303868293762,0.4261566996574402,-0.5101569890975952,0.1519888199865818,0.18206673860549927,-0.17095091938972473,0.3327706754207611,0.4044007956981659,0.011656809598207474,0.007205753028392792,0.18163204193115234,-0.4600873589515686,0.3204784393310547,0.058193691074848175,-0.06418804824352264
YMR290C,val,True,True,0.7454387545585632,0.8817981123924256,1.8009591102600098,0.3467121720314026,0.7963478565216064,0.9180669784545898,0.546904444694519,1.2439832806587219,1.3736958503723145,1.6869198083877563,0.879067599773407,1.186236023902893,1.0939971208572388,0.8682015776634217,1.2967029809951782,0.6895641684532166,1.1084673404693604,0.7383777499198914,0.5078956484794617
YMR290W-A,val,False,False,-1.9007937908172607,-0.7939118146896362,-0.8491747975349426,-0.6232959628105164,-0.8748719096183777,-0.45335954427719116,-1.1688568592071533,-0.16073987372219561,-0.17196565866470337,-0.31028562784194946,-0.1821877360343933,-0.027835587039589882,-0.1114247590303421,-1.857325839996338,-1.78119695186615,-2.052520751953125,-1.5917937755584717,-1.8431035280227661,-2.0180141925811768
YMR291W,val,True,True,1.1983228921890259,0.3030855402350426,0.963301956653595,0.5377784371376038,-0.1100124791264534,0.754156231880188,-0.6297964453697205,0.8558170139789582,1.1797640323638916,0.732562780380249,0.2880103886127472,1.2109893560409546,0.8677585124969482,0.8471986651420593,0.8020010590553284,1.2067687511444092,0.7312857508659363,1.009782314300537,0.4861554503440857
YMR292W,val,True,True,-0.12213785946369171,-0.015399941802024841,0.2857389450073242,-0.12861444056034088,-0.514181911945343,0.5399854183197021,-0.2599277198314667,0.44547389149665834,0.52495276927948,0.47954511642456055,0.28674912452697754,0.5807627439498901,0.3553597033023834,-0.11536637991666794,-0.08998193591833115,-0.0993676483631134,-0.2905089259147644,-0.2324395775794983,0.13546618819236755
YMR293C,val,True,False,-0.23112674057483673,-0.8487215042114258,-0.776996910572052,-1.1257526874542236,-1.0534656047821045,-0.5243222713470459,-0.7630700469017029,-0.16073987372219561,-0.17196565866470337,-0.31028562784194946,-0.1821877360343933,-0.027835587039589882,-0.1114247590303421,-1.5123855113983153,-1.5558679103851318,-1.3491182327270508,-1.9874476194381714,-1.4184061288833618,-1.2510876655578613
YMR294W,val,False,False,0.19633422791957855,-0.15268258135765791,-0.5765877962112427,-0.5315386652946472,-0.010205245576798916,0.3619958162307739,-0.007077015936374664,-0.16073987372219561,-0.17196565866470337,-0.31028562784194946,-0.1821877360343933,-0.027835587039589882,-0.1114247590303421,-0.03848244398832321,-0.11240772157907486,-0.34021633863449097,0.20658855140209198,-0.2633994221687317,0.3170227110385895
YMR294W-A,val,False,False,-1.830952525138855,-0.9033441483974457,-1.136721134185791,-1.400202751159668,-0.41075757145881653,-0.603469729423523,-0.9655695557594299,-0.16073987372219561,-0.17196565866470337,-0.31028562784194946,-0.1821877360343933,-0.027835587039589882,-0.1114247590303421,-1.8052534580230712,-2.1204512119293213,-2.1056718826293945,-1.677129864692688,-1.8407469987869263,-1.2822673320770264
YMR295C,val,True,True,1.260345697402954,1.5022465705871582,1.5224308967590332,1.8758474588394165,1.2652866840362549,1.262963891029358,1.5847039222717285,1.4017682790756225,1.2935841083526611,1.4961066246032715,1.6304569244384766,1.4911588430404663,1.0975348949432373,1.4127066612243653,0.9167792201042175,1.7364327907562256,1.7827999591827393,0.996205747127533,1.6313155889511108
YMR296C,val,True,True,1.3691322803497314,1.2278939604759216,1.38775634765625,1.0513994693756104,1.4413156509399414,1.4084503650665283,0.8505479693412781,1.4015659809112548,1.543675184249878,1.3579061031341553,1.3666571378707886,1.5461159944534302,1.1934754848480225,0.9395119190216065,0.7674353718757629,0.9084422588348389,1.4326462745666504,0.7178391814231873,0.8711965084075928
YMR297W,val,True,True,0.5978921055793762,1.1003657698631286,1.3524086475372314,0.6104094982147217,1.446966528892517,1.4795030355453491,0.612541139125824,0.9340810298919677,0.800518274307251,0.8226432204246521,0.936806857585907,1.2998868227005005,0.8105499744415283,0.9235001325607299,0.8520349860191345,0.7302268147468567,1.351244568824768,0.9595588445663452,0.7244354486465454
YMR298W,val,True,True,1.059086561203003,0.24539262652397156,0.23216482996940613,0.25273072719573975,0.4215569794178009,0.49284785985946655,-0.17233726382255554,0.5742149889469147,0.5225788354873657,0.8224724531173706,0.3850872814655304,0.7539960145950317,0.3869403600692749,0.4014627069234848,0.3812817633152008,0.19467319548130035,0.6650186777114868,0.37305742502212524,0.3932824730873108
YMR299C,val,True,True,0.13353563845157623,-0.0030443143099546433,0.1515529453754425,0.2427622675895691,-0.22682936489582062,-0.014072200283408165,-0.16863521933555603,0.32898933067917824,0.29364603757858276,0.8007617592811584,0.3479112684726715,0.21098659932613373,-0.008359011262655258,0.05327563099563122,0.40085119009017944,-0.6480574011802673,0.1646018624305725,0.01837923191487789,0.3306032717227936
YMR300C,val,False,True,0.4198794662952423,-0.3298708498477936,-0.7660448551177979,-0.2732115089893341,0.20888423919677734,-0.4063539206981659,-0.4126282036304474,-0.5572363197803497,-1.2735793590545654,-0.40049198269844055,-0.7620507478713989,0.22046518325805664,-0.5705246925354004,-0.7247025668621063,-0.5201853513717651,-1.384223222732544,-0.9334710240364075,-0.4574446976184845,-0.32818853855133057
YMR301C,val,True,True,0.5229432582855225,0.03519523162394762,0.27024605870246887,-0.16761668026447296,-0.013618662022054195,0.42485135793685913,-0.33788591623306274,0.1800396591424942,0.1431916505098343,0.17492491006851196,0.0865328460931778,0.2583877146244049,0.23716117441654205,0.24801892340183257,0.371021568775177,0.09782758355140686,0.28481966257095337,0.27756884694099426,0.2088569551706314
YMR302C,val,True,True,0.33902794122695923,0.6562122106552124,0.8365024924278259,0.7510896325111389,0.38586944341659546,1.105355978012085,0.20224350690841675,0.6227840423583985,0.6686042547225952,0.5704155564308167,0.6899012923240662,0.8029940724372864,0.3820050358772278,0.6283845007419586,0.8693007826805115,0.6701028347015381,0.334678053855896,0.8811690211296082,0.3866718113422394
YMR303C,val,False,True,-1.6681408882141113,0.03543052598834038,-0.3158377408981323,-0.013887632638216019,0.20204700529575348,0.5565110445022583,-0.25168004631996155,0.1847066730260849,0.21814632415771484,-0.26665085554122925,0.2360801249742508,0.49167823791503906,0.24427953362464905,0.19638951420783995,0.00043053925037384033,0.21915781497955322,0.07227632403373718,0.23557524383068085,0.45450764894485474
YMR304C-A,val,False,False,-1.185439944267273,-1.1384271740913392,-1.4886000156402588,-1.212104320526123,-1.7477883100509644,-0.3698298931121826,-0.8738133311271667,-0.16073987372219561,-0.17196565866470337,-0.31028562784194946,-0.1821877360343933,-0.027835587039589882,-0.1114247590303421,-1.7617191553115845,-2.0449211597442627,-1.734358549118042,-1.878437876701355,-1.6520596742630005,-1.4988185167312622
YMR304W,val,True,True,0.26201075315475464,-0.19440595917403697,0.10079678893089294,-0.4121101498603821,-0.5171413421630859,-0.008152803406119347,-0.13542228937149048,0.3649227648973465,0.38167834281921387,0.24434584379196167,0.1722559779882431,0.49947860836982727,0.5268550515174866,-0.009582516551017762,-0.22694408893585205,-0.3935641944408417,-0.20674864947795868,0.4830891489982605,0.2962552011013031
YMR305C,val,True,True,0.9583210349082947,0.24236912727355958,0.3520340323448181,0.5948948264122009,-0.36811453104019165,0.8730425834655762,-0.2400112748146057,0.7095869302749633,0.6598280072212219,1.1340583562850952,0.34205031394958496,0.7991325259208679,0.6128654479980469,0.5829904686659575,0.5447540879249573,1.514427900314331,0.02950376830995083,0.4138537645339966,0.4124128222465515
YMR306C-A,val,False,False,-0.6091828942298889,-1.2202511310577393,-1.496990442276001,-1.8409122228622437,-1.1516169309616089,-0.683646023273468,-0.9280900359153748,-0.16073987372219561,-0.17196565866470337,-0.31028562784194946,-0.1821877360343933,-0.027835587039589882,-0.1114247590303421,-2.0332867383956907,-2.1314804553985596,-1.9722528457641602,-2.0085530281066895,-1.9302903413772583,-2.123857021331787
YMR306W,val,True,True,-1.2186403274536133,0.547750923037529,1.0656912326812744,0.13204629719257355,0.7536258101463318,0.5703836679458618,0.2170076072216034,0.8325417518615723,0.7744747996330261,0.6917886137962341,0.7034451365470886,1.2236064672470093,0.7693937420845032,0.7420231938362122,1.1500974893569946,1.411771297454834,0.8180332183837891,-0.30417340993881226,0.6343873739242554
YMR307C-A,val,False,False,-1.748347520828247,-0.16793656796216966,-0.32379746437072754,-0.18255537748336792,0.1865837424993515,-0.03223554044961929,-0.487678200006485,-0.16073987372219561,-0.17196565866470337,-0.31028562784194946,-0.1821877360343933,-0.027835587039589882,-0.1114247590303421,-1.3097597360610962,-1.7279349565505981,-1.91058349609375,-0.8012312054634094,-0.8281542658805847,-1.2808947563171387
YMR307W,val,True,True,1.2915538549423218,0.895837064832449,1.2186421155929565,-0.006601709872484207,0.6316968202590942,1.4418212175369263,1.193626880645752,1.6873868227005004,1.6271029710769653,1.7540953159332275,1.7794674634933472,1.6934572458267212,1.5828111171722412,1.080266672372818,1.2956703901290894,1.1823914051055908,1.633225679397583,0.4278797209262848,0.862166166305542
YMR308C,val,True,True,0.5134958624839783,0.16025211587548255,0.2823699712753296,0.01585368439555168,0.3298007547855377,0.20012766122817993,-0.026891492307186127,0.6634407818317414,0.38231587409973145,0.6941754817962646,0.47891709208488464,0.8874273896217346,0.8743680715560913,0.25317634642124176,0.4717773199081421,0.18384821712970734,0.4015769958496094,-0.26248812675476074,0.47116732597351074
YMR309C,val,True,True,0.7127715945243835,0.9438293099403381,0.9082974195480347,1.3229327201843262,0.7618942856788635,0.9116297364234924,0.8143923878669739,1.3726547718048097,1.5061383247375488,1.3762062788009644,1.7540576457977295,1.141513705253601,1.085357904434204,0.7762460231781005,0.5814773440361023,0.8855978846549988,0.7359907627105713,0.9489310383796692,0.7292330861091614
YMR310C,val,True,True,0.9077504277229309,0.8365707635879517,0.9336537718772888,0.7961012125015259,0.9677637219429016,1.2036805152893066,0.28165459632873535,0.9862008333206177,1.0637375116348267,1.2671574354171753,0.7726144790649414,0.9889287352561951,0.83856600522995,0.7160642862319946,0.4871770739555359,0.6162108778953552,0.9550133347511292,0.811445415019989,0.7104747295379639
YMR311C,val,True,True,2.047468423843384,0.8410074293613434,0.9522160291671753,0.76009202003479,0.8906448483467102,1.1208574771881104,0.48122677206993103,0.8536403775215149,0.5618775486946106,1.1551626920700073,0.7188575267791748,1.0746991634368896,0.7576049566268921,1.0233757138252257,0.9814733862876892,0.7256416082382202,1.336829423904419,1.3882883787155151,0.6846457719802856
YMR312W,val,True,False,0.1539740115404129,-0.6025419414043427,-0.9537522196769714,-0.6799461245536804,-0.5957669019699097,-0.21656319499015808,-0.5666812658309937,-0.16073987372219561,-0.17196565866470337,-0.31028562784194946,-0.1821877360343933,-0.027835587039589882,-0.1114247590303421,-0.8218972206115722,-0.38578081130981445,-1.186523675918579,-0.4585270881652832,-0.7823069095611572,-1.2963476181030273
YMR313C,val,False,True,0.13505719602108002,0.22222457975149154,0.8606904149055481,0.3740741014480591,0.2184554785490036,-0.3339231610298157,-0.008173935115337372,0.9536765336990356,0.9636711478233337,1.082824468612671,0.8318600058555603,1.0318825244903564,0.8581445217132568,-0.0840474620461464,0.20218461751937866,-0.012350507080554962,-0.47937071323394775,-0.0422104150056839,-0.08849029242992401
YMR314W,val,True,True,0.9577714800834656,-0.09860424399375915,-0.33944594860076904,0.09714433550834656,0.5403152108192444,-0.5961610078811646,-0.19487380981445312,0.6965431928634643,1.0004161596298218,0.3343204855918884,0.4781445264816284,0.7879421710968018,0.8818926215171814,0.3575992420315742,0.033307529985904694,0.5313504934310913,0.507832944393158,0.3487800359725952,0.36672520637512207
YMR315W,val,True,True,0.4025475084781647,-0.13937144428491594,0.42356452345848083,-0.8381727337837219,0.42419010400772095,-0.7479264140129089,0.04148729890584946,0.6531262636184693,0.4377986192703247,0.7368983030319214,0.5988243818283081,0.8351307511329651,0.6569792628288269,0.30526124238967894,0.47215181589126587,-0.2793521285057068,0.42237618565559387,0.6568521857261658,0.25427815318107605
YMR315W-A,val,True,True,-1.5396182537078857,-1.7667133331298828,-1.2538113594055176,-1.7978705167770386,-2.2093801498413086,-1.307824730873108,-2.2646799087524414,-0.7530934646725654,-0.5282940864562988,-1.0794928073883057,-1.0263450145721436,-0.10651985555887222,-1.024815559387207,-1.9282761335372924,-1.746368646621704,-2.0094854831695557,-2.2468478679656982,-1.734850287437439,-1.9038283824920654
YMR316C-A,val,True,True,-1.4384541511535645,-0.5441298067569733,-0.6963225603103638,-0.49552372097969055,-0.9111071825027466,-0.26437196135520935,-0.3533236086368561,-0.288884362578392,-0.34768250584602356,-0.7435802221298218,-0.24427391588687897,0.32524949312210083,-0.43413466215133667,-0.7726031422615052,-1.1390079259872437,-0.31621623039245605,-1.4467723369598389,-0.6363160014152527,-0.3247032165527344
YMR316C-B,val,False,False,-0.9238943457603455,-0.7570457100868225,-1.815380334854126,-1.2490785121917725,0.4727274477481842,-0.3500525653362274,-0.8434445858001709,-0.16073987372219561,-0.17196565866470337,-0.31028562784194946,-0.1821877360343933,-0.027835587039589882,-0.1114247590303421,-0.2088635593652725,-1.167275309562683,-0.5671721696853638,0.2851138412952423,-0.0312780886888504,0.43629392981529236
YMR316W,val,True,True,-0.30051693320274353,-0.031044580042362213,-0.33021169900894165,-0.270673543214798,0.08842616528272629,0.7468809485435486,-0.3896447718143463,0.49265639260411265,0.04492414370179176,0.35476404428482056,0.34846311807632446,1.268947720527649,0.4461829364299774,-0.3248089998960495,0.18085280060768127,-0.46338698267936707,-0.9013381004333496,-0.6245473623275757,0.1843746453523636
YMR317W,val,False,True,-0.3418288826942444,-0.6346576869487762,-0.9817879796028137,-0.6257990002632141,0.03815320134162903,-1.025948166847229,-0.5779064893722534,-0.6203854143619537,-1.2026879787445068,-0.32079535722732544,-0.6687574982643127,-0.3823765814304352,-0.5273096561431885,-0.0012303486466407776,0.4342910647392273,-0.0588013157248497,-0.424346923828125,0.24578675627708435,-0.20308132469654083
YMR318C,val,True,True,1.220029592514038,0.16583966314792634,0.4633997678756714,0.6011733412742615,0.5963700413703918,-0.23837576806545258,-0.5933690667152405,0.6242207407951355,0.3962183892726898,0.800303041934967,0.975197970867157,0.2870398461818695,0.6623444557189941,0.17667223513126373,0.7985794544219971,0.09378933906555176,0.23509283363819122,0.39701277017593384,-0.6411132216453552
YMR319C,val,False,True,0.9081791043281555,0.0744127931073308,0.879446804523468,-0.5470470786094666,0.011754275299608707,0.3187514543533325,-0.2908414900302887,1.1835473895072937,1.0342271327972412,1.6426467895507812,0.605069100856781,1.4864017963409424,1.1493921279907227,-0.07593796923756599,0.9019514918327332,-0.5622180104255676,-0.04464009776711464,-1.0226765871047974,0.3478933572769165
YMR320W,val,False,False,-0.8276805877685547,-0.5086267173290253,-0.5834206938743591,-0.7187871336936951,-0.6172997355461121,0.1347297728061676,-0.7583557963371277,-0.16073987372219561,-0.17196565866470337,-0.31028562784194946,-0.1821877360343933,-0.027835587039589882,-0.1114247590303421,-1.1708087086677552,-1.2173367738723755,-1.366025447845459,-0.5384184718132019,-1.5054327249526978,-1.2268301248550415
YMR321C,val,False,False,-1.9889980554580688,-0.7282722756266594,-0.3818175196647644,-1.3905423879623413,-1.2390944957733154,-0.05924668163061142,-0.5706602931022644,-0.16073987372219561,-0.17196565866470337,-0.31028562784194946,-0.1821877360343933,-0.027835587039589882,-0.1114247590303421,-1.6413923025131225,-1.378012776374817,-1.9557416439056396,-1.9392211437225342,-1.7527607679367065,-1.1812251806259155
YMR322C,val,True,True,-2.0193636417388916,0.033788871765136716,0.4084256589412689,0.06641493737697601,-0.12500418722629547,0.3579931855201721,-0.538885235786438,0.08768627941608428,0.07674473524093628,-0.4266473650932312,0.11862790584564209,0.5581969022750854,0.11150921881198883,-0.2139010936021805,-0.20094990730285645,-0.08591106534004211,-0.5491636395454407,0.13581575453281403,-0.3692966103553772
YMR323W,val,True,True,-2.0029969215393066,-0.3820915073156357,-0.46026986837387085,-0.5502271056175232,-0.15137314796447754,-0.24726079404354095,-0.5013266205787659,-0.28042291700839994,-0.2253819704055786,-0.47116923332214355,-0.4192946255207062,-0.17455244064331055,-0.11171631515026093,-1.1231374263763427,-1.351847767829895,-1.3756399154663086,-0.616707444190979,-1.3875670433044434,-0.8839249610900879
YMR324C,val,False,False,-2.088510751724243,-1.113449189066887,-1.178373098373413,-1.0965123176574707,-1.3144975900650024,-0.20818446576595306,-1.7696784734725952,-0.16073987372219561,-0.17196565866470337,-0.31028562784194946,-0.1821877360343933,-0.027835587039589882,-0.1114247590303421,-2.085998296737671,-2.210239887237549,-2.0602588653564453,-2.1756503582000732,-2.003140687942505,-1.9807016849517822
YMR325W,val,False,True,-2.088510751724243,-1.4970086812973022,-1.5317988395690918,-2.076669216156006,-0.7647548913955688,-1.7085974216461182,-1.4032230377197266,-1.455784410238266,-2.2476158142089844,-1.899053931236267,-1.3247904777526855,-0.49692949652671814,-1.3105323314666748,-0.8076411008834838,-0.9077091813087463,-1.2463164329528809,-0.7303649187088013,-0.502389132976532,-0.651425838470459
YMR326C,val,False,False,-2.088510751724243,-1.4796642005443572,-1.8432821035385132,-2.1629366874694824,-2.2856085300445557,0.2550809681415558,-1.361574649810791,-0.16073987372219561,-0.17196565866470337,-0.31028562784194946,-0.1821877360343933,-0.027835587039589882,-0.1114247590303421,-2.1217586040496825,-2.072094202041626,-2.197458505630493,-2.3085873126983643,-1.9565198421478271,-2.0741331577301025
YNL001W,val,True,True,-0.035571008920669556,0.38246814608573915,0.29485201835632324,0.23119503259658813,0.704658031463623,0.4841446876525879,0.19749096035957336,0.7840761184692383,0.82330322265625,0.8067759275436401,0.7646074891090393,0.8510609865188599,0.6746329665184021,0.629284891486168,0.78022301197052,0.18306325376033783,0.5848537087440491,0.7134811878204346,0.884803295135498
YNL002C,val,True,True,1.3962785005569458,0.8442528724670411,1.2271959781646729,0.9832896590232849,0.8404872417449951,0.7744386196136475,0.39585286378860474,1.232834815979004,1.1239451169967651,1.3286563158035278,1.1648513078689575,1.3284415006637573,1.2182798385620117,0.9162845849990845,0.6728159189224243,0.7194793820381165,1.5196123123168945,0.7036809325218201,0.965834379196167
YNL003C,val,False,True,0.37977343797683716,0.38185582011938096,0.8497756719589233,0.2848109304904938,0.5458356738090515,0.2157234102487564,0.013133414089679718,0.3983617901802063,0.45387405157089233,0.17363625764846802,0.7481427788734436,0.30551475286483765,0.3106411099433899,0.6338743448257447,0.6500437259674072,0.9598811268806458,0.46043670177459717,0.5757082104682922,0.5233019590377808
YNL004W,val,True,True,1.212237000465393,-0.026302465796470643,0.06164528429508209,0.07594382762908936,-0.3716626465320587,0.2619625926017761,-0.15940138697624207,0.834465479850769,0.6617386341094971,0.9686848521232605,0.7750976085662842,1.0160404443740845,0.750765860080719,0.17016808912158013,0.41076594591140747,0.22705787420272827,0.1137811541557312,0.07591769099235535,0.02331778034567833
YNL005C,val,True,True,0.5551990866661072,0.3009975075721741,0.562389075756073,0.1735331118106842,0.37162432074546814,0.4380890130996704,-0.04064798355102539,0.31773556470870973,0.2820452153682709,-0.28341254591941833,0.3014439642429352,0.7942489385604858,0.494352251291275,0.546838927268982,0.5563614368438721,0.4726691246032715,0.7810636162757874,0.5682019591331482,0.35589849948883057
YNL006W,val,True,True,0.7160155177116394,0.7740038871765137,0.776155948638916,0.4882563352584839,0.9543344974517822,1.3487207889556885,0.30255186557769775,1.101025116443634,0.7967020273208618,0.7945223450660706,1.0347135066986084,1.6935807466506958,1.1856069564819336,0.841520118713379,0.747345507144928,0.7540181279182434,1.3001768589019775,0.8300950527191162,0.5759650468826294
YNL007C,val,True,True,1.5182918310165405,1.0622035622596742,1.7749613523483276,0.7592915892601013,0.6694701313972473,1.458357334136963,0.6489374041557312,1.1830339670181274,0.9260610342025757,1.3490458726882935,1.065521001815796,1.6120110750198364,0.9625308513641357,0.6773748278617859,0.3668537735939026,0.9779937863349915,0.5966124534606934,0.5794950127601624,0.8659191131591797
YNL008C,val,True,True,-0.054346714168787,0.6475196897983551,1.2083585262298584,0.2203967273235321,0.38709601759910583,1.14522123336792,0.27652594447135925,0.907921314239502,1.1238915920257568,0.7951013445854187,0.7327305674552917,1.1642451286315918,0.7236379384994507,0.6857055306434632,0.5330832004547119,0.5905707478523254,0.7136408686637878,0.9614483118057251,0.6297845244407654
YNL009W,val,True,True,-0.5654477477073669,-0.28737097829580305,-0.20978888869285583,-0.5644281506538391,0.12910379469394684,0.10507627576589584,-0.8968179225921631,-0.016501525044441225,-0.73236083984375,-0.1898687183856964,0.5121492743492126,0.1769608110189438,0.15061184763908386,-0.08860732465982438,-0.09500285238027573,-0.3993094861507416,0.09183871746063232,-0.1230764240026474,0.08251342177391052
YNL010W,val,True,True,0.19420987367630005,0.6399293124675751,0.7105917930603027,0.5923045873641968,0.3821340501308441,0.9650346636772156,0.5495814681053162,0.9665794134140014,0.6331670880317688,0.5231783986091614,1.0550520420074463,1.5748159885406494,1.0466835498809814,0.870842008292675,0.06943001598119736,0.8428366780281067,1.7324285507202148,0.3859531283378601,1.323561668395996
YNL011C,val,True,True,-0.5837332606315613,0.6949910521507263,0.8387796878814697,0.8227676749229431,0.4031176269054413,1.1554887294769287,0.25480154156684875,0.7161380469799041,0.5155583620071411,0.5549260973930359,0.41407111287117004,1.2953797578811646,0.8007549047470093,0.6084568738937378,0.42441391944885254,0.8298224210739136,0.7225635647773743,0.4114190936088562,0.6540653705596924
YNL012W,val,False,True,-1.4094219207763672,-0.6958244979381562,-1.4133456945419312,-0.3850195109844208,-0.4787161350250244,-0.6665299534797668,-0.5355111956596375,-0.29809763878583906,-0.7018610239028931,0.019608356058597565,-0.10423170030117035,-0.47719237208366394,-0.2268114537000656,-1.1559535622596742,-1.4248119592666626,-1.2599456310272217,-0.934853732585907,-1.5441361665725708,-0.6160203218460083
YNL013C,val,False,False,-2.011209011077881,-0.17320112586021424,0.22544682025909424,-0.2371675968170166,-1.131028175354004,0.20792052149772644,0.06882280111312866,-0.16073987372219561,-0.17196565866470337,-0.31028562784194946,-0.1821877360343933,-0.027835587039589882,-0.1114247590303421,-1.6900187492370606,-1.9927663803100586,-1.7733657360076904,-1.802161455154419,-1.784328579902649,-1.0974715948104858
YNL014W,val,True,True,-0.8538224697113037,-1.1937269687652587,-1.6514028310775757,-1.2281471490859985,-0.8461601734161377,-1.0013477802276611,-1.241576910018921,-0.5802746698260307,-0.9345166087150574,-1.2714775800704956,0.375421404838562,-0.04124929755926132,-1.0295512676239014,-0.6693421959877014,-0.823179304599762,-0.6173298358917236,-0.17022645473480225,-1.3203867673873901,-0.4155886173248291
YNL015W,val,True,True,1.136850357055664,0.9842643022537232,1.3904964923858643,0.8511969447135925,0.6575096845626831,1.2369575500488281,0.7851608395576477,1.1628249645233155,0.6211358308792114,1.0655484199523926,1.430741310119629,1.4654875993728638,1.2312116622924805,1.1224493622779845,1.24420964717865,0.6431636214256287,1.2371975183486938,1.8097535371780396,0.6779224872589111
YNL016W,val,True,True,1.3561537265777588,0.9300228595733643,0.8739427924156189,1.1071364879608154,1.1402508020401,1.1169016361236572,0.41188257932662964,1.0191045641899108,0.9108421206474304,0.6639631390571594,1.2719082832336426,1.4899311065673828,0.7588781714439392,0.7705532670021057,0.7963621020317078,0.5204711556434631,0.8954749703407288,0.7485966682434082,0.8918614387512207
YNL017C,val,False,False,-1.7666864395141602,-0.43046158701181414,-0.22496318817138672,-0.7298484444618225,-0.37834393978118896,-0.04446179419755936,-0.774690568447113,-0.16073987372219561,-0.17196565866470337,-0.31028562784194946,-0.1821877360343933,-0.027835587039589882,-0.1114247590303421,-1.190554714202881,-0.27736616134643555,-1.4661169052124023,-1.7916123867034912,-1.4567402601242065,-0.9609378576278687
YNL018C,val,True,True,-1.7274969816207886,-0.7874691009521484,-1.312333345413208,-0.756918728351593,-0.37239131331443787,-0.16176721453666687,-1.3339349031448364,-1.3226777076721192,-1.3262364864349365,-1.9868100881576538,-1.1675567626953125,-0.9137996435165405,-1.2189855575561523,-1.1633181929588319,-1.3645856380462646,-0.5964473485946655,-1.5193334817886353,-0.8082501292228699,-1.5279743671417236
YNL019C,val,False,False,-1.8565279245376587,-0.8652559995651246,-0.8950212001800537,-0.9873701333999634,-0.7172241806983948,-0.30080264806747437,-1.4258618354797363,-0.16073987372219561,-0.17196565866470337,-0.31028562784194946,-0.1821877360343933,-0.027835587039589882,-0.1114247590303421,-0.8749289125204086,-1.3362716436386108,-0.6641289591789246,-0.15041925013065338,-0.16143867373466492,-2.0623860359191895
YNL020C,val,True,True,0.040595393627882004,0.5344595491886139,0.3145535886287689,0.3252010941505432,0.5265493392944336,1.1998661756515503,0.30612754821777344,0.815752112865448,0.8392925262451172,0.5462521314620972,0.9165732860565186,1.0927599668502808,0.6838826537132263,0.6309121906757355,0.1404893398284912,0.26430878043174744,1.6720564365386963,0.5394185781478882,0.5382878184318542
YNL021W,val,False,True,0.32697996497154236,-0.5450406789779663,0.18379706144332886,-0.6443465352058411,-0.8693796992301941,-0.2895128130912781,-1.1057614088058472,0.09998867064714431,0.1814776062965393,-0.06759082525968552,-0.27071985602378845,0.2518727779388428,0.4049036502838135,-0.14047216773033142,0.5606300234794617,-0.37680572271347046,-0.12392327189445496,-0.2983121871948242,-0.46394968032836914
YNL022C,val,True,True,0.34461095929145813,-0.23876697123050689,-0.16093994677066803,-0.8739079833030701,-0.37485113739967346,0.35496827960014343,-0.13910406827926636,0.3893452286720276,0.3350163400173187,0.3561069369316101,0.2918221652507782,0.4935603141784668,0.4702203869819641,-0.03531061343383044,0.14044365286827087,0.1432591676712036,-0.0008042271947488189,-0.2193317711353302,-0.24011988937854767
YNL023C,val,True,True,-0.11045503616333008,0.33914762139320376,0.6820539236068726,0.22091832756996155,0.28478166460990906,0.6775668859481812,-0.16958269476890564,0.7244181632995605,0.6711567640304565,0.8996928334236145,0.6242520213127136,0.7787348031997681,0.64825439453125,0.15700534097850322,0.42531588673591614,0.01974508911371231,0.19474218785762787,0.029391048476099968,0.11583249270915985
YNL024C,val,True,True,-0.6224712133407593,-0.25200300216674804,0.23549890518188477,-0.43532419204711914,-0.3875925838947296,0.2218736708164215,-0.8944708108901978,0.1887422151863575,0.29712164402008057,-0.15789073705673218,0.11788351833820343,0.6608024835586548,0.025794167071580887,0.1217542052268982,0.42990872263908386,-0.17102769017219543,-0.3887854218482971,0.46773576736450195,0.2709396481513977
YNL024C-A,val,True,True,0.6050536036491394,0.6939882218837738,0.7160499095916748,0.6713071465492249,0.8113461136817932,0.9710003733634949,0.3002375662326813,0.8394859552383422,0.6927849650382996,0.6403274536132812,0.8278329968452454,1.128975510597229,0.9075088500976562,0.7625140070915222,0.8779429793357849,0.8415248394012451,0.9206605553627014,0.5579052567481995,0.6145364046096802
YNL025C,val,True,True,0.03835966810584068,0.994797945022583,1.317137598991394,1.101880669593811,1.082316279411316,1.1513557434082031,0.3212994337081909,1.0216095089912414,1.1719728708267212,1.387959361076355,0.7247287631034851,1.1889145374298096,0.6344720125198364,0.8990903258323669,1.438297986984253,0.6853700876235962,1.2224715948104858,0.5921692252159119,0.5571427345275879
YNL026W,val,False,True,0.4478961229324341,0.16614024341106415,0.38726869225502014,-0.30812960863113403,0.09258335828781128,0.49626588821411133,0.16271288692951202,0.45367016196250914,0.5126913189888,0.458004891872406,0.5327606797218323,0.42893069982528687,0.3359632194042206,0.2266834918409586,0.646454393863678,0.04309467971324921,0.3496290445327759,-0.0011594127863645554,0.09539875388145447
YNL027W,val,True,True,0.5223512649536133,-0.06210436522960663,-0.246300607919693,0.4620758891105652,-0.47197648882865906,0.18141762912273407,-0.23573824763298035,-0.3810528479516506,-0.6181817650794983,-0.5505500435829163,-0.5248641967773438,-0.2172597199678421,0.005591485649347305,0.21481096521019935,1.0237312316894531,-0.021176517009735107,0.18475115299224854,-0.09303762763738632,-0.02021341398358345
YNL028W,val,False,False,-1.8227514028549194,-0.5992692809551954,-0.5169763565063477,-1.3744630813598633,-0.2470008134841919,-0.019501080736517906,-0.8384050726890564,-0.16073987372219561,-0.17196565866470337,-0.31028562784194946,-0.1821877360343933,-0.027835587039589882,-0.1114247590303421,-1.561275601387024,-1.1863970756530762,-1.7455649375915527,-1.9961435794830322,-1.7272974252700806,-1.150974988937378
YNL029C,val,True,True,-0.07376231998205185,-0.3206322185695171,-0.2643844783306122,0.10748262703418732,0.01637013629078865,-0.5673084855079651,-0.8953208923339844,-0.378911392390728,-0.2570887804031372,0.10673176497220993,-1.3931713104248047,-0.21478594839572906,-0.13624268770217896,-0.4232269965112209,-0.7706246376037598,-0.021542035043239594,-1.560446858406067,0.26369836926460266,-0.027219820767641068
YNL030W,val,False,True,2.047914505004883,1.0063133239746094,1.4773573875427246,1.2669395208358765,0.5788623690605164,1.1977273225784302,0.5106800198554993,1.3385650038719177,1.1680011749267578,1.7687710523605347,1.2683749198913574,1.59709632396698,0.8905815482139587,0.9081769585609436,0.9378783106803894,1.3426105976104736,1.3272024393081665,0.31898272037506104,0.6142107248306274
YNL031C,val,True,True,2.6965103149414062,1.3752052187919617,1.7916693687438965,1.4071075916290283,1.3459770679473877,1.6219687461853027,0.7093033194541931,1.2585581302642823,1.3720176219940186,1.0932800769805908,1.1812493801116943,1.6627920866012573,0.9834514856338501,1.1229084610939026,1.3349288702011108,1.5470912456512451,1.21787428855896,0.6090354323387146,0.9056124687194824
YNL032W,val,False,True,0.9412086009979248,-0.1582783254329115,-0.09623990952968597,-0.44382256269454956,-0.0034880873281508684,-0.05342898517847061,-0.19441208243370056,0.4415968105196953,0.5606908798217773,0.050011686980724335,0.6283087134361267,0.48842594027519226,0.48054683208465576,0.245770463347435,0.21359556913375854,0.19088301062583923,0.44034162163734436,0.18980243802070618,0.19422967731952667
YNL033W,val,False,False,-1.5681309700012207,-0.6547019764780998,-0.5971418023109436,-0.8830179572105408,-0.6475563645362854,-0.07593711465597153,-1.0698566436767578,-0.16073987372219561,-0.17196565866470337,-0.31028562784194946,-0.1821877360343933,-0.027835587039589882,-0.1114247590303421,-0.9196736216545105,-1.2060765027999878,-0.4203234910964966,-0.5943208336830139,-0.3133162260055542,-2.0643310546875
YNL034W,val,True,True,-1.8289538621902466,-1.5574009418487549,-1.7806248664855957,-1.7823067903518677,-1.586545705795288,-0.6779974699020386,-1.9595298767089844,-1.861081314086914,-2.355048894882202,-2.2840046882629395,-1.935126781463623,-1.1524797677993774,-1.5787464380264282,-2.111237096786499,-2.276360034942627,-1.9707064628601074,-2.4572854042053223,-2.073267936706543,-1.7785656452178955
YNL035C,val,True,True,0.20346978306770325,0.032781587541103364,0.20569384098052979,-0.014125443994998932,0.3135453462600708,-0.687850832939148,0.3466450273990631,0.25621098279953003,0.0815754234790802,0.8735949397087097,0.9191272258758545,-0.9357625246047974,0.3425198495388031,-0.4000341922044754,-0.719759464263916,-0.03792083263397217,-0.4970136284828186,-0.5983766913414001,-0.14710034430027008
YNL036W,val,True,True,1.2369041442871094,0.5132226780056953,0.3009573221206665,0.7529557943344116,0.9856405258178711,0.6478068828582764,-0.12124713510274887,1.1097259521484375,0.80837082862854,1.5712970495224,0.7597367167472839,1.490718126296997,0.9185070395469666,0.4877825498580933,0.17842334508895874,0.480407178401947,0.6912185549736023,0.3834017515182495,0.7054619193077087
YNL037C,val,True,True,1.1436055898666382,0.3593940079212189,0.2548832297325134,-0.35238873958587646,0.673486053943634,1.0716724395751953,0.14931705594062805,1.1557338118553162,0.8500531315803528,1.110199213027954,1.193477988243103,1.5508615970611572,1.0740771293640137,-0.10453206300735474,-0.7080898880958557,-0.5922304391860962,0.3683234453201294,0.09703025221824646,0.31230631470680237
YNL038W,val,True,True,0.5359451174736023,-0.15039526522159577,-0.3596131205558777,-0.35400912165641785,0.11119922250509262,0.09385623782873154,-0.24340954422950745,0.43531215786933897,0.4760197401046753,0.6121160387992859,0.26406624913215637,0.36614668369293213,0.45821207761764526,0.11625586748123169,0.0033172592520713806,-0.11273989826440811,0.3482687771320343,0.23384320735931396,0.10858999192714691
YNL039W,val,False,False,0.6539257764816284,-0.2277754947543144,0.5180992484092712,-1.0119279623031616,-0.3679525554180145,0.07946071773767471,-0.3565569221973419,-0.16073987372219561,-0.17196565866470337,-0.31028562784194946,-0.1821877360343933,-0.027835587039589882,-0.1114247590303421,-1.4439465641975402,-1.2584974765777588,-1.7651886940002441,-0.9363328814506531,-1.7474042177200317,-1.5123095512390137
YNL040W,val,True,False,-0.01833152584731579,-0.07903861999511719,-0.16145268082618713,-0.17542830109596252,0.22276908159255981,0.2738300561904907,-0.5549112558364868,-0.16073987372219561,-0.17196565866470337,-0.31028562784194946,-0.1821877360343933,-0.027835587039589882,-0.1114247590303421,-1.0958090424537659,-1.262481451034546,-1.4395060539245605,-0.8568363189697266,-0.6796684861183167,-1.2405529022216797
YNL041C,val,True,True,0.6214338541030884,0.5202066540718079,0.5003489255905151,0.40144529938697815,0.7756074666976929,0.5871066451072693,0.33652493357658386,0.6610360026359559,0.587712287902832,0.5331572890281677,0.6977552771568298,0.7558532953262329,0.7307018637657166,0.6471626043319703,1.0801405906677246,0.26759859919548035,1.0483169555664062,0.3961229622364044,0.44363391399383545
YNL042W,val,True,True,0.4089664816856384,-0.6568914830684662,-0.4909830689430237,-0.5888546109199524,0.036189764738082886,-0.8414857983589172,-1.3993237018585205,0.3210829757153988,-0.029117193073034286,0.09620536118745804,0.22026941180229187,0.6736021637916565,0.6444551348686218,-0.6393809676170349,-0.8177894949913025,-0.7104179859161377,-0.4631737470626831,-0.5156828761100769,-0.6898407340049744
YNL042W-B,val,True,True,-1.3560808897018433,-0.1975148342549801,0.10679085552692413,-0.2828598916530609,0.05408254638314247,-0.42839479446411133,-0.4371928870677948,0.13318852186203003,-0.2747199535369873,-0.27522727847099304,0.3079403340816498,0.5313723087310791,0.3765771985054016,-0.0840383842587471,-0.06332464516162872,0.021973595023155212,-0.3022325336933136,0.0652359202504158,-0.1418442577123642
YNL043C,val,False,False,-0.830163836479187,-0.18672687113285064,-0.5519377589225769,-0.4264642596244812,-0.03567942976951599,0.06601277738809586,0.014434315264225006,-0.16073987372219561,-0.17196565866470337,-0.31028562784194946,-0.1821877360343933,-0.027835587039589882,-0.1114247590303421,-1.0753614068031312,-1.91946542263031,-0.860295295715332,-1.1279950141906738,-0.23056858777999878,-1.2384827136993408
YNL044W,val,True,True,1.607158899307251,0.9596842527389526,0.9365673661231995,1.4258944988250732,0.8678432106971741,0.8249003887176514,0.743215799331665,1.2400075435638427,1.1120966672897339,1.47684907913208,1.0418055057525635,1.4187077283859253,1.1505787372589111,0.7395445942878723,0.6822766065597534,0.288846492767334,1.1206735372543335,0.8322338461875916,0.7736924886703491
YNL045W,val,True,True,0.025444548577070236,0.052475018240511415,-0.2336864471435547,-0.13341568410396576,0.010169913060963154,0.35110169649124146,0.2682056128978729,0.09168032258749008,-0.11089368164539337,0.03806933015584946,0.23649467527866364,0.12260575592517853,0.17212553322315216,-0.1459233894944191,0.08722247183322906,-0.001729138195514679,-0.1913609355688095,-0.3476290702819824,-0.27612027525901794
YNL046W,val,True,True,0.14163082838058472,1.0734100699424745,1.0434246063232422,1.3215217590332031,1.2879801988601685,1.060011625289917,0.6541121602058411,1.000699520111084,1.0188144445419312,1.1232117414474487,1.1721103191375732,0.9197746515274048,0.769586443901062,0.8044668078422547,1.1405245065689087,1.1027460098266602,0.9759790301322937,0.31879857182502747,0.4842859208583832
YNL047C,val,True,True,0.49926868081092834,0.8818400025367736,0.7102633118629456,1.3525276184082031,0.6596655249595642,0.8294689059257507,0.8572746515274048,0.906762671470642,0.7339327931404114,0.8784623742103577,0.868305504322052,1.0597726106643677,0.9933400750160217,0.6275067329406738,0.5265921354293823,0.4994853138923645,0.9859217405319214,0.6187199354171753,0.5068145394325256
YNL048W,val,True,True,-0.08483710139989853,0.8073769569396972,0.9358654022216797,0.7788506150245667,0.7772200703620911,1.040703296661377,0.504245400428772,0.8462645173072815,0.6919285655021667,0.9681270718574524,0.7984173893928528,0.9830296039581299,0.7898199558258057,0.6269106805324555,0.5990585684776306,1.0148839950561523,0.7991373538970947,0.4112885296344757,0.31018495559692383
YNL049C,val,True,True,0.24862146377563477,0.0831856407225132,-0.001522894948720932,-0.12503381073474884,0.16324499249458313,0.7088431715965271,-0.32960325479507446,0.6915027856826782,0.5554891228675842,0.6439525485038757,0.8813360333442688,0.8707829713821411,0.5059532523155212,0.33363099582493305,0.3242507576942444,0.3571130633354187,0.7282585501670837,-0.0073930080980062485,0.2659256160259247
YNL050C,val,True,True,0.7491161823272705,0.23851100075989962,0.6090494990348816,0.06672537326812744,-0.007897592149674892,0.3914552330970764,0.13322249054908752,0.45225476026535033,0.5217994451522827,0.567539632320404,0.4280586838722229,0.46574103832244873,0.2781350016593933,0.4453951597213745,0.8804120421409607,0.3586115837097168,0.4257538914680481,0.15896236896514893,0.40323591232299805
YNL051W,val,True,False,0.14159834384918213,-0.22390368729829788,-0.06817930191755295,-0.3491465151309967,-0.4550431966781616,-0.28481602668762207,0.03766660392284393,-0.16073987372219561,-0.17196565866470337,-0.31028562784194946,-0.1821877360343933,-0.027835587039589882,-0.1114247590303421,-0.6236903846263886,-0.24775364995002747,-0.759262204170227,-0.8509169220924377,-0.9352728128433228,-0.32524633407592773
YNL052W,val,True,True,0.9110888242721558,0.6056607663631439,0.5173360705375671,0.8185660243034363,0.36837390065193176,0.5626970529556274,0.761330783367157,0.9646058797836303,0.7475825548171997,1.4569010734558105,0.6081597805023193,0.7708218097686768,1.2395641803741455,0.6347509622573853,0.6520552039146423,0.5410018563270569,0.9000753164291382,0.5952803492546082,0.4853420853614807
YNL053W,val,True,True,0.36885330080986023,-0.10496568903326989,0.10534815490245819,-0.6925252676010132,-0.0324433408677578,0.07298780232667923,0.02180420607328415,0.35763380900025366,0.014812428504228592,0.277898371219635,0.6201003193855286,0.6042069792747498,0.27115094661712646,0.4936681747436523,1.2580879926681519,0.4718809723854065,0.24827918410301208,0.18084624409675598,0.3092464804649353
YNL054W,val,True,True,0.6234725713729858,0.5813568830490112,0.6593465805053711,0.4005836844444275,0.3597702980041504,1.070634365081787,0.41644948720932007,0.9543079376220703,0.6874144077301025,1.1653584241867065,1.034416913986206,1.142796516418457,0.7415534257888794,0.505521833896637,0.5058899521827698,0.33795344829559326,0.6320193409919739,0.5008192658424377,0.5509271621704102
YNL055C,val,True,True,1.0045527219772339,0.9342108011245728,1.6082415580749512,0.7650297284126282,1.2740143537521362,0.6545265316963196,0.3692418336868286,1.0532266616821289,0.8515186309814453,1.3321750164031982,1.0063693523406982,1.1708589792251587,0.905211329460144,0.6814694821834564,0.733841598033905,0.6892561912536621,1.110056757926941,0.6672717332839966,0.20692113041877747
YNL056W,val,True,True,0.46563124656677246,0.5293246641755104,0.9209995865821838,1.1168997287750244,1.3687868118286133,0.05290842801332474,-0.8129712343215942,0.6700529724359512,0.2807641327381134,1.3919967412948608,0.8579158782958984,0.6299865245819092,0.1896015852689743,0.6211016714572907,0.4718034267425537,0.9470553994178772,1.2569856643676758,0.5827299952507019,-0.15306612849235535
YNL057W,val,False,False,-1.3411636352539062,-0.8447242736816406,-0.4731625020503998,-1.7582800388336182,-0.30644646286964417,-0.7825230956077576,-0.9032092690467834,-0.16073987372219561,-0.17196565866470337,-0.31028562784194946,-0.1821877360343933,-0.027835587039589882,-0.1114247590303421,-1.3770930528640748,-0.39355194568634033,-1.8893563747406006,-1.1669435501098633,-1.823394536972046,-1.6122188568115234
YNL058C,val,True,True,0.6128761768341064,-0.22508095428347588,0.1904139369726181,-0.2707218825817108,-0.02005120739340782,0.13818742334842682,-1.1632330417633057,0.400995659828186,0.17600208520889282,0.5034996867179871,0.26794567704200745,0.7106489539146423,0.3468818962574005,0.04957864880561828,0.5284602046012878,0.03843128681182861,0.4095502495765686,0.3292218744754791,-1.0577703714370728
YNL059C,val,True,True,0.5145392417907715,0.5009916633367538,0.17686645686626434,0.683803141117096,0.7067481875419617,0.7652931213378906,0.17224740982055664,0.7221321344375611,0.8760610818862915,0.705723226070404,0.7999608516693115,0.579981803894043,0.6489337086677551,0.5437633693218231,0.39371299743652344,0.6054270267486572,1.1988816261291504,0.15480771660804749,0.36598747968673706
YNL061W,val,True,True,0.8718608617782593,0.7315950989723206,1.3061490058898926,0.6267734169960022,0.8094394207000732,0.6575892567634583,0.2580243945121765,0.9361384272575378,1.1564128398895264,0.8274900317192078,0.8486655354499817,0.9516607522964478,0.8964629769325256,0.6036537885665894,0.7112510204315186,0.21488571166992188,1.0632222890853882,0.5871315002441406,0.44177842140197754
YNL062C,val,False,True,0.263689786195755,0.17617680579423906,0.44165170192718506,-0.13133865594863892,0.2936497628688812,0.29533469676971436,-0.018413476645946503,0.7646209001541138,0.7269760966300964,0.8083067536354065,0.8946534395217896,0.633490800857544,0.7596774101257324,0.03978489190340042,0.05045592039823532,-0.6738438010215759,0.517789363861084,0.11130249500274658,0.19322048127651215
YNL063W,val,True,True,-0.16145411133766174,0.6477811634540558,0.5978839993476868,0.41943204402923584,0.9219540357589722,1.0967334508895874,0.20290228724479675,0.7248287856578827,0.8570947647094727,0.44627803564071655,0.452536016702652,1.073340654373169,0.7948944568634033,0.6361465431749821,0.00041483715176582336,0.6685239672660828,0.6435225605964661,1.1719948053359985,0.6962765455245972
YNL064C,val,True,True,1.442704677581787,0.617442274093628,0.8225326538085938,0.31620925664901733,0.43078556656837463,1.0931190252304077,0.4245648682117462,0.9075876951217652,1.1890777349472046,0.5007133483886719,0.8524233102798462,1.1215019226074219,0.8742221593856812,0.59874147772789,0.29763346910476685,0.854101836681366,0.6340986490249634,0.3870374858379364,0.8208359479904175
YNL065W,val,True,True,0.36550840735435486,0.46774016320705414,0.4066043496131897,0.5289921164512634,1.0194377899169922,0.14784269034862518,0.2358238697052002,0.9255534529685974,0.326299786567688,0.8545945286750793,1.1940665245056152,1.073970079421997,1.1788363456726074,0.27848382741212846,0.28433868288993835,0.17242436110973358,0.4200562834739685,0.1097949966788292,0.4058048129081726
YNL066W,val,True,True,1.2121378183364868,0.5767751336097717,1.100839376449585,-0.39935916662216187,1.0180442333221436,0.8628753423690796,0.3014758825302124,1.0282451272010804,0.5558638572692871,0.5123853087425232,1.413933277130127,1.4786218404769897,1.1804213523864746,0.6311530590057373,0.2904021739959717,0.2026141881942749,1.434248685836792,0.45321977138519287,0.7752804756164551
YNL067W,val,True,True,0.5490267276763916,0.6402253761887551,0.34031063318252563,1.5013244152069092,0.9037742614746094,0.5719349384307861,-0.11621736735105515,0.3614030182361603,-0.4972637891769409,0.17821446061134338,0.9860092997550964,0.535007655620575,0.6050474643707275,0.7392826318740845,0.6593726873397827,0.32747572660446167,1.1907274723052979,1.0756571292877197,0.4431801438331604
YNL067W-A,val,False,False,-1.4819650650024414,-0.27335493713617326,0.4812504053115845,-0.9162597060203552,-0.6217846274375916,0.0929398462176323,-0.40292060375213623,-0.16073987372219561,-0.17196565866470337,-0.31028562784194946,-0.1821877360343933,-0.027835587039589882,-0.1114247590303421,-1.2453168749809265,-1.6114025115966797,-1.3221728801727295,-0.8194714188575745,-1.200295329093933,-1.2732422351837158
YNL067W-B,val,False,True,-1.7688977718353271,-0.11656226366758346,-0.011341676115989685,-0.4228953719139099,0.3451905846595764,-0.09207338839769363,-0.4016914665699005,-0.12895222529768943,-0.10667084157466888,-0.5729789137840271,-0.19698606431484222,0.2244235724210739,0.007451120764017105,-0.04432429820299148,0.05996885150671005,-0.7162415385246277,0.36058953404426575,-0.10219040513038635,0.1762520670890808
YNL068C,val,True,True,0.6730855703353882,0.13965701088309287,-0.02287088707089424,-0.2614956796169281,0.4113447070121765,0.5258795022964478,0.045427411794662476,0.3857375144958496,0.1480402946472168,-0.2823779881000519,0.3232191503047943,1.069654107093811,0.6701520085334778,0.10900738686323166,0.08051811158657074,-0.4499378800392151,0.29082828760147095,0.06042996793985367,0.563198447227478
YNL069C,val,True,True,1.262910008430481,1.8217794179916382,2.0572309494018555,1.7913912534713745,1.2765573263168335,1.947877287864685,2.0358402729034424,2.134488582611084,2.2389585971832275,2.130125045776367,2.1623640060424805,2.294199228286743,1.8467960357666016,1.5359804153442382,1.2198154926300049,0.9082258939743042,2.0332119464874268,1.7096210718154907,1.8090276718139648
YNL070W,val,True,True,1.2316409349441528,0.9542850613594055,0.9790883660316467,1.0125410556793213,0.9485355019569397,1.0281468629837036,0.8031135201454163,1.2331847310066224,1.084592580795288,1.6945340633392334,1.430166482925415,1.0448863506317139,0.9117441773414612,0.7706018507480621,0.6883583664894104,0.9431269764900208,0.989854097366333,0.45062586665153503,0.7810439467430115
YNL071W,val,True,True,0.2989213466644287,0.9401189506053924,1.0796482563018799,1.1454476118087769,0.8863682746887207,1.3185358047485352,0.2705948054790497,1.0586341977119447,1.1701627969741821,1.1118236780166626,0.8906766772270203,1.342502236366272,0.7780055999755859,1.019193983078003,1.0450998544692993,0.8314937353134155,1.330338478088379,1.105633020401001,0.7834048271179199
YNL072W,val,True,True,0.6809054017066956,0.08800492212176322,0.11752831935882568,0.01851099357008934,0.1719505488872528,0.4919360280036926,-0.3599012792110443,0.2208654098212719,0.17458494007587433,0.3506913185119629,-0.02705748751759529,0.4968630373477936,0.10924524068832397,0.18118976056575775,0.18949639797210693,-0.0858156830072403,0.3366008698940277,0.24423694610595703,0.22143027186393738
YNL073W,val,True,True,0.10813494771718979,0.15415317714214324,0.908850908279419,0.49872326850891113,-0.393669992685318,0.1419830173254013,-0.38512131571769714,0.09395004510879516,0.46708112955093384,-0.8806243538856506,-0.07574254274368286,0.6456438899040222,0.31339210271835327,0.35183281898498536,0.6807997226715088,0.7389608025550842,-0.19660089910030365,0.4722856879234314,0.063718780875206
YNL074C,val,True,True,0.921829342842102,0.3545577943325043,0.3114745318889618,0.4106946289539337,0.5502992272377014,0.7432751059532166,-0.24295452237129211,0.8224923849105835,0.9592764377593994,0.2504674196243286,1.1074154376983643,0.8752638101577759,0.9200388193130493,0.09593644738197327,0.572484016418457,0.13036391139030457,-0.8887887597084045,0.404806911945343,0.26081615686416626
YNL075W,val,True,True,0.5722052454948425,0.17559972554445266,0.47677987813949585,-0.06334956735372543,0.25722983479499817,0.37725234031677246,-0.1699138581752777,0.614096713066101,0.6103602051734924,0.6074702739715576,0.5566421151161194,0.74787837266922,0.548132598400116,0.23028628826141356,0.1850113868713379,0.20371881127357483,0.5460541248321533,-0.10038813948631287,0.3170352578163147
YNL076W,val,True,True,0.7554479241371155,0.30717109739780424,0.32983919978141785,0.4105229377746582,0.19737549126148224,0.7284586429595947,-0.1303407847881317,0.43384352922439573,0.17650100588798523,0.5863646268844604,0.40662112832069397,0.6135338544845581,0.386197030544281,0.3585712820291519,0.424910306930542,0.026597917079925537,0.705398678779602,0.5017218589782715,0.13422764837741852
YNL077W,val,True,True,0.09056374430656433,0.6466815531253814,1.1321362257003784,0.6245536208152771,0.6373186707496643,0.582863450050354,0.2565357983112335,0.9534433960914612,0.7388636469841003,0.9132048487663269,0.7052841782569885,1.5106462240219116,0.8992180824279785,0.7987458825111389,0.7984343767166138,0.5246455073356628,1.4916009902954102,0.43369656801223755,0.7453519701957703
YNL078W,val,True,True,1.1676056385040283,0.9125273108482361,1.1107888221740723,1.2217707633972168,1.0932891368865967,1.0335997343063354,0.10318809747695923,1.1296555519104003,0.6637097001075745,1.6306136846542358,0.7541236281394958,1.6124757528305054,0.9873549938201904,1.030358076095581,1.4828757047653198,0.5427600145339966,1.0796809196472168,1.4359424114227295,0.6105313301086426
YNL079C,val,True,True,1.5543166399002075,1.5006948828697204,1.3399767875671387,1.9901974201202393,1.8229572772979736,1.4194844961166382,0.9308584332466125,1.4399621486663818,1.3647403717041016,1.4579105377197266,1.550944447517395,1.5650521516799927,1.2611632347106934,1.3118084788322448,0.715283989906311,1.3256652355194092,2.2686867713928223,1.3301067352294922,0.9192996621131897
YNL080C,val,False,True,0.8260557055473328,0.713394333422184,0.9654248952865601,0.6416367888450623,0.9305592179298401,1.0246418714523315,0.004708893597126007,0.9565031051635742,0.8664957284927368,1.2683721780776978,1.0877141952514648,0.8513818979263306,0.7085515260696411,0.5094151616096496,0.6846303343772888,0.375252902507782,0.6854429841041565,0.34668928384780884,0.45506030321121216
YNL081C,val,True,True,1.3074750900268555,0.8148919224739075,0.9028658270835876,1.3082355260849,0.8210286498069763,0.8936598300933838,0.1486697793006897,1.171053910255432,1.182053804397583,1.4291856288909912,1.498288631439209,0.8079412579536438,0.9378002285957336,0.7687880754470825,0.5850409865379333,0.8369415402412415,0.961726725101471,0.9691192507743835,0.4911118745803833
YNL082W,val,True,True,-0.2570878565311432,0.16585786566138266,0.3363429605960846,0.23709428310394287,0.05990443751215935,0.3828725814819336,-0.18692493438720703,0.5867213368415832,0.4537649154663086,0.6043363809585571,0.7046578526496887,0.8234710693359375,0.3473764657974243,0.19187695384025574,0.20222562551498413,0.29631128907203674,0.2783603072166443,-0.1292095184326172,0.3116970658302307
YNL083W,val,True,True,0.05504240840673447,0.9145596086978912,0.9269312024116516,1.1171677112579346,0.9917140603065491,1.0905370712280273,0.4464479982852936,0.7837355971336365,0.8188080787658691,0.9725633263587952,0.7826203107833862,0.7902289628982544,0.5544573068618774,0.6782747983932496,0.4969012141227722,0.635067880153656,1.0980780124664307,0.7622950673103333,0.3990318179130554
YNL084C,val,True,True,0.6095587611198425,0.22878668829798698,0.19782444834709167,0.05964529141783714,0.5778601169586182,0.17249956727027893,0.136104017496109,0.8397410869598388,0.6973727941513062,1.1988636255264282,0.8560695648193359,0.7015881538391113,0.7448112964630127,0.46957031488418577,0.37596553564071655,0.38668712973594666,0.6973859667778015,0.4294942319393158,0.45831871032714844
YNL085W,val,True,True,0.3905082941055298,0.6778205215930939,0.9079609513282776,0.5370864868164062,0.6882728338241577,0.9898049831390381,0.2659773528575897,0.6081862092018128,0.6786892414093018,0.3411329388618469,0.6386736035346985,0.8337320685386658,0.5487031936645508,0.6083724141120911,0.4658297896385193,0.5940732955932617,0.8373650312423706,0.7105895280838013,0.43400442600250244
YNL086W,val,True,True,0.06431738287210464,0.15451878383755685,0.42945194244384766,-0.03986065089702606,-0.054507624357938766,0.5763383507728577,-0.1388280987739563,0.19708409607410432,0.10374891757965088,-0.1546638160943985,0.25111672282218933,0.5045804381370544,0.2806382179260254,0.006145142018795013,-0.004782639443874359,0.019226953387260437,0.10893861949443817,-0.23399555683135986,0.14133833348751068
YNL087W,val,True,True,0.2273663580417633,0.23213629871606828,0.47334644198417664,0.3989652991294861,-0.10886906087398529,0.4763767123222351,-0.0791378989815712,0.2324292205274105,0.5469345450401306,0.003197021782398224,0.12967659533023834,0.508121132850647,-0.025783192366361618,0.12651043720543384,0.12752032279968262,0.49930447340011597,-0.21478042006492615,0.008618587628006935,0.21188922226428986
YNL088W,val,True,True,0.20635782182216644,0.3922727882862091,0.4059198498725891,0.3150568902492523,0.34216588735580444,0.6792944669723511,0.21892684698104858,0.6443070650100708,0.4650132656097412,0.7474823594093323,0.7201001048088074,0.6909924745559692,0.5979471206665039,0.16756210774183272,-0.019069261848926544,-0.0007221698760986328,0.4499265253543854,-0.08745604753494263,0.4951314926147461
YNL089C,val,False,False,-1.59152090549469,-0.02992955595254898,0.2713739275932312,-0.24429064989089966,-0.0987369492650032,0.45282214879989624,-0.5308162569999695,-0.16073987372219561,-0.17196565866470337,-0.31028562784194946,-0.1821877360343933,-0.027835587039589882,-0.1114247590303421,-1.426223623752594,-1.2350062131881714,-1.9425671100616455,-0.9631868004798889,-1.1612657308578491,-1.829092264175415
YNL090W,val,True,True,1.1478513479232788,0.33575038611888885,0.19915618002414703,0.4678230881690979,0.43080785870552063,0.43802371621131897,0.14294108748435974,0.692964619398117,0.45058050751686096,0.7220062613487244,0.8874039053916931,0.7107731699943542,0.6940592527389526,0.6162073075771332,0.5248314142227173,0.5830541253089905,1.1710363626480103,0.5322023034095764,0.26991233229637146
YNL091W,val,True,True,0.8878450393676758,0.7670018076896667,1.1841391324996948,0.339963436126709,0.5041693449020386,1.2720236778259277,0.5347134470939636,0.7894908428192139,0.30025529861450195,0.6219799518585205,1.3391752243041992,0.9839375019073486,0.702106237411499,0.7745876789093018,0.9113591313362122,0.5581787824630737,0.8372780680656433,1.0714915990829468,0.4946308135986328
YNL092W,val,True,True,-0.45936596393585205,0.44102289751172064,0.46814295649528503,0.0028596259653568268,0.7741764187812805,0.668380618095398,0.29155486822128296,0.41875049769878386,0.4521079659461975,0.5333707928657532,0.534841001033783,0.0962216705083847,0.477211058139801,0.3066409856081009,0.2764546573162079,0.6342495679855347,0.42458823323249817,0.31301426887512207,-0.11510179936885834
YNL093W,val,True,True,-1.1014119386672974,-0.3717585600912571,-0.9912261366844177,-0.5867689251899719,-0.036396708339452744,0.048576630651950836,-0.2929776608943939,-0.047911570966243745,-0.06357216835021973,-0.36283618211746216,-0.06872743368148804,0.05391880124807358,0.20165912806987762,-0.13907187283039094,-0.47340598702430725,-0.40194451808929443,0.2701599895954132,-0.3168526291847229,0.22668378055095673
YNL094W,val,True,True,0.43217915296554565,0.31108368635177613,0.39761507511138916,0.06946052610874176,0.2096264809370041,0.7233177423477173,0.15539860725402832,0.3991326838731766,0.31265053153038025,0.3398393392562866,-0.16799065470695496,1.409408450126648,0.10175575315952301,0.31702067255973815,0.4066697955131531,0.1404404640197754,0.43959999084472656,0.20555230975151062,0.39284080266952515
YNL095C,val,True,True,-0.3752778172492981,0.09848240800201893,0.1035103052854538,0.34143978357315063,0.033285535871982574,-0.007596602663397789,0.021773017942905426,0.6921566098928451,0.6108255386352539,0.9436930418014526,0.1315433830022812,1.212303876876831,0.562417209148407,0.08193507939577102,0.10920652002096176,0.03637801110744476,0.3390114903450012,-0.44395554065704346,0.36903491616249084
YNL096C,val,True,True,1.1574946641921997,1.7495758771896361,1.6713104248046875,1.9134109020233154,1.950610876083374,1.7904783487319946,1.4220688343048096,1.9639214992523193,2.010847330093384,1.9863780736923218,2.339808464050293,1.9839880466461182,1.49858558177948,1.6938164949417114,1.5588699579238892,1.8849360942840576,1.9814488887786865,1.4060781002044678,1.637749433517456
YNL097C,val,True,True,0.8346375823020935,0.7976764008402825,0.8434355854988098,1.01255464553833,0.8624679446220398,1.1814559698104858,0.08846785873174667,0.7378676891326904,0.7041811943054199,0.8146644234657288,0.6154637336730957,0.8773669600486755,0.6776621341705322,0.7786905646324158,0.9113577008247375,0.7858806252479553,0.9353234767913818,0.6674715876579285,0.5934194326400757
YNL097C-B,val,False,True,-0.026914997026324272,0.9321337819099427,1.0235209465026855,0.6617103815078735,0.9014456272125244,1.3696938753128052,0.7042980790138245,0.5685743361711502,0.39620304107666016,0.49866241216659546,0.22807981073856354,1.1076701879501343,0.6122562289237976,0.5006946384906769,0.421787828207016,0.8512540459632874,0.5487339496612549,0.4066685438156128,0.2750288248062134
YNL097W-A,val,False,False,-0.08521169424057007,-0.9593720808625221,-1.2577910423278809,-1.0201492309570312,-1.4737986326217651,0.08455245941877365,-1.129673957824707,-0.16073987372219561,-0.17196565866470337,-0.31028562784194946,-0.1821877360343933,-0.027835587039589882,-0.1114247590303421,-2.120869207382202,-2.2160942554473877,-2.1990323066711426,-2.2649734020233154,-1.8987798690795898,-2.025466203689575
YNL098C,val,True,True,1.2700225114822388,1.1549587488174438,1.3914433717727661,0.9970481991767883,0.9442786574363708,1.6233052015304565,0.8187183141708374,1.0634116291999818,0.7792543172836304,1.0614523887634277,0.7799703478813171,1.5105804204940796,1.1858006715774536,0.8088838219642639,0.8481329679489136,1.060068130493164,0.8509470820426941,0.7445210218429565,0.5407499074935913
YNL099C,val,True,True,0.7393008470535278,0.36694189012050626,0.5924167633056641,0.3010402321815491,0.10810662806034088,0.23818668723106384,0.5949591398239136,0.6457395076751709,0.1943555474281311,0.6196811199188232,0.7869158387184143,0.7468788623809814,0.8808661699295044,0.3262569710612297,0.017154507339000702,0.43976956605911255,0.5168871283531189,0.3341211974620819,0.3233524560928345
YNL100W,val,True,True,0.3961368501186371,0.23770256489515304,0.194564089179039,0.2523147761821747,0.344381183385849,0.37942343950271606,0.01782933622598648,0.6972241282463074,0.5523982644081116,0.7157073616981506,0.7670972943305969,0.8692432641983032,0.5816744565963745,0.3340859651565552,0.3836888074874878,-0.010890543460845947,0.4482543170452118,0.5661603808403015,0.2832168638706207
YNL101W,val,True,True,-0.038440097123384476,-0.02973960489034653,0.09707704931497574,-0.4422169029712677,-0.2964284121990204,0.7042256593704224,-0.21135541796684265,0.02964242696762085,-0.31613022089004517,-0.2987099289894104,-0.5065883994102478,0.9992907047271729,0.27034997940063477,0.47099809944629667,0.8177013993263245,0.4592247009277344,0.7089198231697083,0.23399049043655396,0.13515408337116241
YNL102W,val,True,True,0.026677118614315987,0.18177787065505982,0.2069491744041443,-0.2019086480140686,0.628233015537262,0.552223265171051,-0.2766074538230896,0.14007762223482131,0.17035052180290222,0.04953119903802872,-0.08788932859897614,0.4809107780456543,0.0874849408864975,0.21828300803899764,0.2458818554878235,-0.0008293837308883667,0.6785340309143066,0.07305854558944702,0.09476999193429947
YNL103W,val,True,True,1.0904866456985474,0.3754440486431122,-0.33051764965057373,0.2641928195953369,0.6625614762306213,0.9480079412460327,0.3329756557941437,0.8055387914180756,0.22033506631851196,1.17485511302948,0.3111553490161896,1.235237956047058,1.0861104726791382,0.6816583156585694,0.7148742079734802,0.7566264271736145,1.0803546905517578,-0.06351727247238159,0.9199535250663757
YNL103W-A,val,False,False,-1.8047124147415161,-0.49420505911111834,-0.34358638525009155,-0.7468469738960266,-0.12671975791454315,-0.06853701919317245,-1.1853351593017578,-0.16073987372219561,-0.17196565866470337,-0.31028562784194946,-0.1821877360343933,-0.027835587039589882,-0.1114247590303421,-1.4015557527542115,-1.4058550596237183,-1.5784733295440674,-1.1779122352600098,-1.2089245319366455,-1.6366136074066162
YNL104C,val,False,True,0.5488005876541138,0.7434002995491028,0.7491952776908875,0.6664876937866211,0.8937506079673767,1.2691361904144287,0.13843172788619995,1.2500693678855896,0.9153541922569275,1.3178409337997437,1.3800853490829468,1.6673616170883179,0.9697047472000122,0.966698044538498,0.7561147809028625,0.9594810605049133,1.750223159790039,0.3924883306026459,0.9751828908920288
YNL105W,val,False,False,-2.088510751724243,-0.7138891294598579,-0.6469755172729492,-1.182478666305542,-0.7238178849220276,-0.09774676710367203,-0.9184268116950989,-0.16073987372219561,-0.17196565866470337,-0.31028562784194946,-0.1821877360343933,-0.027835587039589882,-0.1114247590303421,-1.9645946979522706,-2.1080098152160645,-1.9296600818634033,-2.0772387981414795,-1.8045153617858887,-1.9035494327545166
YNL106C,val,True,True,-0.06440805643796921,0.012435511127114296,0.4958946108818054,-0.12470372021198273,-0.30307626724243164,-0.021007319912314415,0.015070252120494843,0.5872628152370453,0.8380769491195679,0.4791650176048279,0.596919596195221,0.5558626651763916,0.46628984808921814,0.1969593963585794,0.34302347898483276,0.3493024408817291,-0.006560970563441515,0.11411488056182861,0.184917151927948
YNL107W,val,True,True,0.40655961632728577,0.48727987408638,0.4206606149673462,0.460984468460083,0.8147883415222168,0.44212377071380615,0.2978421747684479,0.540182550996542,0.04101104661822319,0.853626549243927,0.7696335911750793,0.4383961260318756,0.5982454419136047,0.6404707372188568,0.7603760957717896,0.7665334343910217,0.9056385159492493,0.40031948685646057,0.36948615312576294
YNL108C,val,True,True,0.2613501250743866,0.3163104295730591,0.7227846384048462,-0.06056202948093414,0.25570744276046753,0.5898890495300293,0.07373304665088654,0.6225614070892334,0.5647287368774414,0.8735364675521851,0.610124945640564,0.661506712436676,0.40291017293930054,0.2579429119825363,0.4975636601448059,-0.0756591260433197,0.37912529706954956,0.16396506130695343,0.3247196674346924
YNL109W,val,False,False,-1.8193528652191162,-0.6001726925373078,-0.9837762117385864,-1.1699776649475098,-0.1823447197675705,0.1604911834001541,-0.8252560496330261,-0.16073987372219561,-0.17196565866470337,-0.31028562784194946,-0.1821877360343933,-0.027835587039589882,-0.1114247590303421,-1.3231982588768005,-1.690685510635376,-1.0638198852539062,-0.5817998051643372,-1.285831093788147,-1.9938549995422363
YNL110C,val,True,True,1.172208547592163,0.7329891741275787,0.6142950654029846,0.7083051800727844,0.7996577620506287,1.2174832820892334,0.3252045810222626,0.7884318828582764,0.9115431904792786,1.0171598196029663,0.5332252383232117,0.7691586017608643,0.711072564125061,0.846589183807373,0.6386608481407166,0.7764464020729065,1.3531663417816162,1.026208519935608,0.43846380710601807
YNL111C,val,True,True,0.392486572265625,0.857401829957962,1.038149356842041,0.5973737239837646,0.8793987035751343,1.410074234008789,0.3620131313800812,0.9329344511032105,0.9125452637672424,0.9267162680625916,0.7789814472198486,1.2780640125274658,0.7683652639389038,0.6373294591903687,0.3004041910171509,0.46694058179855347,0.9880775213241577,0.5824961066246033,0.8487288951873779
YNL112W,val,True,True,0.6211404204368591,0.9613580226898193,1.1028904914855957,0.8649117350578308,1.127704381942749,1.0621027946472168,0.6491807103157043,1.1609276294708253,1.092957854270935,1.3208811283111572,1.0264064073562622,1.308922529220581,1.0554702281951904,0.8238479971885682,0.513423502445221,0.9208332300186157,1.0958189964294434,0.7774868011474609,0.8116774559020996
YNL113W,val,True,True,1.50784170627594,0.8077465549111367,1.3366639614105225,0.6638901233673096,0.8136981129646301,1.131838321685791,0.09264225512742996,0.9855185151100159,0.8621526956558228,0.5220445990562439,1.5339267253875732,1.2104772329330444,0.798991322517395,0.7431927800178528,1.0104176998138428,0.6499477624893188,0.8057177066802979,0.42280203104019165,0.8270787000656128
YNL114C,val,False,False,-1.3886771202087402,-0.688545235991478,-0.9501182436943054,-0.6813198328018188,-0.9068945050239563,0.17282803356647491,-1.0772216320037842,-0.16073987372219561,-0.17196565866470337,-0.31028562784194946,-0.1821877360343933,-0.027835587039589882,-0.1114247590303421,-1.8326837301254273,-1.8264408111572266,-1.9665846824645996,-1.8629345893859863,-1.458541989326477,-2.0489165782928467
YNL115C,val,True,True,0.03967065364122391,-0.6145588286221028,-0.7047433853149414,-1.2068983316421509,-0.05352335795760155,-0.08616448193788528,-1.0214645862579346,-0.2056580126285553,-0.08319911360740662,-0.9051091074943542,-0.09842748939990997,0.28950920701026917,-0.23106355965137482,-0.5756432980298996,-1.3711711168289185,-0.654333233833313,0.09230206906795502,-0.557852566242218,-0.38716164231300354
YNL116W,val,True,True,0.4615919291973114,0.4194706976413727,0.5425463318824768,0.43116793036460876,0.3073788583278656,0.5226892232894897,0.2935711443424225,0.6444032192230225,0.4732542634010315,0.9862044453620911,0.5947941541671753,0.7408029437065125,0.426960289478302,0.138476025685668,0.32522812485694885,-0.13059702515602112,-0.018411602824926376,-0.027937209233641624,0.5440978407859802
YNL117W,val,True,True,-1.7136286497116089,-0.5415185451507568,-0.6728187799453735,-0.8063893914222717,-0.7597317099571228,-0.2557292878627777,-0.2129235565662384,-0.15698112845420836,-0.824446976184845,-0.42294925451278687,-0.7368825078010559,0.3833470642566681,0.8160260319709778,-0.7597880613058805,-0.5469145178794861,-1.2003803253173828,-1.0260789394378662,-0.005343383178114891,-1.0202231407165527
YNL118C,val,True,True,0.7571046948432922,0.6613526940345764,0.5650814175605774,0.30828821659088135,1.0969111919403076,1.0431889295578003,0.29329371452331543,1.1709835886955262,0.9195905923843384,1.4000967741012573,0.9476829171180725,1.3662019968032837,1.2213456630706787,0.652187168598175,0.4070606827735901,0.45867735147476196,1.121821641921997,0.6075600981712341,0.665816068649292
YNL119W,val,True,True,-0.2847636044025421,0.12085862308740616,0.47475412487983704,-0.5749824047088623,0.18128961324691772,0.575792133808136,-0.05256035178899765,0.9365622401237488,0.7669352293014526,1.2225267887115479,0.8484498858451843,1.0869991779327393,0.7579001188278198,0.22756571173667908,0.3810688555240631,0.05662073940038681,0.308925062417984,0.11597535759210587,0.2752385437488556
YNL120C,val,False,False,-2.0475821495056152,-1.0172716856002808,-0.9651961922645569,-0.6927211880683899,-1.6840050220489502,-0.5197005271911621,-1.2247354984283447,-0.16073987372219561,-0.17196565866470337,-0.31028562784194946,-0.1821877360343933,-0.027835587039589882,-0.1114247590303421,-2.0217897415161135,-2.040149688720703,-2.01824688911438,-2.0731377601623535,-1.921800136566162,-2.0556142330169678
YNL121C,val,True,True,1.314762830734253,0.9471762120723725,1.1474790573120117,0.9078083634376526,0.858374297618866,1.545872449874878,0.276346892118454,1.2323273420333862,1.3184528350830078,1.2436070442199707,1.392679214477539,1.3345931768417358,0.8723044395446777,1.0867241621017456,1.304880976676941,0.5438570976257324,1.1399661302566528,1.6935681104660034,0.7513484954833984
YNL122C,val,True,True,0.43578651547431946,-0.09556471109390259,0.13670456409454346,-0.17455561459064484,0.20702801644802094,-0.2578314542770386,-0.3891690671443939,0.19207852333784103,0.4386976361274719,0.04916930943727493,0.21227236092090607,0.17644643783569336,0.08380687236785889,-0.0793914943933487,-0.011230714619159698,-0.1633090376853943,0.22570094466209412,0.06463190168142319,-0.5127505660057068
YNL123W,val,True,True,0.4790691137313843,0.7851765394210816,0.7476261258125305,0.8692231774330139,0.8139211535453796,0.927452564239502,0.5676596760749817,1.180310106277466,1.4732835292816162,1.3001362085342407,1.2914496660232544,0.9044080972671509,0.9322730302810669,0.859743732213974,0.8844856023788452,1.0575003623962402,1.081834316253662,0.48534199595451355,0.7895563840866089
YNL124W,val,True,True,0.9931532740592957,0.5127263247966767,0.6377137303352356,0.41322061419487,0.7006217837333679,0.25036972761154175,0.5617057681083679,1.0287941336631774,0.7439413666725159,1.3355035781860352,0.9694857597351074,1.0816529989242554,1.0133869647979736,0.7160471439361572,1.1769369840621948,0.6152548789978027,0.4941486120223999,0.739073634147644,0.5548216104507446
YNL125C,val,False,True,0.21121209859848022,0.037781907618045805,-0.4601002037525177,0.21999359130859375,0.360239177942276,-0.07113384455442429,0.13991081714630127,0.15051203966140747,-0.031879033893346786,-0.25089675188064575,0.05855860933661461,0.6003822088241577,0.37639516592025757,0.10000365972518921,0.5546208620071411,0.08229011297225952,-0.6999638676643372,0.21453946828842163,0.34853172302246094
YNL126W,val,True,True,-0.1635044366121292,0.2078493893146515,0.3511836528778076,0.148567795753479,0.2803223431110382,0.4258735775947571,-0.16670042276382446,0.8694658398628234,0.7338812351226807,1.1393225193023682,0.902559220790863,0.8657586574554443,0.7058075666427612,0.2489111740142107,0.21453487873077393,0.2953811585903168,0.4656345844268799,-0.027128031477332115,0.29613327980041504
YNL127W,val,False,True,-0.06964904814958572,0.38398533314466476,0.8404517769813538,0.13623160123825073,0.06259381026029587,0.668613076210022,0.2120364010334015,0.4506982803344727,0.4506075978279114,0.5296023488044739,0.34068527817726135,0.6089740991592407,0.32362207770347595,0.21935419738292694,0.4001569449901581,-0.2808571457862854,0.19240997731685638,0.23591920733451843,0.5491420030593872
YNL128W,val,True,False,-1.1222914457321167,-0.07037507891654968,-0.07397636026144028,-0.6576734185218811,0.2506432831287384,0.049753956496715546,0.07937714457511902,-0.16073987372219561,-0.17196565866470337,-0.31028562784194946,-0.1821877360343933,-0.027835587039589882,-0.1114247590303421,-0.6993523627519608,-0.8442757725715637,-1.1328930854797363,0.24098323285579681,-0.8960432410240173,-0.8645329475402832
YNL129W,val,True,True,0.11529942601919174,0.7690718092024327,1.485797643661499,0.05071427300572395,0.7686461806297302,0.8854862451553345,0.6547147035598755,0.9317943811416626,0.877122700214386,0.9799969792366028,0.6942721009254456,0.9894428849220276,1.118137240409851,0.8157313942909241,0.626337468624115,1.094879150390625,0.9756631255149841,0.6391066312789917,0.7426705956459045
YNL130C,val,True,True,0.7602538466453552,0.22818562686443328,0.7207984328269958,0.09646296501159668,-0.2890816628932953,0.20049510896205902,0.4122532904148102,1.0094414830207825,1.0476542711257935,1.37747323513031,0.7185021042823792,1.0327390432357788,0.8708387613296509,0.4268354833126068,0.3359364867210388,0.33658620715141296,0.5177292823791504,0.35642409324645996,0.5875013470649719
YNL130C-A,val,False,False,-1.7304389476776123,-1.3415692567825317,-1.835953712463379,-1.492924690246582,-1.802623987197876,-0.2858072519302368,-1.290536642074585,-0.16073987372219561,-0.17196565866470337,-0.31028562784194946,-0.1821877360343933,-0.027835587039589882,-0.1114247590303421,-1.601667881011963,-1.6738148927688599,-1.9644396305084229,-1.5117297172546387,-1.3985146284103394,-1.4598405361175537
YNL131W,val,True,True,1.2854560613632202,0.458328078687191,0.4457375407218933,0.4514548182487488,0.49211347103118896,0.8143523931503296,0.0879821702837944,0.7305890321731567,0.6690923571586609,0.9290903210639954,0.7120444178581238,0.8128517270088196,0.5298663377761841,0.36689816117286683,0.2927265167236328,0.3982986807823181,0.6514305472373962,0.12023907899856567,0.37179598212242126
YNL132W,val,True,True,0.13305790722370148,0.9167018949985504,1.177720308303833,1.1696929931640625,0.5781856179237366,1.2006150484085083,0.4572955071926117,1.0280236959457398,1.0513142347335815,1.2734805345535278,1.0562889575958252,0.8846907615661621,0.874343991279602,0.8201640605926513,0.6346010565757751,0.5719640254974365,1.2233080863952637,1.1799266338348389,0.4910205006599426
YNL133C,val,True,True,0.9258350133895874,0.8341525852680206,1.2048050165176392,1.2767698764801025,0.5543491244316101,0.6886100769042969,0.44622883200645447,0.768229466676712,0.81125807762146,1.1988940238952637,0.3633836805820465,0.6736770272254944,0.7939345240592957,0.8899605631828308,0.7722114324569702,1.02463698387146,0.8585203886032104,1.3262089490890503,0.46822506189346313
YNL134C,val,True,True,2.213940382003784,0.7523272231221199,0.3414286971092224,1.2399526834487915,1.274269938468933,0.8411710262298584,0.0648137703537941,0.7206144809722901,0.6274440288543701,0.5013895630836487,1.244199514389038,0.6623134016990662,0.5677258968353271,0.9917209923267365,1.288588047027588,0.6659730076789856,1.5584635734558105,1.1553584337234497,0.2902218997478485
YNL135C,val,True,True,1.4651789665222168,0.916750967502594,1.2781648635864258,0.9652436375617981,0.8286890387535095,1.334349274635315,0.17730802297592163,1.018008863925934,1.038865566253662,0.9254321455955505,1.0755870342254639,1.3607884645462036,0.6893711090087891,0.8296275675296784,0.7412828803062439,0.36364805698394775,1.2152469158172607,1.385890245437622,0.44206973910331726
YNL136W,val,False,True,1.0305359363555908,0.6115774631500244,0.2530813217163086,0.6301341652870178,1.0265179872512817,1.0071269273757935,0.14102691411972046,0.6635733664035797,0.7839744687080383,0.8724526762962341,0.6243118643760681,0.5558239221572876,0.4813039004802704,0.838670527935028,0.9080660343170166,0.8675290942192078,1.3584766387939453,0.7052122354507446,0.3540686368942261
YNL137C,val,True,True,0.5670262575149536,0.245806522667408,0.3639379143714905,0.10707949101924896,0.18869204819202423,0.5292261838912964,0.04009697586297989,0.664237129688263,0.5158686637878418,0.7944923043251038,0.8804855942726135,0.49409955739974976,0.6362395286560059,0.35532636679708957,0.4412599802017212,0.29920822381973267,0.7301308512687683,-0.03073468618094921,0.3367674648761749
YNL138W,val,True,True,0.9297112822532654,0.4733974814414978,0.3050552010536194,0.28825873136520386,0.5441109538078308,0.6100404262542725,0.6195220947265625,0.7349327206611633,0.8591403961181641,0.6179565787315369,0.8456881642341614,0.8622970581054688,0.4895814061164856,0.5829673945903778,0.9751027226448059,0.17138424515724182,0.8666085600852966,0.4835023283958435,0.41823911666870117
YNL138W-A,val,True,True,0.08933933824300766,0.13750891461968423,0.7534075379371643,-0.020509179681539536,-0.2144739180803299,0.2944539785385132,-0.12533384561538696,0.5283609807491303,0.7044102549552917,0.5237816572189331,0.6972768902778625,0.38278892636299133,0.3335471749305725,0.057305571436882016,0.13955208659172058,-0.08682059496641159,0.18331637978553772,-0.07191494852304459,0.12239493429660797
YNL139C,val,True,True,0.13779543340206146,-0.2413233768194914,0.3297429084777832,-0.3665001094341278,-0.5652927160263062,0.018921637907624245,-0.6234886050224304,0.28110701143741607,0.5486065149307251,-0.015567123889923096,0.4088260233402252,0.33584874868392944,0.12782089412212372,0.008842321485280991,0.06321599334478378,-0.7750347852706909,0.47232383489608765,0.2531304359436035,0.030576128512620926
YNL140C,val,False,False,-1.7529467344284058,-0.3903406113386154,-0.05021579563617706,-0.34121760725975037,-0.7571490406990051,-0.28819602727890015,-0.5149245858192444,-0.16073987372219561,-0.17196565866470337,-0.31028562784194946,-0.1821877360343933,-0.027835587039589882,-0.1114247590303421,-0.602731691300869,-0.053884975612163544,-0.35053884983062744,-0.7426961064338684,-0.9406028985977173,-0.9259356260299683
YNL141W,val,False,True,0.15404415130615234,0.4801200687885284,0.8816879391670227,0.5677558779716492,0.3483264744281769,0.397416353225708,0.20541369915008545,0.7898617148399353,1.0355254411697388,0.9248178601264954,0.6011863350868225,0.8208683133125305,0.5669106245040894,0.5299372151494026,0.10462787002325058,0.8671382069587708,1.267667531967163,-0.055979952216148376,0.46623241901397705
YNL142W,val,True,True,-0.8038759827613831,-1.2264225602149963,-1.014640212059021,-1.5196030139923096,-0.9579402804374695,-1.2918494939804077,-1.348079800605774,-0.44984343349933625,-1.1847572326660156,-0.9666077494621277,-0.40920180082321167,-0.20449985563755035,0.5158494710922241,-1.0625770270824433,-1.3855198621749878,-1.8858325481414795,-0.8753799200057983,-1.2637476921081543,0.09759488701820374
YNL143C,val,True,False,-0.27845868468284607,0.21472682803869247,0.4675615727901459,-0.01933915540575981,0.03196326270699501,0.3784745931625366,0.21497386693954468,-0.16073987372219561,-0.17196565866470337,-0.31028562784194946,-0.1821877360343933,-0.027835587039589882,-0.1114247590303421,-0.5512824714183807,-0.3104490637779236,-0.19216158986091614,-0.7054603695869446,-0.4604179263114929,-1.0879234075546265
YNL144C,val,True,True,-0.4359046518802643,-0.24395857565104961,0.07424379140138626,-0.13463570177555084,-1.1538751125335693,0.010879749432206154,-0.016405604779720306,0.9023295342922211,0.8098374605178833,0.8433679938316345,0.34841659665107727,1.3900009393692017,1.1200246810913086,-0.46245698630809784,-0.7382607460021973,-0.7406774163246155,-0.3636336028575897,-0.5458977818489075,0.07618461549282074
YNL144W-A,val,False,False,-1.8805924654006958,-0.4315938472747803,-1.1116108894348145,-0.6893727779388428,-0.17360594868659973,0.29287993907928467,-0.4762595593929291,-0.16073987372219561,-0.17196565866470337,-0.31028562784194946,-0.1821877360343933,-0.027835587039589882,-0.1114247590303421,-1.991127324104309,-1.6593185663223267,-2.2388503551483154,-2.1778697967529297,-1.812983512878418,-2.0666143894195557
YNL145W,val,True,True,-1.2198970317840576,-0.4564874045550823,-0.6044445633888245,-0.9844858050346375,0.04302120581269264,0.22697246074676514,-0.9635003209114075,-0.44239662438631056,-0.3914751410484314,-0.719670832157135,-0.14607879519462585,0.03733091801404953,-0.9920892715454102,-0.6918345727026463,-0.8820421695709229,-0.9491659998893738,0.057891231030225754,-0.3479411005973816,-1.3379148244857788
YNL146C-A,val,True,True,-1.2736269235610962,-0.8943451523780823,-0.568295419216156,-1.212388038635254,-0.3783376216888428,-0.6477910280227661,-1.6649136543273926,-0.5993494033813477,-0.5040504932403564,-1.2963933944702148,-0.23975500464439392,-0.27077069878578186,-0.6857774257659912,-1.066369077563286,-0.3811413645744324,-1.7118043899536133,-0.9863992929458618,-0.21734313666820526,-2.0351572036743164
YNL146W,val,True,True,0.49738049507141113,0.2692597031593323,0.5332445502281189,-0.4117797017097473,0.3673952519893646,0.40586304664611816,0.451575368642807,0.4624339580535889,0.397405207157135,0.0790649950504303,0.6027064323425293,0.801121175289154,0.4318719804286957,0.417599493265152,0.4722543954849243,0.05961403250694275,0.7973335981369019,0.34419918060302734,0.4145962595939636
YNL147W,val,True,True,0.6310379505157471,0.033344684168696404,-0.016224095597863197,0.16583117842674255,-0.21505099534988403,0.439054012298584,-0.2068866789340973,0.5351444780826569,0.5894995331764221,0.5192779898643494,0.5951746106147766,0.615946352481842,0.35582390427589417,0.5517846763134002,0.5667470693588257,0.691434919834137,0.4574809670448303,0.7076193690299988,0.3356410562992096
YNL148C,val,True,True,0.9021358489990234,0.16312675774097443,0.1642325520515442,0.07237577438354492,0.22919096052646637,0.6162065863609314,-0.26637208461761475,0.5269910275936127,0.6592654585838318,0.37864306569099426,0.49888861179351807,0.6499456763267517,0.44821232557296753,0.3624658644199371,0.235009104013443,0.14107006788253784,0.7508116364479065,0.3299025893211365,0.35553592443466187
YNL149C,val,True,True,1.4690465927124023,0.8199771523475647,0.564967155456543,0.5591235160827637,1.0606436729431152,1.095085620880127,0.8200657963752747,1.2160900115966797,0.7118725776672363,1.2831432819366455,1.099709153175354,1.5131489038467407,1.4725761413574219,0.8127188920974732,0.9980451464653015,0.7962310910224915,0.9890361428260803,0.45962196588516235,0.8206601142883301
YNL150W,val,False,False,-1.7792441844940186,-0.5047024499624968,-0.8611013293266296,-0.25335946679115295,-0.12003955245018005,-0.0003065522760152817,-1.2887053489685059,-0.16073987372219561,-0.17196565866470337,-0.31028562784194946,-0.1821877360343933,-0.027835587039589882,-0.1114247590303421,-1.0037585020065307,-0.9680602550506592,-1.3233675956726074,-0.7179765701293945,-0.5354185104370117,-1.473969578742981
YNL151C,val,True,True,0.8934763073921204,0.31482652872800826,0.9930973649024963,-0.4051803648471832,0.3784056603908539,0.6683863401412964,-0.06057635694742203,0.3685280203819275,0.24866130948066711,0.24682244658470154,0.33348026871681213,0.6926903128623962,0.3209857642650604,0.37052564322948456,0.24708276987075806,0.2890152931213379,0.6929351687431335,0.24903301894664764,0.37456196546554565
YNL152W,val,True,True,0.1922348439693451,0.09880236759781838,0.14531147480010986,0.12363868951797485,-0.05836484208703041,0.0642649456858635,0.21916157007217407,0.6065930843353271,0.31358349323272705,0.8434683084487915,0.6207193732261658,0.6739057302474976,0.5812885165214539,0.42938993871212006,0.3492084741592407,0.442126989364624,1.0292129516601562,0.19337117671966553,0.13303010165691376
YNL153C,val,True,True,1.381130337715149,-0.2889439307153225,0.042271800339221954,0.015745025128126144,-0.6970666646957397,-0.35389482975006104,-0.4517749845981598,-0.07514241561293603,-0.472302109003067,-0.15200583636760712,-0.01701296865940094,0.22817961871623993,0.037429217249155045,-0.1644699987024069,0.17445725202560425,0.024045780301094055,-0.2678595185279846,-0.015318376943469048,-0.737675130367279
YNL154C,val,True,True,1.2159641981124878,-0.48997841477394105,-0.47183147072792053,-0.6046874523162842,-1.0794569253921509,-0.16192004084587097,-0.13199618458747864,-0.1252169281244278,0.12987223267555237,0.18609684705734253,-1.4755172729492188,0.328530877828598,0.20493267476558685,-0.14255363047122954,0.2099311351776123,-0.6156039237976074,0.13684307038784027,-0.8419223427772522,0.3979839086532593
YNL155W,val,True,True,0.8109879493713379,0.7537324547767639,0.9816548228263855,0.6503762602806091,0.7092574238777161,1.032422661781311,0.39495110511779785,0.6037017047405243,0.43444135785102844,0.7253444194793701,0.4973762631416321,0.6136505603790283,0.7476959228515625,0.7420076131820679,0.752824604511261,0.6128405928611755,0.675494909286499,1.0825879573822021,0.5862900018692017
YNL156C,val,True,True,0.7452422380447388,0.12227321937680244,0.252926766872406,0.013986855745315552,0.04437381401658058,0.16279709339141846,0.13728156685829163,0.6825124263763428,0.4005396366119385,0.698663055896759,0.9032610058784485,0.5735270380973816,0.8365713953971863,0.5751466125249862,0.7364142537117004,1.0464036464691162,0.224750354886055,0.3767966628074646,0.4913681447505951
YNL157W,val,True,True,0.9043031930923462,1.0542765617370606,0.8635437488555908,1.4040741920471191,0.9637560844421387,0.9882080554962158,1.0518007278442383,1.3456589221954345,1.1794872283935547,1.587926983833313,1.0706206560134888,1.417056918144226,1.4732028245925903,0.9192506790161132,0.7559995651245117,1.0987253189086914,1.2227387428283691,0.7140848636627197,0.8047049045562744
YNL158W,val,True,True,0.7158388495445251,0.47379151582717893,0.5078770518302917,0.5685554146766663,0.3609432578086853,0.8274104595184326,0.10417139530181885,0.6367802381515503,0.44480204582214355,0.7163707613945007,0.7509950995445251,0.7338824272155762,0.5378508567810059,0.18358311280608178,-0.18144491314888,0.27420252561569214,0.13747963309288025,0.6760048270225525,0.011673491448163986
YNL159C,val,True,True,0.7978104948997498,0.5144403040409088,0.501849353313446,0.6358470320701599,0.647638738155365,1.0087363719940186,-0.22186997532844543,0.6341260612010956,0.3529186248779297,0.7782532572746277,0.6283283233642578,1.0022457838058472,0.40888431668281555,0.3958656683564186,-0.0789337083697319,0.6177204251289368,0.9957106113433838,0.3614487946033478,0.08338221907615662
YNL160W,val,False,True,0.19038723409175873,-0.5892187088727951,-0.2751472592353821,-0.19994518160820007,-1.5026854276657104,0.12998561561107635,-1.0983012914657593,-0.055403382331132886,0.06707681715488434,-0.273591011762619,-0.42412522435188293,0.30343618988990784,0.050186317414045334,-0.0561867892742157,0.8450799584388733,-0.054304033517837524,-0.7230711579322815,0.16670656204223633,-0.5153452754020691
YNL161W,val,True,True,1.0711016654968262,0.6990194141864776,1.1448748111724854,0.38778096437454224,0.46248507499694824,1.05351722240448,0.4464389979839325,0.8550498604774475,0.7563616037368774,0.8617240786552429,0.7906851172447205,1.1419519186019897,0.724526584148407,0.630264687538147,0.4892919659614563,0.4576006531715393,1.0276563167572021,0.5788600444793701,0.597914457321167
YNL162W,val,True,True,1.2499512434005737,0.8768523633480072,0.916446328163147,1.0493524074554443,0.49635040760040283,1.5245376825332642,0.3975749909877777,1.2147794961929321,1.280496597290039,1.023918867111206,1.1097137928009033,1.6769218444824219,0.9828463792800903,1.0187332510948182,1.4208695888519287,0.858380138874054,1.2204556465148926,0.5625572204589844,1.031403660774231
YNL162W-A,val,True,True,0.4078519344329834,0.029415757954120637,-0.15204671025276184,0.2373223900794983,0.43350353837013245,0.03563917428255081,-0.40733960270881653,0.19232447668910027,0.009860415011644363,0.039305053651332855,0.14314092695713043,0.4092015326023102,0.3601144552230835,-0.13305999673902988,-0.19735395908355713,-0.19676297903060913,-0.05049820616841316,-0.023068604990839958,-0.19761623442173004
YNL163C,val,True,True,0.1458379179239273,-0.15977600179612636,-0.025576410815119743,-0.33752796053886414,0.2877071499824524,-0.27447831630706787,-0.44900447130203247,0.12187355384230614,0.10446308553218842,-0.033855922520160675,0.2519961893558502,0.2639380395412445,0.02282637730240822,-0.008142281323671341,-0.06142187863588333,-0.17815664410591125,0.14523528516292572,0.10895099490880966,-0.0553191639482975
YNL164C,val,True,True,0.5986812114715576,0.24603952430188655,0.02594769559800625,0.3349332809448242,0.5149199962615967,0.38902589678764343,-0.03462924808263779,0.18194679766893387,0.1779467761516571,0.1016436293721199,0.08340339362621307,0.46939197182655334,0.07734821736812592,0.14082142524421215,0.34034082293510437,-0.009196169674396515,0.3790731430053711,0.02489594556391239,-0.031006615608930588
YNL165W,val,True,True,-0.05358738452196121,0.33061252236366273,0.6125701069831848,0.25659695267677307,0.3783693313598633,0.2560911178588867,0.1494351029396057,0.5148278832435608,0.7651700973510742,0.4830179214477539,0.4203343689441681,0.6197885274887085,0.28582850098609924,0.4147674649953842,0.39263826608657837,0.45247137546539307,0.6366506218910217,0.16613350808620453,0.4259435534477234
YNL166C,val,True,True,0.9413382411003113,0.5352933347225189,1.000433087348938,0.39433175325393677,0.5821431875228882,0.5535401701927185,0.14601847529411316,0.625329977273941,0.6273424625396729,0.8147055506706238,0.6481773257255554,0.46364107728004456,0.5727834701538086,0.5632404565811158,1.0083600282669067,-0.16384238004684448,0.8379443287849426,0.7636435627937317,0.37009674310684204
YNL167C,val,True,True,0.6226072907447815,0.373271518945694,0.38735854625701904,0.16709771752357483,0.41704684495925903,0.6745337843894958,0.2203207015991211,0.6321061253547668,0.7392416000366211,0.2732754945755005,0.7337860465049744,0.7049053907394409,0.7093220949172974,0.5923523068428039,0.7647380232810974,0.2985135614871979,0.612433135509491,0.9639808535575867,0.32209596037864685
YNL168C,val,True,True,0.6433018445968628,0.2441386580467224,0.18729299306869507,0.48509377241134644,0.2892497479915619,0.48439669609069824,-0.22533991932868958,0.2401113450527191,0.19159920513629913,0.2763403356075287,0.16105660796165466,0.5042412281036377,0.0673193484544754,0.35862175822257997,0.2990263104438782,0.26224663853645325,0.722266435623169,0.38185691833496094,0.12771248817443848
YNL169C,val,True,True,1.1762245893478394,0.8811437606811523,1.1656944751739502,0.7401657700538635,0.80223548412323,1.0723507404327393,0.6252723336219788,0.8255641102790833,0.6693608164787292,1.0025304555892944,0.919547975063324,0.9948410987854004,0.5415402054786682,0.9859370231628418,0.9615213871002197,1.1389861106872559,0.978619396686554,1.2278691530227661,0.6226890683174133
YNL170W,val,False,False,-0.6902536749839783,-0.09408172369003295,-0.2237171232700348,-0.12074963748455048,-0.1638450175523758,0.3293386697769165,-0.29143550992012024,-0.16073987372219561,-0.17196565866470337,-0.31028562784194946,-0.1821877360343933,-0.027835587039589882,-0.1114247590303421,-1.176499080657959,-0.8381157517433167,-1.6381263732910156,-1.5603797435760498,-0.528355062007904,-1.3175184726715088
YNL171C,val,False,False,-1.8906028270721436,-0.07713834047317505,0.14764785766601562,0.16301316022872925,-0.5157469511032104,0.44357937574386597,-0.6241851449012756,-0.16073987372219561,-0.17196565866470337,-0.31028562784194946,-0.1821877360343933,-0.027835587039589882,-0.1114247590303421,-1.2574375867843628,-1.346154808998108,-0.48504674434661865,-1.975684642791748,-0.7141228914260864,-1.766178846359253
YNL172W,val,True,True,-0.26375171542167664,0.04318396598100662,0.04501624405384064,-0.2824283838272095,0.2775854170322418,0.16180162131786346,0.013944931328296661,0.43541359603405,0.47417008876800537,0.3150452971458435,0.16996075212955475,0.8259944915771484,0.3918973505496979,0.011781069636344909,-0.18973112106323242,0.08363048732280731,0.16686999797821045,-0.3577653467655182,0.3559013307094574
YNL173C,val,True,True,0.6553952097892761,0.34531697630882263,0.2502238154411316,0.705674409866333,0.2874143421649933,0.29489725828170776,0.1883750557899475,0.5452239334583282,0.7433574199676514,0.5843905210494995,0.28756576776504517,0.7389723658561707,0.37183359265327454,0.19253896698355674,0.21187078952789307,0.19450311362743378,0.057527970522642136,0.09994389116764069,0.3988490700721741
YNL174W,val,False,False,-1.7862228155136108,-0.5879129081964493,-0.8016136884689331,-1.3764655590057373,-0.14769907295703888,0.16273415088653564,-0.7765203714370728,-0.16073987372219561,-0.17196565866470337,-0.31028562784194946,-0.1821877360343933,-0.027835587039589882,-0.1114247590303421,-2.0227044820785522,-1.82249116897583,-2.16522216796875,-2.117492437362671,-1.9435466527938843,-2.064769983291626
YNL175C,val,True,True,0.9754911661148071,1.201361358165741,1.8785109519958496,1.5851951837539673,0.7887272834777832,0.9585925936698914,0.7957807779312134,0.9011096358299255,0.7345832586288452,1.2232800722122192,0.6162675023078918,0.8891923427581787,1.0422250032424927,0.9864558100700378,1.276800513267517,0.46090102195739746,1.30800461769104,0.8490793108940125,1.0374935865402222
YNL176C,val,True,True,0.8756247162818909,0.08564692735671997,0.2064095139503479,-0.33636027574539185,0.36924901604652405,0.38968414068222046,-0.2007477581501007,0.14483696222305298,-0.013658631592988968,0.02931401878595352,0.027575280517339706,0.4804096817970276,0.20054446160793304,0.17998207360506058,0.028991080820560455,-0.2692156434059143,0.8232009410858154,0.20593997836112976,0.11099401116371155
YNL177C,val,True,True,0.981804370880127,0.2549887552857399,0.2568157911300659,0.20106959342956543,0.3925875127315521,0.48318567872047424,-0.05871479958295822,0.5511381387710571,0.5253409743309021,0.6423752307891846,0.28583353757858276,0.7493783235549927,0.5527626276016235,0.18517391309142112,0.2272389531135559,0.38337862491607666,-0.04920731857419014,0.051792263984680176,0.31266704201698303
YNL178W,val,True,True,1.3130550384521484,1.6412122249603271,2.3969435691833496,1.8117507696151733,1.379357099533081,1.5140527486801147,1.103956937789917,1.3691804945468902,1.4889379739761353,1.4220958948135376,0.4064500629901886,1.7370150089263916,1.7914035320281982,1.362230658531189,1.0286506414413452,1.2687716484069824,1.8040834665298462,1.307050108909607,1.402597427368164
YNL179C,val,False,False,1.45663321018219,-0.09007804095745087,0.40509670972824097,-0.4038866460323334,-0.2519412338733673,0.21071936190128326,-0.4103783965110779,-0.16073987372219561,-0.17196565866470337,-0.31028562784194946,-0.1821877360343933,-0.027835587039589882,-0.1114247590303421,-1.4693711757659913,-1.2642768621444702,-1.866128921508789,-1.0384721755981445,-1.5277541875839233,-1.650223731994629
YNL180C,val,True,True,1.5195674896240234,-0.26951355338096616,0.523224413394928,-0.5137618184089661,0.42115989327430725,-0.5050860643386841,-1.273104190826416,0.008053004741668701,-0.08297426998615265,-0.5911672711372375,0.3577818274497986,0.1905406266450882,0.16608411073684692,-1.0139349102973938,-1.2694116830825806,-1.1047697067260742,-0.9419718384742737,-1.354056715965271,-0.39946460723876953
YNL181W,val,False,True,0.35125741362571716,-0.9896756261587143,-0.5216934084892273,-1.4991655349731445,-0.8128619194030762,-0.22802422940731049,-1.886633038520813,-0.8026518821716309,-1.1517441272735596,-1.294309139251709,-0.99815434217453,0.475996196269989,-1.0450479984283447,-0.21592288315296174,0.5536620616912842,-0.654746949672699,0.17200003564357758,-0.3449022173881531,-0.8056273460388184
YNL182C,val,True,True,0.2053230255842209,-0.15154725909233094,0.47919511795043945,-0.5439600944519043,-0.5565972924232483,0.298065185546875,-0.43443921208381653,0.27058954536914825,-0.31943652033805847,1.0601762533187866,-0.2476944476366043,0.4575824439525604,0.402319997549057,0.18020586371421815,0.25307098031044006,0.3530009090900421,-0.2530421018600464,0.3848333954811096,0.1631661355495453
YNL183C,val,True,True,0.23071187734603882,0.1206639738753438,0.3083344101905823,0.05949025973677635,0.010609847493469715,0.1894788146018982,0.03540653735399246,-0.16246921420097352,-0.20647050440311432,-0.362773060798645,-0.6010491847991943,0.4784095883369446,-0.12046290934085846,0.32623607516288755,0.5969395637512207,-0.24598634243011475,0.5232371687889099,0.43889254331588745,0.31809744238853455
YNL184C,val,False,True,-1.9120826721191406,-0.7489695847034454,-0.1544187068939209,-1.2513447999954224,-1.401332139968872,-0.4184194505214691,-0.5193328261375427,-0.5250878095626831,-0.42377525568008423,-0.7381082773208618,-0.6315181255340576,-0.5644922852516174,-0.26754510402679443,-0.47224652767181396,-0.7950976490974426,-0.4251953959465027,-1.2256746292114258,-0.14904901385307312,0.2337840497493744
YNL185C,val,True,True,0.14001749455928802,-0.04623858332633972,0.32398974895477295,-0.0721685141324997,-0.49198517203330994,0.15944086015224457,-0.1504698395729065,0.4739335417747498,0.34807461500167847,0.48792171478271484,0.6664952039718628,0.30652010440826416,0.5606560707092285,0.17033114060759544,0.24769270420074463,0.09964236617088318,0.024653833359479904,0.21419474482536316,0.26547205448150635
YNL186W,val,True,True,0.6319872736930847,-0.3305481463670731,-0.5862669348716736,-1.2779539823532104,0.27331310510635376,0.2025294452905655,-0.2643623650074005,0.44951446205377577,-0.22258085012435913,-0.03943943232297897,0.8800333142280579,0.8912557363510132,0.738303542137146,-0.24095162153244018,-0.34753507375717163,-0.5796127915382385,-0.4913737177848816,-0.3090752363204956,0.5228387117385864
YNL187W,val,True,True,0.36328914761543274,0.12810492310673,0.35207921266555786,-0.02965395152568817,0.007757958956062794,0.39334630966186523,-0.0830049142241478,0.41793144345283506,0.4454078674316406,0.3824995160102844,0.4003090560436249,0.3512074947357178,0.5102332830429077,-0.017747460305690764,-0.1416897475719452,-0.32815152406692505,0.08605412393808365,0.1316806972026825,0.16336914896965027
YNL188W,val,True,True,0.4919235110282898,1.0081072688102721,1.3612358570098877,1.7491376399993896,0.6302509307861328,1.0253006219863892,0.27461129426956177,0.9149969816207886,0.999779462814331,0.9972085356712341,0.9348699450492859,0.9265726804733276,0.7165542840957642,0.5133444666862488,0.6611508727073669,0.41455739736557007,0.6433851718902588,0.31393635272979736,0.5336925387382507
YNL189W,val,True,True,0.4675906002521515,0.7467096745967865,0.5153807997703552,0.938243567943573,0.9407686591148376,1.092514157295227,0.24664118885993958,0.9463938713073731,0.8909786343574524,0.6306247711181641,0.9203879833221436,1.336434006690979,0.9535439610481262,0.8522305369377137,0.7385373711585999,0.645220935344696,1.445424199104309,0.9974204301834106,0.4345497488975525
YNL190W,val,False,True,2.104459047317505,1.5066212177276612,1.6376218795776367,1.7184298038482666,1.1491668224334717,1.6570286750793457,1.370858907699585,1.367252779006958,0.9229108095169067,1.6860949993133545,1.2361907958984375,1.679517149925232,1.3115501403808594,1.2499284148216248,0.9753813147544861,1.3427886962890625,1.5447485446929932,1.0792664289474487,1.3074570894241333
YNL191W,val,True,True,0.2917315661907196,-1.636889362335205,-2.55271577835083,-1.1595613956451416,-1.463092565536499,-1.537959337234497,-1.4711177349090576,-0.35822337195277215,-1.119225025177002,-0.6885141134262085,-0.03141757473349571,-0.6134648323059082,0.6615046858787537,-1.4863938093185425,-1.4401440620422363,-1.1727049350738525,-1.8874984979629517,-1.313524603843689,-1.618096947669983
YNL192W,val,True,True,0.641665518283844,0.8680102527141571,1.2119176387786865,0.6888557076454163,0.4970693290233612,1.2465190887451172,0.6956894993782043,0.907176423072815,0.5503259897232056,0.8611726760864258,0.8195738792419434,1.4144527912139893,0.8903567790985107,0.4889520645141602,0.9479544758796692,-0.3209388256072998,0.8502922654151917,0.3849033713340759,0.5825490355491638
YNL193W,val,True,True,-0.20411719381809235,0.19971752315759658,-0.13889190554618835,-0.053968243300914764,0.21372810006141663,0.7915024757385254,0.18621718883514404,0.30067315995693206,0.4419010579586029,-0.12506216764450073,0.42354336380958557,0.5708214044570923,0.1921621412038803,0.11744345575571061,-0.07408937811851501,-0.10948214679956436,0.1512964516878128,0.21277666091918945,0.4067156910896301
YNL194C,val,True,True,-1.6589009761810303,-0.5370353996753693,-1.2886121273040771,-1.1412304639816284,-0.3199521601200104,0.6130726337432861,-0.5484548807144165,0.13023369908332824,0.15738359093666077,-0.014334797859191895,0.23074568808078766,0.4331769049167633,-0.1558028906583786,-0.11710002645850182,-0.21179571747779846,-0.3726528286933899,0.22479987144470215,-0.24342674016952515,0.017575282603502274
YNL195C,val,True,True,-1.1441432237625122,0.13523976802825927,0.445390909910202,0.6817792057991028,0.8070802092552185,-0.1787111461162567,-1.0793403387069702,0.3878279149532318,0.31803691387176514,0.6600181460380554,1.181225299835205,0.31192198395729065,-0.5320627689361572,0.3123040318489075,0.3718087673187256,0.44868361949920654,0.5512267351150513,0.6378845572471619,-0.4480835199356079
YNL196C,val,True,True,-1.8399617671966553,-0.9865314483642578,-1.32460618019104,-1.3526825904846191,-0.8117383122444153,-0.9080958366394043,-0.5355343222618103,-0.5786561906337738,-0.31057459115982056,-1.2533965110778809,-0.7763113975524902,-0.2620481848716736,-0.2909502685070038,-0.24017179012298584,0.23401126265525818,-0.2591959834098816,0.20817115902900696,-0.5053226351737976,-0.8785227537155151
YNL197C,val,True,True,1.336402177810669,0.7718962371349335,1.2046878337860107,0.664912760257721,0.7616639733314514,1.0437343120574951,0.18448230624198914,0.9289072275161743,1.0290322303771973,0.6482506394386292,0.9245476126670837,1.0328136682510376,1.0098919868469238,0.7893887281417846,1.1642968654632568,0.674361526966095,0.9312049150466919,0.6635451316833496,0.51353520154953
YNL198C,val,False,False,-1.49843430519104,-1.0233958601951598,-0.7405511140823364,-1.27578604221344,-0.9835523962974548,-1.0589804649353027,-1.0581092834472656,-0.16073987372219561,-0.17196565866470337,-0.31028562784194946,-0.1821877360343933,-0.027835587039589882,-0.1114247590303421,-1.767273211479187,-1.6110444068908691,-2.0382635593414307,-1.9138100147247314,-1.7354966402053833,-1.5377514362335205
YNL199C,val,True,True,0.7684245705604553,0.44980131685733793,0.828188955783844,0.3623009920120239,0.3925688564777374,0.4923371970653534,0.17361058294773102,0.8159114122390747,0.6644221544265747,1.0722870826721191,0.8890238404273987,0.8707687854766846,0.5830551981925964,0.5828131556510925,1.222489356994629,0.6008130311965942,0.5525956153869629,0.17110174894332886,0.36706602573394775
YNL200C,val,True,True,0.18828248977661133,0.5991449177265167,0.9364563822746277,0.5009524822235107,0.5903317332267761,0.5815616846084595,0.3864223062992096,0.6612902522087097,0.7661389708518982,0.5151678323745728,0.6827930808067322,0.7604327201843262,0.5819186568260193,0.43851704001426695,0.6067231893539429,0.09483605623245239,0.5825625061988831,0.3036014139652252,0.6048620343208313
YNL201C,val,False,True,0.3969685435295105,0.5925370335578919,0.9119629263877869,0.2113734483718872,1.060286045074463,0.2884688079357147,0.49059394001960754,0.7479274481534958,1.2364007234573364,0.8706398010253906,0.9246389269828796,0.5098414421081543,0.19811634719371796,0.42100036442279815,0.34854787588119507,-0.044570788741111755,0.9645488858222961,0.5529465079307556,0.2835293412208557
YNL202W,val,True,True,-0.8930792212486267,-0.8799636006355286,-0.9203853011131287,-0.9006324410438538,-0.6555484533309937,-0.9930628538131714,-0.9301889538764954,-1.2233611702919007,-1.0887590646743774,-2.1128182411193848,-0.47168880701065063,-1.7090489864349365,-0.7344907522201538,-0.8320730030536652,-0.39884278178215027,-0.7528242468833923,-1.5921571254730225,-0.42761003971099854,-0.9889308214187622
YNL203C,val,False,False,-0.7263017296791077,-0.3034728169441223,-0.5169190168380737,-0.8649031519889832,-0.2523011863231659,0.5603285431861877,-0.44356927275657654,-0.16073987372219561,-0.17196565866470337,-0.31028562784194946,-0.1821877360343933,-0.027835587039589882,-0.1114247590303421,-1.5204945802688599,-1.7651010751724243,-1.9122576713562012,-1.0239044427871704,-1.189740538597107,-1.7114691734313965
YNL204C,val,True,True,-1.0351171493530273,-0.5922693371772766,-0.5169922709465027,-1.040526270866394,-0.6532873511314392,-0.19847017526626587,-0.5520706176757812,-0.828054204583168,-1.11142098903656,-0.6785960793495178,-1.2063709497451782,-1.0264699459075928,-0.11741305887699127,-0.7682257950305938,-0.22892895340919495,-1.0368919372558594,-1.472031593322754,-0.7545177340507507,-0.3487587571144104
YNL205C,val,False,False,-2.088510751724243,-0.16013733558356763,0.29604482650756836,-0.5908215641975403,-0.2824155390262604,-0.008649786934256554,-0.21484461426734924,-0.16073987372219561,-0.17196565866470337,-0.31028562784194946,-0.1821877360343933,-0.027835587039589882,-0.1114247590303421,-1.0015620648860932,-1.2409169673919678,-1.5933730602264404,-0.48657235503196716,-1.2139219045639038,-0.4730260372161865
YNL206C,val,True,True,0.3248569667339325,0.3999842911958694,0.9505864977836609,0.1840430200099945,0.2989481985569,0.5404689908027649,0.025874748826026917,0.6781162083148956,0.9408013820648193,0.6426942944526672,0.47478511929512024,0.7281108498573303,0.604189395904541,0.5312412858009339,0.3513892889022827,0.7151287794113159,0.9803847670555115,0.17871922254562378,0.4305843710899353
YNL207W,val,True,True,0.8376181125640869,0.8719076454639435,1.2256577014923096,0.47018903493881226,1.122410774230957,1.1513599157333374,0.38992080092430115,0.7423285961151123,0.979007363319397,0.5586943626403809,0.7356575727462769,0.7626901865005493,0.6755934953689575,0.47423809468746186,0.5091432929039001,0.1817670315504074,0.653377115726471,0.6835073232650757,0.3433957099914551
YNL208W,val,True,True,0.9906945824623108,1.3744541645050048,1.3484561443328857,1.8763457536697388,1.4727604389190674,1.3228344917297363,0.8518739938735962,1.11737163066864,0.7318329811096191,1.645111322402954,0.9735726714134216,1.4088095426559448,0.827531635761261,1.2203807651996612,1.2671160697937012,1.5366344451904297,1.6404008865356445,1.2361088991165161,0.42164352536201477
YNL209W,val,True,True,0.8348097205162048,0.8992615640163422,0.8771932125091553,0.5254072546958923,1.2631428241729736,1.4182177782058716,0.412346750497818,0.9786751866340637,0.5664635896682739,0.9074665307998657,1.109015703201294,1.4109687805175781,0.8994613289833069,0.7716704607009888,0.7181193232536316,0.7761841416358948,1.0267150402069092,0.7038760185241699,0.6334577798843384
YNL210W,val,False,True,-1.9878569841384888,-1.3090908169746398,-1.8515141010284424,-1.8898295164108276,-0.7930693626403809,-1.2308000326156616,-0.780241072177887,-1.0353176236152648,-1.3887698650360107,-1.8058031797409058,-0.9436352252960205,-0.35617679357528687,-0.6822030544281006,-1.0476723551750182,-0.7295203804969788,-1.311763048171997,-1.290858268737793,-0.7580840587615967,-1.148136019706726
YNL211C,val,True,True,0.15722167491912842,-0.611503130197525,-0.7243967056274414,-0.24435168504714966,-0.32875946164131165,-0.8045393228530884,-0.955468475818634,-0.18703505918383598,-0.2898246645927429,-0.34364306926727295,-0.5318795442581177,0.19870539009571075,0.031466592103242874,0.010582727193832398,-0.3524593114852905,0.061566710472106934,0.19601786136627197,0.5516191720962524,-0.40383079648017883
YNL212W,val,True,True,0.30912071466445923,0.49730895161628724,0.44443219900131226,0.6527860760688782,0.6457223296165466,0.9729534387588501,-0.229349285364151,0.5158432304859162,0.6498234272003174,0.31076791882514954,0.5098642706871033,0.6754326820373535,0.433327853679657,0.6661951959133148,0.985496461391449,0.6568642854690552,0.8293159604072571,0.5646060705184937,0.2946932017803192
YNL213C,val,True,True,0.7516156435012817,0.7043521702289581,0.48262327909469604,0.963986337184906,0.9418680667877197,0.9837532639503479,0.14952990412712097,0.8068265199661255,0.7782226800918579,0.9063045382499695,0.9007229208946228,0.8301761150360107,0.6187063455581665,0.6369507908821106,0.7286261320114136,0.6629247665405273,0.8390635251998901,0.5551975965499878,0.39894193410873413
YNL214W,val,False,True,0.04074215888977051,0.2558127760887146,0.20631682872772217,0.20721840858459473,0.25400641560554504,0.8130950927734375,-0.20157286524772644,0.2717668950557709,0.4594269096851349,0.30168792605400085,0.21683955192565918,0.1985441893339157,0.18233589828014374,0.1900940418243408,0.2853931784629822,-0.419718861579895,0.15539729595184326,0.5839069485664368,0.3454916477203369
YNL215W,val,True,True,0.9470334053039551,0.08507267162203788,0.4140135645866394,0.012626763433218002,-0.15060871839523315,0.2830740213394165,-0.13374227285385132,0.3458518087863922,0.27276062965393066,0.14666202664375305,0.40765056014060974,0.599289059638977,0.30289676785469055,0.705787992477417,0.5373784303665161,0.6667221188545227,1.0627002716064453,0.7547094225883484,0.5074297189712524
YNL216W,val,True,True,0.513190507888794,1.0494324326515199,1.3984395265579224,0.9064227938652039,0.8946153521537781,1.290197491645813,0.7574869990348816,1.3472866535186767,1.237380027770996,1.4341723918914795,1.0875972509384155,1.6263507604599,1.3509328365325928,1.1459907412528991,0.6713098883628845,1.1530125141143799,1.6149709224700928,1.1506155729293823,1.1400448083877563
YNL217W,val,True,True,0.8121317625045776,0.8847163915634155,0.833426296710968,1.4558078050613403,0.858070969581604,1.0587389469146729,0.21753793954849243,1.0013455510139466,0.7730801701545715,1.109483003616333,1.334595799446106,1.00468909740448,0.7848796844482422,0.666660463809967,0.45150792598724365,0.7851330041885376,1.2094087600708008,0.314936101436615,0.5723165273666382
YNL218W,val,True,True,-0.17180387675762177,0.520904278755188,0.37876594066619873,0.5874605178833008,0.41186848282814026,0.9569857120513916,0.26944074034690857,0.628100436925888,0.31605395674705505,0.8288806080818176,0.45624303817749023,0.895419180393219,0.6439054012298584,0.2672399815171957,0.28381115198135376,-0.16459199786186218,0.5645664930343628,0.006761012598872185,0.645653247833252
YNL219C,val,True,True,0.19063109159469604,0.1369083844125271,-0.0957612693309784,-0.18117684125900269,0.060440611094236374,0.576037585735321,0.3250018358230591,0.4453852355480194,0.19523128867149353,0.14055484533309937,0.7809575796127319,0.6573213934898376,0.45286107063293457,0.2708294868469238,0.4682353138923645,0.343681275844574,0.22070740163326263,0.2551838457584381,0.06633959710597992
YNL220W,val,True,True,-0.14409035444259644,0.3998062625527382,0.18583574891090393,1.0222458839416504,0.9519721865653992,0.07543302327394485,-0.2364555299282074,0.6110401451587677,0.32625892758369446,0.5265429615974426,0.7912917137145996,0.9715837240219116,0.4395233988761902,0.18532245382666587,-0.031926367431879044,0.3348575830459595,0.5609712600708008,0.23274067044258118,-0.170030876994133
YNL221C,val,True,True,0.6229610443115234,0.7611212134361267,0.6249622702598572,0.31832313537597656,0.9761133193969727,1.3383574485778809,0.5478498935699463,0.8245371580123901,0.6039650440216064,0.6953812837600708,0.5612433552742004,1.3115874528884888,0.9505086541175842,0.5534272968769074,0.6846354603767395,0.3487406373023987,1.0103679895401,0.12606540322303772,0.5973269939422607
YNL222W,val,False,True,0.1261993944644928,0.2869105838239193,0.10633149743080139,0.41634929180145264,0.04725576564669609,0.6381204724311829,0.2264958918094635,0.5337288856506348,0.586030125617981,0.628336489200592,0.3779854476451874,0.6760944128036499,0.40019795298576355,0.20491463989019393,0.5639419555664062,0.04738668352365494,0.14841021597385406,-0.0803765058517456,0.34521085023880005
YNL223W,val,True,True,-0.10316543281078339,-0.2223241448402405,0.15992572903633118,-0.0848904401063919,-0.01807224750518799,-0.22826887667179108,-0.9403148889541626,0.18145621716976165,0.2552766799926758,0.3232526183128357,0.059106312692165375,0.03156564384698868,0.23807983100414276,-0.23073164522647857,0.19603177905082703,0.18796972930431366,-0.6350651979446411,0.2701428234577179,-1.1727373600006104
YNL224C,val,False,True,0.39411288499832153,0.19318279772996902,0.33558204770088196,0.2623021602630615,0.07856783270835876,0.3482027053833008,-0.058740757405757904,0.39734684824943545,0.4880383014678955,0.3601381778717041,0.2547288239002228,0.48781588673591614,0.3960130512714386,0.34048955962061883,0.7883253693580627,0.22279348969459534,0.16917847096920013,0.5731596946716309,-0.051009226590394974
YNL225C,val,False,True,0.047325894236564636,0.3194605827331543,0.44654354453086853,0.2618721127510071,0.3948611915111542,0.7634149789810181,-0.26938891410827637,0.6149378597736359,0.7823089957237244,0.7447439432144165,0.46655556559562683,0.6348978281021118,0.4461829662322998,0.32040166556835176,0.4018968939781189,0.20835435390472412,0.6293419599533081,0.17947962880134583,0.18293549120426178
YNL226W,val,False,False,-2.0334925651550293,-0.5401135325431824,-0.6471907496452332,-0.7355630993843079,-1.0436569452285767,0.39935964345932007,-0.6735165119171143,-0.16073987372219561,-0.17196565866470337,-0.31028562784194946,-0.1821877360343933,-0.027835587039589882,-0.1114247590303421,-1.2173956274986266,-1.320125937461853,-1.3229119777679443,-1.72585928440094,-0.4852674603462219,-1.2328134775161743
YNL227C,val,True,False,0.427496075630188,-0.4602901667356491,-0.9764043688774109,-0.23135632276535034,-0.18882712721824646,0.16936884820461273,-1.0742318630218506,-0.16073987372219561,-0.17196565866470337,-0.31028562784194946,-0.1821877360343933,-0.027835587039589882,-0.1114247590303421,-0.4766361527144909,-0.6097829937934875,-0.7012894749641418,0.04590949788689613,-0.27064579725265503,-0.8473719954490662
YNL228W,val,False,False,-1.823995590209961,-0.4874396979808807,-0.635604202747345,-0.6757515072822571,-0.32740697264671326,-0.41016334295272827,-0.3882724642753601,-0.16073987372219561,-0.17196565866470337,-0.31028562784194946,-0.1821877360343933,-0.027835587039589882,-0.1114247590303421,-1.6356877565383912,-1.6027202606201172,-1.9678387641906738,-1.6323938369750977,-1.4589165449142456,-1.5165693759918213
YNL229C,val,True,True,1.1817457675933838,0.3347142696380615,0.4660043716430664,0.26578041911125183,0.534674882888794,0.6861259937286377,-0.27901431918144226,0.6076558053493499,0.4346713125705719,0.35105687379837036,0.6243407130241394,0.7043877243995667,0.9238224029541016,0.47289590537548065,0.47243720293045044,0.8812339901924133,0.3425113260746002,0.48379015922546387,0.1845068484544754
YNL230C,val,True,True,0.5755627155303955,-0.0328965038061142,0.23799219727516174,-0.2495317906141281,-0.1081855297088623,0.2829192578792572,-0.3276766538619995,0.28089254945516584,0.28781187534332275,0.20303159952163696,0.01824864000082016,0.46485868096351624,0.4305119514465332,0.19955488443374633,-0.17871493101119995,0.37770235538482666,0.4890099763870239,-0.2673078775405884,0.5770848989486694
YNL231C,val,True,True,1.4107857942581177,1.2703657031059266,1.6033003330230713,1.2085912227630615,1.4500439167022705,1.1847498416900635,0.9051432013511658,1.2176084876060487,0.8101962208747864,1.225246787071228,1.2627791166305542,1.4710578918457031,1.3187624216079712,1.061518520116806,1.4499341249465942,0.9696653485298157,1.645524024963379,0.38167867064476013,0.8607904314994812
YNL232W,val,True,True,0.9582125544548035,0.8089168190956115,1.2885568141937256,0.6827413439750671,0.7197691798210144,0.907779335975647,0.44573742151260376,1.2471122741699219,1.2294797897338867,1.5562704801559448,1.228358507156372,1.1416584253311157,1.07979416847229,0.6828678786754608,0.39777281880378723,1.1589415073394775,0.9120388627052307,0.2185496687889099,0.7270365357398987
YNL233W,val,False,True,0.4551020860671997,0.11816933900117874,0.11985421180725098,-0.07109060138463974,0.41191366314888,0.5122249722480774,-0.3820555508136749,0.2958430051803589,0.3247830867767334,0.451509565114975,-0.0759938657283783,0.48512211441993713,0.2937941253185272,0.12983996123075486,-0.11452391743659973,0.00969807431101799,0.4368239641189575,0.29911503195762634,0.01808665320277214
YNL234W,val,True,True,-0.15027391910552979,0.11273459643125534,0.6176444292068481,-0.7368442416191101,0.07221006602048874,0.4327325224876404,0.17793020606040955,0.29773989990353583,0.5710267424583435,-0.09564270824193954,0.007215138524770737,0.691791832447052,0.3143084943294525,0.008323141932487487,-0.4890212416648865,-0.0059803202748298645,0.37150102853775024,0.057069770991802216,0.10804647207260132
YNL235C,val,False,False,-1.9879891872406006,-0.7140571385622024,-1.1556665897369385,-0.8901607990264893,-0.9547544121742249,0.17197458446025848,-0.7416784763336182,-0.16073987372219561,-0.17196565866470337,-0.31028562784194946,-0.1821877360343933,-0.027835587039589882,-0.1114247590303421,-1.627868127822876,-1.2245043516159058,-2.130979299545288,-1.7066051959991455,-1.2726107835769653,-1.8046410083770752
YNL236W,val,False,True,0.26611050963401794,0.3679659470915794,0.2617926597595215,0.37657004594802856,0.3942558765411377,0.8666476011276245,-0.05943644791841507,0.8102834582328796,1.0693278312683105,0.8180844187736511,0.7532819509506226,0.7250901460647583,0.6856329441070557,0.3455158356577158,0.6216867566108704,0.27021509408950806,0.5126733183860779,0.026717843487858772,0.2962861657142639
YNL237W,val,False,True,-0.008035257458686829,0.13514918014407157,0.14604654908180237,-0.0059666819870471954,0.19827648997306824,0.155741348862648,0.18164819478988647,0.2066817119717598,0.3587016463279724,-0.0932328924536705,0.09802450239658356,0.4277854859828949,0.24212981760501862,0.0747268758714199,0.14078348875045776,-0.15256908535957336,0.24610036611557007,0.15010502934455872,-0.01078541949391365
YNL238W,val,False,True,0.33610737323760986,0.13874569176696241,0.2120925337076187,0.14769697189331055,0.002035227371379733,0.5817431807518005,-0.24983945488929749,0.4472337245941162,0.38117775321006775,0.25499823689460754,0.6340168118476868,0.5577698945999146,0.40820592641830444,0.26335431188344954,0.6205011010169983,-0.05821182578802109,0.21276919543743134,0.2751167118549347,0.26659637689590454
YNL239W,val,True,True,0.2627109885215759,0.49618627317249775,0.012069905176758766,0.6419126391410828,0.9427999258041382,0.7378575801849365,0.1462913155555725,0.8654589653015137,0.4787881374359131,0.9751431345939636,0.8173474669456482,1.1900044679641724,0.8660116195678711,0.3208135612308979,0.5181185603141785,0.43703147768974304,0.0458800233900547,0.3141734004020691,0.2888643443584442
YNL240C,val,True,True,0.2914676070213318,0.6299965858459473,0.5072399973869324,0.8719225525856018,0.5398741364479065,0.7147043943405151,0.5162418484687805,1.2875150918960572,0.9982606172561646,1.4960298538208008,1.5950300693511963,1.1465904712677002,1.2016644477844238,0.5499077022075654,0.4641662836074829,0.6126519441604614,0.8132629990577698,0.44588717818260193,0.4135701060295105
YNL241C,val,True,True,1.3587135076522827,1.366572904586792,1.7764482498168945,1.062445878982544,1.6071205139160156,1.3303335905075073,1.0565162897109985,0.9534853935241699,0.4118739366531372,0.6563500761985779,0.8283159136772156,1.8383151292800903,1.0325719118118286,0.9586167991161346,0.9756157994270325,1.3824970722198486,1.2743858098983765,0.2202531397342682,0.9403321743011475
YNL242W,val,True,True,-0.09978364408016205,-0.22008133828639984,-0.08839325606822968,0.15349051356315613,0.16402006149291992,-0.37893328070640564,-0.9505907297134399,0.09237305372953415,0.3742392361164093,-0.014919787645339966,-0.11900043487548828,0.047680698335170746,0.17386555671691895,-0.023614580929279327,0.15503492951393127,0.2629964351654053,0.10079189389944077,-0.2532769739627838,-0.38361918926239014
YNL243W,val,True,True,0.7437047958374023,0.43975090980529785,0.6518813967704773,0.5374947190284729,0.814231276512146,0.39676323533058167,-0.2016160786151886,1.0903022646903993,0.7403760552406311,1.1435788869857788,1.3005393743515015,1.134914517402649,1.1321024894714355,0.48013622164726255,0.6668592691421509,0.4009762108325958,0.6443433165550232,0.6003208756446838,0.08818143606185913
YNL244C,val,True,True,1.6833387613296509,1.1086968302726745,1.2734038829803467,1.0459901094436646,1.074031114578247,1.5870171785354614,0.5630418658256531,1.1725041031837464,1.4045352935791016,1.0104602575302124,1.3165918588638306,1.2473393678665161,0.883593738079071,0.9105119585990906,0.7236372828483582,1.233591079711914,0.7850754261016846,1.1340126991271973,0.6762433052062988
YNL245C,val,True,True,0.6006850600242615,0.7471451818943023,0.9201033115386963,1.0192540884017944,0.6477375030517578,0.8765197992324829,0.2721112072467804,0.5972162842750549,0.7896318435668945,0.4617334008216858,0.5813079476356506,0.6470555663108826,0.5063526630401611,0.6700043439865112,0.5592588782310486,0.6056733727455139,0.7801231741905212,0.9699406027793884,0.435025691986084
YNL246W,val,True,True,0.766903281211853,0.5678659409284592,0.9771336913108826,0.5923478603363037,0.2483334094285965,0.6286471486091614,0.3928675949573517,0.5568966507911682,0.7335972189903259,0.6100598573684692,0.388031005859375,0.4686875343322754,0.5841076374053955,0.5295506596565247,0.9117481708526611,0.31968262791633606,0.639687180519104,0.16484734416007996,0.6117879748344421
YNL247W,val,True,True,0.48968783020973206,0.051760172843933104,0.25411736965179443,-0.08131241798400879,0.07445302605628967,0.4392773509025574,-0.42773446440696716,0.6705635547637939,0.8913801312446594,0.4581146240234375,0.6521119475364685,0.8125420212745667,0.5386690497398376,0.23689239621162414,0.22381240129470825,0.3910049796104431,0.1617279052734375,0.2543851137161255,0.15353158116340637
YNL248C,val,True,True,0.5348115563392639,0.11924410685896873,0.32641705870628357,0.05998602136969566,0.10258468985557556,-0.1720322221517563,0.27926498651504517,0.5117310523986817,0.7459428906440735,0.16482192277908325,0.53194659948349,0.6632997393608093,0.45264410972595215,0.1012548789381981,-0.13906694948673248,0.1047302633523941,0.1489376723766327,-0.07461056858301163,0.46628397703170776
YNL249C,val,True,True,-0.7182902693748474,-0.2970470294356346,-0.22103619575500488,-0.42860448360443115,-0.23544393479824066,-0.5862301588058472,-0.0139203742146492,0.2780959188938141,0.13676568865776062,0.2077932357788086,0.2568991780281067,0.4522908926010132,0.33673059940338135,0.017066368460655214,-0.19418156147003174,0.012807253748178482,0.10001052170991898,0.14038638770580292,0.026309240609407425
YNL250W,val,False,False,-0.3294534981250763,-1.0664979755878448,-1.4954686164855957,-1.284541368484497,-1.3728865385055542,-0.2727315127849579,-0.9068618416786194,-0.16073987372219561,-0.17196565866470337,-0.31028562784194946,-0.1821877360343933,-0.027835587039589882,-0.1114247590303421,-1.482797133922577,-1.7121235132217407,-1.6056435108184814,-1.9893215894699097,-0.4807214140892029,-1.6261756420135498
YNL251C,val,True,True,1.0345081090927124,0.07608529180288315,0.09315645694732666,0.09452022612094879,0.1265745908021927,-0.10377434641122818,0.16994953155517578,0.5978187561035156,0.8271246552467346,0.13451027870178223,0.9171921014785767,0.5478019118309021,0.5624648332595825,0.5764216005802154,0.44608432054519653,0.7761935591697693,0.3081875443458557,0.9078918099403381,0.4437507688999176
YNL252C,val,False,True,0.42497923970222473,0.41172549724578855,0.2773169279098511,0.6405125856399536,0.50142902135849,0.8242825865745544,-0.18491363525390625,0.5455607175827026,0.3596619665622711,0.13752999901771545,0.7479233741760254,0.7327721118927002,0.749916136264801,0.4267129242420197,0.38944149017333984,0.4183846712112427,0.670150101184845,0.3734651803970337,0.2821231782436371
YNL253W,val,True,True,-0.32477042078971863,0.9322248160839081,1.0045547485351562,1.7900701761245728,0.7677060961723328,0.6658651828765869,0.4329278767108917,0.916947090625763,0.9335962533950806,0.9010787606239319,1.0611615180969238,0.9231046438217163,0.7657942771911621,0.6930204927921295,0.9682198166847229,0.5996821522712708,1.081254482269287,0.2616722285747528,0.554273784160614
YNL254C,val,True,True,0.5609113574028015,-0.33637779876589774,-0.8646325469017029,-0.23430150747299194,-0.03715122863650322,-0.20435629785060883,-0.3414474129676819,-0.06413159370422364,0.04064614698290825,-0.8228766322135925,0.1744173765182495,0.3296574056148529,-0.0425022654235363,0.08195753991603852,0.19869932532310486,-0.28285926580429077,0.1976204663515091,0.21668043732643127,0.07964673638343811
YNL255C,val,True,True,1.4108281135559082,0.35245756804943085,0.5534456372261047,0.388487309217453,0.20401577651500702,0.36194995045661926,0.2543891668319702,1.0764599919319153,1.0767041444778442,1.3025869131088257,1.2119051218032837,1.042112946510315,0.7489908337593079,0.642335045337677,0.6122829914093018,0.9915263056755066,0.602590024471283,0.432109534740448,0.5731663703918457
YNL256W,val,True,True,0.297267347574234,-0.18864012956619264,-0.31485089659690857,-1.0422074794769287,0.4379386007785797,0.6100533604621887,-0.6341342329978943,0.3499064572155476,0.15175050497055054,0.3446285128593445,0.007107261568307877,0.6496139168739319,0.596432089805603,0.2587295137345791,-0.16032373905181885,0.49309247732162476,0.5469215512275696,0.45010361075401306,-0.03614633157849312
YNL257C,val,True,True,0.11426178365945816,0.389336796104908,0.32551461458206177,0.6458266377449036,0.38402822613716125,0.7046310305595398,-0.11331652849912643,0.6500919461250305,0.6634954214096069,0.7491859197616577,0.5628393292427063,0.6569788455963135,0.6179602146148682,0.3721920967102051,0.30669814348220825,0.689708948135376,0.7161521315574646,0.21463531255722046,-0.0662340521812439
YNL258C,val,True,True,0.13815775513648987,0.006332005932927131,0.06871344149112701,-0.35060635209083557,0.022381240501999855,0.46730732917785645,-0.17613562941551208,0.722711157798767,0.8130626678466797,0.6905592083930969,0.6664866805076599,0.772601842880249,0.6708453893661499,0.37144931554794314,0.6917486786842346,0.44803866744041443,0.42172443866729736,0.07808321714401245,0.2176515758037567
YNL259C,val,False,True,0.9542680382728577,0.29749328941106795,0.24584823846817017,0.37534984946250916,0.6287418603897095,0.10483946651220322,0.1326870322227478,0.675529396533966,0.5580481290817261,1.0165683031082153,0.5501769185066223,0.6190328001976013,0.6338208317756653,0.023985906317830086,0.3083176016807556,0.2253786027431488,0.11449433863162994,-0.03099704347550869,-0.49726396799087524
YNL260C,val,True,True,0.855761706829071,-0.10485558211803436,-0.3568134903907776,-0.34981098771095276,0.12226848304271698,0.25339820981025696,-0.1933201253414154,0.16872314885258674,-0.006181720644235611,-0.0772804394364357,0.28763601183891296,0.5246427655220032,0.1147991269826889,-0.18178711757063865,-0.15829497575759888,-0.7496452927589417,0.20017558336257935,-0.1903834491968155,-0.01078745350241661
YNL261W,val,True,True,0.053039371967315674,0.23720804303884507,0.44334426522254944,0.18862751126289368,0.14209221303462982,0.28809142112731934,0.12388480454683304,0.6560370743274688,0.8162010312080383,0.5772228240966797,0.6857454180717468,0.3884725868701935,0.812543511390686,0.37623207569122313,0.35370054841041565,0.29183024168014526,0.5454084873199463,0.2846269905567169,0.4055941104888916
YNL262W,val,True,True,-0.06449896842241287,0.24351391270756723,0.6977707743644714,-0.0852777510881424,0.048443134874105453,0.5774098634719849,-0.020776458084583282,0.4977013111114502,0.43410035967826843,0.6305990219116211,0.45285335183143616,0.6749647855758667,0.2959890365600586,-0.07754502967000007,-0.9401552081108093,-0.40507543087005615,0.6732290387153625,0.2527308166027069,0.03154563531279564
YNL263C,val,True,True,0.725125789642334,0.3222171366214752,0.7735984325408936,0.2417382001876831,-0.10992904752492905,0.6224218010902405,0.083256296813488,0.5362317770719528,0.4141908288002014,0.8798662424087524,0.8153060078620911,0.4113653898239136,0.1604304164648056,0.18754149749875068,0.04376771301031113,-0.017231255769729614,0.4326477348804474,0.4318891167640686,0.04663417860865593
YNL264C,val,True,True,0.1310872733592987,0.41340907141566274,0.2648094892501831,0.8407104015350342,0.04527577385306358,0.7526900768280029,0.16355961561203003,0.336641389131546,0.5574660301208496,0.21694788336753845,0.14850103855133057,0.4909162223339081,0.2693757712841034,0.023489132523536682,-0.1757705807685852,0.24093809723854065,-0.37101033329963684,0.12809528410434723,0.2951931953430176
YNL265C,val,True,True,0.16846270859241486,-0.12242000252008438,-0.11402115970849991,-0.2356805056333542,-0.09577053040266037,0.06468895822763443,-0.23131677508354187,0.41476611644029615,-0.03602703660726547,0.8141483664512634,0.5577284693717957,0.42806047201156616,0.3099203109741211,-0.05321399047970772,-0.4370400011539459,0.18414384126663208,0.13317124545574188,-0.13463377952575684,-0.011711258441209793
YNL266W,val,False,False,-1.407678246498108,-0.7884947896003723,-0.6126645803451538,-1.141295313835144,-0.30953699350357056,-0.5336167812347412,-1.345360279083252,-0.16073987372219561,-0.17196565866470337,-0.31028562784194946,-0.1821877360343933,-0.027835587039589882,-0.1114247590303421,-1.7469468593597413,-1.3205944299697876,-2.143770933151245,-1.9446051120758057,-1.6661003828048706,-1.659663438796997
YNL267W,val,True,True,0.40016523003578186,0.3938798263669014,0.45546799898147583,0.28955817222595215,0.21268804371356964,0.9565567970275879,0.05512811988592148,0.6627285003662109,0.5485623478889465,0.46541690826416016,0.6852001547813416,0.9152475595474243,0.6992155313491821,0.25492554903030396,0.31693804264068604,-0.06732003390789032,0.49513596296310425,0.1236996203660965,0.4061741530895233
YNL268W,val,False,True,0.5060931444168091,0.9542077273130417,1.5084640979766846,0.7098928093910217,0.7813079953193665,1.6510387659072876,0.12033496797084808,1.416553008556366,1.7564289569854736,1.4705463647842407,0.9897820353507996,1.7462636232376099,1.119744062423706,1.0302524447441102,1.060538411140442,1.8137974739074707,0.792560875415802,0.6411313414573669,0.843234121799469
YNL269W,val,False,False,-1.7509758472442627,-0.6087549865245819,-0.6452348828315735,-1.5118017196655273,-0.8754742741584778,0.41040465235710144,-0.4216687083244324,-0.16073987372219561,-0.17196565866470337,-0.31028562784194946,-0.1821877360343933,-0.027835587039589882,-0.1114247590303421,-1.0729386389255524,-0.2789885699748993,-1.7460083961486816,-1.1560392379760742,-1.3761484622955322,-0.8075085282325745
YNL270C,val,True,True,-0.9911469221115112,0.3541525572538376,0.8294501900672913,0.7901869416236877,-0.09813639521598816,0.18137860298156738,0.0678834468126297,0.8490175008773804,0.8262883424758911,0.9020147919654846,0.5994530320167542,1.0537903308868408,0.8635410070419312,0.1404664158821106,0.6032060980796814,0.24311530590057373,-0.9310737252235413,0.421620637178421,0.3654637634754181
YNL271C,val,True,True,0.7224316000938416,0.16832228004932404,-0.19176286458969116,0.3065122961997986,0.44418269395828247,0.1404312700033188,0.1422480046749115,0.47334885597229004,0.3365388810634613,0.5420032739639282,0.29703134298324585,0.8216418027877808,0.36952897906303406,0.20857371687889098,0.2831496596336365,0.10930776596069336,0.49480384588241577,-0.1562533676624298,0.31186068058013916
YNL272C,val,True,True,0.27734076976776123,0.1821865178644657,0.11846232414245605,-0.04770766571164131,0.24105612933635712,0.6341342329978943,-0.03501243144273758,0.4840531647205353,0.37992528080940247,0.2535221576690674,0.5272982120513916,0.7325452566146851,0.5269749164581299,0.20521997213363646,0.6610086560249329,-0.39953291416168213,0.1162162721157074,0.2512255907058716,0.39718225598335266
YNL273W,val,True,True,-0.3935840129852295,0.06987398564815521,0.5648202300071716,-0.28477710485458374,-0.23870091140270233,0.703567385673523,-0.39553967118263245,0.5479549109935761,0.32232391834259033,0.8446688055992126,0.41386300325393677,0.8183070421218872,0.3406117856502533,0.07445128113031388,0.23253172636032104,-0.2132652997970581,0.17184434831142426,-0.05248510092496872,0.2336307317018509
YNL274C,val,True,True,-0.48088008165359497,-0.08358379155397415,0.2990126609802246,-0.5137720704078674,0.17762161791324615,-0.2931957244873047,-0.0875854417681694,0.21080073118209838,0.28128430247306824,-0.37619322538375854,0.17425468564033508,0.5985084176063538,0.3761494755744934,-0.1284414440393448,-0.35289162397384644,-0.3072730600833893,0.2752538323402405,0.040699347853660583,-0.2979957163333893
YNL275W,val,True,True,-0.4516962170600891,-0.04402201473712921,0.2533789277076721,-0.15992076694965363,-0.38921794295310974,0.2232954502105713,-0.1476457417011261,0.2957206264138222,0.21492557227611542,-0.07068558782339096,0.48147863149642944,0.6073549389839172,0.24552957713603973,0.2541505217552185,0.21074384450912476,0.43747174739837646,0.3695521056652069,-0.0431692898273468,0.2961542010307312
YNL276C,val,False,False,-0.6934682130813599,-0.9703409612178803,-0.3424855172634125,-1.486755132675171,-1.0844166278839111,-0.6633745431900024,-1.2746729850769043,-0.16073987372219561,-0.17196565866470337,-0.31028562784194946,-0.1821877360343933,-0.027835587039589882,-0.1114247590303421,-1.6590434789657593,-1.063007116317749,-2.093390464782715,-1.8811068534851074,-1.560296654701233,-1.6974163055419922
YNL277W,val,True,True,-0.6473166942596436,0.32147623002529147,0.8234750032424927,0.34811273217201233,-0.15504249930381775,0.2126529961824417,0.37818291783332825,0.47673089504241944,0.3066658079624176,0.6012935042381287,-0.3367801606655121,1.2716666460037231,0.5408086776733398,0.16062141321599482,0.15310901403427124,0.6087302565574646,0.12057536840438843,-0.01134573109447956,-0.06796184182167053
YNL277W-A,val,False,True,-1.4548627138137817,0.21583447009325027,0.11914193630218506,0.26618465781211853,0.2608952224254608,0.43089208006858826,0.002058453857898712,-0.5181804597377777,-0.9472219944000244,-0.28388094902038574,-1.020890235900879,0.2397024929523468,-0.5786116123199463,-1.0694057106971742,-1.0636096000671387,-0.5365229249000549,-2.2535407543182373,-0.8166998624801636,-0.6766554117202759
YNL278W,val,True,True,0.7771170139312744,0.8721343860030174,1.262951374053955,0.7918725609779358,0.10476266592741013,1.3232622146606445,0.8778231143951416,0.7770786285400391,0.6668738722801208,0.8516507148742676,0.5032910704612732,1.1969165802001953,0.6666609048843384,0.83682781457901,0.7660553455352783,1.0859375,0.8137748837471008,0.809258222579956,0.7091131210327148
YNL279W,val,False,True,-0.6630777716636658,-1.0015683323144913,-1.1136350631713867,-1.3049534559249878,-1.4609534740447998,-0.18055106699466705,-0.947748601436615,-0.7307898342609406,-0.8146932721138,-0.9806062579154968,-0.6124102473258972,-1.0962765216827393,-0.1499628722667694,-0.8788142949342728,-1.8091803789138794,-1.8299388885498047,-0.33961614966392517,-0.3108760118484497,-0.10446004569530487
YNL280C,val,True,True,0.12458529323339462,-0.03633392304182052,0.075775146484375,-0.6941543817520142,0.20854555070400238,0.2198782116174698,0.008285857737064362,0.297578002512455,0.5588210821151733,-0.02558351308107376,0.19664742052555084,0.35040536522865295,0.40759965777397156,-0.14176060855388642,0.131300687789917,-0.8396645188331604,0.41645151376724243,-0.20214366912841797,-0.21474705636501312
YNL281W,val,False,True,1.0885035991668701,0.11751212328672409,-0.05712126940488815,-0.21143557131290436,0.7436271905899048,0.31658899784088135,-0.20409873127937317,0.9134814977645874,0.33028292655944824,0.8246790766716003,0.9154358506202698,1.3777042627334595,1.1193053722381592,0.6008955955505371,0.19314810633659363,0.7450515627861023,0.8390803933143616,0.7731451988220215,0.45405271649360657
YNL282W,val,True,True,0.27146589756011963,0.9000267446041107,1.2810486555099487,0.20953798294067383,0.8392084240913391,1.6722171306610107,0.4981215298175812,1.2684138059616088,0.9006016254425049,1.3584091663360596,1.314321517944336,1.501975178718567,1.2667615413665771,0.8485246539115906,0.6025345921516418,1.071455478668213,1.1096575260162354,0.7398767471313477,0.7190989255905151
YNL283C,val,True,True,0.7707639932632446,0.6622662723064423,0.6398508548736572,0.5027534365653992,0.7214856743812561,0.980999231338501,0.4662421643733978,1.067446529865265,0.8387190103530884,1.4229830503463745,0.7932729125022888,1.2240599393844604,1.0581977367401123,0.6750750333070755,0.8115727305412292,0.9810321927070618,0.7286904454231262,0.20403476059436798,0.6500450372695923
YNL284C,val,True,True,0.505595326423645,0.5095818772912025,1.010727047920227,0.2787373960018158,0.3833604156970978,0.832069456577301,0.043015070259571075,0.5650063872337341,0.471367210149765,0.4964745044708252,0.4724019467830658,0.884048342704773,0.5007399320602417,0.366285240650177,0.06459346413612366,0.3101026117801666,0.2831420600414276,0.836692750453949,0.33689531683921814
YNL285W,val,False,False,-1.8435794115066528,-0.20684079825878143,-0.07003805041313171,-0.6500412225723267,-0.3009098470211029,0.06698555499315262,-0.0802004262804985,-0.16073987372219561,-0.17196565866470337,-0.31028562784194946,-0.1821877360343933,-0.027835587039589882,-0.1114247590303421,-1.4741574048995971,-1.3736859560012817,-2.02817440032959,-1.6377744674682617,-1.1461344957351685,-1.185017704963684
YNL286W,val,True,False,0.5810152292251587,-0.03058304488658905,0.16114746034145355,-0.1576700061559677,-0.20493723452091217,0.20405089855194092,-0.15550634264945984,-0.16073987372219561,-0.17196565866470337,-0.31028562784194946,-0.1821877360343933,-0.027835587039589882,-0.1114247590303421,-0.8320992410182952,-0.8478716015815735,-0.996577799320221,-0.7187203764915466,-0.3818782866001129,-1.2154481410980225
YNL287W,val,False,True,0.6013215184211731,0.7055795788764954,0.8221015334129333,0.6569578051567078,0.5118880867958069,1.28044593334198,0.25650453567504883,1.0410120248794557,0.9768272638320923,1.0830360651016235,1.0315626859664917,1.208690881729126,0.9049432277679443,0.8636836647987366,0.962562620639801,0.9498852491378784,0.7923426032066345,0.8423358798027039,0.771291971206665
YNL288W,val,True,True,0.9483311176300049,0.09841994121670723,0.41397330164909363,-0.05536336824297905,0.4136682152748108,0.13907940685749054,-0.41925784945487976,0.4988358303904533,0.7890217304229736,0.11018093675374985,0.5988607406616211,0.7207275032997131,0.275388240814209,-0.08767437040805817,0.7491409182548523,0.16208603978157043,-0.0900251716375351,-0.34108293056488037,-0.9184907078742981
YNL289W,val,True,True,1.0956758260726929,0.47074036598205565,0.8001200556755066,-0.47432368993759155,0.7405745387077332,1.024047613143921,0.26328331232070923,0.8121477484703064,0.4051656424999237,1.2258707284927368,0.33184346556663513,1.1430041790008545,0.9548547267913818,0.9378419905900955,0.6351551413536072,1.580357551574707,0.22804893553256989,1.5613502264022827,0.6842980980873108
YNL290W,val,True,True,0.7993960380554199,-0.01627255529165268,0.12223044037818909,-0.15512938797473907,-0.25043657422065735,0.3037213385105133,-0.10174859315156937,0.408677464723587,0.534835934638977,0.3148342967033386,0.32552370429039,0.42721888422966003,0.44097450375556946,0.0691816508769989,0.12560150027275085,-0.014156214892864227,-0.08456086367368698,0.1703965961933136,0.14862723648548126
YNL291C,val,True,True,0.0962563306093216,-0.014720967411994934,0.30140256881713867,-0.08710090816020966,-0.31897538900375366,0.3359905481338501,-0.3049216568470001,0.5115188360214233,0.7964801788330078,0.6836318373680115,0.28027063608169556,0.3409060537815094,0.45630547404289246,-0.155578376352787,0.003946073353290558,-0.2919069230556488,0.10269738733768463,-0.4081796705722809,-0.1844487488269806
YNL292W,val,True,True,0.6294136047363281,-0.14821106642484666,0.0830846056342125,-0.2921731770038605,-0.32731667160987854,0.20755599439144135,-0.41220608353614807,0.17923314422369002,0.1818731427192688,0.06651989370584488,0.11691458523273468,0.37498804926872253,0.15587005019187927,-0.07641176581382751,0.18514734506607056,-0.699007511138916,0.18305161595344543,0.17011170089244843,-0.22136197984218597
YNL293W,val,True,True,-0.08646665513515472,0.4272193148732185,0.41987666487693787,0.8833892941474915,0.4117882549762726,0.43072083592414856,-0.009678475558757782,0.4861202955245972,0.37211886048316956,0.7140653729438782,0.43775591254234314,0.44528308510780334,0.4613782465457916,0.31236936450004577,0.39778652787208557,0.017083600163459778,0.7495831847190857,0.11899687349796295,0.2783966362476349
YNL294C,val,False,True,0.4924442768096924,0.007372230291366577,-0.278861939907074,0.0758804976940155,0.09000340849161148,0.24440398812294006,-0.09456480294466019,0.22432685494422913,0.15942084789276123,0.23231762647628784,0.3057219386100769,0.27689820528030396,0.1472756564617157,0.07188729494810105,-0.0790460854768753,-0.029379550367593765,0.737989604473114,-0.2517860531806946,-0.018341440707445145
YNL295W,val,True,True,0.16614027321338654,0.4496003739535809,0.7571075558662415,0.060648586601018906,0.32694247364997864,0.9751726388931274,0.12813061475753784,0.6128137052059174,0.4636421203613281,0.6348174214363098,0.37344416975975037,0.785816490650177,0.8063483238220215,0.5166606664657593,0.3600378632545471,0.7025842070579529,0.6327267289161682,0.4832087755203247,0.40474575757980347
YNL296W,val,False,False,-1.8294188976287842,-0.40493958406150343,-0.1262524276971817,-1.2810447216033936,-0.28959912061691284,0.012882048264145851,-0.3406836986541748,-0.16073987372219561,-0.17196565866470337,-0.31028562784194946,-0.1821877360343933,-0.027835587039589882,-0.1114247590303421,-1.179297524690628,-0.6957225203514099,-1.794548749923706,-1.657960057258606,-0.4659455716609955,-1.2823107242584229
YNL297C,val,True,True,-0.038593001663684845,0.7169515550136566,0.6160658597946167,0.9189345836639404,0.7575578093528748,0.8881070613861084,0.4040924608707428,0.77512286901474,0.8308963775634766,0.9246117472648621,0.8452627658843994,0.733311653137207,0.5415318012237549,0.7071978271007537,0.6184249520301819,0.979498565196991,0.912241518497467,0.6446126103401184,0.3812114894390106
YNL298W,val,True,True,0.6691523194313049,0.5165633022785187,-0.024261891841888428,0.82625812292099,0.48203715682029724,1.122032642364502,0.17675048112869263,0.616565078496933,0.24625509977340698,0.6963147521018982,0.3774310052394867,1.0299732685089111,0.7328512668609619,0.9019487977027894,0.34087562561035156,1.5168235301971436,1.4489316940307617,0.6495136618614197,0.55359947681427
YNL299W,val,True,True,0.20887552201747894,0.17730786502361298,0.39357617497444153,-0.06360752880573273,0.08164849877357483,0.24881571531295776,0.2261064648628235,0.26816572397947314,0.41568106412887573,-0.035989709198474884,0.23898552358150482,0.5423041582107544,0.1798475831747055,0.4277958571910858,0.5374082922935486,0.23435017466545105,0.3410505950450897,0.7679060101509094,0.2582642138004303
YNL300W,val,True,True,2.404932975769043,0.32428507432341575,1.3268194198608398,-0.19817721843719482,-0.14492149651050568,0.6090103387832642,0.028694327920675278,0.322626131772995,0.61033695936203,0.28504350781440735,-0.32584521174430847,0.3940124809741974,0.6495829224586487,0.058095406740903854,-0.3119724988937378,0.27073851227760315,0.4399816393852234,-0.10592792928218842,-0.0023426897823810577
YNL301C,val,True,True,0.8003262281417847,1.1485881567001344,1.3061480522155762,1.1830577850341797,1.2215979099273682,1.0291836261749268,1.0029534101486206,1.4725897312164307,1.3219667673110962,1.7511192560195923,1.172851800918579,1.7875874042510986,1.329423427581787,1.1275210738182069,1.1876431703567505,0.9551704525947571,1.396580457687378,0.9438467025756836,1.1543645858764648
YNL302C,val,True,True,1.3683531284332275,1.8429659366607667,1.9625799655914307,2.2514212131500244,1.4492286443710327,2.0918383598327637,1.4597615003585815,1.9605921745300292,1.9855811595916748,1.9259659051895142,1.9816352128982544,2.244579792022705,1.665198802947998,1.826412844657898,1.4508823156356812,1.996574878692627,2.1331369876861572,2.022839069366455,1.5286309719085693
YNL303W,val,False,False,-1.7252048254013062,-0.4052990198135376,-0.4558185935020447,-0.27850255370140076,-0.4916030466556549,0.353687584400177,-1.1542584896087646,-0.16073987372219561,-0.17196565866470337,-0.31028562784194946,-0.1821877360343933,-0.027835587039589882,-0.1114247590303421,-1.7821547746658326,-2.168902635574341,-1.8862919807434082,-1.8476181030273438,-1.1976040601730347,-1.8103570938110352
YNL304W,val,True,True,-0.15835818648338318,0.31965752840042116,0.590347945690155,0.26535239815711975,0.1309187114238739,0.524436354637146,0.08723223209381104,0.6937798857688904,0.5163071155548096,0.7364012002944946,0.8274796009063721,0.8798772692680359,0.5088342428207397,0.42741243839263915,0.5244399309158325,0.6571318507194519,0.6505877375602722,-0.0934801697731018,0.39838284254074097
YNL305C,val,True,True,0.440973699092865,0.4251394957304001,0.8365653157234192,0.6182987093925476,0.24108754098415375,0.2886545658111572,0.14109134674072266,0.5394134163856507,0.40068480372428894,0.841785192489624,0.51678466796875,0.49612554907798767,0.44168686866760254,0.4802817076444626,0.8644915223121643,0.5603325963020325,0.4038463830947876,0.5061379075050354,0.06660012900829315
YNL306W,val,True,True,1.0235309600830078,0.5389846503734589,0.46598902344703674,0.3523716926574707,0.4026624858379364,1.0248196125030518,0.4490804374217987,1.2240948319435119,0.7915378212928772,1.3015488386154175,1.289705753326416,1.5636240243911743,1.1740577220916748,0.7777126133441925,0.7984890341758728,0.9696139693260193,0.7309985756874084,0.3528183400630951,1.036643147468567
YNL307C,val,True,True,0.5912617444992065,0.3928568422794342,0.3502908945083618,0.3153795003890991,0.2990199625492096,0.6156989336013794,0.3838949203491211,0.9148879289627075,0.4843292832374573,0.9098310470581055,0.70661860704422,1.619296908378601,0.8543637990951538,0.4598208241164684,0.4450364112854004,0.6508502960205078,-0.02531507983803749,0.3612552285194397,0.8672772645950317
YNL308C,val,True,True,1.495379090309143,0.4982784688472748,0.49728256464004517,0.7524315714836121,0.6801660656929016,0.7838728427886963,-0.22236070036888123,0.8745788693428039,0.7883850336074829,0.6228585839271545,1.233382225036621,0.7238191366195679,1.0044493675231934,0.6770621955394744,0.8968769907951355,0.43689095973968506,1.2254925966262817,0.5434761047363281,0.282574325799942
YNL309W,val,True,True,0.9561380743980408,0.1107390746474266,0.18473835289478302,-0.23890511691570282,0.3174755275249481,0.37756913900375366,-0.08718252927064896,0.19586120918393135,0.04490127041935921,0.13242259621620178,0.18980318307876587,0.510765790939331,0.10141320526599884,-0.11909163594245911,-0.29719269275665283,-0.48207002878189087,0.35493654012680054,-0.23402708768844604,0.06289508938789368
YNL310C,val,True,True,1.0197200775146484,0.01727130189538002,0.3203541040420532,-0.4881744086742401,0.05238010361790657,0.5011885762214661,-0.29939186573028564,0.31676162630319593,0.20170149207115173,0.06998191028833389,0.364670068025589,0.6913888454437256,0.25606581568717957,0.07735335901379585,-0.0077911242842674255,0.08087383210659027,0.21759366989135742,0.15423652529716492,-0.05814610794186592
YNL311C,val,True,True,0.39776426553726196,0.9517970442771911,1.2185614109039307,1.1281774044036865,1.0831024646759033,0.7865082025527954,0.5426357388496399,0.9806990146636962,0.8592076897621155,1.0960347652435303,0.9483128190040588,1.198184609413147,0.8017551898956299,0.7693889737129211,0.6672050356864929,0.884444534778595,0.9591589570045471,0.7013444900512695,0.6347918510437012
YNL312W,val,True,True,0.29177722334861755,0.07878606244921685,0.17344632744789124,-0.297360897064209,-0.056024547666311264,0.644288957118988,-0.07041952759027481,0.5835236847400666,0.5965505838394165,0.8061085343360901,0.47557151317596436,0.6227619647979736,0.41662582755088806,0.008870469033718109,0.10069457441568375,-0.1582765132188797,0.1638452261686325,-0.19587403535842896,0.13396309316158295
YNL313C,val,True,True,0.5700181126594543,0.6574846655130386,0.7822858095169067,0.44371312856674194,0.8792677521705627,1.024704098701477,0.1574525386095047,0.6687375903129578,0.6273707151412964,0.9268060922622681,0.6951692700386047,0.6263229846954346,0.46801888942718506,0.07398680038750172,-0.31066495180130005,0.3032360076904297,0.32149940729141235,0.01781395636498928,0.03804958239197731
YNL314W,val,False,True,0.1441822052001953,0.147908503562212,0.21450063586235046,0.05080367252230644,0.3119393289089203,0.20653946697711945,-0.04424058645963669,0.4153327107429504,0.20328396558761597,0.3705444931983948,0.5977641940116882,0.5596768260002136,0.3453940749168396,0.3148876458406448,0.6557665467262268,-0.07182419300079346,0.4835955500602722,0.3211764097213745,0.1857239156961441
YNL315C,val,False,True,-0.011071300134062767,0.13765845596790313,0.19779706001281738,0.11164012551307678,0.21480555832386017,0.5446283221244812,-0.38057878613471985,0.4448454797267914,0.32393816113471985,0.19767075777053833,0.7263991832733154,0.600965678691864,0.3752536177635193,0.43019654750823977,0.5527823567390442,0.19557178020477295,0.69391930103302,0.6384657621383667,0.07024353742599487
YNL316C,val,False,True,0.2268999069929123,0.13215428069233895,0.2253457009792328,-0.1371351033449173,0.04843508079648018,0.2525520622730255,0.27157366275787354,0.05497864335775375,0.33215802907943726,-0.2940288186073303,0.18617042899131775,-0.036718256771564484,0.08731183409690857,0.3534504443407059,0.19594132900238037,0.1687992364168167,0.7582648396492004,0.25125688314437866,0.3929899334907532
YNL317W,val,False,True,0.44729316234588623,-2.210499620437622,-2.4385433197021484,-2.297086238861084,-2.1243703365325928,-2.163220167160034,-2.029278039932251,-1.7248117983341218,-2.6901817321777344,-1.951343059539795,-2.1649606227874756,-0.48936739563941956,-1.328206181526184,-1.8489884376525878,-1.6629282236099243,-2.444074869155884,-2.246652841567993,-1.4987608194351196,-1.3925254344940186
YNL318C,val,True,True,-2.0581986904144287,-2.6653544902801514,-2.4618148803710938,-2.5894627571105957,-2.5671145915985107,-2.7327373027801514,-2.9756429195404053,-2.090119552612305,-3.046996831893921,-2.4073917865753174,-2.2336816787719727,-1.0658390522003174,-1.6966884136199951,-1.7822359800338745,-1.5226651430130005,-2.170701503753662,-2.067012071609497,-1.213122844696045,-1.937678337097168
YNL319W,val,False,False,-1.9463707208633423,-1.0609112184494733,-0.9216217398643494,-1.4872795343399048,-1.271243691444397,-0.02796914242208004,-1.5964419841766357,-0.16073987372219561,-0.17196565866470337,-0.31028562784194946,-0.1821877360343933,-0.027835587039589882,-0.1114247590303421,-1.6951655387878417,-1.7768555879592896,-2.0234553813934326,-1.8207745552062988,-1.7355049848556519,-1.1192371845245361
YNL320W,val,True,True,-0.7730399370193481,-0.014451608061790466,0.04888610541820526,-0.2588096857070923,-0.19432371854782104,0.48402273654937744,-0.1520334780216217,0.7750920534133912,0.9422329664230347,0.6727052330970764,0.8674945831298828,0.7372083067893982,0.6558191776275635,0.20329419076442717,0.29137909412384033,0.09772875905036926,0.38713473081588745,-0.06591741740703583,0.3061457872390747
YNL321W,val,True,True,0.6215434670448303,0.9995542526245117,0.7459763288497925,1.471907615661621,0.8363187909126282,1.1263275146484375,0.8172410130500793,0.9159289836883545,0.8077751398086548,1.0167326927185059,0.8200870156288147,1.2013695240020752,0.7336805462837219,1.0521543741226196,1.2671645879745483,1.0920934677124023,1.1111087799072266,0.9114904999732971,0.8789145350456238
YNL322C,val,True,True,1.0672651529312134,0.6372683584690094,0.804945170879364,0.6316792368888855,0.7622056603431702,0.5846224427223206,0.40288928151130676,1.3046047925949096,1.1025056838989258,1.7175697088241577,1.1915572881698608,1.4331073760986328,1.0782839059829712,0.7289916396141052,0.7783914804458618,0.5525546669960022,0.8137787580490112,0.8840531706809998,0.6161801218986511
YNL323W,val,True,False,0.28324663639068604,-0.30093173384666444,0.4441242814064026,-0.45029181241989136,-0.1435135304927826,-0.4284040927886963,-0.9265735149383545,-0.16073987372219561,-0.17196565866470337,-0.31028562784194946,-0.1821877360343933,-0.027835587039589882,-0.1114247590303421,-0.9088246166706085,0.13774201273918152,-0.9878352284431458,-0.5798138976097107,-1.2613810300827026,-1.852834939956665
YNL324W,val,False,False,-1.9863955974578857,-0.8283080648630857,-0.9525925517082214,-1.4328659772872925,-0.7198728919029236,-0.02093557082116604,-1.0152733325958252,-0.16073987372219561,-0.17196565866470337,-0.31028562784194946,-0.1821877360343933,-0.027835587039589882,-0.1114247590303421,-1.7662474870681764,-1.1391854286193848,-1.9867641925811768,-2.1477131843566895,-1.8728867769241333,-1.684687852859497
YNL325C,val,True,False,-0.6301618218421936,-0.3586040809750557,-0.7338266968727112,-0.47214582562446594,-0.03364647179841995,0.40321600437164307,-0.9566174149513245,-0.16073987372219561,-0.17196565866470337,-0.31028562784194946,-0.1821877360343933,-0.027835587039589882,-0.1114247590303421,-0.7187515527009964,-0.353079617023468,-1.2717938423156738,-0.6122488975524902,0.11804060637950897,-1.4746760129928589
YNL326C,val,True,True,-0.2399575263261795,-0.4109125405550003,-0.4501645863056183,-0.6062191724777222,-0.03578881919384003,-0.18636441230773926,-0.7760257124900818,-0.025452421605587007,-0.01264188066124916,-0.3796032667160034,0.040509726852178574,0.1595735400915146,0.06489977240562439,-0.34730929136276245,-0.3712919354438782,-0.8046436309814453,-0.1758197695016861,-0.04015110433101654,-0.34464001655578613
YNL327W,val,False,True,1.55058753490448,0.789624035358429,1.4874064922332764,-0.33738893270492554,1.5652782917022705,0.6673474907875061,0.5654768347740173,1.12464759349823,1.1097805500030518,1.004347324371338,1.8003582954406738,0.7500928640365601,0.9586589336395264,1.2762441158294677,1.767511010169983,1.338582992553711,1.0376155376434326,1.436928391456604,0.8005826473236084
YNL328C,val,True,True,0.5453493595123291,-1.3334136724472045,-1.0901472568511963,-0.9263181686401367,-1.4373699426651,-1.680860996246338,-1.532371997833252,0.032566241919994354,0.15756407380104065,-0.05384006351232529,-0.618779718875885,0.8117634654045105,-0.13387654721736908,-0.828789108991623,-1.0093718767166138,-1.129775047302246,-1.103416085243225,-0.3651154935359955,-0.5362670421600342
YNL329C,val,True,True,-0.14529965817928314,-0.1425867773592472,-0.03716650232672691,-0.11986041069030762,0.38511064648628235,-0.08824258297681808,-0.8527750372886658,0.31981816664338114,0.1758539229631424,0.49544185400009155,0.3565468490123749,0.5329928398132324,0.038255367428064346,0.03149682953953743,0.02033284306526184,-0.13597311079502106,0.22959980368614197,0.06545004993677139,-0.021925438195466995
YNL330C,val,True,True,0.6466089487075806,0.4245848998427391,0.5131575465202332,0.47999435663223267,0.40142181515693665,0.6952008605003357,0.03314992040395737,0.5693271517753601,0.535998523235321,0.5798256397247314,0.5154487490653992,0.6605498194694519,0.554813027381897,0.26879800446331503,0.4536544680595398,0.2180405557155609,0.3880559206008911,0.027183378115296364,0.25705569982528687
YNL331C,val,True,False,-0.5127608776092529,-1.1161470890045166,-0.6319935917854309,-1.1731882095336914,-1.7612857818603516,-0.5315448641777039,-1.4827229976654053,-0.16073987372219561,-0.17196565866470337,-0.31028562784194946,-0.1821877360343933,-0.027835587039589882,-0.1114247590303421,-1.857290554046631,-2.2280852794647217,-1.844015121459961,-2.1623008251190186,-1.4078322649002075,-1.6442192792892456
YNL332W,val,False,True,-1.9795371294021606,0.010750964283943176,-0.3575272560119629,0.33895793557167053,0.39232537150382996,0.21734435856342316,-0.5373455882072449,-0.4446901142597198,-0.6332108974456787,-1.1208469867706299,-0.7156208157539368,0.09671685099601746,0.14951127767562866,-1.3351966977119445,-1.2843701839447021,-1.990046739578247,-1.5203123092651367,-1.2344415187835693,-0.6468127369880676
YNL333W,val,True,True,-0.8009934425354004,-0.09946116209030151,0.27344655990600586,-0.06596962362527847,-0.09999251365661621,-0.039136551320552826,-0.5656536817550659,-0.13753231018781661,-0.0619327537715435,-0.5808262228965759,-0.00011828169226646423,0.22642089426517487,-0.27120518684387207,-0.19200949668884276,0.19858163595199585,-0.36202186346054077,-0.13679403066635132,-0.30348730087280273,-0.3563259243965149
YNL334C,val,False,True,-1.0648350715637207,-0.33448527455329896,0.045102208852767944,0.08831149339675903,-0.10307145118713379,-0.8782404065132141,-0.8245282173156738,-0.13666655384004117,-0.14383365213871002,-0.44651469588279724,-0.08263212442398071,-0.011911870911717415,0.001559574156999588,-0.8207072012126446,-1.425221562385559,-0.729671061038971,-0.0101085864007473,-0.816127359867096,-1.1224074363708496
YNL335W,val,False,True,-2.044090509414673,0.3786446861922741,0.5492196679115295,0.2796013355255127,0.6895048022270203,0.373094379901886,0.0018032453954219818,0.4893961906433105,0.31538963317871094,0.5882052779197693,0.5366804003715515,0.5626410841941833,0.44406455755233765,-0.8880371630191803,-1.2382184267044067,-1.6811575889587402,-0.8400906920433044,-0.5199666023254395,-0.16075250506401062
YNL336W,val,True,True,-0.9448878169059753,-1.4116688132286073,-1.531642198562622,-1.4480713605880737,-0.5578745007514954,-1.984586477279663,-1.5361695289611816,-0.32346272468566895,-0.7405588030815125,-0.5222494602203369,0.14222736656665802,-0.3536597490310669,-0.1430729776620865,-1.0500639259815217,-1.4810675382614136,-1.1316659450531006,-0.4357468783855438,-0.7564173340797424,-1.4454219341278076
YNL337W,val,False,False,-2.088510751724243,-1.5171509981155396,-1.102719783782959,-2.1680331230163574,-2.389714241027832,-0.628730297088623,-1.2965575456619263,-0.16073987372219561,-0.17196565866470337,-0.31028562784194946,-0.1821877360343933,-0.027835587039589882,-0.1114247590303421,-2.1832273483276365,-2.2330033779144287,-2.267241954803467,-2.255469799041748,-2.0379977226257324,-2.1224238872528076
YNL338W,val,False,False,-0.7456964254379272,-1.1696664571762085,-0.8722155690193176,-1.8151423931121826,-1.301086664199829,-0.441730797290802,-1.4181568622589111,-0.16073987372219561,-0.17196565866470337,-0.31028562784194946,-0.1821877360343933,-0.027835587039589882,-0.1114247590303421,-1.3829447865486144,-0.6358872056007385,-1.874943494796753,-1.7145936489105225,-1.0848667621612549,-1.6044328212738037
YNL339C,val,False,True,-2.088510751724243,0.1702537328004837,0.6943339705467224,-0.597358763217926,-0.2394096702337265,0.6597253680229187,0.33397775888442993,0.5214710026979447,0.33433854579925537,0.44531095027923584,0.1391611248254776,1.2092925310134888,0.4792518615722656,-1.716124176979065,-1.9031978845596313,-1.8480300903320312,-1.8749213218688965,-1.9000587463378906,-1.054412841796875
YNL339W-A,val,False,False,-2.088510751724243,-0.5439937576651573,-1.1213264465332031,-0.8986610770225525,-0.18910865485668182,0.060251228511333466,-0.5711238384246826,-0.16073987372219561,-0.17196565866470337,-0.31028562784194946,-0.1821877360343933,-0.027835587039589882,-0.1114247590303421,-2.112434959411621,-2.1742260456085205,-2.194647789001465,-2.236009359359741,-1.9029152393341064,-2.0543763637542725
YNL339W-B,val,False,False,-2.088510751724243,-0.7302410006523132,-0.7087337374687195,-1.4756485223770142,-1.253340482711792,0.42885202169418335,-0.6423342823982239,-0.16073987372219561,-0.17196565866470337,-0.31028562784194946,-0.1821877360343933,-0.027835587039589882,-0.1114247590303421,-2.157426905632019,-2.20593523979187,-2.1735386848449707,-2.2542836666107178,-1.9938246011734009,-2.1595523357391357
YNR001C,val,True,True,0.647967517375946,0.2437992624938488,0.24751827120780945,0.03789832815527916,0.4214577376842499,1.0294759273529053,-0.5173539519309998,0.2698980987071991,0.2448248267173767,-0.3189588189125061,0.01978573203086853,0.9626437425613403,0.441195011138916,0.2398659184575081,0.10529275983572006,0.1202482283115387,0.756149172782898,-0.20400096476078033,0.42164039611816406
YNR001W-A,val,False,False,-1.870608925819397,-0.5540136296302081,0.0250368844717741,-1.0996050834655762,-1.0658481121063232,-0.040619127452373505,-0.5890327095985413,-0.16073987372219561,-0.17196565866470337,-0.31028562784194946,-0.1821877360343933,-0.027835587039589882,-0.1114247590303421,-1.9193809509277344,-2.0532987117767334,-1.5589330196380615,-2.202770948410034,-1.7450084686279297,-2.036893606185913
YNR002C,val,False,True,-0.9419748187065125,-0.6104111334308981,-0.817289412021637,-0.5243373513221741,-0.013523112051188946,-0.8693313598632812,-0.8275744318962097,0.02275223135948181,0.4764753580093384,0.4743899703025818,0.34238097071647644,-0.8350644111633301,-0.34442073106765747,-0.5764584049582482,-1.1627097129821777,-0.05601748079061508,-0.7657033801078796,-0.1976938545703888,-0.7001675963401794
YNR003C,val,True,True,0.14285893738269806,0.23021838441491127,0.4093899726867676,0.038992758840322495,0.169904425740242,0.6480623483657837,-0.11525758355855942,0.498338907957077,0.42362505197525024,0.4634925127029419,0.4920485317707062,0.6439964771270752,0.4685319662094116,0.23940306454896926,0.4435429573059082,0.03240098059177399,0.32787075638771057,0.10776432603597641,0.2854363024234772
YNR003W-A,val,False,False,-1.883122205734253,-0.01651991456747055,0.36920303106307983,-0.10975170135498047,-0.40987429022789,0.18043938279151917,-0.11261599510908127,-0.16073987372219561,-0.17196565866470337,-0.31028562784194946,-0.1821877360343933,-0.027835587039589882,-0.1114247590303421,-1.124491810798645,-0.43038350343704224,-1.6542282104492188,-1.8250333070755005,-0.3152526021003723,-1.3975614309310913
YNR004W,val,True,True,-0.6323053240776062,-0.0660560131072998,0.17987173795700073,-0.38034218549728394,0.33492210507392883,-0.2774873673915863,-0.18724435567855835,0.5497357010841369,0.44006112217903137,0.3657625615596771,0.8383679389953613,0.5426846742630005,0.5618022084236145,0.09872196689248085,0.18983474373817444,-0.3432807922363281,0.4953846335411072,0.1375495046377182,0.01412174478173256
YNR005C,val,False,False,-2.088510751724243,-0.8154083445668221,-0.6804995536804199,-1.5091238021850586,-0.6635817885398865,-0.09105447679758072,-1.1327821016311646,-0.16073987372219561,-0.17196565866470337,-0.31028562784194946,-0.1821877360343933,-0.027835587039589882,-0.1114247590303421,-1.9487894296646118,-1.818985104560852,-2.061905860900879,-2.0916149616241455,-1.8167963027954102,-1.9546449184417725
YNR006W,val,False,True,0.5662606954574585,0.36922406405210495,0.6941540837287903,0.23908233642578125,0.32689157128334045,0.5706489086151123,0.015343420207500458,0.42632281184196474,0.26823723316192627,0.42377620935440063,0.3154006600379944,0.7714913487434387,0.3527086079120636,0.35366879738867285,0.7351238131523132,0.5703169703483582,0.08053779602050781,-0.01545858196914196,0.3978239893913269
YNR007C,val,True,True,0.1722910851240158,0.19956941306591033,0.5510802865028381,0.21959394216537476,0.3775334358215332,0.24296589195728302,-0.3933264911174774,0.13161058723926544,-0.3922452926635742,0.458026647567749,0.374255508184433,0.3538053035736084,-0.13578923046588898,0.21875181794166565,0.3713541030883789,0.17943201959133148,0.2319437712430954,0.1625869870185852,0.14844220876693726
YNR008W,val,True,True,0.5476353764533997,-0.12292549014091492,0.06864036619663239,-0.3740251064300537,-0.19712604582309723,0.27129194140434265,-0.3834086060523987,0.10760426074266434,-0.0863661915063858,0.041556842625141144,0.3700268268585205,0.3544555604457855,-0.14165173470973969,-0.1735317438840866,-0.40031206607818604,0.03923565149307251,-0.12991271913051605,0.12961697578430176,-0.5062865614891052
YNR009W,val,True,True,1.092413306236267,0.9870821118354798,1.3778102397918701,0.7524091005325317,0.7843289375305176,1.1818599700927734,0.8390023112297058,1.0142864346504212,1.0248746871948242,1.2972444295883179,0.6839806437492371,1.0475167036056519,1.0178157091140747,0.6139771670103074,0.37082183361053467,0.5781547427177429,1.2155460119247437,0.20656470954418182,0.6987985372543335
YNR010W,val,True,True,0.1531772017478943,0.1497749201953411,0.3384716212749481,0.023635301738977432,0.07284306734800339,0.45039135217666626,-0.13646674156188965,0.459268245100975,0.49672555923461914,0.4390307068824768,0.11064587533473969,0.7650434970855713,0.48489558696746826,0.2123315379023552,0.5726351141929626,-0.06494730710983276,0.17875972390174866,0.05162089318037033,0.3235892653465271
YNR011C,val,True,True,0.14159232378005981,0.5684075653553009,0.5540550351142883,0.38381582498550415,0.3945085108280182,1.2193114757537842,0.29034698009490967,0.8508278727531433,0.47566527128219604,0.9367782473564148,0.8658825755119324,1.2831766605377197,0.6926366090774536,0.6919735491275787,0.5448917746543884,0.3480242192745209,0.9812568426132202,0.9258973002433777,0.6597976088523865
YNR012W,val,True,True,-0.09242703020572662,0.8464365720748901,1.0507354736328125,0.8375204205513,0.801560640335083,1.1623886823654175,0.37997764348983765,0.7720435619354248,0.31713902950286865,1.0329915285110474,1.0712165832519531,1.0045151710510254,0.4343554973602295,0.6775071382522583,0.5690510869026184,0.6330370306968689,0.594471275806427,0.9766160845756531,0.6143602132797241
YNR013C,val,False,True,0.5230391025543213,1.2946160435676575,1.6658334732055664,0.7300564050674438,1.4789379835128784,1.6846263408660889,0.9136260151863098,1.1056708455085755,0.7726278305053711,0.9722663760185242,1.0464184284210205,1.559266209602356,1.1777753829956055,0.9853364586830139,1.060524344444275,0.8266106247901917,1.4773406982421875,0.686299741268158,0.8759068846702576
YNR014W,val,True,True,0.5006635785102844,0.3002482533454895,0.5599973201751709,0.15644052624702454,0.41131332516670227,1.0000848770141602,-0.6265947818756104,0.7835973739624024,0.6929173469543457,0.548141360282898,0.7008940577507019,1.576149344444275,0.39988476037979126,0.06852595508098602,0.9652443528175354,-0.1113189160823822,0.19624750316143036,-0.2681375741958618,-0.4394055902957916
YNR015W,val,True,True,0.41384971141815186,0.09595418199896813,0.426812082529068,0.05148191377520561,0.15424583852291107,-0.031683020293712616,-0.12108590453863144,0.23371376395225524,0.23605436086654663,0.19007018208503723,0.3017132580280304,0.23952063918113708,0.2012103796005249,0.3205345213413239,0.3793186545372009,0.4096178114414215,0.20308978855609894,0.237526074051857,0.3731202781200409
YNR016C,val,True,True,0.743331253528595,0.9397294878959656,1.2434184551239014,0.7995584607124329,0.7103577256202698,1.2942733764648438,0.6510394215583801,0.9254443049430847,0.7641081809997559,1.0611660480499268,0.7477832436561584,1.239136815071106,0.8150272369384766,0.9760298728942871,0.9181039929389954,0.750133216381073,1.9342658519744873,0.657018780708313,0.6206275224685669
YNR017W,val,False,True,1.145825743675232,1.0188808679580688,1.0418143272399902,1.127681016921997,0.5846786499023438,1.4020189046859741,0.9382114410400391,1.5746763467788696,1.4862630367279053,1.691112995147705,1.1762025356292725,1.8538423776626587,1.6659607887268066,0.6773958265781402,-0.18668344616889954,0.9533336758613586,1.2237825393676758,0.8515263795852661,0.5450199842453003
YNR018W,val,True,True,1.053863525390625,0.9873534083366394,1.0723439455032349,0.5755289196968079,0.9928755164146423,1.4854445457458496,0.8105741143226624,1.5793075561523438,1.221758246421814,1.467909336090088,1.854324460029602,1.752640724182129,1.599905014038086,0.9728116691112518,0.8945140242576599,1.151975154876709,1.500236988067627,0.36957135796546936,0.947760820388794
YNR019W,val,True,True,0.8125473856925964,0.81605104804039,1.0702409744262695,0.8507090210914612,0.9370126128196716,0.981971263885498,0.24032136797904968,0.7307089626789093,0.406162291765213,1.2182193994522095,0.6357641220092773,0.843246579170227,0.5501524209976196,0.8064172148704529,0.6733034253120422,0.6638472676277161,1.310395359992981,0.727300226688385,0.6572397947311401
YNR020C,val,False,True,0.6832398772239685,0.30275540947914126,0.45405256748199463,0.1712372899055481,0.4636126160621643,0.7282963395118713,-0.3034217655658722,0.5736734569072723,0.34348350763320923,0.7191720008850098,0.6672655940055847,0.6909337043762207,0.4475124776363373,0.41543573439121245,0.5115669369697571,0.02076326310634613,0.6508188843727112,0.604243814945221,0.289785772562027
YNR021W,val,True,True,0.22206538915634155,0.48701987862586976,0.5485548377037048,0.6164776682853699,0.5551381707191467,0.8571271896362305,-0.14219847321510315,1.0184276223182678,0.7350752353668213,1.3124005794525146,1.1829440593719482,0.9741566181182861,0.8875616192817688,0.6826288819313049,0.7398820519447327,0.5074219107627869,0.9196154475212097,0.7481118440628052,0.49811315536499023
YNR022C,val,True,True,0.8763889074325562,0.36193399876356125,0.12457245588302612,0.6491134166717529,0.4568171799182892,0.6360577344894409,-0.05689079314470291,0.44543215036392214,0.5205116868019104,0.39785894751548767,0.3643616735935211,0.5855889320373535,0.3588395118713379,0.19085011184215545,0.24976378679275513,0.2749311327934265,0.1629963517189026,0.15321630239486694,0.11334298551082611
YNR023W,val,False,True,0.48324573040008545,0.12491130158305168,-0.07459434121847153,0.02232150360941887,0.23023243248462677,0.508467972278595,-0.061871059238910675,0.48062915205955503,0.28519555926322937,0.7536708116531372,0.3817209005355835,0.6809080839157104,0.30165040493011475,0.3035403091460466,0.16853246092796326,0.10132314264774323,0.7248210310935974,0.019496852532029152,0.5035280585289001
YNR024W,val,True,True,1.1504887342453003,0.4292632877826691,0.3789132237434387,0.28739994764328003,0.7782774567604065,0.5225275158882141,0.17919829487800598,0.023444222658872603,0.027521107345819473,0.03493066132068634,-0.02719830349087715,0.07574830204248428,0.006219346076250076,0.3958259217441082,0.395116925239563,0.3953171968460083,0.3620832860469818,0.8189835548400879,0.007628645747900009
YNR025C,val,False,False,-0.8495836853981018,-1.0466622352600097,-0.8224759697914124,-1.4840495586395264,-0.7922125458717346,-0.610613226890564,-1.5239598751068115,-0.16073987372219561,-0.17196565866470337,-0.31028562784194946,-0.1821877360343933,-0.027835587039589882,-0.1114247590303421,-1.4928561687469482,-0.6413065195083618,-2.025151491165161,-1.6229710578918457,-1.3468481302261353,-1.8280036449432373
YNR026C,val,False,True,0.4278866648674011,0.2046386033296585,0.17519134283065796,0.1750200390815735,0.11288754642009735,0.7453256845474243,-0.18523159623146057,1.001487624645233,0.8681399822235107,1.2911299467086792,1.085416555404663,0.8929625749588013,0.8697890639305115,0.3597108945250511,0.3116968274116516,0.3102782666683197,0.31042546033859253,0.7601830959320068,0.1059708222746849
YNR027W,val,True,True,0.24106691777706146,0.4442554831504822,0.7528477907180786,0.7879011034965515,0.3373529314994812,0.24969671666622162,0.09347887337207794,0.8701910138130188,1.2170441150665283,1.07160484790802,0.8984506726264954,0.621127188205719,0.5427282452583313,0.2839538902044296,0.3803878724575043,0.2532186508178711,0.30071496963500977,0.223166361451149,0.262281596660614
YNR028W,val,True,True,1.0218532085418701,0.11785788238048553,0.2376372218132019,0.45843619108200073,-0.20333851873874664,0.4739988446235657,-0.377444326877594,0.6769089668989181,0.08859623968601227,1.2336291074752808,0.4716356098651886,1.298575520515442,0.29210835695266724,0.3184856168925762,-0.06053481996059418,0.7415400147438049,0.6123808026313782,0.29909199476242065,-4.990771412849426e-05
YNR029C,val,True,True,0.42870786786079407,0.04093692861497402,-0.019801931455731392,0.07643809914588928,0.5136642456054688,0.2247643619775772,-0.5903801321983337,0.5484080493450165,0.8698090314865112,0.5037181377410889,0.46193909645080566,0.45805051922798157,0.44852346181869507,0.20498933345079423,0.46747419238090515,-0.05286812037229538,0.40869128704071045,0.28885290026664734,-0.08720359206199646
YNR030W,val,True,True,0.037853650748729706,-0.1651947021484375,0.14275744557380676,-0.31477707624435425,-0.1359335333108902,0.20338605344295502,-0.7214064002037048,-0.0732557974755764,0.24385946989059448,-0.39849722385406494,-0.31010642647743225,0.06864947080612183,0.02981572225689888,-0.29211867302656175,0.07236436754465103,-0.23413732647895813,-0.781295120716095,-0.15372911095619202,-0.3637961745262146
YNR031C,val,False,True,0.3707766532897949,0.09101254194974899,-0.17029213905334473,0.12992697954177856,0.24920327961444855,0.1951095461845398,0.051115043461322784,0.2763943150639534,0.15160280466079712,0.031092815101146698,0.3831027150154114,0.6414125561714172,0.17476068437099457,0.4232779234647751,0.6500070691108704,0.27767014503479004,0.7042694687843323,0.1581072062253952,0.32633572816848755
YNR032C-A,val,True,True,0.5066646933555603,-0.06216392070055008,-0.18266671895980835,-0.09589212387800217,-0.16530539095401764,0.4546571373939514,-0.32161250710487366,0.2960811764001846,0.20059075951576233,0.030902951955795288,0.15812523663043976,0.750015377998352,0.34077155590057373,-0.06940054446458817,-0.11801937967538834,-0.13289669156074524,0.12761329114437103,-0.2951933443546295,0.07149340212345123
YNR032W,val,True,True,0.23875446617603302,0.052732891589403155,0.5030037760734558,-0.03244659677147865,0.11629274487495422,-0.22520892322063446,-0.09797654300928116,0.3855796381831169,0.48293209075927734,0.04650606960058212,0.3823273777961731,0.579046905040741,0.43708574771881104,0.2814891695976257,0.7633771300315857,0.21894392371177673,-0.2544035017490387,0.3391020894050598,0.3404262065887451
YNR033W,val,False,True,0.27789831161499023,-0.11581451892852783,0.2627604305744171,-0.22585231065750122,-0.10865740478038788,-0.2028920203447342,-0.304431289434433,0.3664457820355892,0.5004276037216187,0.31794431805610657,0.008775811642408371,0.6640137434005737,0.34106743335723877,-0.16257627606391906,-0.13573193550109863,-0.5294110774993896,0.0653432309627533,-0.07276296615600586,-0.1403186321258545
YNR034W,val,True,True,-0.026530975475907326,0.8143751740455627,0.5931656360626221,1.211702585220337,0.7899545431137085,1.1503115892410278,0.3267415165901184,1.1143399715423583,0.6023209095001221,1.3413633108139038,1.1175386905670166,1.3790459632873535,1.131430983543396,0.9733408927917481,0.707362949848175,1.3538570404052734,1.3317302465438843,0.7722631096839905,0.701491117477417
YNR034W-A,val,True,True,-1.3688703775405884,-0.49282499849796296,-0.1909727305173874,-0.4862706661224365,-0.30577516555786133,-0.41441109776496887,-1.0666953325271606,0.001112464815378189,0.004469443112611771,-0.20171555876731873,0.4690109193325043,-0.4045143127441406,0.13831183314323425,-0.4770703285932541,-0.23606586456298828,-0.8280612230300903,-0.12886016070842743,-0.6227100491523743,-0.5696543455123901
YNR035C,val,True,True,0.6687772274017334,0.813188499212265,0.7655726075172424,1.0265401601791382,0.7285329699516296,1.0469428300857544,0.4983539283275604,0.7663958668708801,0.8335050940513611,0.6867591738700867,0.9180464148521423,0.7046346664428711,0.6890339851379395,0.6289109945297241,0.8447573781013489,0.5067549347877502,0.7702062129974365,0.48090893030166626,0.5419275164604187
YNR036C,val,True,True,1.3263071775436401,0.8361201882362366,0.8298152089118958,0.8221297264099121,0.846002995967865,1.1782397031784058,0.5044133067131042,0.765770024061203,0.2685154378414154,0.9812564253807068,0.7316190600395203,0.9603922367095947,0.8870669603347778,0.7149914026260376,0.2169516682624817,1.0465192794799805,0.661730170249939,0.9612347483634949,0.688521146774292
YNR037C,val,True,True,0.5998621582984924,0.8557521879673005,0.9368718266487122,0.9965649247169495,0.7568084597587585,1.1065717935562134,0.48194393515586853,1.2389852285385132,1.028850793838501,1.5359458923339844,1.2673861980438232,1.2584904432296753,1.104252815246582,1.102793550491333,1.044236183166504,1.1865930557250977,1.2892546653747559,1.2888092994689941,0.7050745487213135
YNR038W,val,True,True,0.3232063353061676,0.9873830020427704,1.112872838973999,1.2182433605194092,0.8591886162757874,1.3078181743621826,0.43879202008247375,1.3416257858276368,0.9900951385498047,1.6782089471817017,1.2571845054626465,1.4900928735733032,1.2925474643707275,1.0200509786605836,1.1891943216323853,1.035857915878296,1.2969863414764404,0.7524915933609009,0.825724720954895
YNR039C,val,True,True,0.36014682054519653,0.23974531888961792,0.32391875982284546,0.13526007533073425,0.36722761392593384,0.5672552585601807,-0.19493511319160461,0.542633306980133,0.3133435845375061,0.6900542378425598,0.356686532497406,0.7972157001495361,0.5558664798736572,0.3763655960559845,0.3060854375362396,0.3135431706905365,0.3155863285064697,0.6793681979179382,0.2672448456287384
YNR040W,val,True,True,0.27781620621681213,0.131318798661232,0.504093587398529,-0.2912693917751312,0.17273564636707306,0.6240962743759155,-0.35306212306022644,0.5798667669296265,0.5131335854530334,0.7906724214553833,0.4735283851623535,0.6993051767349243,0.42269426584243774,0.21138013079762458,-0.15582068264484406,0.0005286522209644318,0.5755077004432678,0.3907935917377472,0.24589139223098755
YNR041C,val,False,True,0.23579561710357666,0.5948244094848633,0.6104884147644043,0.2993123531341553,0.8001942038536072,0.9400002956390381,0.3241267800331116,0.8329698085784912,0.7200955152511597,0.9585239291191101,0.7054567933082581,1.195050835609436,0.5857219696044922,0.4439368098974228,0.631926417350769,0.019704416394233704,0.5670803785324097,0.6103206276893616,0.39065220952033997
YNR042W,val,False,False,-1.4372284412384033,0.044096332788467404,0.39174872636795044,-0.3764079213142395,0.226482093334198,0.33246833086013794,-0.35380956530570984,-0.16073987372219561,-0.17196565866470337,-0.31028562784194946,-0.1821877360343933,-0.027835587039589882,-0.1114247590303421,-1.1450704634189606,-0.35314449667930603,-1.6823556423187256,-0.9975257515907288,-1.0293339490890503,-1.6629924774169922
YNR043W,val,True,True,0.6160674095153809,0.6531521424651145,0.8944580554962158,0.7676901817321777,0.8709679245948792,0.7272194623947144,0.005425088107585907,0.7608924388885498,0.45321112871170044,1.408859372138977,0.36434251070022583,0.8751044273376465,0.7029447555541992,0.5548234224319458,0.6400212645530701,0.344857394695282,0.7614187598228455,0.7682947516441345,0.259524941444397
YNR044W,val,False,True,0.7268106341362,-1.0690605640411377,-1.05495285987854,-0.9588659405708313,-0.9661239981651306,-0.9852333068847656,-1.380126714706421,-0.6818909212946892,-1.6957066059112549,-0.6745810508728027,-0.4631103575229645,-0.03458153456449509,-0.5414750576019287,-0.7155026495456696,-0.694191038608551,-1.7190628051757812,-0.5720882415771484,0.1277344524860382,-0.7199056148529053
YNR045W,val,True,True,0.3874723017215729,0.5239987194538116,0.42525678873062134,0.6584707498550415,0.3370121121406555,0.9889194965362549,0.21033445000648499,0.7911340594291687,0.7945547699928284,0.9753821492195129,0.6713727116584778,0.795812726020813,0.7185479402542114,0.36054227948188783,0.29579198360443115,0.28801730275154114,0.5070713758468628,0.5166628956794739,0.19516783952713013
YNR046W,val,True,True,1.200277328491211,0.7237308263778687,0.8985681533813477,0.5947015881538391,0.9539004564285278,0.9608489871025085,0.21063494682312012,0.7915916085243225,0.5585029721260071,0.8910960555076599,0.9106587767601013,0.8810760974884033,0.7166241407394409,0.5909209847450256,0.8862375617027283,0.48137587308883667,0.649061381816864,0.60759037733078,0.3303397297859192
YNR047W,val,True,True,0.5305339694023132,0.5359218716621399,0.43097418546676636,0.528390109539032,0.479854553937912,1.0132626295089722,0.22712787985801697,0.6383799314498901,0.4681433439254761,0.4762797951698303,0.7862741947174072,0.8075605630874634,0.6536417603492737,0.48656835556030276,0.3694685995578766,0.7371020317077637,0.40995025634765625,0.606082558631897,0.3102383315563202
YNR048W,val,True,True,-0.14708782732486725,0.4134033814072609,0.5867998003959656,0.08603265881538391,0.541181743144989,0.7918909192085266,0.06111178547143936,0.5027575612068176,0.4503404498100281,0.5649431347846985,0.6614766716957092,0.5034360289573669,0.3335915207862854,0.5090779185295105,0.5392422676086426,0.052991658449172974,0.9268484711647034,0.7256751656532288,0.3006320297718048
YNR049C,val,True,True,0.7317106127738953,0.5611114829778672,0.8246400356292725,0.3476148843765259,0.5929920077323914,0.9148544073104858,0.1254560798406601,0.694739818572998,0.5082627534866333,0.8455804586410522,0.7403233051300049,0.7921181917190552,0.5874143838882446,0.34831127524375916,0.31999242305755615,0.18002255260944366,0.5398022532463074,0.45536673069000244,0.24637241661548615
YNR050C,val,True,True,-0.18461166322231293,-0.5828420162200928,0.5563061237335205,-0.7654223442077637,-0.8647571206092834,-0.9207868576049805,-0.9195498824119568,-0.49991369992494583,-0.7833132147789001,-0.758178174495697,-0.7115519642829895,0.10424204915761948,-0.35076719522476196,0.0686954028904438,0.03710239380598068,0.06902848184108734,0.053481828421354294,0.27892714738845825,-0.09506283700466156
YNR051C,val,False,True,1.2190274000167847,0.24562576413154602,0.24855056405067444,0.20730742812156677,0.4974970817565918,0.6397131681442261,-0.364939421415329,0.6093419194221497,0.6741877794265747,0.6144914627075195,0.6065910458564758,0.6722336411476135,0.4792056679725647,0.6300832867622376,0.6924838423728943,0.41310515999794006,1.208129644393921,0.43863818049430847,0.398059606552124
YNR052C,val,True,True,1.2197984457015991,0.6365505695343018,0.4815274477005005,0.7041522860527039,0.5529413223266602,1.153332233428955,0.2907995581626892,0.8201791167259216,0.7225780487060547,0.8254351615905762,0.6995882391929626,1.067297339439392,0.7859967947006226,0.7859751105308532,0.8304902911186218,0.7761510014533997,0.9256055951118469,0.7264002561569214,0.6712284088134766
YNR053C,val,True,True,1.2546136379241943,0.7220816671848297,0.3312428891658783,0.7409688234329224,0.7819830775260925,1.2450048923492432,0.5112086534500122,0.9852636814117431,1.0718413591384888,1.0151625871658325,0.8385726809501648,1.278254747390747,0.7224870324134827,0.6514053523540497,0.44784361124038696,0.49568337202072144,0.9949114918708801,0.48788657784461975,0.8307017087936401
YNR054C,val,True,True,1.12812077999115,0.2218248039484024,0.3451531231403351,-0.2553366422653198,0.2175302654504776,0.4530755281448364,0.34870174527168274,0.5668927729129791,0.5955033302307129,0.37603959441185,0.7121334671974182,0.6427226662635803,0.5080648064613342,0.4215943992137909,0.48466259241104126,-0.07366383075714111,0.8528043627738953,0.4411087930202484,0.40306007862091064
YNR055C,val,True,True,0.04744011536240578,-0.7855627238750458,-0.4847409129142761,-1.1290671825408936,-1.0837512016296387,-0.13228848576545715,-1.0979658365249634,-0.6523980543017387,-1.3201265335083008,-0.5953280329704285,-0.8754644393920898,0.04607198387384415,-0.5171432495117188,-0.3711077820509672,-1.4057313203811646,0.03122321516275406,0.1528678983449936,-0.01577344350516796,-0.6181252598762512
YNR056C,val,True,False,-1.9906121492385864,-0.1450039851013571,0.1404484063386917,-1.1045256853103638,-0.0016563024837523699,0.37735241651535034,-0.13663876056671143,-0.16073987372219561,-0.17196565866470337,-0.31028562784194946,-0.1821877360343933,-0.027835587039589882,-0.1114247590303421,-0.8092768251895904,0.17417719960212708,-1.7308332920074463,-0.8628119230270386,-0.7187679409980774,-0.9081481695175171
YNR057C,val,True,True,-1.075802206993103,-0.46490284353494643,0.17120319604873657,-0.3799954652786255,-1.2203328609466553,-0.12296224385499954,-0.7724268436431885,-0.08444645404815673,0.539708137512207,-0.23982512950897217,-0.47376111149787903,0.3550768196582794,-0.603430986404419,-0.7293343350291253,0.09418802708387375,-1.524332046508789,-1.2931137084960938,-0.0978049784898758,-0.8256089687347412
YNR058W,val,True,True,-1.231744647026062,-0.2587616443634033,0.24939939379692078,0.08434119820594788,-0.7345954775810242,-0.2699216604232788,-0.6230316758155823,0.09651600569486618,0.3050871193408966,-0.0502692386507988,-0.2099839448928833,0.5532968640327454,-0.11555077135562897,-0.7432422429323197,-0.12262614071369171,-0.5512772798538208,-1.7276782989501953,-0.3017217516899109,-1.0129077434539795
YNR059W,val,True,True,-0.6543464660644531,0.17961558401584626,0.06900140643119812,0.0019697174429893494,0.48867255449295044,0.30317938327789307,0.03525485843420029,0.6744525551795959,0.5665229558944702,0.26949024200439453,0.9514539241790771,0.973823070526123,0.6109725832939148,0.4222730457782745,0.1418609917163849,0.5661163926124573,0.5651037096977234,0.3442283272743225,0.4940558075904846
YNR060W,val,False,True,-1.1544252634048462,0.8028350234031677,0.9488527178764343,0.5971697568893433,0.6893655061721802,1.1305677890777588,0.6482193470001221,1.513553261756897,1.7226762771606445,1.6860753297805786,1.3249001502990723,1.574844479560852,1.2592700719833374,0.7849791347980499,1.0822460651397705,0.8444328904151917,0.8999963402748108,0.4644683301448822,0.6337520480155945
YNR061C,val,True,True,-0.15279217064380646,0.09823494106531143,0.2657318115234375,-0.5508220195770264,0.15259866416454315,0.5768097639083862,0.046856485307216644,0.4779823303222656,0.3051478862762451,0.5869532823562622,0.279209703207016,0.7387862205505371,0.4798145592212677,0.3113672912120819,0.3758409321308136,-0.1317613422870636,0.5929156541824341,0.38569116592407227,0.3341500461101532
YNR062C,val,False,False,-1.8294707536697388,-0.9112680107355118,-1.2891346216201782,-1.1263983249664307,-0.6863502264022827,-0.13231976330280304,-1.3221371173858643,-0.16073987372219561,-0.17196565866470337,-0.31028562784194946,-0.1821877360343933,-0.027835587039589882,-0.1114247590303421,-2.025353717803955,-1.8447459936141968,-2.1184000968933105,-2.092740535736084,-1.9949504137039185,-2.0759315490722656
YNR063W,val,True,False,-0.2987056374549866,-0.22674421966075897,-0.38829314708709717,-0.43569764494895935,0.14551140367984772,-0.2822660207748413,-0.17297568917274475,-0.16073987372219561,-0.17196565866470337,-0.31028562784194946,-0.1821877360343933,-0.027835587039589882,-0.1114247590303421,-0.6887664094567298,-0.14813631772994995,-1.6646685600280762,0.07390158623456955,-1.0182573795318604,-0.6866713762283325
YNR064C,val,True,True,-1.567745327949524,-0.2348598510026932,-0.3823477327823639,0.0677146315574646,-0.23361755907535553,-0.30557781457901,-0.32047078013420105,0.13231246545910835,0.08236879110336304,0.4626811742782593,0.344333291053772,-0.25048670172691345,0.02266577258706093,-0.5156338930130004,-1.2128711938858032,-0.5848037004470825,-0.2932237684726715,-0.32884982228279114,-0.15842097997665405
YNR065C,val,True,False,-0.4220243990421295,-0.3940290778875351,-0.5540036559104919,-1.1034910678863525,-0.08821903169155121,0.4669138193130493,-0.6913454532623291,-0.16073987372219561,-0.17196565866470337,-0.31028562784194946,-0.1821877360343933,-0.027835587039589882,-0.1114247590303421,-0.273571053147316,-0.08169664442539215,-1.1623108386993408,0.28748008608818054,0.335641473531723,-0.7469693422317505
YNR066C,val,True,True,-0.42241138219833374,0.26912206374108794,0.5822150111198425,-0.02512797899544239,0.06885993480682373,0.555605947971344,0.1640574038028717,0.49037047028541564,0.4668616056442261,0.4078623950481415,0.2306068241596222,0.8858692049980164,0.46065232157707214,-0.1350310780107975,0.07386883348226547,-0.2611960768699646,-0.9028682112693787,0.44406089186668396,-0.029020827263593674
YNR067C,val,True,True,0.9822881817817688,0.08425656110048294,-0.06227272003889084,0.11905589699745178,0.4957084357738495,-0.21941855549812317,0.08820974826812744,0.4033162444829941,0.07044893503189087,0.49033695459365845,0.604708194732666,0.6424691677093506,0.20861797034740448,0.12703035324811934,0.053679607808589935,0.921904981136322,-0.5598027110099792,-0.24601829051971436,0.4653881788253784
YNR068C,val,False,False,-0.5785498023033142,-0.9462685108184814,-1.1008752584457397,-0.9638853073120117,-1.2851701974868774,-0.5655312538146973,-0.815880537033081,-0.16073987372219561,-0.17196565866470337,-0.31028562784194946,-0.1821877360343933,-0.027835587039589882,-0.1114247590303421,-1.7016477823257445,-2.0872058868408203,-2.1089603900909424,-1.597168207168579,-1.105527639389038,-1.6093767881393433
YNR069C,val,False,True,-0.36973050236701965,-0.033675070852041245,0.47241413593292236,0.08447207510471344,-0.025495272129774094,0.19413600862026215,-0.8939023017883301,0.76585613489151,0.6890321969985962,0.8317602872848511,0.6948908567428589,1.1776167154312134,0.4359806180000305,0.2702449530363083,0.19311568140983582,0.12364250421524048,0.45621591806411743,0.23677800595760345,0.34147265553474426
YNR070W,val,True,True,-1.6357150077819824,-0.07353852987289429,-0.36776572465896606,0.41065436601638794,-0.1914018839597702,0.2483716756105423,-0.4675510823726654,0.030993922054767607,0.37271448969841003,0.3263973295688629,-0.3450221121311188,-0.0905834510922432,-0.10853664577007294,0.179431714117527,0.54941326379776,-0.03485448658466339,0.021885477006435394,0.03812018036842346,0.32259413599967957
YNR071C,val,True,True,-1.5726510286331177,-1.64168119430542,-1.6390712261199951,-2.2220377922058105,-1.839174747467041,-1.2271440029144287,-1.2809782028198242,-1.8260706901550292,-2.369333505630493,-2.3269877433776855,-1.6068730354309082,-1.4401507377624512,-1.3870084285736084,-1.7270187616348267,-1.7376092672348022,-2.3000991344451904,-1.7050576210021973,-1.3769153356552124,-1.515412449836731
YNR072W,val,True,True,-1.9737300872802734,-2.2218747615814207,-2.2519965171813965,-2.5614657402038574,-2.1532890796661377,-2.0799858570098877,-2.062636613845825,-1.461764121055603,-1.9775667190551758,-1.966581106185913,-1.275159239768982,-1.686045527458191,-0.4034680128097534,-2.094957876205444,-2.1447322368621826,-2.12601375579834,-2.169250965118408,-2.0916967391967773,-1.9430956840515137
YNR073C,val,True,False,-1.628213882446289,-1.0663752272725104,-0.9295747876167297,-1.1974433660507202,-1.8817894458770752,0.10549529641866684,-1.4285638332366943,-0.16073987372219561,-0.17196565866470337,-0.31028562784194946,-0.1821877360343933,-0.027835587039589882,-0.1114247590303421,-1.7159032821655273,-1.4093050956726074,-1.7583532333374023,-1.8863879442214966,-1.8688231706619263,-1.656646966934204
YNR074C,val,True,True,0.09211117774248123,0.21917566061019897,0.07898359000682831,0.40735334157943726,0.44399353861808777,0.11323413997888565,0.05231369286775589,0.43721577525138855,0.19415655732154846,-0.16644901037216187,0.7558013796806335,0.776580274105072,0.6259896755218506,0.5695030570030213,0.1469261646270752,0.756228506565094,0.3678063750267029,1.0710231065750122,0.5055311322212219
YNR075C-A,val,False,True,-2.088510751724243,-1.3827870845794679,-1.0400664806365967,-1.285646677017212,-1.919628620147705,-0.6060035228729248,-2.0625901222229004,-0.991889762878418,-0.6658245325088501,-1.7282155752182007,-1.0779192447662354,-0.5292036533355713,-0.9582858085632324,-2.107204461097717,-2.1873157024383545,-2.205092668533325,-2.1659679412841797,-1.8893593549728394,-2.0882866382598877
YNR075W,val,True,True,-0.4775683581829071,0.23095952868461608,0.28265610337257385,-0.25322943925857544,0.09857842326164246,0.8333799839019775,0.19341257214546204,0.75180743932724,0.6564118266105652,0.7646032571792603,0.9623511433601379,0.7192462086677551,0.6564247608184814,0.18202421367168425,0.17882606387138367,0.0524786040186882,0.3191640377044678,0.07151614874601364,0.28813621401786804
YNR076W,val,True,True,-1.1100492477416992,-1.5297051191329956,-1.2245879173278809,-1.594782829284668,-1.1615601778030396,-1.7430691719055176,-1.924525499343872,-1.2482585906982422,-1.0660455226898193,-1.9657944440841675,-1.126939058303833,-0.9594336748123169,-1.1230802536010742,-2.0089251041412353,-2.393381357192993,-1.5866119861602783,-2.001917600631714,-2.026277780532837,-2.0364367961883545
YNR077C,val,True,False,-2.088510751724243,-0.37647936791181563,-0.8460395336151123,-0.9555335640907288,-0.550497829914093,0.5346550345420837,-0.06498094648122787,-0.16073987372219561,-0.17196565866470337,-0.31028562784194946,-0.1821877360343933,-0.027835587039589882,-0.1114247590303421,-2.0468326568603517,-2.0271387100219727,-1.9056589603424072,-2.2859103679656982,-2.0939362049102783,-1.9215190410614014
