gene_id,split,in_grid,has_sites,y_a_true,v8_headA_all_ens,v8_headA_all_seed42,v8_headA_all_seed123,v8_headA_all_seed456,v8_headA_all_seed789,v8_headA_all_seed2024,v10_abl_no_knockout_ens,v10_abl_no_knockout_seed42,v10_abl_no_knockout_seed123,v10_abl_no_knockout_seed456,v10_abl_no_knockout_seed789,v10_abl_no_knockout_seed2024
YOL001W,test,True,True,-0.24482521414756775,0.03224919140338898,0.032422780990600586,0.2664673924446106,0.07064393162727356,-0.11205822229385376,-0.0962299257516861,-0.32273981869220736,-0.27114465832710266,-0.2807040214538574,-0.6139975190162659,-0.5332692265510559,0.08541633188724518
YOL002C,test,True,True,0.04409168288111687,-0.35241867899894713,-0.29774588346481323,-0.5857180953025818,-0.38993072509765625,0.15764620900154114,-0.6463449001312256,-0.4345869839191437,-0.20067983865737915,-0.7715839147567749,-0.682520866394043,-0.18282508850097656,-0.3353252112865448
YOL003C,test,True,True,-0.007768542971462011,0.11577459052205086,0.2655446231365204,0.18934617936611176,0.04171087592840195,0.07146219909191132,0.010809075087308884,0.11105166673660279,0.0837312862277031,0.28675952553749084,-0.04545685648918152,-0.0335131511092186,0.2637375295162201
YOL004W,test,True,True,0.8545726537704468,0.38412667736411094,0.4720737934112549,0.7518181204795837,0.30995315313339233,0.3363252282142639,0.05046309158205986,0.5885977953672409,0.4625142514705658,0.7194032669067383,0.8741464018821716,0.6884790658950806,0.19844599068164825
YOL005C,test,True,True,1.2221399545669556,0.3249484360218048,0.3413505256175995,0.6333797574043274,0.3748406171798706,0.10397301614284515,0.1711982637643814,0.43688602447509767,0.45140331983566284,0.759994387626648,0.35438621044158936,0.31014859676361084,0.3084976077079773
YOL006C,test,True,True,0.9821895956993103,1.0986578822135926,1.142524003982544,0.6187652945518494,1.6651289463043213,1.1560158729553223,0.9108552932739258,1.3007010698318482,1.4583849906921387,1.1444244384765625,1.2362751960754395,1.0978529453277588,1.5665677785873413
YOL007C,test,True,True,0.7977595925331116,0.43931291103363035,0.20690977573394775,0.30691319704055786,0.8305788636207581,0.32139289379119873,0.5307698249816895,0.2993659131228924,0.32733529806137085,-0.016486305743455887,0.5715391039848328,0.46688470244407654,0.14755676686763763
YOL008W,test,False,True,-0.20285435020923615,0.06891896948218346,-0.15677839517593384,0.22015053033828735,0.18472696840763092,0.056069083511829376,0.04042666032910347,-0.04639995694160461,-0.33599328994750977,0.34472912549972534,0.04248201847076416,-0.04113323986530304,-0.24208439886569977
YOL009C,test,False,True,0.19305314123630524,0.3093604803085327,0.14750707149505615,0.03621205687522888,0.7634400129318237,0.3611867427825928,0.23845651745796204,0.11878077499568462,-0.29147085547447205,0.4846680164337158,0.03808395564556122,-0.003481457009911537,0.36610421538352966
YOL010W,test,True,True,0.468755841255188,0.46756134033203123,0.6910433173179626,0.3458283543586731,0.6112203001976013,0.25154703855514526,0.4381676912307739,0.582212644815445,0.5106306076049805,0.9497432708740234,0.4027775824069977,0.2903187870979309,0.7575929760932922
YOL011W,test,True,True,-0.10579942166805267,1.0068836212158203,0.35604071617126465,1.1048321723937988,1.544247031211853,1.2481001615524292,0.7811980247497559,0.8464502334594727,0.7755467891693115,0.45137643814086914,1.2419602870941162,0.9532037973403931,0.8101638555526733
YOL012C,test,True,True,0.5497588515281677,0.5201754182577133,0.4910680651664734,0.9613224864006042,0.32661959528923035,-0.04344724118709564,0.8653141856193542,0.429060572385788,0.5457198619842529,0.37672439217567444,1.0945645570755005,-0.38811421394348145,0.5164082646369934
YOL013C,test,True,True,0.2915593087673187,0.05221648886799812,-0.1959683895111084,0.23473161458969116,0.15801328420639038,0.043769508600234985,0.020536426454782486,0.12487780749797821,-0.2808225750923157,0.3562602996826172,0.2711397409439087,-0.10942681133747101,0.38723838329315186
YOL013W-A,test,False,True,-1.8897221088409424,-1.9391522049903869,-2.309239625930786,-2.0520496368408203,-2.634255886077881,-2.095142126083374,-0.6050737500190735,-1.6199754238128663,-2.4146347045898438,-1.2433942556381226,-1.865707278251648,-1.6698517799377441,-0.9062891006469727
YOL013W-B,test,False,False,-2.088510751724243,-1.694238829612732,-2.053703546524048,-1.7361571788787842,-1.9859570264816284,-1.8096686601638794,-0.8857077360153198,-1.482694160938263,-2.1241259574890137,-1.2153270244598389,-1.3906912803649902,-2.251105785369873,-0.4322207570075989
YOL014W,test,True,True,-0.08441035449504852,-0.204405215382576,-0.6840094327926636,-0.6709690690040588,0.5543860793113708,-0.452077180147171,0.23064352571964264,-0.1394041121006012,-1.1107333898544312,0.5579953193664551,0.07200020551681519,0.21220630407333374,-0.42848899960517883
YOL015W,test,True,True,-1.1411479711532593,0.26501080989837644,0.1187383159995079,0.8308212161064148,0.28379562497138977,-0.08659297972917557,0.17829187214374542,0.3087061673402786,0.27548375725746155,0.7068329453468323,0.3414107859134674,-0.18205679953098297,0.40186014771461487
YOL016C,test,True,True,0.41732484102249146,0.8680801630020142,0.9784068465232849,0.8226892352104187,1.361793875694275,0.3612666130065918,0.8162442445755005,0.8298532366752625,1.0150156021118164,1.1824579238891602,1.059847354888916,0.5126948952674866,0.3792504072189331
YOL017W,test,True,True,-0.20577266812324524,0.602134644985199,0.6828608512878418,0.8289700150489807,0.4857889413833618,0.396709680557251,0.6163437366485596,0.6526755452156067,0.7824646234512329,0.5357729196548462,0.6504291296005249,0.4515097737312317,0.8432012796401978
YOL018C,test,False,True,0.5840561389923096,0.5689051270484924,0.6299938559532166,0.8016625046730042,0.1948941946029663,0.9046985507011414,0.3132765293121338,0.9084457993507385,1.3427820205688477,0.7189268469810486,1.0263895988464355,0.7181659936904907,0.7359645366668701
YOL019W,test,True,True,0.9133861660957336,0.5392535135149956,0.8649225831031799,0.8996369242668152,-0.0402928963303566,0.4184783101081848,0.5535226464271545,0.19763558842241763,0.0801500603556633,0.3395668566226959,0.13462936878204346,-0.02213144861161709,0.4559631049633026
YOL019W-A,test,False,True,-2.088510751724243,0.21706609278917313,0.38311266899108887,0.23373320698738098,0.22670625150203705,0.048071958124637604,0.19370637834072113,0.16302877962589263,0.16560667753219604,0.26114943623542786,0.6084826588630676,0.09249265491962433,-0.31258752942085266
YOL020W,test,True,True,0.4595666825771332,0.55004623234272,0.8617162704467773,0.07321937382221222,0.2609958052635193,0.8891763687133789,0.6651233434677124,0.46141055822372434,0.6649479866027832,0.419913649559021,0.16374319791793823,0.5791618824005127,0.4792860746383667
YOL021C,test,True,True,0.5032573342323303,0.9987626433372497,0.6667421460151672,1.1553821563720703,1.587360143661499,0.930591881275177,0.6537368893623352,1.0803046941757202,0.7113711833953857,1.2097277641296387,1.385852575302124,1.0342307090759277,1.060341238975525
YOL022C,test,True,False,0.6085663437843323,-1.93014554977417,-1.7101143598556519,-2.091444969177246,-1.9822742938995361,-1.824954628944397,-2.0419394969940186,-1.891904354095459,-2.1818714141845703,-2.013054609298706,-1.4511806964874268,-1.9549473524093628,-1.858467698097229
YOL023W,test,True,True,-0.2084423005580902,0.8429116010665894,0.9791771769523621,1.0499510765075684,0.7974170446395874,0.44263380765914917,0.9453788995742798,0.6958876371383667,0.5711969137191772,0.6099179983139038,0.46993792057037354,0.5569808483123779,1.271404504776001
YOL024W,test,False,False,-1.7144646644592285,-0.8984581232070923,-0.3434625267982483,-1.6597161293029785,-0.5561851859092712,-1.0210034847259521,-0.9119232892990112,-0.8653148233890533,-0.13777753710746765,-1.6636836528778076,-0.6780887842178345,-1.3523716926574707,-0.4946524500846863
YOL025W,test,True,True,-0.2484516054391861,0.5504199236631393,0.5995370745658875,-0.0016401559114456177,0.6022505760192871,0.6713523268699646,0.8805997967720032,0.6296035051345825,0.44179487228393555,0.45459187030792236,0.6740027666091919,0.8244181871414185,0.7532098293304443
YOL026C,test,True,True,1.1321818828582764,0.3656593675725162,0.7899195551872253,0.680228054523468,-0.002864005509763956,0.277000367641449,0.08401286602020264,0.014104814827442169,0.09576404839754105,0.18484684824943542,-0.2788892388343811,-0.31477999687194824,0.3835824131965637
YOL027C,test,True,True,0.9581441879272461,0.822343909740448,0.6407350301742554,0.7783544659614563,1.0045363903045654,1.027295708656311,0.6607979536056519,0.9504371166229248,0.8321764469146729,1.032131552696228,0.8743147253990173,1.0833635330200195,0.9301993250846863
YOL028C,test,True,True,1.009493112564087,0.2128658711910248,0.20877328515052795,0.15515141189098358,0.1946670413017273,0.24993948638439178,0.2557981312274933,0.35949728190898894,-0.0809333473443985,0.3725098669528961,0.41814056038856506,0.5316232442855835,0.5561460852622986
YOL029C,test,True,False,0.1278906613588333,-1.0359585762023926,0.5493173003196716,-1.5649032592773438,-0.9600738883018494,-1.6122175455093384,-1.591915488243103,-1.0513606786727905,0.7983474731445312,-1.3766436576843262,-1.225216031074524,-1.755613088607788,-1.6976780891418457
YOL030W,test,True,True,0.6964038014411926,0.3858545392751694,0.35697421431541443,0.3281528949737549,0.5953529477119446,0.1698138564825058,0.4789787828922272,0.3374518513679504,0.5783807039260864,0.23745578527450562,0.3198400139808655,0.15860974788665771,0.39297300577163696
YOL031C,test,True,True,0.4280807673931122,0.7432885646820069,0.6105923056602478,0.6942368149757385,0.8212187886238098,0.8050804734230042,0.7853144407272339,0.7254792153835297,0.8796021938323975,0.9943345785140991,0.6015965938568115,0.4516132175922394,0.7002494931221008
YOL032W,test,True,True,0.21024712920188904,0.8628667116165161,0.5185734033584595,1.2217686176300049,1.077904462814331,0.9152296781539917,0.5808573961257935,0.814669394493103,0.8097761273384094,0.8220827579498291,0.9307705163955688,0.7670880556106567,0.743629515171051
YOL033W,test,True,False,-0.537468671798706,-0.6172960489988327,-0.845981776714325,-0.5736902356147766,-0.9921346306800842,-0.7701886296272278,0.09551502764225006,-0.4712620317935944,-0.04222904145717621,-0.31526362895965576,-0.9366544485092163,-0.860965371131897,-0.20119766891002655
YOL034W,test,True,True,0.2096780389547348,0.6704851567745209,0.7182872891426086,0.41890767216682434,1.4138495922088623,0.3310685157775879,0.4703127145767212,0.5144395947456359,0.7990919947624207,0.42887789011001587,0.7135541439056396,0.1379801630973816,0.49269378185272217
YOL035C,test,False,False,-1.7548974752426147,-1.1755055904388427,-0.7044396996498108,-0.9835683703422546,-1.6677815914154053,-1.185703158378601,-1.336035132408142,-1.3287022054195403,-0.4685700833797455,-1.6328083276748657,-1.6555203199386597,-1.2333383560180664,-1.6532739400863647
YOL036W,test,True,True,0.5993341207504272,0.5017306447029114,0.32518160343170166,0.881611168384552,0.5939728617668152,0.32623136043548584,0.3816562294960022,0.6306723326444625,0.5489361882209778,1.030907392501831,0.23069442808628082,0.47973641753196716,0.8630872368812561
YOL037C,test,False,False,-2.003502607345581,-1.1812833905220033,-1.226981520652771,-1.1728599071502686,-1.317321538925171,-0.648994505405426,-1.5402594804763794,-0.985165250301361,-0.7476067543029785,-0.8233955502510071,-1.4500300884246826,-0.9327408671379089,-0.9720529913902283
YOL038C-A,test,True,True,1.2752268314361572,0.674513864517212,0.7588114142417908,0.44311994314193726,0.9945659041404724,0.7554988265037537,0.42057323455810547,0.6045621782541275,0.8265475034713745,0.7446638345718384,0.5588216185569763,0.18109925091266632,0.711678683757782
YOL038W,test,True,True,1.3939096927642822,0.8534613132476807,1.0285900831222534,0.8791513442993164,0.9174933433532715,0.8572885394096375,0.5847832560539246,0.7324586629867553,0.9638220071792603,0.7782086133956909,0.5224225521087646,0.18817508220672607,1.209665060043335
YOL039W,test,True,True,0.5832198262214661,1.5930015087127685,1.6752656698226929,1.4198148250579834,1.7132289409637451,1.6814931631088257,1.4752049446105957,1.2909741878509522,1.272049069404602,1.2856566905975342,1.2322003841400146,1.3444916009902954,1.3204731941223145
YOL040C,test,True,True,2.036766290664673,1.1270029991865158,1.5218638181686401,1.321291208267212,1.6822869777679443,0.2129678577184677,0.8966051340103149,0.9228641748428345,1.0053627490997314,1.177402377128601,0.7880271673202515,0.9127460718154907,0.7307825088500977
YOL041C,test,True,True,0.8016772866249084,1.2018025636672973,1.4424374103546143,1.0064539909362793,1.5661479234695435,0.9563634395599365,1.0376100540161133,1.01069176197052,1.1000741720199585,1.0451037883758545,1.3231786489486694,0.6281192898750305,0.9569829106330872
YOL042W,test,False,False,-0.4801081418991089,-0.9381232917308807,-0.4506590664386749,-1.3367118835449219,-1.1179893016815186,-0.988323986530304,-0.7969322204589844,-0.7996788382530212,-0.627332329750061,-0.7942971587181091,-0.737204909324646,-0.9252094030380249,-0.9143503904342651
YOL043C,test,True,False,-0.10829702764749527,-1.2055146098136902,-1.7281461954116821,-1.5653245449066162,-0.7146322131156921,-0.8561409711837769,-1.1633291244506836,-1.072000253200531,-1.8347398042678833,-1.5134258270263672,-0.497139036655426,-1.0387744903564453,-0.4759221076965332
YOL044W,test,False,True,-0.2900741696357727,0.011525878310203552,0.3914147615432739,-0.5790814757347107,-0.08428414165973663,0.20171692967414856,0.1278633177280426,0.0015639401972293854,0.13735654950141907,-0.18501359224319458,-0.1640983372926712,0.2508339583873749,-0.031258877366781235
YOL045W,test,True,True,0.2655080258846283,0.0007805764675140381,0.24624493718147278,-0.48351722955703735,-0.1982976347208023,0.14603157341480255,0.2934412360191345,0.3139266848564148,0.32295528054237366,0.20551657676696777,0.3222573399543762,0.3613860309123993,0.35751819610595703
YOL046C,test,False,False,-1.9908815622329712,-0.9543511026538909,-1.5198496580123901,-1.2076060771942139,-0.005109038669615984,-0.3057553470134735,-1.7334353923797607,-1.3752425193786622,-1.724141240119934,-0.7405258417129517,-1.2860791683197021,-1.105234146118164,-2.0202322006225586
YOL047C,test,True,True,-1.4915549755096436,-0.13682897835969926,-1.0733625888824463,0.13046817481517792,-0.10875735431909561,0.25762850046157837,0.10987837612628937,0.0713172972202301,-0.41953763365745544,0.13067463040351868,0.29626530408859253,-0.07349327206611633,0.4226774573326111
YOL048C,test,True,True,-0.14757080376148224,-0.5807172656059265,-0.4059566557407379,-0.7073946595191956,-0.8731241822242737,-0.4146740734577179,-0.5024367570877075,-0.3708322584629059,-0.5120503306388855,-0.13159480690956116,-0.35443922877311707,-0.44847121834754944,-0.40760570764541626
YOL049W,test,True,True,0.6527405977249146,0.42131197452545166,0.2441006302833557,0.32013407349586487,0.7462428212165833,0.13010236620903015,0.6659799814224243,0.45910859704017637,0.40701475739479065,1.0246033668518066,0.3098517656326294,-0.19097119569778442,0.7450442910194397
YOL050C,test,False,False,-1.639182448387146,-0.9715682283043862,0.03357236832380295,-0.8961157202720642,-0.650550365447998,-1.3954330682754517,-1.9493143558502197,-1.0663093388080598,-0.35774680972099304,-1.628067135810852,-0.3149263262748718,-1.4009463787078857,-1.6298600435256958
YOL051W,test,False,True,1.0828896760940552,1.1256664514541626,1.2142693996429443,0.7296712398529053,1.4756371974945068,1.3826355934143066,0.8261188268661499,1.1283904671669007,0.877356767654419,1.1061062812805176,0.9534783959388733,1.1481008529663086,1.5569100379943848
YOL052C,test,True,True,0.7879452109336853,0.5040062844753266,0.6108784079551697,0.3152092695236206,0.6487787961959839,0.2788572609424591,0.6663076877593994,0.4621401891112328,-0.002983011305332184,0.550408124923706,0.0808500349521637,0.9831533432006836,0.6992724537849426
YOL052C-A,test,False,True,-0.3754267692565918,0.288432252779603,1.118385910987854,-0.04488450288772583,0.8806158900260925,-0.01057433895766735,-0.5013816952705383,0.06500450670719146,0.35579487681388855,0.16179923713207245,0.5272390246391296,-0.653569757938385,-0.06624084711074829
YOL053W,test,True,True,0.44812366366386414,-0.09760666415095329,0.11079064756631851,-0.4034486711025238,-0.39126449823379517,0.15312466025352478,0.04276454076170921,-0.08887163996696472,-0.1556280553340912,-0.360582560300827,0.04219871759414673,0.1452459692955017,-0.11559227108955383
YOL054W,test,True,True,0.5431395173072815,0.04029588839039207,-0.12349922209978104,-0.5828763842582703,0.005178819876164198,0.8439314961433411,0.05874473229050636,-0.13000198900699617,-0.2601897418498993,-0.5296913981437683,-0.29185977578163147,0.6123591065406799,-0.18062813580036163
YOL055C,test,False,False,-0.720003604888916,-0.9842040702700615,-0.12258132547140121,-0.9354041218757629,-1.2742300033569336,-0.6636378169059753,-1.9251670837402344,-0.8530720710754395,-0.5373910069465637,-0.7486630082130432,-1.2543575763702393,-0.5313645601272583,-1.1935842037200928
YOL056W,test,True,True,0.3795434534549713,0.04275764375925064,-0.2549050748348236,-0.173167422413826,0.2141706496477127,0.06547228246927261,0.3622177839279175,0.1666843131184578,0.007580257952213287,0.3079715371131897,0.03957587480545044,0.1475791037082672,0.33071479201316833
YOL057W,test,False,True,0.21219883859157562,0.2828224807977676,0.3124239444732666,0.4628472924232483,0.2347596287727356,0.23368386924266815,0.17039766907691956,0.35262077301740646,-0.06709866970777512,0.5842172503471375,0.17942945659160614,0.44214823842048645,0.6244075894355774
YOL058W,test,False,True,0.9782732129096985,0.6263767182826996,0.7202398180961609,0.6756665110588074,0.9730437397956848,0.2601684033870697,0.5027651190757751,0.1812536481767893,0.006325483322143555,0.4046992361545563,0.018659116700291634,-0.20393767952919006,0.680522084236145
YOL059W,test,True,True,1.514225721359253,0.8784725904464722,0.8311766386032104,1.0797252655029297,0.8520745635032654,0.5749173760414124,1.054469108581543,0.8377901673316955,0.5274965763092041,0.9402972459793091,0.7762712240219116,0.7314496636390686,1.2134361267089844
YOL060C,test,True,True,1.1175615787506104,0.6946304082870484,0.8818886876106262,0.6650113463401794,1.066770315170288,0.4573880434036255,0.40209364891052246,0.5523220181465149,0.6397548317909241,0.34273236989974976,0.6833489537239075,0.35767561197280884,0.7380983233451843
YOL061W,test,True,True,0.3633718192577362,0.36244846880435944,0.3545028269290924,0.31310784816741943,0.6424453854560852,0.37568649649620056,0.12649978697299957,0.40337989926338197,0.2681526243686676,0.2883516550064087,0.5910598635673523,0.470031201839447,0.3993041515350342
YOL062C,test,True,True,0.5367338061332703,0.022441530227661134,0.3444164991378784,-0.5838828086853027,0.08436852693557739,0.13252268731594086,0.13478274643421173,0.041679318994283676,0.2646264433860779,-0.27162477374076843,0.27339544892311096,-0.048548758029937744,-0.009451765567064285
YOL063C,test,True,False,-0.3278621435165405,-0.33408341407775877,-0.2977835536003113,-0.5280616879463196,0.0650586187839508,-0.33082935214042664,-0.5788010954856873,-0.14783927649259568,0.26951178908348083,-0.15542417764663696,-0.4635103940963745,0.0792892649769783,-0.469062864780426
YOL064C,test,True,True,0.11875472962856293,0.13864155746996404,-0.06300972402095795,0.06836380064487457,0.46793103218078613,-0.019137082621455193,0.23905976116657257,0.239230152964592,0.15314021706581116,0.3071587085723877,0.25898241996765137,-0.07567505538463593,0.5525444746017456
YOL065C,test,False,True,0.22553029656410217,-0.6368703961372375,0.24986517429351807,-0.49949946999549866,-0.3661511242389679,-1.0962058305740356,-1.4723607301712036,-0.41083731055259703,0.44829243421554565,-0.4758097231388092,-0.38856661319732666,-1.018259048461914,-0.619843602180481
YOL066C,test,False,False,0.16731883585453033,-0.11298057436943054,0.47325146198272705,-0.6624665260314941,0.05509791150689125,-0.4734593629837036,0.04267364367842674,-0.016316085681319238,0.006425239145755768,-0.2585049569606781,0.02230159379541874,0.21193775534629822,-0.06374005973339081
YOL067C,test,True,True,0.8396010398864746,0.7299551844596863,0.6081750988960266,0.7848506569862366,0.614630401134491,1.1418513059616089,0.5002684593200684,0.7336076319217681,0.3262602984905243,0.6625322699546814,0.7462836503982544,0.9184352159500122,1.0145267248153687
YOL068C,test,True,True,0.8427512645721436,0.5424816310405731,0.6335083246231079,0.7885950803756714,0.411868155002594,0.45422813296318054,0.42420846223831177,0.18524048924446107,0.4324595630168915,0.2297077775001526,-0.2918148934841156,0.2801251709461212,0.2757248282432556
YOL069W,test,True,True,0.05310692638158798,-0.11005095839500427,0.027782339602708817,-0.26990944147109985,-0.1502857655286789,-0.15079140663146973,-0.007050517946481705,-0.017904467508196832,0.06063283234834671,-0.1919388473033905,-0.427449494600296,0.017879681661725044,0.4513534903526306
YOL070C,test,True,True,0.7664246559143066,0.01647586524486542,0.4294808506965637,-0.18437039852142334,-0.10447011888027191,0.0648440569639206,-0.12310506403446198,0.1411309354007244,0.07964809238910675,0.03660281375050545,-0.24948972463607788,0.10672309249639511,0.7321704030036926
YOL071W,test,True,True,0.9490100145339966,0.190115737169981,0.027641817927360535,0.16869030892848969,0.451879620552063,0.3517415225505829,-0.04937458410859108,0.30592573806643486,0.304200142621994,0.4095553159713745,0.4738761782646179,0.39115583896636963,-0.04915878549218178
YOL072W,test,False,True,0.022829845547676086,-0.36602530926465987,-0.3746919333934784,-0.11754858493804932,-0.06285139173269272,-0.1810881793498993,-1.0939464569091797,-0.5732340842485428,-0.5682632327079773,-0.4702397584915161,-0.15851198136806488,-0.08969876170158386,-1.5794566869735718
YOL073C,test,False,True,0.20806501805782318,-0.3269163444638252,-0.11244768649339676,-0.26997023820877075,-0.3546832799911499,-0.18006280064582825,-0.7174177169799805,-0.2569393962621689,-0.5586812496185303,0.08106504380702972,-0.12972578406333923,-0.14872419834136963,-0.528630793094635
YOL075C,test,True,True,-0.7440013289451599,0.3634466230869293,0.4442720115184784,0.11405931413173676,0.4873671531677246,0.560437798500061,0.2110968381166458,0.22473355382680893,0.08276323229074478,0.5440746545791626,0.03987172245979309,0.23959684371948242,0.21736131608486176
YOL076W,test,True,True,0.453590452671051,0.7414499878883362,0.7454046607017517,0.4763767123222351,1.0021250247955322,0.7358558177947998,0.7474877238273621,0.8715980052947998,0.8438029289245605,1.0962159633636475,0.6878337860107422,0.6637073755264282,1.0664299726486206
YOL077C,test,True,True,1.0322009325027466,0.7720295310020446,0.3980677127838135,0.7977916598320007,0.8677564263343811,1.1383297443389893,0.6582021117210388,1.120198369026184,1.1374377012252808,1.3092204332351685,1.0030672550201416,0.950532078742981,1.2007343769073486
YOL077W-A,test,True,True,1.6023564338684082,0.20622497498989106,-0.047604694962501526,0.42531681060791016,0.4935985505580902,-0.10532981157302856,0.265144020318985,0.0814670592546463,-0.2342558205127716,0.19329498708248138,0.49664562940597534,-0.140543594956398,0.0921940952539444
YOL078W,test,False,True,-0.04896540194749832,0.0811934757977724,0.11421509832143784,-0.2762352526187897,0.38966619968414307,-0.0019246172159910202,0.18024595081806183,0.30471058040857313,0.07786796241998672,-0.1224868893623352,0.5842278003692627,-0.20805111527442932,1.1919951438903809
YOL079W,test,False,False,-1.9724780321121216,-1.5038185119628906,-1.5266293287277222,-1.3809876441955566,-1.264991283416748,-1.806860089302063,-1.5396242141723633,-1.6325757503509521,-1.9261806011199951,-1.5427255630493164,-1.2276591062545776,-1.772797703742981,-1.6935157775878906
YOL080C,test,True,True,0.5001569986343384,0.4202666372060776,0.6093271374702454,0.7077623009681702,0.6095187664031982,0.050954535603523254,0.12377044558525085,0.32371058166027067,0.558600127696991,0.6720338463783264,0.21387121081352234,-0.1022597998380661,0.27630752325057983
YOL081W,test,True,True,0.3649650514125824,0.7288987576961518,0.9394254684448242,0.968851625919342,0.7444174885749817,0.5335614681243896,0.45823773741722107,0.3582283616065979,0.25638553500175476,0.5558960437774658,0.3609788715839386,0.47518351674079895,0.14269784092903137
YOL082W,test,True,True,0.072688989341259,1.029748010635376,1.0376209020614624,0.9729217886924744,1.3123528957366943,0.6382094025611877,1.187635064125061,1.2315346479415894,1.0353368520736694,1.1671559810638428,1.0675947666168213,0.9493012428283691,1.9382843971252441
YOL083C-A,test,False,False,-1.921277642250061,-1.9953001022338868,-1.8794666528701782,-2.084479570388794,-2.118425130844116,-1.785208821296692,-2.1089203357696533,-2.0172682762145997,-2.0924506187438965,-2.0901553630828857,-1.8830978870391846,-2.008760929107666,-2.0118765830993652
YOL083W,test,True,True,-0.5649816989898682,0.15159696638584136,0.13724002242088318,0.07785187661647797,-0.12588158249855042,0.9196646809577942,-0.25089016556739807,0.14943485483527183,0.0901574119925499,0.007002253085374832,-0.10211125016212463,0.39833134412765503,0.35379451513290405
YOL084W,test,True,True,-1.1951961517333984,-0.5176835894584656,-1.3331421613693237,-0.6225326061248779,-0.5328913331031799,0.1289224773645401,-0.2287743240594864,-0.025133991986513136,-0.14558672904968262,0.10017405450344086,-0.05141802504658699,-0.137096107006073,0.10825684666633606
YOL085C,test,False,False,-1.6389124393463135,-0.9946574389934539,-0.48184695839881897,-0.8999108672142029,-1.6455645561218262,-1.1814631223678589,-0.764501690864563,-0.9215624809265137,-0.5868916511535645,-1.3247442245483398,-0.9239847660064697,-1.3131086826324463,-0.45908308029174805
YOL085W-A,test,False,False,-0.10626305639743805,-1.724696946144104,-1.753127098083496,-2.1349284648895264,-1.9750823974609375,-1.663991928100586,-1.0963548421859741,-1.6809583187103272,-1.8928941488265991,-2.2089481353759766,-1.8750838041305542,-1.6813619136810303,-0.7465035915374756
YOL086C,test,True,True,1.7672889232635498,1.5905786752700806,1.1899772882461548,2.2810866832733154,1.9143754243850708,0.9532581567764282,1.6141958236694336,1.5992148160934447,1.2800220251083374,1.7502721548080444,1.7319942712783813,1.4640467166900635,1.7697389125823975
YOL086W-A,test,True,True,0.238462895154953,0.605661278963089,0.6752498745918274,0.46006083488464355,1.0541551113128662,0.5666624903678894,0.2721780836582184,0.3947462722659111,0.5161111354827881,0.25006985664367676,0.46377140283584595,0.038960300385951996,0.7048186659812927
YOL087C,test,True,True,0.16124381124973297,0.37664394825696945,0.0949927493929863,0.25130608677864075,0.648819625377655,0.3279983401298523,0.5601029396057129,0.26652384996414186,0.1438606083393097,-0.10782918334007263,0.6076722741127014,0.11690986156463623,0.5720056891441345
YOL088C,test,True,True,0.5536664724349976,0.002916570007801056,0.2536177635192871,-0.1203354224562645,0.27443403005599976,-0.4692404270172119,0.07610690593719482,0.0018727581948041916,0.16258946061134338,-0.0436246357858181,0.021839993074536324,-0.33051779866218567,0.19907677173614502
YOL089C,test,True,True,-0.4351838529109955,0.1204386904835701,0.43887022137641907,-0.028814367949962616,-0.07645997405052185,0.1248304694890976,0.1437671035528183,0.19979916661977767,0.07899478822946548,0.23401319980621338,0.3156363368034363,-0.05845828354358673,0.42880979180336
YOL090W,test,True,True,-0.023070096969604492,0.24577807486057282,0.6165482997894287,-0.03288717567920685,0.5383594632148743,-0.1843477487564087,0.29121753573417664,0.3394658103585243,0.02631542831659317,0.5425971746444702,0.43378618359565735,0.10876774787902832,0.5858625173568726
YOL091W,test,True,True,-1.334310531616211,-1.292068874835968,-0.8149900436401367,-2.0306482315063477,-1.7308459281921387,-1.2162684202194214,-0.6675917506217957,-1.3523276329040528,-1.6547613143920898,-1.4496471881866455,-1.2462940216064453,-0.9018659591674805,-1.5090696811676025
YOL092W,test,True,True,0.590799868106842,-0.40927196443080904,-0.10105301439762115,-0.3031803369522095,-1.0660400390625,-0.26975053548812866,-0.3063358962535858,-0.5328791499137878,-0.44339466094970703,-0.6201061010360718,-0.7107320427894592,-0.8120830059051514,-0.0780799388885498
YOL093W,test,True,True,1.131037950515747,0.3929705865681171,0.628588080406189,0.3358873128890991,0.41404202580451965,0.5922432541847229,-0.005907740443944931,0.36661102771759035,0.5171242952346802,0.4519916772842407,0.056086212396621704,0.5543265342712402,0.2535264194011688
YOL094C,test,True,True,0.17896708846092224,0.2520061582326889,0.440437912940979,0.21692264080047607,0.397025465965271,0.13055886328220367,0.07508590817451477,0.16396176666021348,-0.1174747496843338,0.3133930265903473,-0.05083109438419342,0.11213373392820358,0.5625879168510437
YOL095C,test,True,True,-0.5643731951713562,0.4603094458580017,0.5096598267555237,0.6387653350830078,0.3432263433933258,0.06239226460456848,0.7475034594535828,0.48323709815740584,0.37977707386016846,0.8453152775764465,0.2661246061325073,0.04738824814558029,0.8775802850723267
YOL096C,test,True,True,-0.035769615322351456,0.20332661718130113,0.061141081154346466,0.2776584029197693,0.20951880514621735,0.2482362985610962,0.2200784981250763,-0.033359646797180176,-0.23223978281021118,0.11018110811710358,-0.200638085603714,0.28608226776123047,-0.13018374145030975
YOL097C,test,True,True,0.5292906761169434,0.44487487971782685,0.55128014087677,0.06819579005241394,0.7304913997650146,0.6286786198616028,0.24572844803333282,0.4961539387702942,0.5674402713775635,0.4347536563873291,0.32936814427375793,0.6668304204940796,0.48237720131874084
YOL097W-A,test,True,True,-0.6476660966873169,0.044825109839439395,0.15528368949890137,-0.33518168330192566,0.18722771108150482,0.12176743894815445,0.09502839297056198,0.0038487393409013747,-0.06302670389413834,0.07793520390987396,-0.2589872479438782,0.030973585322499275,0.23234885931015015
YOL098C,test,True,True,0.43100425601005554,0.19928817600011825,0.326407253742218,-0.09923586994409561,0.39791834354400635,0.21696622669696808,0.15438492596149445,0.25494049936532975,-0.1053042933344841,0.2973228096961975,0.31195753812789917,0.4243021011352539,0.3464243412017822
YOL099C,test,False,False,-1.2408440113067627,-1.098103293776512,-0.6665067076683044,-2.054694652557373,-0.2419094294309616,-0.9962436556816101,-1.5311620235443115,-1.2364312529563903,-0.9922689199447632,-1.6896713972091675,-0.6011821031570435,-0.8576965928077698,-2.041337251663208
YOL100W,test,True,True,0.20761582255363464,0.388348388671875,0.23417216539382935,0.9234700798988342,0.12733915448188782,0.47422608733177185,0.18253445625305176,0.5654153764247895,0.8715670108795166,0.8129004240036011,0.13601011037826538,0.4834856688976288,0.5231136679649353
YOL101C,test,True,True,-0.558953583240509,0.12959447354078293,0.023473136126995087,0.6260144114494324,-0.3771328628063202,-0.28064608573913574,0.6562637686729431,-0.1710769221186638,-0.04661373049020767,-0.26703694462776184,0.1377563327550888,-0.42631447315216064,-0.2531757950782776
YOL102C,test,True,True,0.056922201067209244,-1.3974054098129272,-1.4719972610473633,-1.069965124130249,-2.331861734390259,-1.33014976978302,-0.7830531597137451,-1.318534827232361,-1.8293848037719727,-1.2152880430221558,-2.1846468448638916,-1.2668366432189941,-0.09651780128479004
YOL103W,test,False,True,0.4307391345500946,0.2606300085783005,0.3996889591217041,0.061012640595436096,0.1875089406967163,0.1377260386943817,0.5172134637832642,0.2684650655835867,0.4655575156211853,0.3399263322353363,0.05373060703277588,-0.003524037078022957,0.48663491010665894
YOL104C,test,True,True,-0.41706183552742004,-0.015630428865551948,0.09257648140192032,0.04771099239587784,0.020619681105017662,-0.6164380311965942,0.3773787319660187,0.04165060818195343,0.22343650460243225,-0.008499443531036377,-0.1413344293832779,-0.5098527669906616,0.6445031762123108
YOL105C,test,True,True,0.12120858579874039,-0.004901432618498802,0.027725432068109512,-0.3442767560482025,0.33780232071876526,-0.030547408387064934,-0.015210751444101334,0.03797307461500168,-0.34014201164245605,0.23491698503494263,0.4007115066051483,0.04522842913866043,-0.15084953606128693
YOL106W,test,False,False,-1.1656928062438965,-0.9167397253215313,-0.546256959438324,-1.5362372398376465,-0.04201525077223778,-1.020279884338379,-1.4389092922210693,-0.9801616430282593,-0.7754013538360596,-1.2386828660964966,-0.6837413311004639,-0.9794832468032837,-1.2234994173049927
YOL107W,test,True,True,0.282907634973526,0.22781358510255814,0.21533194184303284,0.32393401861190796,0.40958085656166077,0.06979726999998093,0.12042383849620819,0.47536571621894835,0.23148325085639954,0.7966232299804688,0.2425813376903534,0.4796124994754791,0.626528263092041
YOL108C,test,True,True,1.1410753726959229,0.3872693568468094,0.6591174006462097,0.7820623517036438,0.33627012372016907,0.23589155077934265,-0.0769946426153183,0.8989483475685119,0.6911049485206604,0.9900921583175659,0.6704469919204712,1.0153199434280396,1.1277776956558228
YOL109W,test,True,True,1.9677560329437256,1.2175761461257935,0.626491904258728,2.2784128189086914,1.4486373662948608,1.1086169481277466,0.6257216930389404,1.332351016998291,1.3893173933029175,1.878902554512024,1.0777320861816406,1.0262495279312134,1.2895535230636597
YOL110W,test,True,True,-0.4174368977546692,-1.0177600622177123,-1.351443886756897,-1.6246140003204346,-1.1708228588104248,-0.5412461757659912,-0.40067338943481445,-0.9444219946861268,-1.353415608406067,-1.425112247467041,-0.5723251104354858,-0.5372828245162964,-0.8339741826057434
YOL111C,test,True,True,1.005720853805542,0.015696239471435548,0.25815945863723755,-0.02175694704055786,0.4241420030593872,-0.8802116513252258,0.29814833402633667,0.1146707970649004,0.21251150965690613,0.11076411604881287,0.17016971111297607,-0.017026593908667564,0.09693524241447449
YOL112W,test,False,True,0.6000497341156006,0.17965442687273026,0.2750476002693176,-0.08526382595300674,0.5924118757247925,-0.1237669587135315,0.2398434430360794,-0.02181185968220234,0.11166838556528091,-0.013595391064882278,-0.17395848035812378,0.011651953682303429,-0.04482576623558998
YOL113W,test,True,True,-0.06296833604574203,0.6843269467353821,0.43417227268218994,0.7335402965545654,0.7213776707649231,0.8758244514465332,0.6567200422286987,0.6163847744464874,0.9591747522354126,0.8164628744125366,0.38842105865478516,0.34698936343193054,0.5708758234977722
YOL114C,test,True,True,-0.050535909831523895,0.3611200779676437,0.5270559191703796,0.24144792556762695,0.24245165288448334,0.3164411187171936,0.47820377349853516,0.15131366588175296,0.20608529448509216,0.17877405881881714,-0.015979407355189323,0.28702250123023987,0.10066588222980499
YOL115W,test,False,True,0.2065124213695526,0.04211926013231278,0.2812865078449249,-0.5018390417098999,0.28893861174583435,0.05871184915304184,0.08349837362766266,0.30025831535458564,0.616921603679657,-0.019199784845113754,0.3676958382129669,-0.09817817807197571,0.6340520977973938
YOL116W,test,True,True,0.22301200032234192,0.6103318214416504,0.749542772769928,0.47902005910873413,0.43195903301239014,0.881149172782898,0.5099880695343018,0.27294394075870515,0.2898477613925934,0.367923766374588,0.05912382900714874,0.270852267742157,0.3769720792770386
YOL117W,test,True,False,-0.18227045238018036,-1.02578204870224,-0.3212047815322876,-1.5611202716827393,-0.6725712418556213,-1.3142389059066772,-1.2597750425338745,-0.962826156616211,-0.8502268195152283,-0.9011551141738892,-0.8545653820037842,-1.2163867950439453,-0.9917966723442078
YOL118C,test,False,False,-1.2064766883850098,-1.4504390239715577,-1.2342897653579712,-1.5870552062988281,-1.2757110595703125,-1.1134413480758667,-2.0416977405548096,-1.4738714456558228,-1.3584011793136597,-1.7909064292907715,-1.568178415298462,-1.0433380603790283,-1.6085331439971924
YOL119C,test,False,True,0.3526555895805359,0.1708032302558422,0.3804657459259033,0.016778752207756042,0.22503094375133514,0.2625110149383545,-0.030770305544137955,0.0425935186445713,0.07754208892583847,0.019013572484254837,-0.040589116513729095,-0.3789847791194916,0.5359858274459839
YOL120C,test,True,True,1.0188838243484497,1.2446440935134888,0.9632593989372253,1.570570468902588,2.0291669368743896,0.6212647557258606,1.0389589071273804,0.8154544711112977,0.5291142463684082,1.1433340311050415,1.041649580001831,0.417962908744812,0.9452115893363953
YOL121C,test,True,True,1.0812923908233643,1.7804071187973023,1.466088891029358,1.4182097911834717,2.5624725818634033,1.811554193496704,1.6437101364135742,1.2826648354530334,1.2385408878326416,0.7717172503471375,1.431797742843628,1.6458563804626465,1.3254119157791138
YOL122C,test,True,True,-0.36050093173980713,0.21373357959091663,0.4285483956336975,0.07413835823535919,0.40968388319015503,0.03061194159090519,0.12568531930446625,0.1278925843536854,-0.21296632289886475,0.05901147797703743,0.4500148594379425,0.5216768383979797,-0.17827393114566803
YOL123W,test,True,True,0.3019360303878784,1.0780433535575866,0.6248887181282043,1.441244125366211,1.7849791049957275,0.7434918880462646,0.7956129312515259,1.0117400765419007,0.8520158529281616,0.962761640548706,1.2685182094573975,0.7777356505393982,1.1976690292358398
YOL124C,test,True,True,0.171620175242424,0.578958946466446,0.5731697082519531,0.6359999775886536,0.8047663569450378,0.23049727082252502,0.6503614187240601,0.5516165882349015,0.5975980758666992,0.4830572009086609,0.23929856717586517,0.3491833508014679,1.088945746421814
YOL125W,test,True,True,0.2575626075267792,0.5858688056468964,0.871048629283905,0.8769755959510803,0.28090623021125793,0.3107093572616577,0.5897042155265808,0.4129424661397934,0.5226561427116394,0.46024417877197266,0.2572399973869324,0.6052343845367432,0.21933762729167938
YOL126C,test,True,True,0.6434570550918579,0.22277868390083314,0.936700165271759,0.3994285762310028,-1.2891907691955566,0.6048547029495239,0.4621007442474365,0.3427108466625214,1.2450400590896606,0.14367975294589996,-0.29286232590675354,0.3717917799949646,0.24590496718883514
YOL127W,test,True,True,0.7519931793212891,1.7243530750274658,1.6931949853897095,2.133415699005127,1.7024898529052734,1.602887749671936,1.4897770881652832,1.4241052627563477,1.90542471408844,1.6583331823349,1.1157763004302979,1.3796238899230957,1.0613682270050049
YOL128C,test,True,True,-0.8039452433586121,-0.7321935772895813,-0.44358110427856445,-1.1791534423828125,-0.735255777835846,-0.70614093542099,-0.5968366265296936,-0.5361408680677414,-0.4230223298072815,-0.5317326188087463,-1.4202661514282227,-0.5060286521911621,0.20034541189670563
YOL129W,test,True,True,0.5533187389373779,-0.2371128663420677,-0.4114208519458771,-1.1410558223724365,-0.07344567030668259,0.33920517563819885,0.10115283727645874,-0.24013188928365709,-0.12743330001831055,-0.7347492575645447,-0.1432611048221588,-0.04149096459150314,-0.1537248194217682
YOL130W,test,True,True,0.32245463132858276,0.5608124345541,0.6079407930374146,0.43914371728897095,1.2345454692840576,0.19945962727069855,0.3229725658893585,0.7120073199272156,1.0476189851760864,1.0138962268829346,0.7740538716316223,0.3115159869194031,0.4129515290260315
YOL131W,test,True,True,-1.7993923425674438,-1.135472011566162,-0.5588452219963074,-1.4102036952972412,-1.3153756856918335,-0.7729591727256775,-1.619976282119751,-0.5467048943042755,-0.45360228419303894,-0.33062267303466797,-0.4962475895881653,-0.8005584478378296,-0.6524934768676758
YOL132W,test,True,True,-1.6386202573776245,-0.8241283178329468,-1.0068055391311646,-0.6857489943504333,-0.7534894347190857,-0.6915664672851562,-0.983031153678894,-0.8666598379611969,-1.2065104246139526,-1.2553106546401978,-1.2400741577148438,-1.0359236001968384,0.404519647359848
YOL133W,test,True,True,0.7743965983390808,0.15434230268001556,0.49271947145462036,-0.16165927052497864,-0.1641227751970291,0.31824982166290283,0.2865242660045624,0.19830589964985848,0.18194550275802612,0.04642278328537941,0.09835672378540039,0.37771832942962646,0.28708615899086
YOL134C,test,False,False,-1.9733052253723145,-1.480746579170227,-0.8842164278030396,-2.0069806575775146,-1.2577054500579834,-1.5512661933898926,-1.703564167022705,-1.278069019317627,-0.8038928508758545,-1.817683219909668,-1.2754571437835693,-1.058642864227295,-1.434669017791748
YOL135C,test,True,True,0.9841502904891968,0.5086916744709015,0.5579699873924255,0.18331530690193176,0.6474128365516663,0.7106268405914307,0.4441334009170532,0.6659963607788086,0.4710926413536072,0.8948444128036499,0.47590869665145874,0.581280529499054,0.9068555235862732
YOL136C,test,True,True,0.5333938598632812,0.1328724890947342,-0.13314346969127655,0.2956579327583313,0.3952568769454956,-0.21591895818710327,0.3225100636482239,0.2512801021337509,0.8401374220848083,0.1237257719039917,0.5763806104660034,-0.1292201280593872,-0.15462316572666168
YOL137W,test,False,True,0.0038281718734651804,0.10016708076000214,-0.14754575490951538,0.10664619505405426,0.2374853491783142,0.4528197944164276,-0.14857017993927002,-0.07881710231304169,-0.516151487827301,0.34432682394981384,-0.3284536302089691,-0.12326669692993164,0.2294594794511795
YOL138C,test,False,True,0.02254900150001049,-0.1023200336843729,-0.3715941905975342,-0.03936513513326645,-0.121453195810318,0.030479485169053078,-0.009667132049798965,-0.09170258194208145,-0.29882577061653137,0.17398610711097717,-0.13315388560295105,0.0795653685927391,-0.2800847291946411
YOL139C,test,True,True,0.9096654057502747,0.6681635320186615,0.39847829937934875,0.5368347764015198,0.8225915431976318,0.678703248500824,0.9042097926139832,0.819055151939392,0.5808281898498535,0.6619532704353333,0.7006211280822754,0.8612800240516663,1.290593147277832
YOL140W,test,True,True,-0.2943861782550812,0.5448713421821594,0.866309404373169,0.6398929357528687,0.4206654727458954,0.4249873757362366,0.37250152230262756,0.6333235502243042,0.5424631237983704,0.7502346038818359,0.3198586702346802,0.7307074666023254,0.8233538866043091
YOL141W,test,True,False,-0.31953343749046326,-0.2121792256832123,-0.2599277198314667,-0.2955746054649353,-0.6286895871162415,-0.42267489433288574,0.5459706783294678,-0.2772208720445633,-0.390529602766037,-0.19794414937496185,-0.5317999124526978,-0.6454070806503296,0.3795763850212097
YOL142W,test,True,True,0.7581906318664551,0.6238363265991211,0.3990787863731384,0.8987736701965332,0.451604962348938,0.8183900713920593,0.5513341426849365,0.28161756992340087,0.1346912980079651,0.28446468710899353,0.43906208872795105,0.217232346534729,0.3326374292373657
YOL143C,test,True,True,0.723778247833252,0.4945158720016479,0.3889544606208801,0.9790430665016174,0.3201160430908203,0.4087069034576416,0.3757588863372803,0.5424755319952965,0.8036870956420898,0.7616367340087891,0.6007314324378967,-0.07213331013917923,0.618455708026886
YOL144W,test,True,True,0.5005812048912048,0.5296951055526733,0.28263574838638306,0.7826066613197327,1.232379674911499,0.17203909158706665,0.1788143515586853,0.4375050991773605,0.2480451762676239,0.6962982416152954,0.6083670854568481,0.19552363455295563,0.4392913579940796
YOL145C,test,True,True,0.7146801948547363,0.49618380665779116,0.6017967462539673,0.37363702058792114,0.7182577848434448,0.585642397403717,0.2015850841999054,0.623183649778366,0.5977932810783386,0.3909500539302826,0.831047534942627,0.6908377408981323,0.60528963804245
YOL146W,test,True,True,0.13550066947937012,-0.25073560178279874,-0.02708195149898529,-0.7403159737586975,-0.3366628885269165,0.17617201805114746,-0.325789213180542,-0.35760816633701326,-0.3355565369129181,-0.8559101819992065,-0.07154463231563568,-0.43843916058540344,-0.08659031987190247
YOL147C,test,True,True,-0.11487776041030884,-0.10655681379139423,-0.0016770847141742706,-0.32451286911964417,-0.06380584090948105,-0.026509178802371025,-0.11627909541130066,-0.33079881966114044,-0.645597517490387,-0.46781548857688904,-0.24947461485862732,-0.41625380516052246,0.12514732778072357
YOL148C,test,True,True,0.7129207849502563,0.6729329764842987,0.8169949650764465,0.3728301525115967,1.0426247119903564,0.6457338333129883,0.4864812195301056,0.6052376329898834,0.5371071696281433,0.590811014175415,0.761452317237854,0.31029388308525085,0.8265237808227539
YOL149W,test,True,True,0.7164118885993958,0.25324346870183945,0.12464333325624466,0.020181670784950256,0.7376132607460022,0.2491435706615448,0.13463550806045532,0.3794588506221771,0.42239099740982056,0.12632113695144653,0.4252105951309204,0.23895135521888733,0.6844201683998108
YOL150C,test,False,False,-1.3738634586334229,-1.5513925313949586,-1.7104212045669556,-1.627708911895752,-1.0179563760757446,-1.6072102785110474,-1.793665885925293,-1.5910170078277588,-1.4008995294570923,-1.724984884262085,-1.433611512184143,-1.4659457206726074,-1.9296433925628662
YOL151W,test,False,True,1.5475022792816162,-0.42712262123823164,0.007739625871181488,-0.32812178134918213,-0.5896377563476562,-0.17093978822231293,-1.0546534061431885,-0.4412545323371887,-0.9811229109764099,-0.2812129855155945,-0.17646387219429016,-0.20139393210411072,-0.5660789608955383
YOL152W,test,True,True,-1.6790744066238403,0.3365895688533783,0.36737650632858276,0.3083523213863373,0.6624763607978821,0.4238356351852417,-0.07909297943115234,0.007093845307826996,0.0431537851691246,0.36051350831985474,-0.1915411800146103,0.09292526543140411,-0.2695821523666382
YOL154W,test,True,True,1.318295955657959,0.0635480523109436,0.32090798020362854,0.1817561388015747,0.8499986529350281,-0.35248956084251404,-0.6824329495429993,0.2647779583930969,0.22698083519935608,-0.1609857976436615,1.450904130935669,-0.12008073925971985,-0.07292863726615906
YOL155C,test,True,True,0.0250971931964159,-1.1921635150909424,-1.7396700382232666,-0.9293999075889587,-0.691862165927887,-1.334617257118225,-1.2652682065963745,-1.3929371118545533,-1.8125056028366089,-1.1623848676681519,-1.7050082683563232,-1.2012841701507568,-1.0835026502609253
YOL155W-A,test,False,True,-2.088510751724243,-0.56542714163661,-1.0085903406143188,-1.5475971698760986,0.019094903022050858,-0.0783035159111023,-0.21173958480358124,-0.6630354523658752,-0.2730228006839752,-1.0669952630996704,-0.7046273946762085,-0.8462306261062622,-0.4243011772632599
YOL156W,test,True,False,-1.88042151927948,-2.083328890800476,-2.0682623386383057,-2.13742995262146,-2.1296780109405518,-1.9812043905258179,-2.100069761276245,-2.1346044063568117,-2.1603240966796875,-2.1726391315460205,-2.1684436798095703,-2.091658353805542,-2.0799567699432373
YOL157C,test,True,False,-1.308638334274292,-1.414062762260437,-1.9099241495132446,-1.303182601928711,-0.8265811204910278,-1.5894211530685425,-1.4412047863006592,-1.7816834449768066,-1.8517528772354126,-1.36123788356781,-1.425739049911499,-2.1375956535339355,-2.132091760635376
YOL158C,test,False,True,0.783129096031189,1.1971296310424804,1.2957457304000854,1.0938811302185059,1.455783724784851,1.2878731489181519,0.8523644208908081,0.9782540023326873,0.4415377080440521,0.8025499582290649,1.3218889236450195,1.062732458114624,1.2625609636306763
YOL159C,test,True,True,-0.4939460754394531,-0.35899978280067446,-0.13955846428871155,-0.535006046295166,-0.2891250252723694,-0.35371023416519165,-0.4775991439819336,-0.2827527210116386,0.09438035637140274,0.2149178385734558,-0.7976084351539612,-0.6079586744308472,-0.3174946904182434
YOL159C-A,test,False,True,-0.340106338262558,0.44274013936519624,0.19021624326705933,0.40816396474838257,0.9597411751747131,0.4374433159828186,0.2181359976530075,0.4580056518316269,0.06366808712482452,0.06963551044464111,1.3102335929870605,0.5712511539459229,0.2752399146556854
YOL160W,test,False,False,-1.6012815237045288,-1.79640736579895,-2.0588433742523193,-1.8510255813598633,-1.7500712871551514,-1.896857738494873,-1.425238847732544,-1.596215558052063,-2.154672384262085,-1.1624414920806885,-1.5755754709243774,-2.0380678176879883,-1.0503206253051758
YOL161C,test,True,True,-2.018502712249756,-2.0704094886779787,-2.143141031265259,-1.8166098594665527,-2.1995174884796143,-1.9705841541290283,-2.2221949100494385,-2.0035003423690796,-1.7398513555526733,-2.2355384826660156,-2.241999387741089,-1.9424564838409424,-1.8576560020446777
YOL162W,test,True,False,-1.5635168552398682,-1.7895602703094482,-1.4243930578231812,-2.1048879623413086,-1.999974012374878,-1.845945954322815,-1.5726003646850586,-1.708285140991211,-1.7061702013015747,-1.8958804607391357,-1.9968376159667969,-1.8978675603866577,-1.0446698665618896
YOL163W,test,True,False,-1.531921625137329,-1.4781905174255372,-1.6328634023666382,-1.5927574634552002,-1.8384250402450562,-1.1136761903762817,-1.2132304906845093,-0.9658370070159435,-1.6089799404144287,-0.8556441068649292,-1.5587646961212158,-0.7759045958518982,-0.029891695827245712
YOL164W,test,True,True,-0.3658665120601654,0.1270963244140148,0.5289991497993469,-0.21199166774749756,0.15273110568523407,0.17186054587364197,-0.006117511540651321,-0.0477810699492693,-0.08623992651700974,-0.17967063188552856,-0.22964699566364288,0.028885049745440483,0.22776715457439423
YOL164W-A,test,True,False,-1.6838750839233398,-1.0227322697639465,-1.1116756200790405,-1.3746397495269775,-0.7699314951896667,-0.2418367862701416,-1.6155776977539062,-1.042664098739624,-0.8293442726135254,-1.0331557989120483,-0.9808160066604614,-0.7306578159332275,-1.6393465995788574
YOL165C,test,True,False,-1.6897159814834595,-1.3183531701564788,-0.4799138009548187,-1.709017038345337,-1.234675407409668,-1.6184874773025513,-1.5496721267700195,-1.444132685661316,-1.3988820314407349,-1.9054181575775146,-1.2989377975463867,-1.4979443550109863,-1.119481086730957
YOL166C,test,False,False,-2.088510751724243,-1.859724187850952,-1.9390698671340942,-2.066859722137451,-1.752063274383545,-1.8138747215270996,-1.7267533540725708,-1.891726303100586,-2.026406764984131,-1.9878920316696167,-2.03653883934021,-1.8141990900039673,-1.5935947895050049
YOL166W-A,test,False,False,-2.088510751724243,-2.152916669845581,-2.1274497509002686,-2.142904281616211,-2.2954299449920654,-2.0691123008728027,-2.1296870708465576,-2.155004692077637,-2.294924259185791,-2.185896635055542,-2.2461769580841064,-2.033290386199951,-2.014735221862793
YOR001W,test,True,True,0.3681214451789856,0.2849706619977951,0.595267117023468,0.2576974928379059,0.12295947968959808,0.06005176901817322,0.3888774514198303,0.391905215382576,0.4821225702762604,0.5167821049690247,0.2897772789001465,0.0375358909368515,0.6333082318305969
YOR002W,test,True,True,-0.008495241403579712,0.17548295110464096,-0.07179654389619827,0.3271060883998871,0.06882606446743011,0.060490503907203674,0.4927886426448822,0.5222748935222625,0.4859531819820404,0.45569342374801636,0.4260018467903137,0.3630203604698181,0.8807056546211243
YOR003W,test,True,True,-0.48937851190567017,-0.9253661751747131,-0.9205211997032166,-0.6028687357902527,-1.1255184412002563,-0.8846932053565979,-1.0932292938232422,-0.5027358919382096,-0.8670735955238342,-0.5056002140045166,-0.43401557207107544,-0.1937604695558548,-0.5132296085357666
YOR004W,test,False,True,0.5218609571456909,0.560029873251915,0.6526766419410706,0.1688050776720047,1.0422462224960327,0.8206982016563416,0.11572322249412537,0.5060720384120941,0.253855437040329,0.5445848703384399,0.7282605171203613,0.49356091022491455,0.5100984573364258
YOR005C,test,True,True,-0.5990946888923645,-0.6187075059860945,-1.0574549436569214,-0.23426800966262817,-0.6281325817108154,-0.02072264812886715,-1.1529593467712402,-0.6898549199104309,-0.6612495183944702,-0.697286069393158,-0.8437504768371582,-0.3183932304382324,-0.9285953044891357
YOR006C,test,True,True,0.7537696957588196,0.5427644610404968,0.7251996397972107,0.509124219417572,0.5314766764640808,0.521292507648468,0.4267292618751526,0.3566163718700409,0.16637921333312988,0.5903120040893555,0.1970413327217102,0.575919508934021,0.2534298002719879
YOR007C,test,True,True,0.8228327035903931,0.3914246022701263,0.34227830171585083,0.36556127667427063,0.5509000420570374,0.34465616941452026,0.35372722148895264,0.6698782801628113,0.8139797449111938,0.8743045330047607,0.34885454177856445,0.689659595489502,0.6225929856300354
YOR008C,test,False,True,1.0317186117172241,0.694195294380188,0.388860821723938,0.5615631937980652,1.3530054092407227,0.5954306721687317,0.5721163749694824,0.47883027866482736,0.5773618817329407,0.014386061578989029,0.7811951637268066,0.280692994594574,0.7405152916908264
YOR008C-A,test,True,True,-1.513265609741211,0.34840444624423983,0.48199933767318726,0.2986980378627777,0.20760993659496307,0.25630033016204834,0.49741458892822266,0.4874839797616005,1.221858024597168,0.26162606477737427,0.5261756181716919,0.05860508233308792,0.3691551089286804
YOR008W-B,test,False,False,0.08439410477876663,-0.5122534304857254,-0.0853169709444046,-1.0784680843353271,-0.29391616582870483,-0.8091652393341064,-0.294400691986084,-0.3340464860200882,-0.2643411457538605,-0.9948251247406006,-0.19856248795986176,-0.47893238067626953,0.26642870903015137
YOR009W,test,True,True,-0.49863219261169434,0.3377438772469759,0.11717184633016586,0.7007623314857483,0.26096683740615845,-0.001869169995188713,0.6116875410079956,0.6153770625591278,0.6199759244918823,0.8901447653770447,0.40698322653770447,0.5601779818534851,0.5996034145355225
YOR010C,test,True,True,-0.7593582272529602,0.26130871176719667,0.4522947371006012,0.4136616587638855,-0.41912931203842163,0.4524938464164734,0.4072226285934448,-0.05862541049718857,0.12377841025590897,-0.06393373012542725,-0.9193397760391235,0.218406081199646,0.347961962223053
YOR011W,test,True,True,-0.6681786179542542,-0.8752297341823578,-1.521436333656311,-0.6928244233131409,-1.2812185287475586,-0.5012913346290588,-0.3793780505657196,-0.8241136848926545,-1.6430310010910034,-0.457408607006073,-0.5116674900054932,-1.110767126083374,-0.3976942002773285
YOR011W-A,test,False,False,-1.8604087829589844,-1.6632282495498658,-1.6850053071975708,-1.817004919052124,-1.4588251113891602,-1.434617519378662,-1.9206883907318115,-1.7403285026550293,-1.8809782266616821,-1.94513738155365,-1.5583847761154175,-1.3804422616958618,-1.9366998672485352
YOR012W,test,False,True,-0.8811018466949463,0.11971638202667237,0.4113984704017639,0.10183124244213104,-0.05670604854822159,-0.03616296499967575,0.1782212108373642,-0.26390162110328674,-0.5976763963699341,0.0439644493162632,-0.3497738540172577,-0.4109206795692444,-0.0051016248762607574
YOR013W,test,False,False,-0.10583700239658356,-1.2509255290031434,-1.1622083187103271,-1.3252568244934082,-1.494606375694275,-1.395095705986023,-0.8774604201316833,-1.5014888763427734,-1.8900665044784546,-1.4542248249053955,-1.8800396919250488,-1.8223698139190674,-0.4607435464859009
YOR014W,test,True,True,0.49551987648010254,0.5476003766059876,0.19934219121932983,0.8294178247451782,0.37175852060317993,0.7586886882781982,0.5787946581840515,0.47829082757234576,0.12352082878351212,0.6819800138473511,0.5084095597267151,0.20483309030532837,0.872710645198822
YOR015W,test,False,False,-0.29439690709114075,-1.4457334280014038,-0.8788386583328247,-1.3311705589294434,-1.552228569984436,-1.825606346130371,-1.6408230066299438,-1.1123032093048095,-0.8762840032577515,-0.6786412000656128,-1.3891806602478027,-1.5469906330108643,-1.0704195499420166
YOR016C,test,True,True,0.21966533362865448,0.25047857910394666,0.3540426790714264,0.09901751577854156,0.5144292712211609,0.045317746698856354,0.23958568274974823,0.12515367195010185,0.02952415496110916,0.01831311360001564,0.2967892289161682,0.13445311784744263,0.14668874442577362
YOR017W,test,False,True,0.07060132920742035,0.42981310188770294,0.1575111448764801,0.46112197637557983,0.6265835165977478,0.6703459024429321,0.23350296914577484,0.4215552553534508,-0.09387067705392838,0.1896635890007019,0.34025463461875916,1.0373187065124512,0.63441002368927
YOR018W,test,True,True,0.2523050010204315,0.7690636992454529,0.8734495639801025,0.8065230846405029,0.8046643733978271,0.7100909948348999,0.6505904793739319,0.7325662255287171,0.6918896436691284,1.0012668371200562,0.6628693342208862,0.517385721206665,0.7894195914268494
YOR019W,test,True,True,-0.5826165676116943,-0.038975201547145844,-1.0888510942459106,0.15298041701316833,0.3442646861076355,0.06731174141168594,0.32941824197769165,-0.16095812022686004,-0.9854470491409302,-0.08595401048660278,-0.15211042761802673,-0.21127577126026154,0.629996657371521
YOR020C,test,True,True,1.945880651473999,0.5226318523287773,0.00912206619977951,0.716769278049469,0.4673919975757599,0.5699166059494019,0.8499593138694763,0.587361466884613,0.5033142566680908,0.4909491539001465,0.4808345437049866,0.487199604511261,0.9745097756385803
YOR020W-A,test,True,True,1.0221846103668213,0.6691166281700134,0.810768187046051,0.648779034614563,0.7147846817970276,0.6569164395332336,0.5143347978591919,0.5510209977626801,0.8912441730499268,0.3160734474658966,0.30836188793182373,0.5960382223129272,0.6433872580528259
YOR021C,test,True,True,0.6611610651016235,1.016658902168274,0.8459184169769287,1.2915575504302979,0.9415993690490723,1.2984731197357178,0.705746054649353,0.9185336232185364,0.9042779207229614,1.1692901849746704,0.6012421250343323,0.9904075860977173,0.9274502992630005
YOR022C,test,True,True,-0.19036230444908142,0.359951151907444,0.1204412654042244,0.12077850103378296,0.8317393660545349,0.3510151505470276,0.37578147649765015,0.24241310507059097,0.07657221704721451,0.437044620513916,0.09219673275947571,0.23343855142593384,0.3728134036064148
YOR023C,test,True,True,1.1107444763183594,0.6580607891082764,0.7572707533836365,0.6046196222305298,0.48686742782592773,0.7641999125480652,0.6773462295532227,0.7370296597480774,0.8588945269584656,0.7583514451980591,0.43703675270080566,0.6713736057281494,0.9594919681549072
YOR024W,test,False,False,-1.937984585762024,-1.4264795303344726,-1.7223936319351196,-1.4921643733978271,-0.855647087097168,-1.4073821306228638,-1.6548104286193848,-1.2302208423614502,-1.932137370109558,-0.724766194820404,-0.5415775179862976,-1.5635340213775635,-1.3890891075134277
YOR025W,test,True,True,0.8940514922142029,1.04820773601532,1.0262519121170044,1.003648281097412,0.9238995909690857,1.4484344720840454,0.8388044238090515,0.9645264267921447,1.2747722864151,1.3073285818099976,0.5131486058235168,0.5679221153259277,1.1594605445861816
YOR026W,test,True,True,0.27251681685447693,0.28518258333206176,0.33071088790893555,0.16729587316513062,0.3909270763397217,0.40329211950302124,0.13368695974349976,0.265576046705246,0.5084066987037659,-0.1587495356798172,0.37962809205055237,0.2010994702577591,0.3974955081939697
YOR027W,test,True,True,1.1868678331375122,1.1678375720977783,1.2828112840652466,1.1832945346832275,1.6350457668304443,1.1504987478256226,0.5875375270843506,1.1709059715270995,1.233871579170227,1.1539897918701172,1.3034756183624268,1.0535879135131836,1.1096049547195435
YOR028C,test,False,True,0.29483336210250854,0.09450260996818542,-0.5209652781486511,0.7217469811439514,-0.06492206454277039,-0.07674801349639893,0.41340142488479614,0.28549244105815885,0.3103952705860138,0.44851154088974,0.3080940842628479,0.12671862542629242,0.23374268412590027
YOR029W,test,False,False,-1.7764222621917725,-1.8522236824035645,-1.805965781211853,-2.1116299629211426,-1.7059526443481445,-1.8020635843276978,-1.8355064392089844,-1.802569031715393,-1.7404299974441528,-2.020127296447754,-1.9302027225494385,-1.7912847995758057,-1.5308003425598145
YOR030W,test,True,True,0.38942405581474304,-0.0033949464559555054,-0.20328670740127563,0.5181121230125427,0.21015961468219757,-0.1658620834350586,-0.3760976791381836,-0.20996454805135728,-0.10650106519460678,0.10254871845245361,-0.39596423506736755,-0.1457405686378479,-0.5041655898094177
YOR032C,test,True,True,-0.8580121397972107,-0.12171953767538071,-0.8052287697792053,0.053521715104579926,0.14082221686840057,0.3298407793045044,-0.3275536298751831,-0.06979692876338958,-0.4465648829936981,0.25642722845077515,-0.3807375431060791,0.44233042001724243,-0.2204398661851883
YOR032W-A,test,True,True,-0.7169725298881531,-0.8142647504806518,-0.25716525316238403,-0.6673226952552795,-1.0183823108673096,-1.4006997346878052,-0.727753758430481,-0.2933969974517822,-0.4428034722805023,0.20103803277015686,0.3437132239341736,-0.7319850921630859,-0.8369476795196533
YOR033C,test,False,True,-0.03738164156675339,0.4266960546374321,0.7041575908660889,0.032805733382701874,0.7414114475250244,0.3838995397090912,0.27120596170425415,0.19289481043815612,0.2949618995189667,0.21134570240974426,0.3393392562866211,0.287784218788147,-0.16895702481269836
YOR034C,test,True,True,-0.05620009824633598,0.031744801253080365,-0.0552038848400116,0.3359948992729187,-0.0551719106733799,-0.33694547414779663,0.27005037665367126,0.23398221023380755,-0.05952218919992447,0.47585463523864746,0.48718857765197754,-0.010752229019999504,0.2771422564983368
YOR034C-A,test,True,True,-0.6704772114753723,-0.03733131289482117,0.36508268117904663,0.020313739776611328,-0.19095385074615479,-0.2348107099533081,-0.1462884247303009,0.09912010692059994,0.06784054636955261,0.6533889770507812,-0.028203966096043587,-0.3380071520805359,0.1405821293592453
YOR035C,test,True,True,0.19707684218883514,0.5406862735748291,0.4943828582763672,0.21501591801643372,1.0109083652496338,0.5346468091011047,0.4484774172306061,0.6384614467620849,0.8137566447257996,0.37019747495651245,0.8558168411254883,0.5936237573623657,0.5589125156402588
YOR036W,test,True,True,1.1536537408828735,0.5030230194330215,0.6483167409896851,0.1677907109260559,0.24779929220676422,0.8417994379997253,0.6094089150428772,0.5080945581197739,0.9811272621154785,-0.08039899170398712,0.3940753936767578,0.6985442042350769,0.5471249222755432
YOR037W,test,False,False,0.5081114768981934,-0.8203719317913055,-0.00897112488746643,-0.7753903269767761,-1.4520373344421387,-0.5199499130249023,-1.3455109596252441,-0.8155961453914642,-0.6306225061416626,-0.726372241973877,-1.4893783330917358,-0.4360402524471283,-0.7955673933029175
YOR038C,test,True,True,0.007950300350785255,0.2730429440736771,0.34662288427352905,0.46561408042907715,0.08661672472953796,-0.04554934799671173,0.5119103789329529,0.45907306112349033,0.8113929629325867,0.6245508193969727,0.24913430213928223,0.020122738555073738,0.5901644825935364
YOR039W,test,True,True,0.5834050178527832,0.603918194770813,0.48549729585647583,0.847636342048645,0.8271542191505432,0.2532031536102295,0.6060999631881714,0.5753757238388062,0.6151388883590698,0.7520135045051575,0.7041651010513306,0.278395414352417,0.5271657109260559
YOR040W,test,True,True,-0.30747681856155396,0.3897703766822815,0.16010859608650208,0.14766690135002136,0.5062865018844604,0.5202144980430603,0.6145753860473633,0.30984418988227846,-0.06537184119224548,0.3814942240715027,0.2887326180934906,0.46129897236824036,0.48306697607040405
YOR041C,test,False,False,-1.6476045846939087,-1.6813771963119506,-1.435732364654541,-2.0847649574279785,-2.025395154953003,-1.0635216236114502,-1.7974718809127808,-1.6994297742843627,-1.9088855981826782,-1.986741542816162,-1.4323211908340454,-1.3069134950637817,-1.8622870445251465
YOR042W,test,True,True,1.0395891666412354,1.1540541529655457,0.9502971768379211,1.6057136058807373,1.113917589187622,1.2319562435150146,0.8683861494064331,1.1199351310729981,0.7478585839271545,1.429260492324829,1.3929953575134277,1.2444671392440796,0.7850940823554993
YOR043W,test,True,True,0.6656965017318726,0.6992819398641587,0.7410293817520142,0.9891226887702942,1.5492298603057861,-0.08600552380084991,0.3030332922935486,0.47313538417220113,0.5620752573013306,0.5647360682487488,0.8869770765304565,0.34866830706596375,0.0032202117145061493
YOR044W,test,True,True,0.5530966520309448,0.11744444072246552,-0.12101779878139496,0.23197627067565918,0.41549524664878845,-0.3603106737136841,0.421079158782959,-0.0016358993947505952,-0.29456618428230286,-0.08571258187294006,0.2964947521686554,0.07666142284870148,-0.001056905835866928
YOR045W,test,True,True,0.7505142092704773,0.5358675062656403,0.6645953059196472,0.5309221744537354,0.5756863951683044,0.3760303556919098,0.5321033000946045,0.6587825834751129,0.27011987566947937,0.7641913890838623,0.8182708024978638,0.3498377203941345,1.0914931297302246
YOR046C,test,True,True,0.5954180955886841,0.3623075902462006,0.30731916427612305,0.10779173672199249,0.9216615557670593,0.19714336097240448,0.27762213349342346,0.41785101890563964,0.3356510102748871,0.12185755372047424,0.4892174005508423,0.6746363043785095,0.4678928256034851
YOR047C,test,True,True,0.9434884190559387,0.558806249499321,0.8182941675186157,0.5341364145278931,0.5004440546035767,0.1935783475637436,0.7475782632827759,0.7445850491523742,0.8932917714118958,0.5301108360290527,0.6077885627746582,0.6628643274307251,1.0288697481155396
YOR048C,test,True,True,0.47574082016944885,0.6013595759868622,0.34383252263069153,0.5689957737922668,0.7768640518188477,0.7361467480659485,0.5809587836265564,0.5327436417341233,0.33168691396713257,0.7461849451065063,0.04844643175601959,0.45580390095710754,1.08159601688385
YOR049C,test,True,True,-0.8978104591369629,-1.024146044254303,-0.16307467222213745,-1.4672532081604004,-1.4929758310317993,-0.7040789127349854,-1.2933475971221924,-1.019897997379303,-0.21937167644500732,-1.0708175897598267,-1.8476760387420654,-0.8771055340766907,-1.0845191478729248
YOR050C,test,False,False,-1.8719758987426758,-1.61291446685791,-1.1543766260147095,-2.0771865844726562,-1.7610440254211426,-1.541763424873352,-1.5302016735076904,-1.909958052635193,-1.823540210723877,-1.9909560680389404,-2.0300447940826416,-1.7033847570419312,-2.001864433288574
YOR051C,test,True,True,0.5248363018035889,0.5204648852348328,0.298011839389801,0.7111352682113647,0.6199898719787598,0.20710110664367676,0.7660863399505615,0.3906713455915451,-0.18366596102714539,0.8078759908676147,0.9317618608474731,0.2127840518951416,0.18460078537464142
YOR052C,test,True,True,1.5110454559326172,0.1923529863357544,0.04893578588962555,-0.06623785197734833,0.3048018217086792,0.30737513303756714,0.3668900430202484,0.25738844871520994,-0.20478224754333496,0.25031980872154236,0.6796942353248596,0.2688496708869934,0.2928607761859894
YOR053W,test,False,False,-1.1308698654174805,-1.9059075832366943,-1.9558395147323608,-1.8925755023956299,-2.1418416500091553,-1.8369332551956177,-1.702347993850708,-1.9725783348083497,-2.138254404067993,-1.9606022834777832,-2.1280887126922607,-2.0385849475860596,-1.5973613262176514
YOR054C,test,True,True,0.7491916418075562,0.14036891758441924,0.1418238878250122,-0.09773851931095123,0.016564443707466125,0.19540221989154816,0.445792555809021,0.26758175119757655,0.04154438525438309,0.0452704019844532,0.7582274675369263,0.3244122862815857,0.16845421493053436
YOR055W,test,False,False,-1.9711805582046509,-1.696869683265686,-1.8127520084381104,-1.9842944145202637,-1.9404865503311157,-0.8963762521743774,-1.850439190864563,-1.7441688537597657,-1.949506163597107,-1.6736557483673096,-2.1107847690582275,-1.1470143795013428,-1.8398832082748413
YOR056C,test,True,True,0.5734176635742188,0.9949559688568115,0.8172426819801331,0.5948188304901123,1.77494215965271,0.8739121556282043,0.913864016532898,0.6516387939453125,0.17559093236923218,0.8865904211997986,0.9963234663009644,0.4713379740715027,0.7283511757850647
YOR057W,test,True,True,0.16408951580524445,0.4098229706287384,0.26448750495910645,0.1388055980205536,0.8935908675193787,0.18101489543914795,0.5712159872055054,0.2349098414182663,-0.08366202563047409,0.29145485162734985,0.10787025839090347,0.38684961199760437,0.4720365107059479
YOR058C,test,True,True,0.21075570583343506,0.8110186338424683,0.6588077545166016,1.4278175830841064,0.8524512648582458,0.8399342894554138,0.27608227729797363,0.8630807995796204,0.5276117920875549,0.8411297798156738,0.8706574440002441,1.0227532386779785,1.0532517433166504
YOR059C,test,True,True,0.4120582640171051,0.4372623130679131,0.6220686435699463,-0.07726418226957321,0.6769565343856812,0.8067486882209778,0.15780188143253326,0.4896117031574249,0.2507769763469696,0.5681735873222351,0.5198112726211548,0.536134660243988,0.5731620192527771
YOR060C,test,True,True,0.4530009627342224,0.45878403782844546,0.21778559684753418,0.22439584136009216,0.7868607640266418,0.6843587756156921,0.38051921129226685,0.3695803120732307,-0.06535152345895767,0.18892964720726013,0.552757978439331,0.14667300879955292,1.0248924493789673
YOR061W,test,False,True,0.7287587523460388,0.30968067049980164,0.22533714771270752,0.20925748348236084,0.47171851992607117,0.25385987758636475,0.3882303237915039,0.14204250425100326,-0.21346229314804077,0.38142913579940796,0.14179366827011108,-0.06855458766222,0.46900659799575806
YOR062C,test,False,True,0.2243659496307373,0.03008546605706215,-0.3082755208015442,0.23347297310829163,-0.10362881422042847,0.3701281249523163,-0.04126943275332451,-0.07641313970088959,-0.36174795031547546,0.5429568290710449,-0.9797823429107666,0.3133806884288788,0.10312707722187042
YOR063W,test,True,True,1.6335773468017578,1.055708658695221,1.0152806043624878,1.0550310611724854,1.2627458572387695,0.6838752627372742,1.261610507965088,1.0926251888275147,1.2811063528060913,0.8438304662704468,0.9424735307693481,0.784427285194397,1.61128830909729
YOR064C,test,True,True,0.5526285767555237,0.5204954206943512,-0.3348991572856903,0.7199698090553284,0.7404794096946716,0.6597985029220581,0.8171285390853882,0.8121044039726257,0.8464576005935669,0.5964993238449097,0.857088565826416,0.6358544230461121,1.124622106552124
YOR065W,test,False,True,0.28425106406211853,0.6112299978733062,0.42576590180397034,0.8598734736442566,0.46992993354797363,0.5201720595359802,0.7804086208343506,0.47170963883399963,0.38171160221099854,0.5960223078727722,0.4453216791152954,0.6013581156730652,0.3341344892978668
YOR066W,test,True,True,0.8478933572769165,-0.39877772256731986,-0.9074382185935974,-0.28412461280822754,-0.5823368430137634,-0.2389039397239685,0.018915001302957535,-0.13894669115543365,-0.43571579456329346,0.278068870306015,-0.7059931755065918,0.31076693534851074,-0.14186029136180878
YOR067C,test,True,True,-0.164680615067482,-0.15092507898807525,-0.06086861342191696,-0.4756145179271698,-0.02098913863301277,-0.16844552755355835,-0.0287075974047184,-0.43725710809230806,-0.8593700528144836,-0.3300349712371826,-0.32953280210494995,-0.8122527003288269,0.1449049860239029
YOR068C,test,False,False,-1.953100562095642,-1.7131800055503845,-1.8605306148529053,-1.8046343326568604,-0.9769471287727356,-1.8104921579360962,-2.113295793533325,-1.8866012334823608,-2.035550117492676,-1.8983007669448853,-1.4521543979644775,-1.9829697608947754,-2.0640311241149902
YOR069W,test,False,True,0.42961135506629944,-0.021348954737186433,0.2012823224067688,-0.4975164532661438,0.14725621044635773,-0.09319091588258743,0.13542406260967255,-0.058381287753582,-0.08949769288301468,-0.13483268022537231,-0.312697172164917,-0.15131722390651703,0.396438330411911
YOR070C,test,True,True,0.4148169755935669,0.2356771409511566,0.6540342569351196,-0.24900716543197632,0.6175025105476379,0.22902627289295197,-0.07317017018795013,0.4187730222940445,0.6518627405166626,0.09114809334278107,0.6520684957504272,0.3375449776649475,0.36124080419540405
YOR071C,test,True,True,-0.28861621022224426,0.15329317450523378,-0.2456475794315338,-0.026102066040039062,0.40469732880592346,0.4836229085922241,0.14989528059959412,-0.17207347750663757,-0.4855649173259735,-0.2796449363231659,0.15415111184120178,-0.05628076195716858,-0.19302788376808167
YOR072W,test,False,False,-1.644194483757019,-1.311688780784607,-1.226302146911621,-1.2476398944854736,-1.5262705087661743,-1.3222090005874634,-1.2360223531723022,-1.1512126922607422,-1.8394660949707031,-0.6481802463531494,-1.2239797115325928,-1.2024474143981934,-0.8419899940490723
YOR072W-A,test,False,False,-0.9698861241340637,-1.5197223663330077,-1.644837737083435,-1.4855496883392334,-1.58554208278656,-1.4235516786575317,-1.4591306447982788,-1.360568881034851,-1.9958468675613403,-1.0399258136749268,-1.193062424659729,-1.7342976331710815,-0.8397116661071777
YOR072W-B,test,False,True,-2.088510751724243,0.18403262943029403,0.5472034811973572,-0.6726454496383667,0.06305252760648727,0.48979878425598145,0.492753803730011,0.15838659778237343,0.16300922632217407,0.0388062484562397,-0.3804183602333069,0.39900916814804077,0.5715267062187195
YOR073W,test,True,True,0.37694674730300903,1.104728877544403,0.7481635808944702,1.573406457901001,1.3011164665222168,0.9057841300964355,0.9951737523078918,1.1441015362739564,0.9255222082138062,1.5158054828643799,0.5393182635307312,1.1724531650543213,1.567408561706543
YOR073W-A,test,False,False,-1.9901304244995117,-1.9559252738952637,-2.054300546646118,-2.1019744873046875,-1.7273311614990234,-1.796342372894287,-2.099677801132202,-2.0352359771728517,-2.1333789825439453,-1.997076392173767,-2.0475823879241943,-1.9367259740829468,-2.0614161491394043
YOR074C,test,True,True,0.5601571798324585,0.1456819534301758,0.3126521408557892,-0.23976540565490723,0.5668037533760071,-0.2984263598918915,0.38714563846588135,0.26351618953049183,0.05422482639551163,0.1621878445148468,0.3919869065284729,-0.008960900828242302,0.7181422710418701
YOR075W,test,True,True,0.32821419835090637,0.428568072617054,0.3951297402381897,0.6090165376663208,1.013407588005066,-0.06596990674734116,0.19125640392303467,0.438171923160553,0.20486301183700562,0.40587422251701355,0.5457749962806702,0.24655118584632874,0.7877961993217468
YOR076C,test,True,True,-0.16473250091075897,0.9528530359268188,0.9120582342147827,0.9732310175895691,1.1623700857162476,1.0944637060165405,0.6221421360969543,0.9093342661857605,1.0736585855484009,0.9462224245071411,0.9755648374557495,0.6800353527069092,0.8711901307106018
YOR077W,test,True,True,0.4889550507068634,0.6108695268630981,0.6504551768302917,0.6797336935997009,0.5650327801704407,0.6862313747406006,0.4728946089744568,0.5028866946697235,0.8325332403182983,0.4675326943397522,0.06984803080558777,0.5059396028518677,0.6385799050331116
YOR078W,test,True,True,1.2853407859802246,1.0099144458770752,0.5210198760032654,1.0876147747039795,0.9370246529579163,1.5135782957077026,0.9903346300125122,0.9737738251686097,0.5237998962402344,0.6596788763999939,1.147000789642334,1.2819269895553589,1.256462574005127
YOR079C,test,True,True,-0.4390423595905304,-0.5394235372543335,-0.3461494445800781,-0.5860205292701721,-0.7406999468803406,-0.5937668681144714,-0.4304808974266052,-0.9912630319595337,-1.0884352922439575,-0.7768533229827881,-1.7589296102523804,-0.4107893109321594,-0.9213076233863831
YOR080W,test,True,True,0.11050976812839508,-0.15502566061913967,0.34003880620002747,-0.032184209674596786,-0.5658548474311829,0.022714076563715935,-0.5398421287536621,-0.32942193672060965,-0.23666563630104065,-0.022826548665761948,-0.35983943939208984,-0.2632279098033905,-0.7645501494407654
YOR081C,test,True,True,0.8139799237251282,0.39075587391853334,0.3295319378376007,0.8788667917251587,0.14979171752929688,0.2519737184047699,0.34361520409584045,0.15749213695526124,0.3694373667240143,0.7006540298461914,-0.454772025346756,0.5825968980789185,-0.410455584526062
YOR082C,test,False,False,-1.6654356718063354,-1.6394053936004638,-1.9167782068252563,-1.8521649837493896,-2.2470128536224365,-0.648551344871521,-1.5325195789337158,-1.639337134361267,-1.6707220077514648,-1.50801420211792,-2.0686726570129395,-1.2275199890136719,-1.7217568159103394
YOR083W,test,True,True,0.7548487186431885,0.9046485543251037,1.164223074913025,1.3596882820129395,0.9469746947288513,0.5060927271842957,0.5462639927864075,0.9552042245864868,1.3396141529083252,0.8883904814720154,0.6306465864181519,0.7499457001686096,1.167424201965332
YOR084W,test,True,True,0.41449663043022156,0.1409398853778839,0.39799827337265015,-0.045388877391815186,-0.24830563366413116,0.3969157934188843,0.20347987115383148,-0.03307857140898705,-0.06594860553741455,0.0422544963657856,0.21210741996765137,-0.16856268048286438,-0.18524348735809326
YOR085W,test,True,True,0.7835781574249268,0.5202906012535096,0.4183815121650696,0.8893523812294006,0.33909502625465393,0.5121203660964966,0.4425037205219269,0.7457834005355835,0.18544673919677734,0.9335033893585205,0.8856484889984131,1.0180537700653076,0.7062646150588989
YOR086C,test,True,True,0.4389263391494751,0.3722363620996475,0.16872790455818176,0.9019037485122681,0.37885886430740356,0.085841104388237,0.3258501887321472,0.3262361943721771,-0.06607569754123688,0.8333815336227417,0.29758143424987793,0.12382905185222626,0.4424646496772766
YOR087W,test,True,True,-0.2997955083847046,0.33311747908592226,0.04691073298454285,0.7025222778320312,0.2668028473854065,0.16947486996650696,0.47987666726112366,0.2690674751996994,0.2298402488231659,0.6102383136749268,0.1105840802192688,0.1569891721010208,0.23768556118011475
YOR089C,test,True,True,1.653550148010254,0.5288487672805786,0.5654825568199158,0.5979641675949097,0.4424625039100647,0.6015916466712952,0.43674296140670776,0.7265222012996674,1.1577482223510742,0.31455299258232117,0.5009170770645142,0.6160883903503418,1.0433043241500854
YOR090C,test,True,True,0.5295312404632568,0.4746137261390686,0.3650032877922058,0.3641374707221985,0.4976852536201477,0.689487874507904,0.45675474405288696,0.6078723192214965,0.17066848278045654,0.7591304779052734,0.5030540823936462,0.7952103614807129,0.8112981915473938
YOR091W,test,True,True,1.5231034755706787,1.044234573841095,1.382462739944458,1.0754680633544922,1.172876000404358,1.0042006969451904,0.5861653685569763,1.1381145477294923,1.1435410976409912,1.6267735958099365,1.2107946872711182,0.8379094004631042,0.8715539574623108
YOR092W,test,True,True,-0.09655704349279404,0.3916738718748093,-0.09321410953998566,0.364807665348053,0.6513315439224243,0.7438889145851135,0.29155534505844116,0.8030792534351349,0.32436612248420715,0.6291639804840088,1.0006065368652344,0.8200540542602539,1.2412055730819702
YOR093C,test,True,True,-0.4002058804035187,0.18755053281784057,-0.22841084003448486,0.41645747423171997,0.2654484510421753,0.28411513566970825,0.20014244318008423,0.23192688822746277,-0.12621363997459412,0.43666476011276245,0.0564761757850647,0.07616961002349854,0.7165375351905823
YOR094W,test,True,True,0.16721244156360626,0.4064365938305855,0.05052638798952103,0.37513118982315063,0.6251948475837708,0.7267478704452515,0.2545826733112335,0.3425248920917511,0.3325062096118927,0.3367128074169159,0.16085851192474365,0.2760991156101227,0.6064478158950806
YOR095C,test,True,True,0.16661952435970306,0.36964822858572005,0.10617325454950333,0.16357825696468353,0.8246554732322693,0.11772921681404114,0.636104941368103,0.7107271909713745,0.5775099396705627,0.7003556489944458,0.5862351059913635,0.7403765320777893,0.9491587281227112
YOR096W,test,True,True,1.0557042360305786,1.8353241443634034,1.5611540079116821,2.002225875854492,2.4385321140289307,1.5354973077774048,1.6392114162445068,1.4251530408859252,1.1165242195129395,1.603834867477417,1.4608522653579712,1.491790771484375,1.4527630805969238
YOR097C,test,True,True,1.0892449617385864,0.45175900757312776,0.31112194061279297,0.7067694664001465,0.7446445226669312,0.3279005289077759,0.16835857927799225,0.5451765835285187,0.31700989603996277,1.079184889793396,0.5942495465278625,0.5210233330726624,0.21441525220870972
YOR098C,test,True,True,0.7106032967567444,0.5142574846744538,0.16482719779014587,0.6604740023612976,0.5325028300285339,0.5671083331108093,0.6463750600814819,0.6330890357494354,0.23945286870002747,0.701285719871521,0.7910909652709961,0.6738638877868652,0.7597517371177673
YOR099W,test,True,True,-0.006140573415905237,0.14633939862251283,-0.29018905758857727,0.3156640827655792,0.34123456478118896,-0.11618298292160034,0.4811703860759735,-0.20289958119392396,-0.9061565399169922,-0.11845564842224121,-0.11651339381933212,0.041484229266643524,0.08514344692230225
YOR100C,test,True,True,-1.0925302505493164,0.25656877756118773,0.2394651174545288,0.4930693507194519,0.36306139826774597,-0.28956833481788635,0.4768163561820984,0.5338326573371888,0.6643303632736206,0.2353406548500061,0.2840152978897095,0.15825366973876953,1.327223300933838
YOR101W,test,True,True,0.5146077275276184,0.6858751177787781,0.8571855425834656,0.574974775314331,0.6198965907096863,0.6143791079521179,0.7629395723342896,0.6742220461368561,1.3910325765609741,0.366138756275177,0.28314462304115295,0.5892683267593384,0.7415259480476379
YOR102W,test,False,False,-0.8526800870895386,-1.8161710023880004,-1.999269962310791,-1.9967188835144043,-1.6764510869979858,-1.8216323852539062,-1.586782693862915,-1.8325833559036255,-1.7071789503097534,-2.1755292415618896,-1.7211554050445557,-2.1098170280456543,-1.4492361545562744
YOR103C,test,True,True,0.46237659454345703,0.10666796453297138,0.184446781873703,0.055108442902565,0.2109885960817337,-0.0209286417812109,0.1037246435880661,0.1267621971666813,0.2965119481086731,0.1333480179309845,0.11722225695848465,0.09724355489015579,-0.010514792054891586
YOR104W,test,True,True,0.38727596402168274,0.31429276168346404,0.3586922585964203,0.08383092284202576,0.677594006061554,0.2673712372779846,0.18397538363933563,0.2603860914707184,0.3693605959415436,-0.1705537736415863,0.22405125200748444,0.0909050852060318,0.7881672978401184
YOR105W,test,False,False,-1.4484816789627075,-1.2589444994926453,-0.973791778087616,-1.6745872497558594,-0.8985577821731567,-1.2973843812942505,-1.4504013061523438,-1.0117302894592286,-1.0226655006408691,-1.1868910789489746,-0.46944093704223633,-1.07926607131958,-1.3003878593444824
YOR106W,test,True,True,0.5283232927322388,0.12248584479093552,0.3556045889854431,-0.2220703661441803,0.33645331859588623,-0.08625554293394089,0.22869722545146942,0.18867077082395553,0.2996651530265808,0.17543815076351166,0.194509357213974,0.06158848851919174,0.21215270459651947
YOR107W,test,True,True,0.3690584599971771,0.5902505774050951,1.001470923423767,0.8186234831809998,0.4344424605369568,-0.007481386885046959,0.7041974067687988,0.424713659286499,0.518963098526001,0.4456847012042999,0.1566881537437439,0.43501290678977966,0.5672194361686707
YOR108C-A,test,False,False,-1.1997793912887573,-1.5844759941101074,-1.4195069074630737,-1.611772060394287,-1.772275447845459,-1.4332951307296753,-1.685530424118042,-1.6056931734085083,-1.7615917921066284,-1.5114219188690186,-1.88661527633667,-1.5933616161346436,-1.275475263595581
YOR108W,test,True,True,0.24464185535907745,0.8335472106933594,0.6955224871635437,0.9154654145240784,1.1304380893707275,0.592456579208374,0.8338534832000732,0.7849645495414734,0.8121085166931152,1.036257028579712,0.9459840655326843,0.252247154712677,0.8782259821891785
YOR109W,test,True,True,0.35647302865982056,0.012907975167036057,0.002769187092781067,-0.3753895163536072,0.24835261702537537,0.1448453962802887,0.04396219179034233,0.13684651292860509,-0.017906539142131805,0.28216829895973206,0.07921501994132996,0.02143278159201145,0.31932300329208374
YOR110W,test,False,True,0.3599231541156769,0.619026267528534,0.7408862709999084,0.6446607708930969,0.9220558404922485,0.4947126507759094,0.29281580448150635,0.741219425201416,1.0811607837677002,0.5551654100418091,0.9537000060081482,0.5660460591316223,0.5500248670578003
YOR111W,test,False,False,-0.2557254433631897,-0.24601390212774277,0.37121880054473877,-0.8436214327812195,0.5421133637428284,0.11857534199953079,-1.4183555841445923,0.06847947537899017,0.5959476232528687,-0.7513660192489624,0.40659099817276,0.3241594433784485,-0.23293466866016388
YOR112W,test,False,True,0.4982483685016632,0.085036239027977,0.04360576719045639,-0.2274438440799713,0.29120975732803345,0.24359232187271118,0.07421719282865524,0.1694927889853716,-0.02700231224298477,0.2587016820907593,0.023595111444592476,0.3138476610183716,0.2783218026161194
YOR113W,test,True,True,0.8828917741775513,0.41210461854934693,0.2968212962150574,0.35829371213912964,0.5874500274658203,0.27437496185302734,0.5435830950737,0.4596941351890564,0.6120133399963379,0.6980625987052917,0.35210883617401123,0.06300157308578491,0.5732843279838562
YOR114W,test,True,True,-0.12146312743425369,0.3778693102300167,0.2760476768016815,0.7172877192497253,0.5114654302597046,0.3385070562362671,0.046038668602705,0.37253755927085874,0.24426200985908508,0.41030117869377136,0.7584339380264282,0.14621949195861816,0.303471177816391
YOR115C,test,True,True,0.6279783844947815,0.472186753153801,0.41347140073776245,0.2965996265411377,1.067675232887268,0.17734192311763763,0.405845582485199,0.6241466045379639,0.8464093208312988,0.5039827227592468,0.7298587560653687,0.3355529308319092,0.7049292922019958
YOR116C,test,True,True,0.061203960329294205,0.2208131454885006,0.36647889018058777,0.03803552687168121,0.4482121467590332,0.29083752632141113,-0.03949836269021034,0.40541763640940187,0.8184661865234375,0.38826704025268555,0.35127192735671997,0.0038787294179201126,0.46520429849624634
YOR117W,test,True,True,0.5736323595046997,0.5493923187255859,0.8469026684761047,0.6065372824668884,0.3551667332649231,0.5285768508911133,0.40977805852890015,0.5790785793215036,0.6144825220108032,0.7425215840339661,0.01837054081261158,0.39263537526130676,1.1273828744888306
YOR118W,test,False,False,0.27110329270362854,-0.7109132602810859,-0.9146924614906311,-0.08100906759500504,-0.6299697756767273,-1.5098851919174194,-0.419009804725647,-0.7070756606757641,-1.267977237701416,0.05630788579583168,-0.27856430411338806,-1.77988600730896,-0.26525864005088806
YOR119C,test,True,True,0.39160534739494324,-0.28403722047805785,-0.46879154443740845,0.29647156596183777,-0.22225138545036316,-0.6051693558692932,-0.42044538259506226,-0.7041371464729309,-1.0109566450119019,-0.41967812180519104,-0.5913457870483398,-1.576197624206543,0.07749244570732117
YOR120W,test,True,True,-0.5526840686798096,0.22578358203172683,0.6631959080696106,0.456559956073761,0.7362410426139832,0.0590878501534462,-0.7861668467521667,-0.05389304459095001,-0.5202634334564209,0.19301895797252655,0.42322295904159546,-0.1367202252149582,-0.22872348129749298
YOR121C,test,False,False,-0.06004365533590317,-1.091938078403473,-0.7490469813346863,-1.8649370670318604,-1.1776049137115479,-0.8932573795318604,-0.7748440504074097,-1.1904934763908386,-1.5336828231811523,-1.1556683778762817,-1.3470194339752197,-1.5714571475982666,-0.3446395993232727
YOR122C,test,True,True,1.2744004726409912,1.0321205854415894,0.9318233728408813,0.6510226726531982,1.4717367887496948,1.048597812652588,1.0574222803115845,1.117977261543274,0.6938323974609375,1.3146417140960693,1.04548978805542,1.305435299873352,1.2304871082305908
YOR123C,test,True,True,1.3648680448532104,0.6579144626855851,0.7888374328613281,0.7762154340744019,1.2281639575958252,0.25194084644317627,0.24441464245319366,0.8050024628639221,1.0929185152053833,0.8174898028373718,0.9808036088943481,0.3712020516395569,0.7625983357429504
YOR124C,test,True,True,0.2247747927904129,0.47447295784950255,0.7298057079315186,0.24472230672836304,0.6783067584037781,0.4092385172843933,0.31029149889945984,0.5100441217422486,0.34114158153533936,0.7689515352249146,0.34340184926986694,0.13374948501586914,0.9629761576652527
YOR125C,test,True,True,0.4985921382904053,0.09253731966018677,0.42690879106521606,0.010068684816360474,0.14321859180927277,0.10610002279281616,-0.22360949218273163,0.344382306933403,0.5972418189048767,0.34264034032821655,0.32236722111701965,0.24839311838150024,0.21126903593540192
YOR126C,test,False,True,-0.4528633952140808,0.2628393150866032,0.24730557203292847,-0.0648113414645195,0.4145757555961609,0.6919142603874207,0.025212328881025314,0.16104841083288193,-0.04932505637407303,-0.12750785052776337,0.450402170419693,0.3655799627304077,0.16609282791614532
YOR127W,test,True,True,0.11227739602327347,0.27339368015527726,0.3368283212184906,0.2438913881778717,0.12472178786993027,0.4588943123817444,0.2026325911283493,0.07740091234445572,0.2500765919685364,0.08586849272251129,0.08830943703651428,0.050392262637615204,-0.08764222264289856
YOR128C,test,False,False,-2.074021100997925,-1.1010323762893677,-1.4723351001739502,-1.8417999744415283,-0.6042313575744629,-1.1796709299087524,-0.40712451934814453,-1.0505555093288421,-1.8477733135223389,-1.836303949356079,-0.7164182662963867,-0.5524040460586548,-0.29987797141075134
YOR129C,test,True,True,-0.42416897416114807,0.03198761083185673,0.025889955461025238,-0.3789673447608948,0.31019672751426697,0.01084391213953495,0.19197480380535126,-0.02709886580705643,-0.054880283772945404,-0.19585098326206207,0.11570212244987488,-0.21426133811473846,0.21379615366458893
YOR130C,test,True,True,0.13427959382534027,0.677253121137619,0.8943815231323242,0.3516481816768646,0.7370849251747131,0.7671988606452942,0.6359521150588989,0.580326133966446,-0.1831969916820526,0.7932140827178955,0.5039881467819214,0.8024457097053528,0.9851797223091125
YOR131C,test,True,True,1.0964527130126953,0.5443592607975006,0.44198498129844666,0.6180018782615662,0.5694834589958191,0.5691956877708435,0.5231302976608276,0.6106893181800842,0.5517170429229736,0.755714476108551,0.4663439393043518,0.6177185773849487,0.661952555179596
YOR132W,test,False,True,0.30487504601478577,0.5749610066413879,0.5325149297714233,0.9372527003288269,0.68093341588974,0.35780298709869385,0.3663010001182556,0.6203712165355683,0.6049748659133911,0.729810357093811,0.7149593830108643,0.40851452946662903,0.6435969471931458
YOR133W,test,True,True,-0.012241794727742672,0.8349972486495971,1.00247323513031,0.5128764510154724,1.1822751760482788,0.8854061365127563,0.5919552445411682,0.9994042038917541,0.9875686168670654,1.4745231866836548,1.0579466819763184,0.7042685747146606,0.7727139592170715
YOR134W,test,True,True,-1.6006001234054565,-1.620081400871277,-1.7465428113937378,-1.6713471412658691,-1.8995071649551392,-1.7320321798324585,-1.0509777069091797,-1.2959113717079163,-1.6104587316513062,-1.1198233366012573,-1.5237644910812378,-1.3175303936004639,-0.9079799056053162
YOR135C,test,False,False,-1.7486299276351929,-1.2777846336364747,-1.0903968811035156,-1.461364984512329,-1.3730354309082031,-1.0644245147705078,-1.3997013568878174,-1.330193817615509,-1.8128182888031006,-1.320523738861084,-1.6371402740478516,-1.2560818195343018,-0.6244049668312073
YOR136W,test,True,True,1.333309531211853,0.34153109788894653,-0.2221059799194336,0.7986729741096497,0.5246915221214294,0.2050606906414032,0.40133628249168396,0.721836656332016,0.659859299659729,1.2049455642700195,0.4533935487270355,0.6005438566207886,0.6904410123825073
YOR137C,test,True,True,-0.24070416390895844,0.18211136423051358,0.07220175117254257,0.22465398907661438,0.4615309238433838,-0.023267606273293495,0.17543776333332062,0.1078504029661417,-0.622814416885376,0.4345528781414032,0.6054351925849915,-0.008042542263865471,0.1301209032535553
YOR138C,test,False,True,0.4002404510974884,0.5906621396541596,0.32506775856018066,0.42415884137153625,0.3890426754951477,1.299181580543518,0.515859842300415,0.4646536309272051,0.5415207147598267,0.21859198808670044,0.008609870448708534,0.9676491618156433,0.5868964195251465
YOR139C,test,False,False,-1.8851450681686401,-1.9477139711380005,-2.1842546463012695,-2.1569857597351074,-2.252370595932007,-1.4351903200149536,-1.709768533706665,-1.929748821258545,-2.2162275314331055,-2.0122551918029785,-2.1473305225372314,-2.036740779876709,-1.2361900806427002
YOR140W,test,True,True,0.9737324118614197,-0.0248865719884634,0.06636995822191238,-0.3926841616630554,0.14627709984779358,-0.011051615700125694,0.06665585935115814,-0.2954914070665836,-1.0006612539291382,-0.4694523513317108,0.17454220354557037,-0.18148742616176605,-0.0003982074558734894
YOR141C,test,True,True,0.7119331955909729,1.3478885054588319,1.0948787927627563,1.4541223049163818,1.843902826309204,1.4755489826202393,0.8709896206855774,1.4704258441925049,1.4501723051071167,1.4584468603134155,1.5721626281738281,1.1936047077178955,1.6777427196502686
YOR142W,test,True,True,0.5065084099769592,1.174767804145813,0.6998851895332336,1.2124526500701904,1.5270298719406128,1.6464334726333618,0.7880378365516663,1.1172277450561523,1.1882752180099487,0.7968399524688721,1.2796169519424438,1.0228183269500732,1.2985882759094238
YOR143C,test,True,True,-0.19949230551719666,0.18183395266532898,0.13550123572349548,0.2656548321247101,0.20335382223129272,0.12405374646186829,0.18060612678527832,0.36817158199846745,0.2932155430316925,0.6745065450668335,-0.007133824750781059,0.333621621131897,0.5466480255126953
YOR144C,test,True,True,-0.06219677999615669,0.20665264874696732,0.21662405133247375,-0.1765303611755371,0.7302952408790588,-0.0921361967921257,0.3550105094909668,0.48846766352653503,0.47009578347206116,0.09524977207183838,0.7742482423782349,0.21167588233947754,0.8910686373710632
YOR145C,test,True,True,1.5828311443328857,1.118207323551178,0.8780083060264587,1.1453661918640137,1.1409671306610107,1.3437961339950562,1.0828988552093506,1.0859696030616761,0.704194962978363,1.1192049980163574,1.0376088619232178,1.49348783493042,1.075351357460022
YOR146W,test,False,False,-1.482474684715271,-1.6283077239990233,-1.5195623636245728,-1.5066256523132324,-1.41300630569458,-1.7778178453445435,-1.9245264530181885,-1.7672587633132935,-1.4628156423568726,-1.3593764305114746,-1.9059405326843262,-1.9832344055175781,-2.124926805496216
YOR147W,test,True,True,0.15161751210689545,0.6640901207923889,0.358941912651062,0.5909833908081055,0.8488585352897644,0.7134912014007568,0.8081755638122559,0.8040683627128601,0.6625840663909912,0.492093026638031,1.1025137901306152,0.9314420223236084,0.8317089080810547
YOR148C,test,True,True,0.3564147353172302,0.2944275185465813,0.3771071135997772,0.21880179643630981,0.4957147240638733,0.32326579093933105,0.05724816769361496,0.5002069294452667,0.4894634187221527,0.6384921073913574,0.4843021035194397,0.35510504245758057,0.5336719751358032
YOR149C,test,True,False,-0.4182332754135132,-1.7030765771865846,-1.6987035274505615,-2.1405739784240723,-1.22298002243042,-1.786117672920227,-1.6670076847076416,-1.8954963684082031,-2.1245484352111816,-2.195305109024048,-1.4669785499572754,-2.0473015308380127,-1.643348217010498
YOR150W,test,True,True,0.23532862961292267,0.6766424655914307,0.9585209488868713,0.4513186812400818,0.8365052342414856,0.5752793550491333,0.5615881085395813,0.7714263498783112,0.9311015605926514,0.6449037790298462,0.4847206175327301,0.5619885921478271,1.234417200088501
YOR151C,test,False,True,0.4487549364566803,0.8110518455505371,0.650559663772583,0.8699947595596313,1.1085845232009888,0.7907243967056274,0.635395884513855,0.4500754326581955,0.5254953503608704,0.42382779717445374,0.22742502391338348,0.31869807839393616,0.7549309134483337
YOR152C,test,True,True,-0.6139469146728516,-0.16063592806458474,-0.2589157223701477,0.01351010799407959,-0.38908666372299194,-0.1552247703075409,-0.013462591916322708,-0.5091855883598327,-1.0556108951568604,-0.1821148693561554,-0.29433268308639526,-0.43968096375465393,-0.5741885304450989
YOR153W,test,True,True,1.288724422454834,0.8625211477279663,0.8442098498344421,1.282141923904419,1.2722247838974,0.5096374154090881,0.4043917655944824,0.8251181483268738,0.7943329811096191,1.0387697219848633,1.3651748895645142,0.229394793510437,0.6979183554649353
YOR154W,test,True,True,-0.014324559830129147,0.3590729020535946,0.5761640667915344,0.08405625820159912,0.5936605930328369,0.503048837184906,0.03843475505709648,0.46921336352825166,0.7891495823860168,0.4863881468772888,0.3928755223751068,0.2112184315919876,0.46643513441085815
YOR155C,test,True,True,0.023335788398981094,0.030605773627758025,-0.13847088813781738,0.17521581053733826,-0.014440599828958511,0.1367916315793991,-0.006067086011171341,0.10648921132087708,-0.14319616556167603,0.10111983120441437,-0.14989779889583588,0.5268988609313965,0.19752132892608643
YOR156C,test,False,False,0.24129025638103485,-1.488857126235962,-1.5267643928527832,-1.5918807983398438,-1.8802298307418823,-1.135724425315857,-1.3096861839294434,-1.4850998401641846,-1.5692592859268188,-1.6702055931091309,-1.5762755870819092,-0.988937258720398,-1.620821475982666
YOR157C,test,True,True,0.9851480722427368,0.8636022329330444,1.4863392114639282,0.7379190325737,0.5687431693077087,0.8818526268005371,0.6431571245193481,0.9114835739135743,1.2572681903839111,0.9478790760040283,0.8625152111053467,0.628180742263794,0.861574649810791
YOR158W,test,True,True,0.6825736165046692,0.7177728772163391,0.4739811420440674,0.884371817111969,0.7956438064575195,0.6351851224899292,0.7996824979782104,0.8378500401973724,0.8163643479347229,1.145310640335083,0.4409755766391754,0.8284636735916138,0.9581359624862671
YOR159C,test,True,True,1.3428022861480713,0.057591166347265244,-0.044706717133522034,-0.009738348424434662,-0.0397506020963192,0.44467127323150635,-0.06251977384090424,-0.005871561914682388,-0.1912076473236084,0.032419998198747635,0.10658342391252518,0.13513721525669098,-0.11229079961776733
YOR160W,test,False,True,-0.06848803907632828,0.042601007223129275,-0.11657468974590302,-0.4187316298484802,0.3114545941352844,0.34100329875946045,0.09585346281528473,0.020651557296514512,-0.19674760103225708,-0.1834484189748764,0.051523540169000626,0.08720394223928452,0.3447263240814209
YOR161C,test,True,True,-0.27265965938568115,0.7148134708404541,0.31824541091918945,0.851570188999176,1.0939717292785645,0.7119092345237732,0.5983707904815674,0.37089359313249587,0.045984573662281036,0.9791916608810425,0.2157970517873764,0.3741133511066437,0.2393813282251358
YOR161C-C,test,True,True,-1.0494184494018555,-0.48336108922958376,0.13371777534484863,-1.0406756401062012,-0.6050670742988586,-0.583186686038971,-0.3215938210487366,-0.3840290386229753,0.0005980916321277618,-0.6530210971832275,0.11706005036830902,-0.03070203773677349,-1.3540802001953125
YOR161W-A,test,False,False,-0.5501477718353271,-0.5508232176303863,0.23812317848205566,-0.8497152328491211,-0.3377149999141693,-1.1202059984207153,-0.6846030354499817,-0.4488063767552376,0.09014781564474106,-0.21582555770874023,-0.5423386693000793,-0.8616782426834106,-0.7143372297286987
YOR161W-B,test,False,False,-1.3926458358764648,-0.6799383461475372,0.48620492219924927,-1.6732001304626465,-0.7111713886260986,-1.0730262994766235,-0.4284988343715668,-0.598999260365963,0.034571774303913116,-1.0189940929412842,-0.4264671206474304,-0.8714096546173096,-0.7126972079277039
YOR162C,test,True,True,-0.12197954952716827,0.659405666589737,0.5584083199501038,0.4285484254360199,1.09126877784729,0.5534065961837769,0.6653962135314941,0.7508985996246338,0.709256112575531,0.4421069920063019,1.1653788089752197,0.37738028168678284,1.0603708028793335
YOR163W,test,True,True,1.376470923423767,0.21664322316646575,0.7435647249221802,-0.009168803691864014,-0.14900194108486176,0.19125458598136902,0.30656754970550537,0.025837354362010956,0.2172732949256897,-0.09896834194660187,-0.18258367478847504,0.026210300624370575,0.1672551929950714
YOR164C,test,True,True,0.5365166664123535,-0.5942100048065185,-1.0547841787338257,-0.3544965386390686,-0.9516953229904175,-0.31395214796066284,-0.29612183570861816,-0.1612240791320801,-0.2878476679325104,-0.07290859520435333,-0.3354562520980835,0.08104841411113739,-0.19095629453659058
YOR165W,test,True,True,0.20031854510307312,-0.5712704241275788,-1.356925368309021,-0.4150996804237366,-0.38095197081565857,-0.40919029712677,-0.2941848039627075,-0.30647287890315056,-0.8088743686676025,0.057091739028692245,0.03164596110582352,-0.4744487404823303,-0.3377789855003357
YOR166C,test,True,False,0.05415264889597893,-0.9522585391998291,-1.8751755952835083,-0.7671094536781311,-1.2021510601043701,-0.19114768505096436,-0.7257089018821716,-0.9659101843833924,-2.052332639694214,-0.9373232126235962,-0.6695667505264282,-0.741044282913208,-0.4292840361595154
YOR167C,test,True,True,1.6558284759521484,0.9410650134086609,0.6871078610420227,1.0698835849761963,1.1177434921264648,1.1694241762161255,0.6611659526824951,0.8114811301231384,0.5048062205314636,0.9603906869888306,0.5887880325317383,0.8529616594314575,1.1504590511322021
YOR168W,test,True,True,0.39540112018585205,0.5638766646385193,0.5003407597541809,0.6348341703414917,0.3145264983177185,0.4466647505760193,0.923017144203186,0.5427856102585793,0.42173144221305847,0.9467577338218689,0.4751778841018677,0.058129824697971344,0.8121311664581299
YOR169C,test,False,False,-2.088510751724243,-1.1506910085678101,-0.9942150712013245,-1.3278026580810547,-1.321260690689087,-0.8630059361457825,-1.2471706867218018,-1.1943504810333252,-1.2056180238723755,-0.7063356637954712,-1.2779014110565186,-1.5165936946868896,-1.265303611755371
YOR170W,test,False,False,-2.088510751724243,-0.5852799117565155,0.206096351146698,-1.050661563873291,-0.4909825325012207,-1.2403490543365479,-0.35050275921821594,-0.3013680174946785,0.08240325003862381,-0.19313830137252808,-0.231199711561203,-1.094740390777588,-0.07016493380069733
YOR171C,test,True,True,0.0536273792386055,0.01425010859966278,-0.03305228799581528,0.021044306457042694,-0.6198204755783081,0.5246188640594482,0.17846013605594635,0.14766388833522798,0.21511799097061157,0.140738844871521,-0.1489533931016922,-0.06622010469436646,0.5976361036300659
YOR172W,test,True,True,0.1617860347032547,0.5373529553413391,0.5749978423118591,0.616133451461792,0.49508732557296753,0.4207238554954529,0.579822301864624,0.9659436702728271,0.823401689529419,1.2047502994537354,0.984305739402771,0.5349113941192627,1.2823492288589478
YOR173W,test,True,True,-0.4400421380996704,-0.10133614540100097,-0.23761695623397827,-0.2849734127521515,0.3375012278556824,0.1416929066181183,-0.4632844924926758,0.06760964691638946,0.3369365632534027,0.09825478494167328,0.08212827146053314,0.12937714159488678,-0.3086485266685486
YOR174W,test,True,True,0.2922251522541046,0.3912885576486588,0.5135137438774109,0.2625633776187897,0.5250844359397888,0.40957170724868774,0.24570952355861664,0.32960227578878404,-0.07369070500135422,0.30209094285964966,0.6918460130691528,0.5198038220405579,0.207961305975914
YOR175C,test,True,True,0.0356922410428524,0.08094870299100876,-0.22202345728874207,0.14141219854354858,0.042989037930965424,0.3019241988658905,0.14044153690338135,0.08404170530848205,-0.0672716423869133,0.12991903722286224,0.0002172605600208044,0.35421669483184814,0.0031271763145923615
YOR176W,test,True,True,0.24164769053459167,0.9552876353263855,0.8823907971382141,0.5875096917152405,1.809096097946167,0.8406104445457458,0.6568311452865601,1.0200506091117858,1.0906707048416138,1.341357946395874,0.9029428362846375,0.6321104764938354,1.1331710815429688
YOR177C,test,True,True,-0.9938476085662842,-0.16039431728422643,-0.5829808115959167,-0.10811344534158707,0.20425139367580414,-0.011775145307183266,-0.30335357785224915,0.22999916821718216,-0.08057034760713577,0.5575070977210999,0.06651328504085541,0.31342917680740356,0.29311662912368774
YOR178C,test,False,True,-0.8678272366523743,0.4794013284146786,0.5443820357322693,0.4834005832672119,0.7479404211044312,0.5846025943756104,0.03668100759387016,0.09404512345790864,0.10192861407995224,0.01163557544350624,-0.011307170614600182,-0.017454108223319054,0.3854227066040039
YOR179C,test,True,True,0.34558239579200745,-0.12632540985941887,-0.37200042605400085,-0.13112714886665344,0.033659372478723526,-0.07693588733673096,-0.08522295951843262,-0.4196494072675705,-0.5321059226989746,-0.4412463307380676,-0.22804690897464752,-0.5811220407485962,-0.31572583317756653
YOR180C,test,False,True,-0.41206997632980347,-0.3415337711572647,-0.5132591128349304,-0.602443516254425,-0.3650166988372803,0.14985571801662445,-0.37680524587631226,-0.7216975808143615,-1.1511051654815674,-1.081622838973999,-0.34124571084976196,-0.4797772765159607,-0.5547369122505188
YOR181W,test,True,True,1.2519861459732056,0.5195851802825928,0.2926290035247803,0.6176832318305969,0.8980168700218201,0.5115491151809692,0.27804768085479736,0.7986027657985687,0.46380579471588135,1.3043869733810425,0.6689494252204895,0.45805707573890686,1.0978145599365234
YOR182C,test,True,True,2.300558567047119,0.6216422140598297,0.6594297885894775,1.25376296043396,-0.1549115777015686,0.3091948926448822,1.0407350063323975,0.014493085443973541,-0.02634172886610031,0.552159309387207,-0.49438905715942383,-0.45645415782928467,0.4974910616874695
YOR183W,test,True,True,-1.8943618535995483,0.11079598888754845,-0.1169637069106102,0.1444222331047058,0.014816008508205414,0.46783220767974854,0.04387320205569267,0.6705137528479099,0.9077509641647339,0.48347049951553345,0.3349173665046692,1.622952938079834,0.003476995974779129
YOR184W,test,True,True,0.7194252014160156,0.5085973650217056,0.7490639090538025,0.42697641253471375,0.5775096416473389,0.24106048047542572,0.5483763813972473,0.2144247770309448,0.38961145281791687,0.07212676107883453,-0.06537245213985443,0.5899829864501953,0.08577513694763184
YOR185C,test,True,True,-0.28142961859703064,-0.004547972232103348,0.01729196310043335,-0.21499024331569672,-0.009303972125053406,0.1944500058889389,-0.01018761470913887,0.09314844906330108,0.01775970309972763,-0.054660212248563766,-0.018227247521281242,-0.027564195916056633,0.5484341979026794
YOR186C-A,test,False,False,-0.768973171710968,-1.4875629901885987,-0.9994333386421204,-2.000225782394409,-0.8999351859092712,-1.6728357076644897,-1.8653849363327026,-1.5450398206710816,-0.9595088362693787,-1.9878461360931396,-0.8579244017601013,-2.0085289478302,-1.911390781402588
YOR186W,test,True,True,-1.300346851348877,-0.652158135175705,-0.21924564242362976,-0.7227365374565125,-0.8941531777381897,-0.5109007358551025,-0.9137545824050903,-0.5352543868124485,-1.6978408098220825,-0.18111646175384521,-0.2959078550338745,-0.4595407247543335,-0.041866082698106766
YOR187W,test,True,True,0.5949122905731201,0.9142092108726502,1.0279861688613892,0.6860283017158508,1.3136849403381348,0.8274804353713989,0.715866208076477,0.9607588291168213,0.8379864692687988,0.7213848233222961,0.9499083161354065,0.9046391248703003,1.3898754119873047
YOR188W,test,True,True,0.6147450804710388,0.43379545360803606,0.22364789247512817,0.07483036071062088,0.8197447657585144,0.6364361643791199,0.4143180847167969,0.4633541822433472,0.2664594054222107,0.3727319538593292,0.7374281883239746,0.4591612219810486,0.48099014163017273
YOR189W,test,True,True,1.0798698663711548,1.0436628699302672,1.0295294523239136,1.0809478759765625,1.5804426670074463,0.8357418775558472,0.6916524767875671,0.7131864964962006,0.4959993064403534,1.0838629007339478,0.5262401103973389,0.5599177479743958,0.899912416934967
YOR190W,test,True,True,-1.7818242311477661,-1.7889702081680299,-1.7620769739151,-1.486513614654541,-2.5054900646209717,-1.7790040969848633,-1.4117662906646729,-1.6953863382339478,-1.5024776458740234,-1.855105996131897,-1.9360120296478271,-1.8961409330368042,-1.287195086479187
YOR191W,test,False,True,0.4730678200721741,0.3824938118457794,0.49842578172683716,0.2603999376296997,0.5810622572898865,0.29075637459754944,0.2818247079849243,0.5808653831481934,0.38456636667251587,0.7595023512840271,0.6771447062492371,0.3336993455886841,0.7494141459465027
YOR192C,test,True,False,-1.5759413242340088,-1.5583401918411255,-1.3166658878326416,-1.5058033466339111,-1.3321967124938965,-1.70099675655365,-1.9360382556915283,-1.4906884670257567,-0.9295340776443481,-1.8654767274856567,-1.4118226766586304,-1.622625708580017,-1.6239831447601318
YOR192C-C,test,True,True,-0.5671737790107727,0.07373155057430267,0.24351218342781067,-0.20204077661037445,0.28582024574279785,-0.0737181007862091,0.1150842010974884,-0.10015924423933029,0.1018964871764183,-0.100592702627182,-0.3052980303764343,-0.33888980746269226,0.14208783209323883
YOR193W,test,True,True,-0.21367870271205902,0.46185624673962594,0.825782835483551,0.2725016176700592,0.5635765194892883,0.5969874262809753,0.05043283477425575,0.4579471230506897,0.9049779176712036,0.15697990357875824,0.35097795724868774,0.17079760134220123,0.7060022354125977
YOR194C,test,True,True,1.7300771474838257,0.4094171315431595,0.5422728061676025,0.2010379284620285,0.27251529693603516,0.5731914639472961,0.4580681622028351,0.401636004447937,0.3643835186958313,0.5236709713935852,0.3560091257095337,0.25493985414505005,0.5091765522956848
YOR195W,test,True,True,0.5233747959136963,0.2590760547667742,0.3941609263420105,-0.004555508494377136,0.5085378289222717,0.0014764908701181412,0.39576053619384766,0.23634977340698243,0.16676369309425354,0.2665948271751404,0.13446524739265442,0.17257842421531677,0.441346675157547
YOR196C,test,True,True,0.652671217918396,0.4172956943511963,0.3387712836265564,0.23124027252197266,0.5670720338821411,0.5074136257171631,0.4419812560081482,0.6142128348350525,0.8859558701515198,0.289340615272522,0.6101503968238831,0.37567734718322754,0.9099399447441101
YOR197W,test,True,True,1.0706485509872437,0.32369638681411744,0.050199300050735474,0.16811296343803406,0.33769625425338745,0.7358378767967224,0.32663553953170776,0.6971914052963257,0.7220971584320068,0.48231393098831177,0.6913726329803467,0.7105131149291992,0.8796601891517639
YOR198C,test,True,True,1.4761608839035034,0.9046766281127929,0.33471745252609253,0.8914869427680969,1.454512596130371,0.9758805632591248,0.8667855858802795,1.0648769736289978,0.5495371222496033,1.1648812294006348,1.0911657810211182,1.345650553703308,1.1731501817703247
YOR199W,test,False,False,-1.6078988313674927,-1.1041203081607818,-0.8224934935569763,-1.6300938129425049,-1.2535622119903564,-0.27477654814720154,-1.5396754741668701,-0.9571610271930695,-0.6703113317489624,-1.111334204673767,-1.0469021797180176,-0.42888227105140686,-1.5283751487731934
YOR200W,test,False,False,-1.7908148765563965,-0.9541352391242981,-0.909826934337616,-1.265838384628296,-0.7726684212684631,-0.47371822595596313,-1.3486242294311523,-0.7848521113395691,-0.7857271432876587,-0.5068257451057434,-1.0500928163528442,-0.582676351070404,-0.9989385008811951
YOR201C,test,False,True,0.7618051171302795,0.286048498749733,0.6567258238792419,0.14162224531173706,0.19566361606121063,0.18546950817108154,0.2507613003253937,0.39603928960859774,0.8802146911621094,0.20932573080062866,0.7595877051353455,0.007152201607823372,0.12391611933708191
YOR202W,test,False,True,-2.088510751724243,0.3543562591075897,0.4033491015434265,0.27089035511016846,0.33283019065856934,0.191568523645401,0.5731431245803833,0.3155476629734039,0.17224940657615662,0.21770447492599487,0.44033998250961304,0.20136678218841553,0.5460776686668396
YOR203W,test,False,False,-2.008643865585327,-1.140041360259056,-1.5904494524002075,-1.514688491821289,-0.13708101212978363,-0.8840916752815247,-1.5738961696624756,-1.422682559490204,-1.7429412603378296,-1.7636867761611938,-1.4871001243591309,-0.9175644516944885,-1.2021201848983765
YOR204W,test,True,True,0.9208992123603821,0.5738622844219208,0.3621458411216736,0.4361574947834015,0.9207574725151062,0.6721206903457642,0.47812992334365845,0.5471220225095749,0.5998340845108032,0.4301843047142029,0.6832283735275269,0.7847811579704285,0.23758219182491302
YOR205C,test,False,True,0.3527604937553406,0.43568542301654817,0.6019074320793152,0.5057371854782104,0.5701879858970642,0.04384435713291168,0.45675015449523926,0.416185537353158,0.6786080002784729,0.5726526975631714,0.34302279353141785,0.006965236738324165,0.4796789586544037
YOR206W,test,True,True,0.7503148913383484,0.8329989910125732,0.6018638610839844,0.9618924260139465,1.215319037437439,0.5824998021125793,0.803419828414917,0.9023012280464172,1.2344908714294434,0.9572182893753052,0.6208733916282654,0.56615149974823,1.1327720880508423
YOR207C,test,True,True,0.031344734132289886,0.547432404756546,0.33510759472846985,0.47743260860443115,0.5960436463356018,0.715543806552887,0.6130343675613403,0.7199661910533905,0.3587159812450409,0.7448419332504272,1.0210307836532593,0.8508885502815247,0.6243537068367004
YOR208W,test,True,True,0.0956692174077034,0.6347457945346833,0.6654382944107056,0.4373207986354828,1.1472370624542236,0.2884870767593384,0.6352457404136658,0.8607328534126282,0.6444047689437866,0.5069003701210022,1.029628038406372,0.8653792142868042,1.2573518753051758
YOR209C,test,True,True,0.7295104265213013,0.24560942202806474,-0.8168173432350159,0.05608420819044113,0.8517773151397705,0.8995698094367981,0.23743312060832977,0.21300806403160094,-0.6505096554756165,0.2283775508403778,0.57086580991745,0.5282721519470215,0.388034462928772
YOR210W,test,True,True,1.2969460487365723,-0.09963764483109117,-0.08779866248369217,0.3112408518791199,-0.004737390670925379,0.000182444229722023,-0.7170754671096802,-0.34017846584320066,-0.8682708740234375,0.34164005517959595,0.3234405517578125,-0.5209119319915771,-0.9767901301383972
YOR211C,test,True,True,0.11708605289459229,0.7057787477970123,1.191880226135254,1.1145384311676025,0.6504840850830078,0.6406165361404419,-0.0686255395412445,0.71654212474823,0.8093135952949524,0.6354061961174011,0.8035303950309753,0.7266600131988525,0.6078004240989685
YOR212W,test,True,True,1.0962655544281006,0.7994931697845459,0.9503385424613953,1.099008560180664,0.4924265146255493,0.6578605771064758,0.797831654548645,1.0424814760684966,1.3064368963241577,0.8804344534873962,0.40855535864830017,1.059173345565796,1.5578073263168335
YOR213C,test,True,True,0.3923557996749878,0.13913018256425858,-0.0046086981892585754,0.2854648530483246,-0.14517346024513245,0.3574049472808838,0.20256327092647552,0.3123833253979683,-0.10977640002965927,0.7580695152282715,0.16651463508605957,0.43045347929000854,0.31665539741516113
YOR214C,test,True,True,-1.9548792839050293,0.11468733549118042,0.38958659768104553,-0.3095921277999878,0.12960782647132874,0.18148598074913025,0.18234840035438538,-0.027371135354042054,0.0840638279914856,0.06333383917808533,0.018959837034344673,-0.02903124876320362,-0.27418193221092224
YOR215C,test,True,True,1.1175402402877808,0.61112260222435,0.7244197130203247,0.1664160192012787,0.856911301612854,1.0124841928482056,0.2953817844390869,0.9809146761894226,1.0280606746673584,0.7239030599594116,1.0506690740585327,1.134946584701538,0.9669939875602722
YOR216C,test,True,False,0.9781265258789062,-0.13456017076969146,0.1677943766117096,-0.5355609059333801,0.5289642214775085,-0.7078326344490051,-0.12616591155529022,-0.016789504140615464,-0.4071774184703827,-0.0063746534287929535,0.6225566864013672,-0.11746853590011597,-0.1754835993051529
YOR217W,test,False,False,0.4998258054256439,-1.175907176733017,-1.165487289428711,-1.1795766353607178,-0.3460793197154999,-1.6737412214279175,-1.5146514177322388,-1.296768033504486,-1.6237984895706177,-0.8105718493461609,-0.6701375246047974,-2.098890542984009,-1.2804417610168457
YOR218C,test,False,False,-1.6981772184371948,-1.86959867477417,-1.9731265306472778,-1.3821122646331787,-1.971624732017517,-1.9216187000274658,-2.09951114654541,-1.8850188493728637,-2.0074236392974854,-1.3439106941223145,-2.0935397148132324,-1.7821422815322876,-2.198077917098999
YOR219C,test,True,True,0.18386973440647125,0.5441440463066101,0.4625477194786072,0.45680153369903564,0.9510253071784973,0.45173317193984985,0.39861249923706055,0.4387365072965622,0.6498146653175354,0.32322585582733154,0.12460170686244965,0.49160367250442505,0.6044366359710693
YOR220W,test,True,True,0.3050053119659424,0.4269255712628365,0.11090854555368423,0.4385454058647156,0.4416401982307434,0.6816381216049194,0.46189558506011963,0.5671001136302948,0.34495076537132263,0.4287850260734558,0.507889449596405,0.6467178463935852,0.9071574807167053
YOR221C,test,True,True,0.5408799648284912,0.1441977322101593,0.49844640493392944,0.16043490171432495,-0.1519443243741989,0.37691736221313477,-0.16286568343639374,0.47780510783195496,0.9213426113128662,0.3344799280166626,0.45361918210983276,0.18076616525650024,0.49881765246391296
YOR222W,test,True,True,0.46272197365760803,-0.04870816171169281,0.4817458391189575,-0.5174976587295532,-0.2016371637582779,0.20376963913440704,-0.2099214643239975,0.1532412704080343,0.30468401312828064,-0.02140926942229271,-0.021447328850626945,0.0803815945982933,0.42399734258651733
YOR223W,test,True,True,0.49607014656066895,0.3160680215805769,0.20725879073143005,0.4276001453399658,0.6015403866767883,-0.017980793491005898,0.3619215786457062,0.35912397503852844,0.2632806897163391,0.4815922975540161,0.23276865482330322,0.14471814036369324,0.6732600927352905
YOR224C,test,True,True,1.3153210878372192,0.4276463627815247,0.4289070963859558,0.554270327091217,0.6243603229522705,0.277627170085907,0.25306689739227295,0.4694417417049408,0.3910702168941498,0.5719723701477051,0.5142843723297119,0.3193301558494568,0.5505515933036804
YOR225W,test,False,False,-1.530373215675354,-1.805232334136963,-1.8552933931350708,-1.913513422012329,-1.7502694129943848,-1.919053554534912,-1.5880318880081177,-1.7819265365600585,-1.8845738172531128,-1.776900291442871,-1.6449145078659058,-1.796888828277588,-1.8063552379608154
YOR226C,test,False,True,1.2025928497314453,0.8359902560710907,0.7882166504859924,1.1590213775634766,1.1313825845718384,0.3419815003871918,0.7593491673469543,0.8078109085559845,0.29501256346702576,1.2740709781646729,1.199381947517395,0.6559559106826782,0.6146331429481506
YOR227W,test,True,True,0.45484182238578796,0.27941802702844143,0.45082342624664307,-0.3728249669075012,0.5185113549232483,-0.01627814956009388,0.8168584704399109,0.24274411275982857,0.47667959332466125,0.4350401759147644,0.1471645087003708,0.10833659768104553,0.04649968817830086
YOR228C,test,True,True,-0.5662940740585327,-0.4872730500996113,-0.04623662307858467,-0.032298579812049866,-1.0786728858947754,-0.4491093158721924,-0.8300478458404541,-0.11126977801322938,0.19954907894134521,0.06708353757858276,-0.2643037736415863,-0.24910330772399902,-0.3095744252204895
YOR229W,test,True,True,0.4457002282142639,-0.08954317048192025,-0.4696529507637024,0.013863980770111084,-0.12984715402126312,0.13813233375549316,-0.00021206215023994446,0.2594312995672226,0.0327877402305603,0.42479485273361206,0.1987365484237671,0.5480537414550781,0.0927836149930954
YOR230W,test,True,True,0.5119328498840332,0.38579079061746596,0.3781372904777527,0.7426137328147888,0.22707559168338776,-0.05935961753129959,0.6404869556427002,0.5343172699213028,0.5311300158500671,0.701071560382843,-0.2315966933965683,0.7236157655715942,0.9473657011985779
YOR231C-A,test,False,False,-2.088510751724243,-1.331762707233429,-1.0985711812973022,-1.506143569946289,-1.6495091915130615,-0.7861997485160828,-1.6183898448944092,-1.2769957184791565,-1.4319040775299072,-1.5980844497680664,-1.4717812538146973,-0.6845152974128723,-1.1986935138702393
YOR231W,test,True,True,0.6596235036849976,0.07809558510780334,-0.2869755029678345,-0.2357872724533081,0.792859673500061,-0.29236191511154175,0.41274294257164,0.3331651225686073,0.09931839257478714,0.5655922889709473,0.28566306829452515,0.32274991273880005,0.39250195026397705
YOR232W,test,True,True,0.7850654721260071,0.45945843011140824,0.10818711668252945,0.49344509840011597,0.7406360507011414,0.33563780784606934,0.6193860769271851,0.6627145811915398,0.1123509332537651,0.7925926446914673,0.4713210165500641,0.5321085453033447,1.4051997661590576
YOR233W,test,True,True,0.3814377784729004,0.4558865427970886,0.15497809648513794,0.38258838653564453,0.6436037421226501,0.4535382390022278,0.6447242498397827,0.6218029975891113,0.34035301208496094,0.807844877243042,0.5371692180633545,0.472958505153656,0.9506893754005432
YOR234C,test,True,True,1.1448149681091309,1.3411908388137816,1.4101192951202393,1.2785866260528564,1.6378140449523926,1.1805170774459839,1.1989171504974365,1.2208651065826417,1.2593151330947876,1.0718616247177124,1.31276535987854,1.1969882249832153,1.2633951902389526
YOR235W,test,False,False,0.4439990818500519,-1.4626227855682372,-1.6971858739852905,-1.6165072917938232,-1.9906648397445679,-0.8973197937011719,-1.111436128616333,-1.5609692573547362,-2.0683608055114746,-1.0259555578231812,-1.7863863706588745,-1.642799973487854,-1.2813435792922974
YOR236W,test,True,True,0.4740678668022156,0.7945380806922913,0.7702152132987976,0.48716509342193604,1.086329460144043,0.4984259605407715,1.1305546760559082,0.42335674464702605,0.6442561149597168,0.16831748187541962,0.2870771884918213,0.7125909328460693,0.30454200506210327
YOR237W,test,True,True,-0.878696620464325,0.1886550232768059,-0.09977427870035172,0.2616477906703949,0.12817010283470154,0.3231346011161804,0.33009690046310425,0.41543365120887754,0.13072925806045532,0.34313157200813293,0.5644744634628296,0.5116574764251709,0.5271754860877991
YOR238W,test,False,False,-0.27319592237472534,-1.1000482805073262,-0.7608000040054321,-1.7120227813720703,-0.04235756769776344,-1.3120673894882202,-1.6729936599731445,-1.3304998874664307,-1.208377480506897,-1.670107364654541,-1.3680789470672607,-0.6017485857009888,-1.8041870594024658
YOR239W,test,True,True,0.9632516503334045,0.39176625609397886,0.3975515067577362,0.28162041306495667,0.45336681604385376,0.5006749033927917,0.32561764121055603,0.3899766653776169,0.3900719881057739,0.5157366394996643,0.1994066834449768,0.6339972019195557,0.2106708139181137
YOR241W,test,True,True,0.636971116065979,0.325871878862381,0.5099247694015503,0.1695527732372284,0.5195348858833313,0.1350521743297577,0.29529479146003723,0.19216307252645493,0.20275357365608215,0.490824818611145,-0.04271192103624344,-0.32587727904319763,0.6358261704444885
YOR242C,test,True,False,-1.3514050245285034,-1.0207638263702392,-0.48074132204055786,-1.691476583480835,-0.6104541420936584,-1.2346811294555664,-1.0864659547805786,-0.8242378413677216,-0.3370872437953949,-1.339792251586914,-0.7839961051940918,-0.9562249779701233,-0.7040886282920837
YOR243C,test,True,True,0.4608931839466095,0.4514461815357208,0.5573477149009705,0.2928982973098755,0.6325656175613403,0.22083386778831482,0.553585410118103,0.46269315481185913,0.5229448080062866,0.12085467576980591,0.5766201019287109,0.22769910097122192,0.8653470873832703
YOR244W,test,False,True,0.6362872123718262,0.6679290950298309,0.9929884076118469,0.5864673256874084,0.7363789677619934,0.5588365793228149,0.46497419476509094,0.6362946987152099,0.7274916768074036,0.4447125196456909,0.40163755416870117,0.7261047959327698,0.8815269470214844
YOR245C,test,True,True,0.049602266401052475,0.11128039360046386,-0.3102189302444458,0.46380430459976196,0.2923767566680908,-0.42169827222824097,0.5321381092071533,0.1651391014456749,-0.007113538682460785,0.296053409576416,0.10351733863353729,0.1888868510723114,0.24435144662857056
YOR246C,test,True,True,0.7475485801696777,0.6486391425132751,0.2995716333389282,0.3882710933685303,1.1749706268310547,0.6038041710853577,0.7765781879425049,0.8881969571113586,0.8888633847236633,0.7739333510398865,1.10153329372406,0.8302819728851318,0.8463727831840515
YOR247W,test,True,True,1.3701390027999878,0.24221867620944976,-0.46332642436027527,0.31161564588546753,0.1858835071325302,0.6837072372436523,0.493213415145874,0.4749880522489548,0.37728428840637207,0.837303638458252,-0.192290797829628,0.5658829808235168,0.786760151386261
YOR248W,test,False,False,-1.9974528551101685,-1.7965357780456543,-2.094667673110962,-1.7007200717926025,-2.224212884902954,-1.590023159980774,-1.373055100440979,-1.5540918111801147,-1.9944502115249634,-1.4514210224151611,-1.9439078569412231,-1.3052963018417358,-1.0753836631774902
YOR249C,test,True,True,-0.3639638125896454,-0.1903226613998413,0.05375572293996811,-0.5399301052093506,0.16619382798671722,0.035122327506542206,-0.6667550802230835,-0.4142745614051819,-0.5199950337409973,-0.45706504583358765,-0.6055742502212524,-0.21530547738075256,-0.27343299984931946
YOR250C,test,False,False,0.02363683097064495,-1.1650226950645446,-0.30124491453170776,-1.733701467514038,-1.2494242191314697,-1.2563303709030151,-1.2844125032424927,-0.7936747841536999,-0.055994000285863876,-0.9644346237182617,-0.8151367902755737,-1.2470800876617432,-0.8857284188270569
YOR251C,test,True,True,-0.06457830965518951,0.40685478672385217,0.5713891386985779,-0.014295760542154312,0.19849856197834015,0.9230346083641052,0.35564738512039185,0.5372823178768158,0.5236002802848816,0.3445754945278168,0.46088624000549316,0.697068989276886,0.6602805852890015
YOR252W,test,True,True,0.9056612849235535,0.5265652149915695,0.5760072469711304,0.1486620157957077,0.7428576350212097,0.8129627108573914,0.35233646631240845,1.0576784133911132,1.0420414209365845,0.866769552230835,1.0733858346939087,1.0482103824615479,1.2579848766326904
YOR253W,test,True,True,0.4845764636993408,0.261163991689682,0.3392939567565918,-0.27224546670913696,0.6157036423683167,0.26441875100135803,0.3586490750312805,0.24371980875730515,0.4563714861869812,0.37316179275512695,0.1071009412407875,0.037405505776405334,0.24455931782722473
YOR254C,test,True,True,0.9321158528327942,1.0821629524230958,0.9940087199211121,0.9355621933937073,1.231184959411621,1.4278059005737305,0.8222529888153076,1.0370987176895141,1.0706948041915894,0.9014025926589966,0.8410193920135498,1.110710859298706,1.261665940284729
YOR255W,test,True,True,-1.9945030212402344,-0.09428435638546943,-0.5877191424369812,-0.53732830286026,0.015738721936941147,0.5088703036308289,0.12901663780212402,-0.12363949231803417,0.10390657931566238,0.09967319667339325,0.026883335784077644,-0.6726261377334595,-0.17603443562984467
YOR256C,test,False,True,0.028038037940859795,0.23104997128248214,0.01878705620765686,0.03540807217359543,0.16704751551151276,0.7325724959373474,0.20143471658229828,0.37626743912696836,0.22711485624313354,0.43355056643486023,0.034362614154815674,0.4638059139251709,0.7225032448768616
YOR257W,test,True,True,1.3670669794082642,0.5680842876434327,0.7140158414840698,0.45794492959976196,0.7633699774742126,0.5598282814025879,0.34526240825653076,0.6512492060661316,0.6726152300834656,0.8985306620597839,0.5954886674880981,0.27980363368988037,0.8098078370094299
YOR258W,test,True,True,-0.3151770234107971,0.31287716180086134,0.3911488652229309,0.05230022221803665,0.34669190645217896,0.2835896909236908,0.4906551241874695,0.4464899659156799,0.33783695101737976,0.4391283690929413,0.6431790590286255,0.36548733711242676,0.44681811332702637
YOR259C,test,False,True,1.2176514863967896,0.7087222695350647,1.0578835010528564,0.6240127086639404,0.9554259777069092,0.45795202255249023,0.4483371376991272,0.9676839351654053,0.7656176686286926,1.330693006515503,0.8336448669433594,1.1516849994659424,0.756779134273529
YOR260W,test,True,True,0.8526105284690857,0.5333951056003571,0.8017701506614685,0.5873850584030151,0.46686097979545593,0.618236243724823,0.1927230954170227,0.47851997017860415,0.5775521397590637,0.5639647245407104,0.47483283281326294,0.19213411211967468,0.5841160416603088
YOR261C,test,True,True,0.5044801831245422,0.9820055961608887,1.1668294668197632,0.8888420462608337,1.3654465675354004,1.1598234176635742,0.3290864825248718,0.9469618856906891,1.392472267150879,1.1192588806152344,0.4708311855792999,0.7233695983886719,1.0288774967193604
YOR262W,test,True,True,0.3852297365665436,0.08058384656906128,0.12882202863693237,0.2642010450363159,0.29086679220199585,-0.5359188914299011,0.2549482583999634,0.12889460623264312,0.21803289651870728,0.6358469128608704,-0.1733752340078354,-0.13949787616729736,0.10346633195877075
YOR263C,test,False,False,-1.965377926826477,-1.5533098936080934,-1.9090120792388916,-1.663017749786377,-1.2238175868988037,-1.3741456270217896,-1.5965564250946045,-1.5325129508972168,-1.9986847639083862,-1.3475117683410645,-1.6394658088684082,-1.3039345741271973,-1.3729678392410278
YOR264W,test,True,True,0.54609215259552,0.8931193470954895,1.064173698425293,1.3936817646026611,0.8679342865943909,0.6550313830375671,0.4847756028175354,0.7839046716690063,1.0898336172103882,0.9336500763893127,0.3788958191871643,0.5454232692718506,0.9717205762863159
YOR265W,test,True,True,1.0741370916366577,0.22996629476547242,0.10574520379304886,0.33899882435798645,0.47515392303466797,0.06322114914655685,0.16671237349510193,0.564900666475296,0.6656346321105957,0.8489580154418945,0.41553807258605957,0.09486982226371765,0.7995027899742126
YOR266W,test,True,True,-0.49014922976493835,0.33824133425951003,0.023544766008853912,-0.017060846090316772,0.6429939866065979,0.7781688570976257,0.26355990767478943,0.5476491987705231,0.17729869484901428,0.24814778566360474,0.8227353096008301,0.8635604977607727,0.6265037059783936
YOR267C,test,True,True,1.287508249282837,0.9659512042999268,0.585506021976471,1.7180261611938477,1.0232868194580078,0.7112733721733093,0.791663646697998,0.9947227239608765,0.610400378704071,1.2646939754486084,1.1931946277618408,1.2874482870101929,0.6178763508796692
YOR268C,test,True,True,-1.1782019138336182,-1.3577632904052734,-1.4494670629501343,-1.0078961849212646,-1.423593521118164,-1.798479437828064,-1.1093802452087402,-0.6226316720247269,-1.065672755241394,-0.23751148581504822,-0.11977146565914154,-0.5470237135887146,-1.143178939819336
YOR269W,test,True,True,0.09339778125286102,-0.25369761884212494,-0.5330736041069031,-0.5713565945625305,-0.1309199184179306,-0.44167712330818176,0.40853914618492126,-0.24762936122715473,-0.5493013858795166,-0.5051398873329163,-0.02595589868724346,-0.1957165002822876,0.03796686604619026
YOR270C,test,True,True,0.39853474497795105,0.2893772438168526,-0.04962008446455002,0.06711012125015259,0.4229985475540161,0.26450565457344055,0.7418919801712036,0.4540215790271759,0.6623209118843079,0.46825307607650757,0.4197160601615906,0.16286799311637878,0.5569498538970947
YOR271C,test,True,True,0.5373499989509583,1.348646879196167,1.4160834550857544,1.8914902210235596,1.112874150276184,1.521443247795105,0.8013433218002319,1.0504171252250671,1.2288695573806763,1.3628871440887451,0.8155661225318909,1.0841834545135498,0.7605793476104736
YOR272W,test,True,True,0.8023397922515869,0.7454498946666718,0.8074813485145569,1.0533742904663086,0.4249773323535919,0.3922790288925171,1.0491374731063843,0.4636415813118219,0.8996492624282837,0.7067293524742126,0.0735643208026886,-0.007269186899065971,0.6455341577529907
YOR273C,test,False,True,0.6437864899635315,0.5071667015552521,-0.1703527569770813,0.8750042915344238,0.9325100779533386,0.26752200722694397,0.6311498880386353,0.28709463253617284,0.046389058232307434,0.16762836277484894,1.022242784500122,0.17017319798469543,0.029039759188890457
YOR274W,test,True,True,0.40537670254707336,0.28168815970420835,0.44989824295043945,0.3993526101112366,0.396356463432312,-0.11116647720336914,0.273999959230423,0.22370112910866738,0.4752436578273773,-0.2247598022222519,0.4946627914905548,0.36180973052978516,0.011549267917871475
YOR275C,test,False,True,0.1635631024837494,0.5264774978160858,0.39711445569992065,0.49647337198257446,0.4716351330280304,0.8341953754425049,0.4329691529273987,0.6573545157909393,0.6095551252365112,0.7516162991523743,0.4077926278114319,0.48597535490989685,1.0318331718444824
YOR276W,test,True,True,1.0399072170257568,0.9604500651359558,1.469786286354065,1.1069464683532715,0.9798340201377869,0.797208309173584,0.4484752416610718,1.1568502187728882,1.3870364427566528,1.3016926050186157,1.0294649600982666,1.0764799118041992,0.9895771741867065
YOR277C,test,False,False,-1.4780068397521973,-1.9800402164459228,-1.7026115655899048,-2.167447090148926,-1.992006778717041,-1.9301637411117554,-2.1079719066619873,-2.0416951894760134,-1.8978573083877563,-2.0216517448425293,-2.1548964977264404,-1.995967149734497,-2.1381032466888428
YOR278W,test,True,True,-0.3492656350135803,-0.6800279498100281,-0.34431976079940796,-1.002016544342041,-0.5778511166572571,-0.48276740312576294,-0.9931849241256714,-0.7343850582838058,-0.9930001497268677,-0.21929101645946503,-0.4819694757461548,-0.6965557932853699,-1.2811088562011719
YOR279C,test,True,True,0.060423776507377625,0.25271497666835785,0.0018928498029708862,-0.19514437019824982,0.8312254548072815,0.13063283264636993,0.49496811628341675,0.46557744182646277,0.5565463304519653,0.20332327485084534,0.41027384996414185,0.028310241177678108,1.129433512687683
YOR280C,test,True,True,0.30668193101882935,-0.737057301402092,-0.7774584293365479,-0.062728151679039,-0.8788586258888245,-1.0232234001159668,-0.9430178999900818,-0.7777302950620651,-1.1679702997207642,-0.32580605149269104,-1.5750150680541992,-0.04092384874820709,-0.7789362072944641
YOR281C,test,False,True,0.8465739488601685,0.41868544220924375,0.32320261001586914,0.06325462460517883,0.821594774723053,0.5717273354530334,0.3136478662490845,0.8745652198791504,0.8169795274734497,0.8160707950592041,1.3088854551315308,0.6229962110519409,0.8078941106796265
YOR282W,test,False,False,-1.728392481803894,-2.100521516799927,-2.2208282947540283,-2.1668965816497803,-2.016007661819458,-2.003048896789551,-2.0958261489868164,-2.0811717033386232,-2.276667594909668,-2.083045721054077,-2.012403726577759,-1.9215903282165527,-2.1121511459350586
YOR283W,test,True,True,0.4611916244029999,-0.22193619832396508,-0.13452878594398499,-0.724114716053009,0.01413973793387413,0.08724751323461533,-0.3524247407913208,-0.05332025215029716,0.1565151810646057,0.013485584408044815,-0.26067593693733215,-0.5070987939834595,0.3311727046966553
YOR284W,test,True,True,0.2088928371667862,0.2983478918671608,0.5342761278152466,-0.1134226992726326,0.7007860541343689,0.24129335582256317,0.12880662083625793,0.425657107681036,0.6643812656402588,0.029884014278650284,0.46115630865097046,0.039617158472537994,0.9332467913627625
YOR285W,test,True,True,0.8813180327415466,0.15376521944999694,0.19230523705482483,-0.14203837513923645,-0.10295093059539795,0.6160556077957153,0.20545455813407898,0.3209185987710953,0.48895201086997986,0.11019532382488251,-0.06472712755203247,0.5322567224502563,0.5379160642623901
YOR286W,test,True,True,0.9793121814727783,0.1331755094230175,0.18301516771316528,0.25881630182266235,-0.09061610698699951,0.25346940755844116,0.06119277700781822,0.06984962224960327,-0.3871133625507355,0.4839284420013428,0.07732999324798584,-0.12447929382324219,0.2995823323726654
YOR287C,test,True,True,0.5843226909637451,0.27961970791220664,0.4094427824020386,0.32555291056632996,0.6288097500801086,0.051363393664360046,-0.01707029715180397,0.2464305728673935,0.38661691546440125,0.5617827773094177,-0.16015499830245972,0.060204192996025085,0.38370397686958313
YOR288C,test,True,True,0.21799182891845703,0.02368178516626358,-0.10766109079122543,-0.1697264164686203,0.15487278997898102,-0.1737726628780365,0.4146963059902191,0.3515549637377262,0.7174986600875854,-0.026453401893377304,0.5676000118255615,0.35511648654937744,0.14401306211948395
YOR289W,test,True,True,0.4877684712409973,0.24632774107158184,-0.06910629570484161,0.1413843333721161,0.643255889415741,-0.0020600948482751846,0.518164873123169,0.6104456424713135,0.656928300857544,0.45013195276260376,0.7276842594146729,0.21736806631088257,1.0001156330108643
YOR290C,test,True,True,0.9517151117324829,0.8469735860824585,1.0876251459121704,0.8534964919090271,0.6863622069358826,0.6850610971450806,0.9223229885101318,0.7105389714241028,0.5788804292678833,0.4429476261138916,0.7542903423309326,0.8026711940765381,0.9739052653312683
YOR291W,test,True,True,-0.13951753079891205,0.9177960515022278,0.7769861221313477,0.8474165201187134,1.153820514678955,0.8739926218986511,0.9367644786834717,0.7340821146965026,0.6722372174263,0.7373499870300293,1.1363930702209473,0.3943001627922058,0.730130136013031
YOR292C,test,True,True,-0.3685092628002167,1.138318943977356,0.9584588408470154,1.2282674312591553,1.4332537651062012,0.7980380654335022,1.2735766172409058,0.8899536967277527,1.040464997291565,1.1990513801574707,0.6946051120758057,0.6149398684501648,0.9007071256637573
YOR293C-A,test,True,True,-1.5364587306976318,-1.2731273412704467,-0.7930324077606201,-1.3463561534881592,-2.137807846069336,-1.3632038831710815,-0.7252364158630371,-1.4075915575027467,-2.0108022689819336,0.12072443962097168,-2.4495151042938232,-1.6114004850387573,-1.0869643688201904
YOR293W,test,True,True,1.8609874248504639,1.411236834526062,1.420280933380127,1.2300090789794922,1.9444639682769775,1.1840161085128784,1.277414083480835,1.1084925293922425,1.3567692041397095,1.1604913473129272,0.7764952182769775,1.3446427583694458,0.9040641188621521
YOR294W,test,True,True,0.9386675953865051,0.13371661901474,-0.16320225596427917,0.172463059425354,0.3933858871459961,0.35262978076934814,-0.08669337630271912,-0.18866316378116607,-0.28067442774772644,0.226101815700531,-0.4730791449546814,-0.1159367710351944,-0.29972729086875916
YOR295W,test,True,False,0.3359346389770508,-0.4106059581041336,-0.6591681241989136,-0.39903467893600464,-0.19633956253528595,-0.12792879343032837,-0.6705586314201355,-0.5277256708592176,-0.6307967305183411,-0.6264302730560303,-0.7086343765258789,-0.02307700179517269,-0.6496899724006653
YOR296W,test,True,True,-0.3023250997066498,0.2250768668949604,0.374715656042099,0.22571569681167603,-0.16924796998500824,0.6561402082443237,0.0380607433617115,0.36366360187530516,0.15746232867240906,0.4534922242164612,0.15651431679725647,0.532514214515686,0.5183349251747131
YOR297C,test,True,True,0.5940810441970825,-1.2954640150070191,-1.55923330783844,-1.3099398612976074,-1.933163046836853,-1.1637529134750366,-0.5112309455871582,-1.2796806812286377,-1.3553966283798218,-1.3241233825683594,-1.70167875289917,-1.321239948272705,-0.6959646940231323
YOR298C-A,test,True,True,2.3560879230499268,1.1757462620735168,1.2033274173736572,1.3348667621612549,1.2140201330184937,0.8425403237342834,1.283976674079895,1.022976553440094,0.8725898861885071,1.1652640104293823,1.0251801013946533,0.85677170753479,1.1950770616531372
YOR298W,test,True,True,-1.3994958400726318,-1.3737105131149292,-0.9314256310462952,-2.1631131172180176,-2.1998965740203857,-0.38938409090042114,-1.1847331523895264,-1.1602566808462143,-0.7001922726631165,-1.5550907850265503,-1.8771398067474365,-0.15300260484218597,-1.5158579349517822
YOR299W,test,True,True,0.3137347996234894,0.5239652693271637,0.23850899934768677,0.6564022898674011,0.8683205842971802,0.20632943511009216,0.6502650380134583,0.4845198214054108,0.7803906202316284,0.45274001359939575,0.49548572301864624,0.27334776520729065,0.4206349849700928
YOR300W,test,False,False,-1.5636919736862183,-0.4347835585474968,-0.32682526111602783,-1.232649564743042,0.28482890129089355,-0.04849501699209213,-0.8507768511772156,-0.31065254360437394,0.08191405981779099,-1.086808443069458,0.17004907131195068,0.18259942531585693,-0.9010168313980103
YOR301W,test,True,True,0.9035862684249878,0.7237999081611634,0.7057048082351685,0.5576145052909851,0.9275255799293518,0.9153181314468384,0.5128365159034729,0.8521255731582642,0.7568628787994385,0.5129837989807129,0.8204371929168701,1.0881400108337402,1.082203984260559
YOR302W,test,True,True,1.9335789680480957,-0.16978465914726257,-0.5432543754577637,-0.5468700528144836,0.100609689950943,0.7019967436790466,-0.5614053010940552,-0.4186425119638443,-1.65847909450531,-0.5178682208061218,0.1461862176656723,0.25506967306137085,-0.31812113523483276
YOR303W,test,True,True,0.9495957493782043,-0.3705504983663559,-0.8744148015975952,-0.4320283532142639,0.16817434132099152,0.5365675091743469,-1.2510511875152588,-0.6628347586840391,-1.217041254043579,-1.0573914051055908,0.025437558069825172,-0.2158740758895874,-0.8493046164512634
YOR304C-A,test,True,False,0.3029034733772278,-1.4609672665596007,-0.9900447726249695,-1.876542329788208,-1.5440711975097656,-1.5460981130599976,-1.3480799198150635,-1.211559009552002,-0.7954061031341553,-1.7619335651397705,-1.210099697113037,-1.0484588146209717,-1.2418968677520752
YOR304W,test,True,True,0.4629287123680115,0.4155833929777145,0.6402882933616638,0.4695305824279785,0.19562219083309174,0.5416223406791687,0.23085355758666992,0.34799626767635344,0.27796313166618347,0.7390738725662231,0.15939877927303314,0.30811792612075806,0.25542762875556946
YOR305W,test,True,False,0.3457910716533661,-0.505210442841053,0.03729339689016342,-0.9204148054122925,-0.5416887402534485,-0.3886244297027588,-0.7126176357269287,-0.45080117508769035,-0.6193097829818726,-0.9136977195739746,-0.42135941982269287,-0.2697056531906128,-0.029933299869298935
YOR306C,test,False,True,-0.1267472505569458,-0.03750590085983276,1.498702049255371,-1.087221622467041,-0.831474244594574,0.07282628118991852,0.15963803231716156,-0.4542161852121353,0.4989541471004486,-0.8721321225166321,-1.9261025190353394,0.0963057428598404,-0.06810617446899414
YOR307C,test,True,True,0.2536119222640991,-1.4916753888130188,-1.9047969579696655,-1.6047265529632568,-1.9209054708480835,-0.8831935524940491,-1.144754409790039,-1.081129002571106,-1.3400095701217651,-0.984718918800354,-1.6342252492904663,-0.4990970492362976,-0.9475942254066467
YOR308C,test,False,True,0.5968322157859802,0.1251734733581543,0.3232993185520172,-0.10543590784072876,0.29247725009918213,-0.10641387104988098,0.22194057703018188,0.3135655790567398,0.8115137815475464,0.5072146058082581,0.09877435863018036,-0.25098568201065063,0.40131083130836487
YOR309C,test,False,False,-1.4771509170532227,-0.36921206712722776,-0.6451200842857361,-1.396977186203003,0.2370356023311615,0.2702620327472687,-0.3112607002258301,-0.47206187546253203,-1.0256288051605225,-0.5690557956695557,0.13749472796916962,-0.4253985285758972,-0.4777209758758545
YOR310C,test,True,True,0.34902897477149963,0.7558306932449341,0.928811252117157,0.4767347574234009,1.097349762916565,0.5433349013328552,0.7329227924346924,0.5908197820186615,0.7635380625724792,0.5588415861129761,0.6247453689575195,0.3823077976703644,0.6246660947799683
YOR311C,test,True,True,0.5432668328285217,0.27704607248306273,-0.20165234804153442,0.4944353699684143,0.4911862909793854,0.26276659965515137,0.3384944498538971,0.5604576170444489,0.5719942450523376,0.966005802154541,0.21888414025306702,0.1358485221862793,0.9095553755760193
YOR312C,test,True,True,1.4346482753753662,1.8030899524688722,1.459051251411438,2.141726493835449,2.138366460800171,2.203869342803955,1.0724362134933472,1.149841582775116,1.2289057970046997,0.8742870688438416,1.2326085567474365,1.027481198310852,1.38592529296875
YOR313C,test,True,True,-0.9840285181999207,-1.1194009765982629,-0.793345034122467,-1.7573843002319336,-2.1364779472351074,0.0743766501545906,-0.9841742515563965,-0.9067507013678551,-0.3003944456577301,-1.5923668146133423,-2.191166400909424,0.0949239507317543,-0.5447497963905334
YOR314W,test,False,False,-2.076655387878418,-1.5945302963256835,-0.8859879970550537,-1.768385648727417,-2.180190324783325,-1.6016969680786133,-1.5363905429840088,-1.657362461090088,-1.6213676929473877,-1.3967251777648926,-1.9864498376846313,-1.5704782009124756,-1.7117913961410522
YOR314W-A,test,False,False,-1.2814067602157593,-1.1831526637077332,-0.8148952126502991,-1.7554268836975098,-0.5853922367095947,-1.738707423210144,-1.0213415622711182,-0.9720625936985016,-0.23180517554283142,-1.4056117534637451,-0.8176690340042114,-1.5843356847763062,-0.8208913207054138
YOR315W,test,True,True,0.8041442036628723,0.09404116347432137,0.15707579255104065,0.4652310013771057,-0.2633516788482666,0.03328888490796089,0.07796181738376617,0.18787491619586943,-0.06871436536312103,0.6771736145019531,-0.5152305364608765,0.13096994161605835,0.7151759266853333
YOR316C,test,False,True,1.161199927330017,-0.22498812675476074,0.8445677161216736,0.8662392497062683,-1.0295732021331787,-0.7918102741241455,-1.0143641233444214,-0.3428906358778477,0.12044758349657059,0.23933538794517517,-1.5796564817428589,-0.4787582755088806,-0.015821393579244614
YOR316C-A,test,False,True,-0.8793647289276123,-1.0938084304332734,-1.320076584815979,0.09756401181221008,-1.431143879890442,-1.3217309713363647,-1.493654727935791,-0.6739554166793823,-1.4517543315887451,0.17089414596557617,-1.2595014572143555,-0.3353275656700134,-0.4940878748893738
YOR317W,test,True,True,0.7524588704109192,1.2104925274848939,0.6860106587409973,1.4590158462524414,1.4984254837036133,1.2853128910064697,1.1236977577209473,0.8947246670722961,1.1008176803588867,0.660942018032074,0.7099195122718811,1.1140494346618652,0.8878946900367737
YOR318C,test,False,False,-0.48359373211860657,-0.9139314770698548,-1.1444416046142578,-1.0367177724838257,-0.427798330783844,-0.3408769369125366,-1.6198227405548096,-0.6967010289430619,-1.3081773519515991,-0.9740574955940247,-0.277900367975235,0.1598495990037918,-1.0832195281982422
YOR319W,test,True,True,0.20183753967285156,0.39745343327522276,0.25472748279571533,0.22768238186836243,0.619550883769989,0.24482083320617676,0.6404855847358704,0.5220942705869674,0.7397844195365906,-0.08294297754764557,0.7083284258842468,0.6293928623199463,0.6159086227416992
YOR320C,test,True,True,-0.02987559139728546,0.16635579764842987,0.2933138310909271,0.1369655579328537,0.3224557042121887,-0.09981700778007507,0.17886090278625488,0.11906620487570763,0.0683884546160698,-0.029962506145238876,0.04283212125301361,0.1798630654811859,0.3342098891735077
YOR321W,test,True,True,-0.09332536160945892,0.23872295022010803,0.36017942428588867,0.04853537678718567,0.28139880299568176,0.2948339879512787,0.20866715908050537,0.4022567480802536,0.4413909316062927,0.2300533652305603,0.759452760219574,0.368579238653183,0.21180744469165802
YOR322C,test,True,True,0.3953051269054413,0.46047133207321167,0.47569477558135986,0.7165014147758484,0.4356006979942322,0.2789669632911682,0.3955928087234497,0.4664755642414093,0.4242093861103058,0.49703747034072876,0.5549468994140625,0.3744996190071106,0.48168444633483887
YOR323C,test,True,True,0.46108478307724,0.14774888306856154,0.10573475807905197,-0.04753516614437103,0.33725112676620483,0.24182423949241638,0.10146945714950562,0.015711544454097746,-0.020952776074409485,0.049462441354990005,0.11434922367334366,-0.11363106966018677,0.04932990297675133
YOR324C,test,True,True,0.05377570167183876,0.5162327647209167,1.0151313543319702,0.30725255608558655,0.49709007143974304,0.2151162028312683,0.5465736389160156,0.26711009368300437,0.4190514385700226,-0.051450569182634354,0.2986246943473816,0.2596733868122101,0.409651517868042
YOR325W,test,False,False,-1.894927978515625,-1.3660385370254517,-1.7439519166946411,-1.109278917312622,-1.0134687423706055,-1.2594064474105835,-1.7040866613388062,-1.3421143531799316,-1.4713670015335083,-0.7096123695373535,-1.48704195022583,-1.311680555343628,-1.7308698892593384
YOR326W,test,True,True,0.5158082842826843,0.6541290283203125,0.5013795495033264,0.703161895275116,1.0699753761291504,0.43985259532928467,0.5562757253646851,0.5489070251584053,-0.008367054164409637,1.0436216592788696,0.7333898544311523,0.4044996201992035,0.5713910460472107
YOR327C,test,True,True,0.9825285077095032,0.5740184247493744,0.4128207564353943,0.9154061675071716,0.8510298132896423,0.11674293875694275,0.574092447757721,0.7387021064758301,1.284436583518982,0.8219698667526245,0.41874369978904724,0.7124519944190979,0.4559083878993988
YOR328W,test,True,False,-0.5816104412078857,-1.72150616645813,-1.77772057056427,-2.0405306816101074,-1.536578893661499,-1.5723432302474976,-1.6803574562072754,-1.8634245634078979,-1.9890919923782349,-2.0608792304992676,-1.6523823738098145,-1.5983951091766357,-2.016374111175537
YOR329C,test,True,True,0.9988971948623657,0.4205228328704834,0.3362685441970825,0.3077333867549896,0.47607383131980896,0.8156319260597229,0.166906476020813,0.4225442796945572,0.5293539762496948,0.44693824648857117,0.10088013112545013,0.6226761341094971,0.41287291049957275
YOR329W-A,test,False,False,-1.9969364404678345,-1.8223725080490112,-1.6307262182235718,-2.1026763916015625,-2.056734561920166,-1.199469804763794,-2.122255563735962,-1.8383069038391113,-1.7476693391799927,-1.8169965744018555,-2.106735944747925,-1.5228511095046997,-1.997281551361084
YOR330C,test,False,True,0.19634728133678436,0.9204524278640747,0.8041755557060242,1.0664870738983154,0.6877465844154358,1.286771535873413,0.7570813894271851,1.1404565691947937,1.5219612121582031,0.9691208600997925,0.7558743357658386,0.8879199028015137,1.5674065351486206
YOR331C,test,False,False,-1.889426827430725,-2.0161561012268066,-1.8674982786178589,-2.0401558876037598,-2.1986613273620605,-1.9032193422317505,-2.0712456703186035,-2.008375406265259,-2.0353665351867676,-2.029629707336426,-2.041856527328491,-1.978693962097168,-1.9563302993774414
YOR332W,test,True,True,0.9869586229324341,1.1072009444236754,0.9743900895118713,1.1044330596923828,1.0359864234924316,1.556313395500183,0.8648817539215088,1.4807067155838012,1.447074294090271,1.5209068059921265,1.4213396310806274,1.2014539241790771,1.8127589225769043
YOR333C,test,False,False,-1.840880274772644,-1.3543713808059692,-0.5010710954666138,-1.9219539165496826,-1.0024495124816895,-1.4176287651062012,-1.9287536144256592,-1.4068016290664673,-1.0869795083999634,-1.762162685394287,-1.1359245777130127,-1.463975429534912,-1.5849659442901611
YOR334W,test,True,True,-0.12532170116901398,-0.11037462204694748,-0.2104463279247284,-0.07640029489994049,-0.09575433284044266,-0.09743784368038177,-0.07183431088924408,0.07843192405998707,-0.24188145995140076,0.27077439427375793,0.4121435284614563,0.018241489306092262,-0.0671183317899704
YOR335C,test,True,True,0.2494678795337677,1.019192397594452,0.8296972513198853,0.8555238842964172,1.37026047706604,0.9730639457702637,1.0674164295196533,0.914644455909729,0.7824224233627319,0.564833402633667,0.9383683204650879,1.1967477798461914,1.0908503532409668
YOR335W-A,test,False,False,-2.088510751724243,-1.6207116842269897,-1.71110999584198,-1.980189323425293,-1.2772116661071777,-1.7023366689682007,-1.4327107667922974,-1.8746514320373535,-1.8384913206100464,-2.1352930068969727,-1.577033519744873,-1.9537417888641357,-1.8686975240707397
YOR336W,test,True,True,-0.35029423236846924,0.4997802317142487,0.742211639881134,0.3135678470134735,0.6723896861076355,0.28800177574157715,0.4827302098274231,0.2992662612348795,0.6054564714431763,0.17325225472450256,0.44693440198898315,0.019308360293507576,0.2513798177242279
YOR337W,test,True,True,0.17966046929359436,0.43507747948169706,0.6067885756492615,0.47602707147598267,0.4845772385597229,0.13505758345127106,0.4729369282722473,0.5689881980419159,0.5686278939247131,0.7883633375167847,0.5377143621444702,0.56279057264328,0.3874448239803314
YOR338W,test,True,True,-0.804962158203125,0.03743607997894287,-0.06662899255752563,0.03508941829204559,0.3485337197780609,-0.32011762261390686,0.19030387699604034,-0.07899481356143952,0.029866810888051987,-0.025020193308591843,0.23741115629673004,-0.7542440891265869,0.11701224744319916
YOR339C,test,True,False,-1.471886157989502,-1.449296760559082,-1.5304301977157593,-1.7609374523162842,-1.1898952722549438,-1.6951998472213745,-1.0700210332870483,-1.6579509496688842,-1.4076670408248901,-1.8055850267410278,-1.7587001323699951,-1.6692975759506226,-1.6485049724578857
YOR340C,test,True,True,0.9042935967445374,0.2031242150813341,0.6086453199386597,0.5894696116447449,-0.3808562159538269,-0.025265922769904137,0.22362828254699707,0.1341639667749405,0.5003620386123657,0.16340695321559906,0.07057267427444458,-0.17825093865394592,0.11472910642623901
YOR341W,test,True,True,0.27423861622810364,0.6626454204320907,0.6376226544380188,0.1080852597951889,1.028631567955017,0.9020266532897949,0.6368609666824341,0.5991299033164978,0.6272638440132141,0.14016014337539673,0.7216434478759766,0.7444580793380737,0.7621240019798279
YOR342C,test,True,True,0.9631490707397461,0.44677501618862153,0.5336448550224304,1.2329611778259277,-0.12653832137584686,0.13376697897911072,0.4600403904914856,0.4007999986410141,0.9569031596183777,0.17186054587364197,0.3188760578632355,0.6752679347991943,-0.11890770494937897
YOR343C,test,False,False,-0.5161774754524231,-1.8050452709197997,-2.1786601543426514,-1.5023274421691895,-1.5466300249099731,-1.777450680732727,-2.020158052444458,-1.679575228691101,-2.1014208793640137,-1.4085955619812012,-1.5054293870925903,-1.618178367614746,-1.764251947402954
YOR344C,test,True,True,1.1172605752944946,1.0790754437446595,1.417477011680603,1.1992590427398682,1.360094428062439,0.7945736050605774,0.6239731311798096,1.2976450204849244,1.5721975564956665,1.2540937662124634,1.3044648170471191,1.1450200080871582,1.2124489545822144
YOR345C,test,False,False,-1.9643770456314087,-1.5121057629585266,-0.7512628436088562,-1.8007009029388428,-1.9622248411178589,-1.1029465198516846,-1.9433937072753906,-1.0614560961723327,-0.5166786909103394,-1.6871910095214844,-1.258852481842041,-0.6167852282524109,-1.2277730703353882
YOR346W,test,True,True,-0.10813958197832108,-0.17093841433525087,0.1808966100215912,-0.8238231539726257,0.17616556584835052,-0.2075209617614746,-0.18041013181209564,-0.3837485000491142,0.05689782649278641,-0.22508305311203003,-0.4247920513153076,-0.11710163950920105,-1.2086635828018188
YOR347C,test,True,True,0.2039310187101364,-0.7619445413351059,-1.5832489728927612,-0.47405627369880676,-1.1404672861099243,-0.42224693298339844,-0.18970324099063873,-0.03417166583240032,-0.1263897716999054,-0.4714256525039673,0.6853740215301514,0.009753013029694557,-0.26816993951797485
YOR348C,test,True,True,-1.3334977626800537,-1.2058791995048523,-1.5570807456970215,-0.7149602174758911,-0.8052955269813538,-1.8372052907943726,-1.1148542165756226,-0.7359837234020233,-0.9912127256393433,-0.31164538860321045,-0.31546804308891296,-1.2006688117980957,-0.8609236478805542
YOR349W,test,True,True,-0.7367463111877441,0.7375539869070054,1.080423355102539,0.8222854137420654,0.8597827553749084,0.23933933675289154,0.6859390735626221,0.9644670963287354,1.3844475746154785,0.6618942022323608,0.7347843050956726,0.859684407711029,1.1815249919891357
YOR350C,test,False,True,-0.3349134922027588,0.18651438765227796,0.12210922688245773,-0.15174371004104614,0.44654613733291626,0.02799922041594982,0.48766106367111206,0.1204534001648426,0.22826501727104187,0.03930503502488136,0.15980231761932373,-0.11362463235855103,0.2885192632675171
YOR351C,test,False,True,-2.033173084259033,-1.5438220024108886,-1.222115397453308,-1.8644037246704102,-1.6566617488861084,-1.4008787870407104,-1.5750503540039062,-1.3710006952285767,-1.5045403242111206,-1.068387508392334,-1.5271366834640503,-1.6963129043579102,-1.0586260557174683
YOR352W,test,True,True,-0.010154617950320244,0.41824681758880616,0.5582318902015686,0.45678800344467163,0.39200660586357117,0.39054983854293823,0.29365774989128113,0.5033219754695892,0.7119344472885132,0.73856520652771,0.36552637815475464,0.3120959997177124,0.388487845659256
YOR353C,test,True,True,0.19871066510677338,0.326835960149765,0.23898786306381226,-0.11033540964126587,0.4817788302898407,0.6143704652786255,0.4093780517578125,0.6838660120964051,0.8864448666572571,0.7432413101196289,0.6909118890762329,0.5980234742164612,0.5007085204124451
YOR354C,test,True,True,-0.007572892587631941,0.34144524931907655,0.5970302224159241,0.5042119026184082,-0.32836657762527466,0.5575505495071411,0.37680014967918396,0.37732354998588563,0.615385890007019,0.6079975366592407,-0.20281024277210236,0.18947313725948334,0.6765714287757874
YOR355W,test,True,True,0.5075238943099976,1.0184019684791565,0.4693068861961365,1.2268688678741455,1.8172613382339478,0.6085694432258606,0.9700033068656921,1.0267241835594176,0.597912609577179,1.2250030040740967,0.8720427751541138,0.9937868118286133,1.444875717163086
YOR356W,test,False,True,0.09979861974716187,-0.8687865376472473,-0.6725000143051147,-0.9122955203056335,-0.6675664782524109,-1.5395478010177612,-0.5520228743553162,-0.8258188784122467,-0.33121463656425476,-0.7292267084121704,-1.01311457157135,-1.1637647151947021,-0.8917737603187561
YOR357C,test,True,True,0.3559001386165619,0.4606775104999542,0.20875999331474304,0.5106473565101624,0.6060140132904053,0.5835331678390503,0.39443302154541016,0.4163419187068939,0.24836745858192444,0.15506979823112488,0.2617824971675873,0.3992840051651001,1.017205834388733
YOR358W,test,True,True,0.4544774889945984,0.4064765930175781,0.2979079484939575,0.4539925456047058,0.8799870610237122,0.281047523021698,0.11944788694381714,0.19287086203694342,0.1301136314868927,0.03925905004143715,0.32279133796691895,0.26520782709121704,0.20698246359825134
YOR359W,test,True,True,0.8400012850761414,0.8902575135231018,1.352526307106018,0.8110671639442444,0.9607990384101868,0.6909937262535095,0.6359013319015503,0.9662329912185669,1.2780086994171143,0.8294472098350525,0.8949847221374512,1.076481819152832,0.7522425055503845
YOR360C,test,True,True,0.22688031196594238,0.3096544072031975,-0.09774986654520035,0.4209131598472595,0.3232298791408539,0.44891250133514404,0.4529663622379303,0.5214244902133942,0.13803040981292725,0.6864582300186157,0.1728202998638153,0.6055732369422913,1.0042402744293213
YOR361C,test,True,True,0.7743723392486572,0.42119516134262086,0.6386317610740662,0.4961392879486084,0.303507000207901,0.41677385568618774,0.25092390179634094,0.5465685129165649,0.8697714805603027,0.6992999911308289,0.24292773008346558,0.39906370639801025,0.5217796564102173
YOR362C,test,True,True,1.3731505870819092,0.3938247412443161,0.08757225424051285,0.8408566117286682,0.5082619786262512,0.09420577436685562,0.4382270872592926,0.5256163746118545,0.42354488372802734,0.899910032749176,0.4050610065460205,0.1213953047990799,0.778170645236969
YOR363C,test,False,True,-0.1789504736661911,-0.6723839163780212,-0.7787958383560181,-1.1747355461120605,-0.32227495312690735,-0.6391727924346924,-0.44694045186042786,-0.7311618566513062,-0.6634601950645447,-0.7833304405212402,-0.27692705392837524,-0.5867964029312134,-1.3452951908111572
YOR364W,test,False,False,-0.4182310104370117,-1.7731434941291808,-2.0730440616607666,-2.115507125854492,-0.8825841546058655,-1.8916443586349487,-1.9029377698898315,-1.9303543329238892,-1.8139933347702026,-2.0055298805236816,-1.7815508842468262,-2.0849039554595947,-1.9657936096191406
YOR365C,test,True,True,-1.6325081586837769,-0.09441914111375808,-0.17747530341148376,-0.07167521119117737,0.1474859118461609,0.06572126597166061,-0.4361523687839508,0.07266632914543152,-0.1621171534061432,0.30776911973953247,0.262763649225235,-0.15013933181762695,0.10505536198616028
YOR366W,test,False,False,-1.4596627950668335,-1.8457775592803956,-1.8017925024032593,-2.202977180480957,-2.050870895385742,-1.5906275510787964,-1.5826196670532227,-1.6683953285217286,-2.1370160579681396,-2.2620322704315186,-1.679274559020996,-1.170743465423584,-1.0929102897644043
YOR367W,test,True,True,0.1902742236852646,0.28705921694636344,-0.19581574201583862,0.6114115118980408,0.4326680302619934,0.5531823039054871,0.03384998068213463,0.40796943157911303,0.14315077662467957,0.7594141364097595,0.7939344644546509,0.07787581533193588,0.2654719650745392
YOR368W,test,True,False,-0.30002084374427795,-1.1553652048110963,-0.774351179599762,-0.7728045582771301,-1.080668568611145,-1.2569552659988403,-1.8920464515686035,-1.0902166426181794,-1.0332744121551514,-0.19899442791938782,-1.1171631813049316,-1.2369694709777832,-1.8646817207336426
YOR369C,test,True,True,1.3260791301727295,1.0116736710071563,0.46047133207321167,0.4383162558078766,1.7791507244110107,0.8897131085395813,1.4907169342041016,1.0527761340141297,1.08047354221344,1.0419068336486816,1.108949899673462,1.1135287284851074,0.9190216660499573
YOR370C,test,True,True,0.7148481607437134,0.36658539772033694,0.4927510619163513,0.29965734481811523,0.6901847124099731,0.18372505903244019,0.1666088104248047,0.17070458233356475,0.3695199191570282,0.20109862089157104,0.23465685546398163,-0.18622758984565735,0.23447510600090027
YOR371C,test,True,True,0.31985509395599365,0.3189838230609894,0.32468193769454956,0.08084753155708313,0.4805993437767029,0.18128246068954468,0.5275078415870667,0.5163296341896058,0.5301535129547119,0.47438549995422363,0.608258843421936,0.2624778747558594,0.7063724398612976
YOR372C,test,True,True,1.1297941207885742,0.8404476642608643,0.9954891800880432,0.4801657795906067,1.4242479801177979,0.6166475415229797,0.6856878399848938,0.9647662997245788,1.4486409425735474,0.6602352261543274,1.2699800729751587,0.6165136694908142,0.8284615874290466
YOR373W,test,True,True,0.5261488556861877,0.7252960681915284,0.8453918099403381,0.7802785634994507,0.7357344627380371,0.5426554083824158,0.7224200963973999,0.7594435393810273,0.9737755060195923,0.694007396697998,0.6848081350326538,0.42065975069999695,1.023966908454895
YOR374W,test,False,True,0.7697732448577881,-0.7882124781608582,-0.8091069459915161,-0.3287360668182373,-0.6007828712463379,-1.3399139642715454,-0.862522542476654,-0.6370718866586685,-1.0349807739257812,-0.12004655599594116,0.17542944848537445,-1.4928593635559082,-0.7129021883010864
YOR375C,test,False,True,0.9405577778816223,0.4875328779220581,0.6639401316642761,0.9184749126434326,-0.3178790211677551,0.5762706398963928,0.5968577265739441,0.4392270363867283,0.7448744773864746,0.49891507625579834,0.4894650876522064,0.43440040946006775,0.028480131179094315
YOR376W,test,False,False,-1.8951338529586792,-1.6679199934005737,-1.8083083629608154,-1.8854780197143555,-1.5380395650863647,-1.8709626197814941,-1.2368113994598389,-1.7185205459594726,-1.8210958242416382,-1.8004653453826904,-1.4581815004348755,-1.8980404138565063,-1.6148196458816528
YOR376W-A,test,True,True,0.5833874344825745,-0.03006821721792221,-0.033853285014629364,-0.1285376101732254,0.07664484530687332,0.03224659711122513,-0.09684163331985474,-0.24451587200164795,0.15768477320671082,-0.08363087475299835,-0.1789139062166214,-0.2612285614013672,-0.8564907908439636
YOR377W,test,True,True,-0.27154815196990967,-0.2126948691904545,-0.0338694229722023,-0.4159645438194275,-0.22331549227237701,-0.338234007358551,-0.052090879529714584,0.05349952653050423,0.2256496250629425,-0.13447383046150208,0.33209162950515747,-0.1925831139087677,0.03681332245469093
YOR378W,test,False,True,-1.6371506452560425,-0.3132536768913269,-0.6960629820823669,0.4169403612613678,-0.10082748532295227,-0.4642810821533203,-0.7220371961593628,-0.6904781460762024,-1.4014363288879395,-0.26209643483161926,-0.23175737261772156,-1.0545157194137573,-0.5025848746299744
YOR379C,test,False,False,-0.18946285545825958,-0.6130029410123825,0.3792787194252014,-1.1971354484558105,-1.5942878723144531,0.0866595059633255,-0.7395296096801758,-0.20696525424718856,-0.0807502344250679,-0.8986307382583618,-0.9131776094436646,0.6134181618690491,0.24431414902210236
YOR380W,test,True,True,-0.19043685495853424,-0.1253693036735058,0.5949060320854187,-0.9099449515342712,0.055539701133966446,-0.035023510456085205,-0.3323237895965576,0.057697218656539914,0.2738005220890045,0.11451242864131927,-0.15807870030403137,0.13026733696460724,-0.07201549410820007
YOR381W,test,False,True,-0.22664998471736908,-0.4164169803261757,0.0944456234574318,-0.1744873970746994,-0.6701812148094177,-0.5937991142272949,-0.7380627989768982,-0.6742027759552002,-0.6739015579223633,-0.2766123414039612,-0.9341664910316467,-1.045309066772461,-0.44102442264556885
YOR381W-A,test,True,False,-0.8138972520828247,-0.14827261939644815,-0.19101989269256592,-0.6092506051063538,0.5732199549674988,-0.49020105600357056,-0.024111498147249222,-0.35114787966012956,-0.18984422087669373,-0.5888097286224365,0.043330512940883636,-0.48959898948669434,-0.5308169722557068
YOR382W,test,False,True,2.198023796081543,1.092122459411621,1.0182446241378784,1.128185510635376,1.752331256866455,1.160475254058838,0.4013756513595581,1.2847570300102233,1.4371634721755981,1.2459559440612793,1.7829701900482178,0.4067416787147522,1.5509538650512695
YOR383C,test,False,True,2.347623825073242,0.5848549753427505,0.4869667887687683,0.7067977786064148,0.5214269757270813,1.0069215297698975,0.20216180384159088,0.5481845676898957,0.12802714109420776,0.7522708773612976,0.6540088057518005,0.8574808239936829,0.3491351902484894
YOR384W,test,False,True,0.529343843460083,0.1744216613471508,0.05955883860588074,0.8655980229377747,0.22195713222026825,-0.23188364505767822,-0.04312204197049141,-0.13446627408266068,-0.8548250198364258,0.19565437734127045,-0.06615011394023895,-0.041805945336818695,0.0947953313589096
YOR385W,test,True,True,0.14747002720832825,0.3054427593946457,0.037991032004356384,0.44679152965545654,0.5924823880195618,0.17496803402900696,0.2749808132648468,0.30590204894542694,0.32229092717170715,0.14776192605495453,0.717130184173584,-0.05370798707008362,0.39603519439697266
YOR386W,test,True,True,0.024650761857628822,-0.058374134451150896,0.34076347947120667,-0.6273108124732971,-0.11247122287750244,0.1381138116121292,-0.030965927988290787,0.3517494171857834,0.6463888883590698,0.09034594893455505,0.07488478720188141,0.6281701922416687,0.31895726919174194
YOR387C,test,True,True,-1.8258227109909058,-1.0815855979919433,-0.5328599214553833,-0.7833518981933594,-1.0628588199615479,-1.5575376749038696,-1.4713196754455566,-0.6731371521949768,-0.6280616521835327,-0.6210823059082031,-0.6603233814239502,-0.6887494325637817,-0.7674689888954163
YOR388C,test,True,True,-2.016035795211792,0.5574822157621384,0.40772414207458496,1.2216787338256836,0.7355479598045349,0.2631862759590149,0.15927396714687347,0.6331865847110748,0.7993904948234558,0.524288535118103,0.7218475341796875,0.7913545966148376,0.32905176281929016
YOR389W,test,True,True,-0.5677316784858704,0.1271602399647236,-0.32401055097579956,0.5317468047142029,0.023614365607500076,0.17299777269363403,0.2314528077840805,0.15944288671016693,0.2268069088459015,0.11305756866931915,0.3408128023147583,-0.5300112962722778,0.6465484499931335
YOR390W,test,True,True,-1.2203528881072998,0.19147419929504395,0.5598165392875671,-0.12397900223731995,0.24669907987117767,0.0784522294998169,0.19638215005397797,0.3589890658855438,0.2546272873878479,0.26718762516975403,0.1326553225517273,0.3081966042518616,0.8322784900665283
YOR391C,test,True,True,-1.991233229637146,-0.7538037043064832,-1.234962821006775,-0.4956679046154022,-1.3225562572479248,-0.009374221786856651,-0.7064573168754578,-0.6754118770360946,-0.7742179036140442,-0.5431079864501953,-1.6562880277633667,-0.19658398628234863,-0.2068614810705185
YOR392W,test,False,False,-2.088510751724243,-1.5995734572410583,-1.5056689977645874,-1.7864351272583008,-0.9941261410713196,-1.8090075254440308,-1.9026294946670532,-1.341501569747925,-1.4938308000564575,-1.2442235946655273,-0.565788745880127,-1.9877314567565918,-1.4159332513809204
YOR393W,test,False,False,-2.088510751724243,-1.3680901288986207,-1.3664613962173462,-1.6157221794128418,-1.020047903060913,-1.563063383102417,-1.275155782699585,-1.4003636598587037,-1.8784242868423462,-1.2396461963653564,-1.2746860980987549,-1.2486324310302734,-1.360429286956787
YOR394C-A,test,True,True,-0.8565143942832947,-0.4660093456506729,-0.33072900772094727,-0.48402830958366394,-0.9043127298355103,-0.5265007615089417,-0.08447591960430145,0.06869869232177735,-0.18806234002113342,0.3573024272918701,-0.8074732422828674,0.6953420639038086,0.28638455271720886
YOR394W,test,False,True,-2.088510751724243,-1.1996352553367615,-1.3651092052459717,-0.4148951768875122,-2.089006185531616,-0.816533625125885,-1.3126320838928223,-1.1446262359619142,-1.2610175609588623,-0.8957773447036743,-1.988113284111023,-0.8460849523544312,-0.7321380376815796
YOR396C-A,test,False,False,-2.088510751724243,-2.1354795694351196,-2.1242425441741943,-2.1785945892333984,-2.237236976623535,-1.9893826246261597,-2.1479411125183105,-2.1658987522125246,-2.079218864440918,-2.1861629486083984,-2.2312228679656982,-2.2214443683624268,-2.1114447116851807
YOR396W,test,False,True,-2.088510751724243,-1.779952311515808,-2.11002779006958,-1.737854242324829,-1.9170026779174805,-1.9857100248336792,-1.1491668224334717,-1.8401102781295777,-2.0066559314727783,-1.7897889614105225,-2.054006814956665,-1.7938461303710938,-1.5562535524368286
YPL001W,test,True,True,-0.1598052829504013,0.2522967219352722,0.31691813468933105,0.37560322880744934,0.07831376791000366,0.19476568698883057,0.29588279128074646,-0.0194529514759779,-0.19723966717720032,0.09198769927024841,-0.3307785093784332,0.026175180450081825,0.3125905394554138
YPL002C,test,True,True,0.125136137008667,0.27478518784046174,0.22634807229042053,-0.05203425884246826,0.6880523562431335,0.33014732599258423,0.1814124435186386,0.3122676942497492,0.4357900321483612,0.427746057510376,0.44443440437316895,-0.009617729112505913,0.2629857063293457
YPL003W,test,True,True,-0.30144283175468445,0.02475278377532959,-0.2518324553966522,0.822333812713623,0.19723837077617645,-0.5720081925392151,-0.07196761667728424,0.04752130247652531,0.1570143699645996,0.5249974131584167,-0.029996110126376152,-0.2913966476917267,-0.12301251292228699
YPL004C,test,True,True,1.152430772781372,0.12335600256919861,0.32958459854125977,0.7351762652397156,-0.7947613000869751,0.2240261286497116,0.12275432050228119,0.20466117411851883,0.09603110700845718,0.7967032194137573,-0.20664557814598083,0.243869349360466,0.09334777295589447
YPL005W,test,True,True,-0.38039258122444153,0.5927101612091065,0.5782743096351624,0.5301856398582458,0.6572879552841187,0.8711295127868652,0.32667338848114014,0.460366553068161,0.5565791726112366,0.3858511745929718,0.3125390410423279,0.5825521945953369,0.4643111824989319
YPL006W,test,True,True,-0.5831637382507324,-0.11117231845855713,-0.5043566226959229,-0.04638995975255966,0.3128196597099304,0.07543345540761948,-0.393368124961853,-0.1468338094651699,-0.3620085120201111,0.061676207929849625,-0.4730573892593384,0.25271618366241455,-0.21349553763866425
YPL007C,test,False,True,-0.31234312057495117,0.23552948832511902,0.24791079759597778,0.27666550874710083,0.41670194268226624,0.0550718754529953,0.18129731714725494,0.07103435099124908,-0.1534578800201416,0.2663567066192627,0.05121149122714996,-0.27395111322402954,0.4650125503540039
YPL008W,test,False,True,-0.015963923186063766,0.4016223043203354,0.4048917591571808,0.20187340676784515,0.6837542057037354,0.43410375714302063,0.283488392829895,0.4439814329147339,0.2678457796573639,0.509022057056427,0.15001770853996277,0.686711311340332,0.6063103079795837
YPL009C,test,False,True,0.6238402128219604,0.2102269310504198,0.14507168531417847,0.34113574028015137,0.28801658749580383,-0.0027157869189977646,0.27962642908096313,0.21086266040802001,0.3490625321865082,0.17114482820034027,-0.05181978642940521,0.049952179193496704,0.5359735488891602
YPL010W,test,True,True,0.2653638422489166,0.7920453131198884,0.33615604043006897,0.5749513506889343,1.1852996349334717,1.3063982725143433,0.5574212670326233,0.7412918210029602,0.5026406049728394,0.5695952773094177,0.9565399289131165,0.6780279874801636,0.9996553063392639
YPL011C,test,True,True,0.7995221614837646,0.6393611788749695,0.8205527663230896,0.7139778137207031,0.6505936980247498,0.43726933002471924,0.5744122862815857,0.6802440971136093,0.5613451600074768,1.1880362033843994,0.5636879205703735,0.22280631959438324,0.8653448820114136
YPL012W,test,True,True,0.2743036150932312,0.4788249433040619,0.33244776725769043,0.2195635735988617,0.8214197754859924,0.47485023736953735,0.5458433628082275,0.46287620067596436,0.22055670619010925,0.3972132205963135,0.337691992521286,0.633151650428772,0.7257674336433411
YPL013C,test,True,True,1.611689805984497,0.5541448354721069,0.6657389998435974,0.2952420711517334,0.7424599528312683,0.6381582617759705,0.4291248917579651,0.6209332704544067,0.6873155832290649,0.8110030889511108,0.3690621256828308,0.6156225204467773,0.6216630339622498
YPL014W,test,False,True,1.1508147716522217,1.0872703790664673,0.9073274731636047,1.0372748374938965,1.584311604499817,0.9341493248939514,0.9732886552810669,1.1253794074058532,1.247092843055725,1.0869996547698975,1.0272753238677979,0.9226940274238586,1.3428351879119873
YPL015C,test,True,True,0.7100965976715088,1.0272329211235047,1.0466935634613037,1.2632620334625244,1.0132288932800293,0.913006603717804,0.8999735116958618,0.8128252148628234,0.7234737873077393,0.5286687016487122,0.6924957036972046,1.0118210315704346,1.1076668500900269
YPL016W,test,True,True,0.3376496732234955,1.0172530889511109,1.6848043203353882,0.743663489818573,0.9603983163833618,0.6229707598686218,1.0744285583496094,0.8237816572189331,1.003256916999817,0.5480926036834717,0.8321212530136108,0.827931821346283,0.9075056910514832
YPL017C,test,True,True,-1.1337450742721558,1.1064490795135498,1.4786463975906372,0.5767969489097595,1.51250422000885,1.019353985786438,0.9449438452720642,0.5844682216644287,0.4474889039993286,0.8726776838302612,0.6508110761642456,0.2664005160331726,0.6849629282951355
YPL018W,test,True,True,0.4596128463745117,1.0037089586257935,0.9370672702789307,0.6507611274719238,1.5546956062316895,1.0533305406570435,0.8226902484893799,0.7988194704055787,0.514126181602478,1.075920581817627,0.8348416090011597,0.8524121046066284,0.716796875
YPL019C,test,True,True,0.8605908155441284,0.756843912601471,0.7734325528144836,0.6118236184120178,0.9429018497467041,0.6796663403511047,0.7763952016830444,0.7789168417453766,0.8278287649154663,1.1809110641479492,0.3945031464099884,0.6742353439331055,0.8171058893203735
YPL020C,test,False,True,-0.14684700965881348,-0.0545333206653595,0.3718012273311615,-0.32734209299087524,-0.14884480834007263,0.23035255074501038,-0.3986334800720215,-0.37254031002521515,-0.13760125637054443,-0.6694358587265015,-0.10868364572525024,-0.8839335441589355,-0.06304724514484406
YPL021W,test,False,True,-2.088510751724243,0.01171993389725685,-0.24549096822738647,-0.09507033228874207,0.00943935289978981,0.23785166442394257,0.15186995267868042,0.2469768688082695,0.25409939885139465,0.28752022981643677,0.06294514983892441,0.2869592308998108,0.3433603346347809
YPL022W,test,True,True,0.1803407520055771,0.08435447067022324,0.07606861740350723,-0.078346848487854,0.3677036762237549,-0.19075006246566772,0.2470969706773758,-0.005996766686439514,-0.08575566858053207,0.013948682695627213,0.5216276049613953,-0.47134238481521606,-0.008462067693471909
YPL023C,test,False,True,0.36727964878082275,-0.012132388353347779,-0.2252642810344696,0.44321584701538086,-0.3615334928035736,0.416165292263031,-0.33324530720710754,-0.6408960368484259,-1.458325982093811,0.0661715716123581,-0.9615790247917175,0.020688476040959358,-0.8714352250099182
YPL024W,test,True,True,0.0759100615978241,1.340872061252594,0.5629650950431824,1.7267887592315674,1.8238284587860107,1.2566688060760498,1.3341091871261597,1.1740754425525666,0.29615238308906555,1.5580323934555054,1.5868704319000244,1.2052345275878906,1.2240874767303467
YPL025C,test,False,False,-0.788330078125,-1.2058512717485428,-1.6424423456192017,-1.2093479633331299,-0.15849365293979645,-1.4893003702163696,-1.5296720266342163,-0.991019994020462,-2.0211617946624756,-0.9515205025672913,-0.49017438292503357,-0.658072292804718,-0.8341709971427917
YPL026C,test,True,True,0.6609274744987488,0.7004575669765473,0.18896275758743286,0.27501732110977173,1.3668022155761719,1.4187384843826294,0.25276705622673035,1.0605145812034606,0.7169910669326782,1.0338916778564453,1.448209285736084,1.3666136264801025,0.7368672490119934
YPL027W,test,True,True,-1.8291715383529663,0.05530535280704498,0.36426931619644165,0.17547279596328735,-0.2242594212293625,0.33067604899406433,-0.36963197588920593,-0.0018488049507141113,0.17425239086151123,0.4437026381492615,-0.5299719572067261,0.16394749283790588,-0.26117458939552307
YPL028W,test,True,True,0.6428619027137756,1.314091181755066,0.9240788221359253,1.5243120193481445,2.0239923000335693,1.1279715299606323,0.9701012372970581,1.346249270439148,1.322818398475647,1.1164569854736328,1.5655525922775269,1.031234860420227,1.695183515548706
YPL029W,test,True,False,-0.17692193388938904,-0.6957808911800385,-0.3185555636882782,-0.9348928332328796,-0.8299353122711182,-0.5892518162727356,-0.8062689304351807,-0.8520292401313782,-0.3777809143066406,-1.2817398309707642,-1.422208309173584,-0.5389627814292908,-0.6394543647766113
YPL030W,test,True,True,0.24149511754512787,0.7341824769973755,0.6141759753227234,0.9772244095802307,0.7834151983261108,0.9413394927978516,0.35475730895996094,0.4350915729999542,0.41732367873191833,0.7792903184890747,0.2837317883968353,0.4588457942008972,0.23626628518104553
YPL031C,test,True,True,0.7090933918952942,1.0108564972877503,0.7411245703697205,1.0195872783660889,1.3347628116607666,1.3562062978744507,0.6026015281677246,0.9243225574493408,1.1717578172683716,0.7887568473815918,0.7291032671928406,0.8192276358604431,1.112767219543457
YPL032C,test,True,True,1.2393778562545776,0.5085502296686173,0.40448054671287537,0.18074874579906464,0.4098398685455322,0.8013123273849487,0.7463696599006653,0.48716503381729126,0.2806871831417084,0.41196510195732117,0.15624749660491943,0.5949326157569885,0.9919927716255188
YPL033C,test,True,False,-1.9415462017059326,-1.30636727809906,-1.371059536933899,-1.816056251525879,-1.0715575218200684,-1.1688851118087769,-1.1042779684066772,-1.5946446537971497,-1.7873376607894897,-1.9327502250671387,-1.8946677446365356,-1.367681622505188,-0.9907860159873962
YPL034W,test,True,True,-0.22697217762470245,0.23354028761386872,-0.061147794127464294,-0.09248122572898865,0.555285632610321,0.3441679775714874,0.42187684774398804,0.19622109830379486,0.06337407976388931,0.12283426523208618,0.22159269452095032,0.10412058979272842,0.46918386220932007
YPL035C,test,False,False,-2.015238046646118,-1.701259446144104,-1.509727954864502,-1.6347689628601074,-1.939037799835205,-1.8984260559082031,-1.5243364572525024,-1.8431678533554077,-1.759708046913147,-1.411868929862976,-1.905401587486267,-1.9954094886779785,-2.14345121383667
YPL036W,test,True,True,-1.1049212217330933,1.020903193950653,0.599000871181488,0.9850929379463196,1.2241930961608887,1.3805683851242065,0.9156606793403625,1.0841148376464844,1.152999758720398,1.0191031694412231,1.1954846382141113,0.9577562808990479,1.0952303409576416
YPL037C,test,True,True,1.602588176727295,1.3430305242538452,1.1378031969070435,1.3879764080047607,1.480878233909607,1.67549467086792,1.033000111579895,1.3633421421051026,1.735903263092041,1.5453287363052368,1.299259901046753,1.1477224826812744,1.0884963274002075
YPL038W,test,True,False,0.8116603493690491,-0.3779722899198532,-0.005993559956550598,-0.9492955803871155,-0.48504745960235596,-0.7802409529685974,0.3307161033153534,-0.368971511721611,-0.316091388463974,-0.1469099521636963,-0.5516129732131958,-0.5826126337051392,-0.24763061106204987
YPL038W-A,test,False,False,-1.9621068239212036,-1.5094371557235717,-1.0493654012680054,-1.7071723937988281,-2.0798614025115967,-1.3795312643051147,-1.331255316734314,-1.227030372619629,-0.999267578125,-1.4200986623764038,-2.0599143505096436,-1.0020626783370972,-0.65380859375
YPL039W,test,True,True,0.3094090223312378,0.18976164236664772,0.22941654920578003,0.14347828924655914,0.4260004162788391,0.09102436155080795,0.058888595551252365,0.022808882966637613,-0.3802974820137024,0.3248937427997589,-0.00571352057158947,0.24322187900543213,-0.06806020438671112
YPL040C,test,True,True,-0.2287740558385849,0.37143899202346803,0.3385137617588043,0.3650188744068146,0.2729395627975464,0.4308467507362366,0.44987601041793823,0.6074729144573212,0.22853603959083557,0.727378249168396,0.3705100417137146,0.8031001687049866,0.9078400731086731
YPL041C,test,True,True,-0.5698357820510864,-0.3387176811695099,-0.5991416573524475,-0.1786121428012848,-0.2835387885570526,-0.16730299592018127,-0.46499282121658325,0.2747490830719471,0.4350242018699646,0.41974830627441406,0.26055020093917847,0.26416006684303284,-0.005737360566854477
YPL042C,test,True,True,0.27635398507118225,0.5565305888652802,0.7136424779891968,0.5853811502456665,0.42848190665245056,0.6320682168006897,0.4230791926383972,0.6777055740356446,0.6590094566345215,0.7454013824462891,0.6535055041313171,0.640557050704956,0.6900544762611389
YPL043W,test,True,True,1.2042007446289062,0.465785014629364,0.6233648657798767,0.3101833760738373,0.7048532366752625,0.5423948168754578,0.14812877774238586,0.5951862633228302,0.32874298095703125,0.978722333908081,0.6284816861152649,0.4789775311946869,0.5610067844390869
YPL044C,test,False,False,-1.7425572872161865,-1.045216929912567,-1.078262448310852,-0.9009117484092712,-1.7806158065795898,-0.1989074945449829,-1.2673871517181396,-1.0249365776777268,-1.5308232307434082,-0.17417161166667938,-1.4784789085388184,-1.169247031211853,-0.7719621062278748
YPL045W,test,False,False,0.11919976025819778,-1.3169096469879151,-0.9592751264572144,-1.6577472686767578,-1.4131180047988892,-1.1535931825637817,-1.4008146524429321,-1.317980945110321,-1.3763505220413208,-1.238194465637207,-1.5004253387451172,-0.896510899066925,-1.5784235000610352
YPL046C,test,True,False,0.6260518431663513,-0.6294129744172097,0.14488500356674194,-0.9493145942687988,-1.4257228374481201,0.09720694273710251,-1.0141193866729736,-0.4132161244750023,0.3162417709827423,-0.641649603843689,-0.7718313932418823,-0.04922976344823837,-0.9196116328239441
YPL047W,test,True,True,0.9211720824241638,0.2570874899625778,0.14888319373130798,0.260861873626709,0.17480884492397308,0.41768020391464233,0.2832033336162567,0.3134611815214157,0.32329678535461426,0.4180937707424164,0.04305359721183777,0.24676547944545746,0.5360962748527527
YPL048W,test,True,True,0.8917521238327026,1.0021263122558595,0.7882553935050964,1.2040555477142334,1.9747220277786255,0.513746976852417,0.5298516154289246,1.2028081893920899,1.0163339376449585,1.7927813529968262,1.1039248704910278,1.0587459802627563,1.0422548055648804
YPL049C,test,True,True,1.3090680837631226,0.6336004137992859,0.6030723452568054,0.5995718836784363,1.1310211420059204,0.23572701215744019,0.5986096858978271,0.8082022309303284,1.3568439483642578,0.5100188255310059,0.9773632287979126,0.45255088806152344,0.7442342638969421
YPL050C,test,True,True,0.8054530024528503,0.8953639924526214,0.8856276869773865,1.2135908603668213,1.210648775100708,0.40296700596809387,0.7639856338500977,1.1781174659729003,1.4568877220153809,1.0343856811523438,1.2013174295425415,0.8234838247299194,1.3745126724243164
YPL051W,test,False,False,0.24616682529449463,-0.8414845362305641,-0.1237189844250679,-1.902782678604126,-0.7516499757766724,-0.8080345988273621,-0.6212364435195923,-0.7646500527858734,-0.15734001994132996,-1.322194218635559,-0.833791971206665,-1.0693280696868896,-0.44059598445892334
YPL052W,test,True,True,-0.05176763981580734,0.09498630650341511,-0.1563168168067932,0.2449270784854889,0.2038109451532364,0.012598210945725441,0.16991211473941803,0.5091996014118194,0.37672755122184753,0.6110041737556458,0.14070427417755127,0.30079686641693115,1.1167651414871216
YPL053C,test,False,True,0.532770037651062,0.7728342741727829,0.9141573309898376,0.4610288143157959,1.1266491413116455,1.1184568405151367,0.24387924373149872,0.8096377372741699,0.5246764421463013,0.9437727928161621,0.7067601680755615,0.8597886562347412,1.0131906270980835
YPL054W,test,True,True,-0.597999632358551,-0.49929511547088623,-1.5730348825454712,-0.40268558263778687,0.681076169013977,-0.20106738805770874,-1.0007638931274414,-0.44891197979450226,-1.0530248880386353,-0.0959223061800003,0.2557811737060547,-0.7349363565444946,-0.6164575219154358
YPL055C,test,True,True,1.2828418016433716,0.6980110287666321,0.6457763314247131,1.130678653717041,0.5050449967384338,0.8386338949203491,0.3699212670326233,0.467545785009861,-0.07403283566236496,1.0283026695251465,0.24712741374969482,0.45645248889923096,0.6798791885375977
YPL056C,test,True,True,0.651915967464447,0.26409920752048494,-0.4356456995010376,0.6215158700942993,0.21534515917301178,0.4738779664039612,0.44540274143218994,0.23125400245189667,-0.03992147743701935,0.09156754612922668,0.42851969599723816,0.13541746139526367,0.5406867861747742
YPL057C,test,True,True,0.4695900082588196,0.697621202468872,0.599814236164093,0.5529834032058716,0.8224514126777649,0.7260294556617737,0.7868275046348572,0.7059568703174591,0.7938934564590454,0.5179541110992432,1.2100189924240112,0.5085012912750244,0.4994165003299713
YPL058C,test,False,True,-0.6912851929664612,0.03423348218202591,0.40486782789230347,0.006854481995105743,0.19705350697040558,-0.11878232657909393,-0.3188260793685913,0.15037406235933304,0.014700539410114288,0.4033506512641907,0.13408106565475464,-0.23018774390220642,0.429925799369812
YPL059W,test,True,True,0.5586915016174316,0.7510057210922241,1.0040704011917114,0.646797776222229,0.8806374073028564,0.7211464047431946,0.5023766160011292,0.7725925832986832,0.9037563800811768,0.8997567296028137,0.712465226650238,0.08723612129688263,1.2597484588623047
YPL060W,test,False,True,-0.457174152135849,0.46900940537452696,0.37106871604919434,0.16760686039924622,0.9302573204040527,0.5370472073554993,0.33906692266464233,0.4500773400068283,0.2818160653114319,0.5696960687637329,0.6313273906707764,0.6200681328773499,0.14747904241085052
YPL061W,test,True,True,2.1009438037872314,0.9505407035350799,0.7891141772270203,1.916102647781372,0.6994615793228149,0.9998533129692078,0.34817180037498474,1.0044073820114137,0.7164880037307739,1.4443256855010986,1.0898398160934448,0.891864538192749,0.8795188665390015
YPL062W,test,False,False,-0.6993289589881897,-1.0648203551769257,-1.5511325597763062,-1.3324480056762695,-1.2987326383590698,-0.9528772234916687,-0.1889113485813141,-0.9377118229866028,-1.6061021089553833,-0.7872753739356995,-1.0880281925201416,-1.336226224899292,0.12907278537750244
YPL063W,test,False,True,1.083669900894165,0.3171992778778076,0.3633045554161072,0.2489035427570343,0.2252369225025177,0.6297902464866638,0.11876112222671509,0.4804430723190308,0.5086489319801331,0.5098428726196289,0.26312893629074097,0.6222602128982544,0.4983344078063965
YPL064C,test,False,True,0.4730547368526459,0.4909538239240646,0.4999949336051941,0.581495463848114,0.4423610270023346,0.7326834797859192,0.1982342153787613,0.6565229415893554,0.5131946802139282,1.0432863235473633,0.5704253315925598,0.6954036951065063,0.4603046774864197
YPL065W,test,False,False,0.4169420301914215,-0.7948671698570251,-0.2474530041217804,-0.9876441359519958,-0.947205662727356,-1.3978577852249146,-0.394175261259079,-0.7962230741977692,-0.3046934902667999,-0.6925652027130127,-0.5377278327941895,-1.3911969661712646,-1.054931879043579
YPL066W,test,True,True,0.8315473794937134,0.8289658784866333,0.7500703930854797,1.2768456935882568,1.1238110065460205,0.6627627015113831,0.33133959770202637,1.0581084609031677,0.8922914266586304,0.7024046778678894,1.4723875522613525,0.9627584218978882,1.2607002258300781
YPL067C,test,True,True,-0.21156913042068481,0.29742434024810793,0.13093218207359314,0.39008790254592896,0.16190090775489807,0.17921298742294312,0.6249877214431763,0.08541708141565323,0.1390742063522339,0.1534762978553772,-0.14705634117126465,-0.09608017653226852,0.37767142057418823
YPL068C,test,True,True,0.7292947173118591,1.1171895384788513,1.5015478134155273,1.1996009349822998,1.5575971603393555,0.5570400357246399,0.7701617479324341,0.9882187485694885,1.0428398847579956,0.9666693210601807,0.871283769607544,1.2507340908050537,0.8095666766166687
YPL069C,test,False,True,0.45507192611694336,-0.5336440056562424,-0.8005133271217346,-1.0870320796966553,-0.3216491937637329,-0.2525179386138916,-0.20650748908519745,-0.4263413310050964,-0.6299628615379333,-0.12411423027515411,-0.663411021232605,-0.15326713025569916,-0.5609514117240906
YPL070W,test,False,True,0.17383910715579987,0.6317127704620361,0.5824989676475525,0.7183663249015808,0.5963024497032166,0.8820132613182068,0.379382848739624,0.5477540135383606,0.6242105960845947,0.5718255043029785,0.36685270071029663,0.49583226442337036,0.6800490021705627
YPL071C,test,True,True,0.6313350200653076,0.41851343810558317,0.3027416467666626,0.6312107443809509,0.665060818195343,0.13864584267139435,0.35490813851356506,0.6146078467369079,0.8019639849662781,0.585564136505127,0.6436857581138611,0.25808966159820557,0.7837356925010681
YPL072W,test,False,True,-0.05285888537764549,0.20401322096586227,0.39260298013687134,-0.07329051941633224,0.4311077296733856,0.09222686290740967,0.177419051527977,0.00720270425081253,-0.04017835110425949,-0.28297895193099976,-0.14739368855953217,0.25779080390930176,0.2487737089395523
YPL073C,test,False,False,-2.02390193939209,-1.9754911184310913,-1.933833122253418,-2.085003614425659,-2.154313564300537,-1.7460709810256958,-1.9582343101501465,-2.024993824958801,-1.941887617111206,-2.1657321453094482,-2.19321608543396,-1.9526537656784058,-1.8714795112609863
YPL074W,test,False,True,0.4232950508594513,0.33918524980545045,0.4616847038269043,0.24348106980323792,0.3198511302471161,0.425935834646225,0.24497351050376892,0.43315938115119934,0.32283928990364075,0.21700060367584229,0.5305655598640442,0.5876994132995605,0.5076920390129089
YPL075W,test,True,True,0.5045831203460693,0.7604626774787903,1.2282320261001587,0.6024536490440369,0.6734265089035034,0.7458956837654114,0.5523055195808411,0.47820237278938293,0.3450362980365753,0.6763089299201965,0.13237136602401733,0.7181631922721863,0.5191320776939392
YPL076W,test,True,False,-0.17950087785720825,-1.304115116596222,-1.4354501962661743,-1.6456146240234375,-1.5357297658920288,-1.271762490272522,-0.632018506526947,-1.0376139163970948,-1.279265284538269,-1.133439540863037,-1.0051860809326172,-1.2653435468673706,-0.5048351287841797
YPL077C,test,False,False,0.18729253113269806,-1.5806591749191283,-1.845823884010315,-1.6606793403625488,-1.4123774766921997,-1.0824729204177856,-1.901942253112793,-1.3335376262664795,-1.4548406600952148,-1.319082260131836,-1.2350165843963623,-1.2267606258392334,-1.431988000869751
YPL078C,test,True,True,0.7563232183456421,0.7457982420921325,0.9649257659912109,0.6754250526428223,0.8984017968177795,0.516019880771637,0.6742187142372131,0.73675035238266,0.6847505569458008,0.8227304816246033,0.6263428330421448,0.5708855390548706,0.9790423512458801
YPL079W,test,True,True,0.944275438785553,1.7939452886581422,1.5196069478988647,1.3020179271697998,2.7185399532318115,1.763010025024414,1.6665515899658203,1.3184091806411744,1.5616484880447388,1.1418139934539795,1.6241340637207031,1.1159526109695435,1.1484967470169067
YPL080C,test,False,False,-1.743299961090088,-2.0145102977752685,-1.8487461805343628,-2.1867990493774414,-1.9867570400238037,-1.9466935396194458,-2.103555679321289,-1.9031551361083985,-1.8968298435211182,-1.8716533184051514,-1.6597628593444824,-2.0787620544433594,-2.008767604827881
YPL081W,test,True,True,1.3428423404693604,1.346502161026001,1.2194026708602905,1.3262145519256592,1.7348321676254272,1.0821774005889893,1.3698840141296387,0.855820232629776,0.7153910994529724,0.656611442565918,1.0929958820343018,1.3156884908676147,0.4984142482280731
YPL082C,test,True,True,0.24733394384384155,0.4675363779067993,1.0948983430862427,-0.3122568726539612,0.7047930359840393,0.34235680103302,0.5078905820846558,0.09754189252853393,0.5467232465744019,0.09160584211349487,0.8656600117683411,-0.5576596260070801,-0.45862001180648804
YPL083C,test,True,False,-0.19070835411548615,-0.997338080406189,-0.7176862359046936,-1.8701906204223633,-0.7728546857833862,-0.23246639966964722,-1.3934924602508545,-0.852597589418292,-0.7863682508468628,-1.5034104585647583,-0.6445467472076416,0.00425114668905735,-1.3329136371612549
YPL084W,test,True,True,0.4429449141025543,0.7569517493247986,0.7094871401786804,0.7020689845085144,1.0689587593078613,0.7518004775047302,0.5524433851242065,0.6110546320676804,0.5281761288642883,0.9490540027618408,0.7734324932098389,0.206779345870018,0.5978311896324158
YPL085W,test,True,True,0.7698162198066711,0.19578995406627656,0.2595745325088501,0.05735240876674652,0.49631279706954956,0.8053253293037415,-0.6396152973175049,0.1252105191349983,0.019993789494037628,0.3345490097999573,0.24412736296653748,0.5556282997131348,-0.5282458662986755
YPL086C,test,True,True,-0.04331120476126671,-0.051411804556846616,0.459224134683609,-0.502643346786499,-0.615756094455719,0.24582332372665405,0.15629296004772186,0.5459198415279388,0.6274195909500122,0.93104487657547,0.5008834004402161,-0.25697293877601624,0.9272242784500122
YPL087W,test,True,True,-0.46923360228538513,-0.1830723762512207,-0.1317095160484314,-0.6001861691474915,-0.33179646730422974,0.45424455404281616,-0.3059142827987671,-0.018219409883022307,-0.3910946547985077,-0.06182364746928215,-0.10528197884559631,0.4260200262069702,0.0410832054913044
YPL088W,test,True,True,-0.4431624710559845,0.7459746956825256,0.5892193913459778,0.6787850856781006,0.8376757502555847,1.0279608964920044,0.5962323546409607,0.4992962419986725,0.8365558981895447,0.32565397024154663,0.15051087737083435,0.5752795934677124,0.6084808707237244
YPL089C,test,False,True,1.0875581502914429,0.6084048271179199,0.6435938477516174,0.494873583316803,0.7193508744239807,0.3526309132575989,0.8315749168395996,0.7056023359298706,0.8416887521743774,0.4869542121887207,0.5118594169616699,0.9085701107978821,0.7789391875267029
YPL090C,test,True,True,0.7115585803985596,1.5903211116790772,1.4197793006896973,1.6868579387664795,2.1216230392456055,1.3086392879486084,1.4147059917449951,1.3335552930831909,1.38601815700531,1.436319351196289,1.3759568929672241,1.1946911811828613,1.27479088306427
YPL091W,test,True,True,0.3799894154071808,0.42176868915557864,0.35595405101776123,0.3917567729949951,0.47055304050445557,0.5323055982589722,0.358273983001709,0.521507728099823,0.8627596497535706,0.4890297055244446,0.26425302028656006,0.4231444001197815,0.5683518648147583
YPL092W,test,False,True,-0.48408737778663635,0.5725949823856353,0.5914037227630615,0.44742295145988464,0.8639839291572571,0.4143190383911133,0.5458452701568604,-0.04020352959632874,-0.7971080541610718,0.5593464970588684,0.17644360661506653,-0.3307102918624878,0.19101059436798096
YPL093W,test,True,True,0.5575481057167053,0.8393494486808777,0.5982330441474915,1.0471413135528564,0.7436557412147522,0.7116789221763611,1.0960382223129272,0.9988110423088074,0.956997275352478,0.9826542139053345,1.1437963247299194,1.1066808700561523,0.8039265275001526
YPL094C,test,True,True,1.2646327018737793,0.45621685683727264,0.5550660490989685,-0.0518081933259964,0.40872621536254883,0.47460103034973145,0.8944991827011108,0.724330747127533,0.26899874210357666,0.6168520450592041,0.8443757891654968,1.1617848873138428,0.7296422719955444
YPL095C,test,False,True,0.1587328463792801,-0.28325607925653457,-0.11148542910814285,-0.009649038314819336,-0.6925296187400818,-0.9047896265983582,0.30217331647872925,-0.41340001076459887,0.003093115985393524,-0.9955627918243408,-0.3397921323776245,0.20551292598247528,-0.9402511715888977
YPL096C-A,test,True,True,0.18820959329605103,-0.026569169759750367,-0.01647075265645981,-0.3911752998828888,0.13278359174728394,-0.08978509157896042,0.23180170357227325,0.21151348501443862,0.5284415483474731,0.13951215147972107,0.354842871427536,-0.09562841802835464,0.13039927184581757
YPL096W,test,False,True,0.6150674223899841,-0.29420256316661836,-0.3868213891983032,-0.1606382429599762,0.3103497624397278,-1.0444213151931763,-0.18948163092136383,-0.558333408087492,-0.5848706364631653,0.03470659628510475,-0.24666404724121094,-1.7316882610321045,-0.263150691986084
YPL097W,test,True,True,0.018811628222465515,0.21578389406204224,0.08717754483222961,-0.12957647442817688,0.3477610945701599,0.47839730978012085,0.2951599955558777,0.32262182533740996,0.3979134261608124,0.1753188967704773,0.21822404861450195,0.23637054860591888,0.5852822065353394
YPL098C,test,True,True,0.5847654938697815,0.2283587459474802,0.025228478014469147,-0.025248205289244652,0.296874463558197,0.41391652822494507,0.4310224652290344,0.30569186210632326,0.332415908575058,0.3114722967147827,0.4162310063838959,-0.18168306350708008,0.6500231623649597
YPL099C,test,True,True,0.1635846197605133,-0.07895646207034587,0.22975653409957886,-0.7327001690864563,-0.12821027636528015,0.027949640527367592,0.2084219604730606,-0.09730060808360577,0.06126732379198074,-0.5902068614959717,-0.3859868049621582,-0.005201144143939018,0.4336244463920593
YPL100W,test,True,True,-0.05708086118102074,0.13305496498942376,-0.020874857902526855,0.09165652096271515,0.2407761663198471,0.393325537443161,-0.03960854187607765,0.11320272572338581,0.11562753468751907,0.06525759398937225,0.012513579800724983,0.1975269615650177,0.17508795857429504
YPL101W,test,True,True,0.6967892646789551,-0.2668298065662384,0.15766066312789917,-0.7026867270469666,-0.22227507829666138,-0.19548267126083374,-0.3713652193546295,-0.26929791234433653,-0.4309568703174591,-0.271744966506958,-0.00936412625014782,-0.7105246186256409,0.07610101997852325
YPL102C,test,False,False,-1.788711667060852,-1.80533287525177,-1.8022464513778687,-2.0819380283355713,-2.0610005855560303,-1.6488449573516846,-1.4326343536376953,-1.7099550485610961,-1.725622296333313,-2.069643497467041,-1.6975805759429932,-1.8843369483947754,-1.1725919246673584
YPL103C,test,True,True,-0.15722887217998505,-0.5001363337039948,-0.48657476902008057,-0.7309146523475647,-1.4062330722808838,-0.3637688159942627,0.486809641122818,-0.256793412566185,0.032454319298267365,-0.5157361626625061,-1.0673446655273438,-0.03579460829496384,0.30245405435562134
YPL104W,test,True,True,-0.2204323559999466,0.405879819393158,0.49752289056777954,0.4233749508857727,0.35408055782318115,0.46658557653427124,0.28783512115478516,0.6216287612915039,0.5805647373199463,0.7555321455001831,0.683682918548584,0.5213373899459839,0.5670266151428223
YPL105C,test,True,True,0.8326849937438965,0.29090189933776855,0.3142969608306885,0.5102725625038147,0.08989232778549194,0.4164929986000061,0.12355464696884155,0.36822409778833387,0.5410891175270081,0.3899945020675659,0.1524764895439148,0.08768070489168167,0.669879674911499
YPL106C,test,True,True,0.8416719436645508,1.2811862468719482,1.0064998865127563,1.6305773258209229,1.7045581340789795,1.0013117790222168,1.0629841089248657,1.459618878364563,1.8342002630233765,1.4229676723480225,1.3036593198776245,1.217498779296875,1.5197683572769165
YPL107W,test,False,True,0.6193531155586243,0.28799366354942324,0.192842036485672,0.12860214710235596,0.25017961859703064,0.4462186098098755,0.422125905752182,0.4470721006393433,0.4126579165458679,0.3185960352420807,0.3756905794143677,0.4123978912830353,0.7160180807113647
YPL108W,test,True,True,0.43629565834999084,-1.1554973661899566,-1.5093669891357422,-1.316957950592041,-0.3691498339176178,-1.173303484916687,-1.4087085723876953,-0.9057011783123017,-1.7953130006790161,-0.5540354251861572,-0.40403440594673157,-0.6293639540672302,-1.145759105682373
YPL109C,test,True,True,-0.31263601779937744,0.3724474314600229,0.37840065360069275,0.26410171389579773,0.7400199770927429,0.030700476840138435,0.4490143358707428,0.31456732749938965,0.3637574017047882,0.15461573004722595,0.4627596139907837,-0.06105524301528931,0.6527591347694397
YPL110C,test,True,True,-0.2312125563621521,0.7496948122978211,0.6557655930519104,1.0215964317321777,0.6434374451637268,1.091070294380188,0.3366042971611023,0.7961087703704834,0.562953770160675,0.7274760603904724,0.6217182874679565,0.9405109882354736,1.1278847455978394
YPL111W,test,True,True,0.593483030796051,0.8404686331748963,1.2210336923599243,1.1008336544036865,0.4939040243625641,0.9086886048316956,0.4778831899166107,0.8782043099403382,1.3980761766433716,0.8056924939155579,0.6439220905303955,0.4687225818634033,1.0746082067489624
YPL112C,test,True,True,0.16605940461158752,-0.4817351490259171,-0.5692751407623291,-0.9893898963928223,-0.10375435650348663,-0.35399070382118225,-0.392265647649765,-0.4111243009567261,-0.5436875820159912,-0.44471460580825806,0.21097280085086823,-1.0739561319351196,-0.2042359858751297
YPL113C,test,True,True,-0.7901331186294556,-0.8615794271230698,-0.5971658825874329,-2.1790871620178223,-1.4876289367675781,0.17755436897277832,-0.22156952321529388,-0.7094735145568848,-1.115984559059143,-1.357915997505188,-0.7922112941741943,0.36853766441345215,-0.6497933864593506
YPL114W,test,False,False,-0.08621756732463837,-1.7218944072723388,-1.862878441810608,-2.084395408630371,-1.712283730506897,-1.3451396226882935,-1.604774832725525,-1.6529614210128785,-1.7823491096496582,-1.921957015991211,-1.5916857719421387,-1.0743471384048462,-1.894468069076538
YPL115C,test,True,True,0.3253485858440399,0.27684883698821067,0.3387860059738159,-0.0019470639526844025,0.027635395526885986,0.7974730134010315,0.2222968339920044,0.2255183130502701,0.0609259158372879,0.3694721460342407,-0.24949854612350464,0.43382465839385986,0.5128673911094666
YPL116W,test,True,True,0.35358574986457825,0.6066514015197754,0.5039883852005005,0.4918819069862366,1.0619810819625854,0.3916308283805847,0.5837748050689697,0.658495819568634,1.054168701171875,0.6274445056915283,0.5538566708564758,0.7004822492599487,0.3565269708633423
YPL117C,test,True,True,1.147070050239563,0.5836090922355652,0.4611681401729584,0.6894354820251465,1.0169492959976196,0.21981379389762878,0.5306787490844727,0.6166922092437744,0.31040072441101074,1.0415925979614258,0.3771134614944458,0.7162055969238281,0.6381486654281616
YPL118W,test,True,True,0.5812715291976929,0.7267729878425598,0.8960519433021545,0.8841318488121033,0.3811660408973694,1.0070269107818604,0.4654881954193115,0.3846233427524567,0.7373745441436768,0.49082422256469727,-0.2794100046157837,0.39769765734672546,0.5766302943229675
YPL119C,test,True,True,-0.09925474971532822,0.4485513776540756,0.7415043711662292,0.6647671461105347,0.3901705741882324,0.6942598819732666,-0.24794508516788483,0.3404749635607004,0.3977683186531067,0.6159640550613403,0.00598505325615406,0.12517514824867249,0.5574822425842285
YPL119C-A,test,True,False,0.06473258137702942,-1.4912395238876344,-2.0085978507995605,-1.7616872787475586,-1.38614022731781,-1.2826334238052368,-1.0171388387680054,-1.4847684383392334,-2.014887809753418,-1.5213415622711182,-1.4523550271987915,-1.1493322849273682,-1.2859255075454712
YPL120W,test,True,True,0.013682639226317406,0.41767117381095886,0.3868517577648163,0.6592563986778259,0.28158897161483765,0.2861071228981018,0.47455161809921265,0.4563871741294861,0.5064636468887329,0.7496050000190735,0.22394651174545288,-0.19590497016906738,0.9978256821632385
YPL121C,test,True,True,-1.9582537412643433,-0.15315557196736335,0.13315922021865845,-0.006589151918888092,-0.631045937538147,-0.22254836559295654,-0.03875362500548363,-0.24834900945425034,-0.017512060701847076,-0.239442840218544,-0.3637193441390991,-0.9357391595840454,0.31466835737228394
YPL122C,test,True,True,-0.0598028264939785,0.24044502191245556,0.43271327018737793,0.18977540731430054,0.4116896390914917,0.01153109036386013,0.1565157026052475,0.157775953784585,0.37212899327278137,0.4215148091316223,0.02163209207355976,-0.12082856893539429,0.09443244338035583
YPL123C,test,True,True,-0.2979809641838074,-0.11338610202074051,0.08288677781820297,-0.5825081467628479,0.17169250547885895,0.18604691326618195,-0.4250485599040985,-0.13502639681100845,0.10531962662935257,0.12045662105083466,-0.05611255764961243,-0.3557561933994293,-0.48903948068618774
YPL124W,test,True,True,0.1847049444913864,0.3918198734521866,0.6645612716674805,-0.011927857995033264,0.6939064860343933,0.35415464639663696,0.25840482115745544,0.3050262168049812,0.08968160301446915,0.3067764937877655,0.4355452060699463,0.17094317078590393,0.5221846103668213
YPL125W,test,True,True,0.05307263135910034,0.3541527181863785,0.2770431637763977,0.24213838577270508,0.6598338484764099,0.1685367375612259,0.4232114553451538,0.666279774904251,0.2795383930206299,1.2154812812805176,0.2675611078739166,0.4125664234161377,1.1562516689300537
YPL126W,test,True,True,0.5156444311141968,0.19739401787519456,0.049954600632190704,0.2926662862300873,0.16417846083641052,-0.21245186030864716,0.6926226019859314,0.38514665961265565,0.9401759505271912,0.40841132402420044,0.0698557049036026,-0.14160607755184174,0.6488963961601257
YPL127C,test,True,True,1.008694052696228,0.8379832029342651,0.9251356720924377,0.8188862204551697,1.1310851573944092,0.3782691955566406,0.9365397691726685,0.8458970069885254,1.2007381916046143,0.6914194226264954,0.8666249513626099,0.920699954032898,0.5500025153160095
YPL128C,test,False,True,0.7899628281593323,-0.2631955511868,-0.6821585297584534,0.1777966022491455,-0.07590660452842712,-0.7785123586654663,0.04280313476920128,-0.20134770646691322,-0.3041929304599762,0.014988359063863754,-0.23980581760406494,-0.21241547167301178,-0.26531267166137695
YPL129W,test,True,True,0.8674384951591492,-0.11217649802565574,-0.5413016080856323,-0.5930987000465393,0.10160644352436066,0.4862603545188904,-0.014348980039358139,0.30725527480244635,-0.34805119037628174,0.0028278864920139313,0.4503622353076935,0.796512246131897,0.6346251964569092
YPL130W,test,True,False,-2.0108630657196045,-0.18305059969425203,0.01336883008480072,-0.5144197940826416,-0.5062383413314819,0.2683958113193512,-0.17635950446128845,-0.17665382362902166,-0.5114337801933289,-0.09637011587619781,-0.22495892643928528,-0.018831348046660423,-0.03167494758963585
YPL131W,test,True,True,1.9952294826507568,1.6225633859634399,1.6807671785354614,1.5799860954284668,1.8804984092712402,1.547406554222107,1.4241586923599243,1.4052469253540039,1.6516810655593872,1.4019029140472412,1.1722867488861084,1.2914493083953857,1.508914589881897
YPL132W,test,True,True,0.24334904551506042,0.18394614905118942,0.5904980301856995,-0.30066782236099243,0.332261860370636,0.10433349758386612,0.19330517947673798,0.24010189026594161,0.2945971190929413,0.33907586336135864,0.06814020127058029,-0.24840939044952393,0.7471056580543518
YPL133C,test,False,True,0.16250088810920715,0.12420797497034072,0.16438886523246765,0.03032294660806656,0.4625973701477051,-0.24689969420433044,0.2106303870677948,0.28737310916185377,-0.10789390653371811,0.9472931027412415,0.18113425374031067,-0.059072285890579224,0.47540438175201416
YPL134C,test,True,True,-0.4758460819721222,0.07313884645700455,0.3232686519622803,-0.02663395181298256,-0.09492227435112,0.15884529054164886,0.005136515945196152,0.2846404254436493,0.5266469717025757,0.21965563297271729,0.6726589798927307,0.2714713513851166,-0.2672308087348938
YPL135C-A,test,False,False,-1.6145896911621094,-1.5991235256195069,-1.62509286403656,-1.6028037071228027,-1.861450433731079,-1.811739444732666,-1.0945311784744263,-1.5246313452720641,-1.634609341621399,-1.166178584098816,-2.087796926498413,-1.7833842039108276,-0.9511876702308655
YPL135W,test,True,True,1.5780569314956665,1.0499001383781432,1.3011622428894043,0.9698335528373718,1.2694098949432373,0.8523117303848267,0.8567832708358765,0.7584212481975555,0.9908813238143921,0.8916522860527039,0.8393102884292603,0.5832368731498718,0.4870254695415497
YPL136W,test,False,False,-1.7114633321762085,-1.5278867721557616,-1.1568284034729004,-1.512092113494873,-1.5937645435333252,-1.3709840774536133,-2.0057647228240967,-1.678446388244629,-1.4472869634628296,-1.5936806201934814,-1.7714381217956543,-1.8663874864578247,-1.7134387493133545
YPL137C,test,True,True,0.3376087248325348,0.6525161504745484,0.7615483403205872,0.6409851312637329,0.6420432925224304,0.7143859267234802,0.503618061542511,0.9260619163513184,0.7047719955444336,1.4809582233428955,0.9997024536132812,0.6325032114982605,0.812373697757721
YPL138C,test,True,True,0.6010935306549072,0.4666323721408844,0.31963294744491577,0.21839311718940735,0.5420322418212891,0.8033533692359924,0.4497501850128174,0.585804921388626,0.2736063599586487,0.9760885238647461,0.18402263522148132,0.5643669962882996,0.9309400916099548
YPL139C,test,False,True,0.19802220165729523,0.12352868393063546,0.19668561220169067,-0.30663272738456726,-0.009213265031576157,0.25865525007247925,0.47814854979515076,0.06368125714361668,0.6722962856292725,-0.13402456045150757,-0.00878158025443554,-0.4200253188610077,0.20894145965576172
YPL140C,test,True,True,-0.40122169256210327,-0.021969760954380035,0.21076929569244385,-0.5578953623771667,0.2658306658267975,0.0573057159781456,-0.08585911989212036,0.05650844648480415,0.25493842363357544,-0.033239614218473434,0.13319279253482819,0.13145875930786133,-0.20380812883377075
YPL141C,test,True,True,0.7685623168945312,0.9181167364120484,0.993600070476532,1.4851937294006348,0.8584168553352356,0.6934128403663635,0.5599601864814758,0.7456233501434326,0.8386165499687195,0.6995106935501099,0.7645259499549866,0.790242075920105,0.6352214813232422
YPL142C,test,False,False,-1.6636155843734741,-1.253099513053894,-0.6778110265731812,-1.1043064594268799,-1.7537596225738525,-1.1172763109207153,-1.6123441457748413,-1.2098907589912415,-1.167175531387329,-0.6447513699531555,-1.6055264472961426,-1.3298215866088867,-1.3021788597106934
YPL143W,test,True,True,1.8120685815811157,1.7439133644104003,1.3938084840774536,1.667494773864746,2.5528769493103027,1.4829047918319702,1.6224818229675293,1.3204399824142456,1.3041280508041382,1.1793711185455322,1.3407621383666992,1.6386973857879639,1.1392412185668945
YPL144W,test,True,True,0.2598264217376709,0.6065516173839569,0.41028812527656555,0.722393810749054,0.8486564755439758,0.1950780749320984,0.8563416004180908,0.5960956573486328,0.4323893189430237,0.8067090511322021,0.3298951983451843,0.7278403639793396,0.6836443543434143
YPL145C,test,True,True,0.7543174624443054,0.6840454757213592,0.8108757138252258,0.9457055926322937,0.7339305877685547,0.3361683785915375,0.5935471057891846,0.6889132380485534,0.40458953380584717,0.7743472456932068,0.86883145570755,0.5658891201019287,0.8309088349342346
YPL146C,test,True,True,0.39745062589645386,0.908327054977417,0.854954183101654,0.6162269115447998,1.3127349615097046,0.6763489842414856,1.081370234489441,0.7759261012077332,0.8965784311294556,0.49466198682785034,0.9455363750457764,0.48464810848236084,1.0582056045532227
YPL147W,test,True,True,-1.0838658809661865,0.15677632316946982,0.2095334231853485,0.22646015882492065,0.22987236082553864,0.17285335063934326,-0.054837677627801895,0.11405527666211128,0.32878002524375916,0.2598855495452881,0.3107589781284332,-0.27690404653549194,-0.052244123071432114
YPL148C,test,False,True,-0.5156540274620056,-0.3859304904937744,-0.25634661316871643,-0.16209924221038818,-0.31635457277297974,-0.14810338616371155,-1.0467486381530762,-0.2627717998344451,-0.2743789255619049,-0.09267804026603699,-0.0021375103387981653,-0.7032250165939331,-0.24143950641155243
YPL149W,test,True,True,-0.4332329034805298,0.3446494102478027,0.41394299268722534,0.12589490413665771,0.4952997863292694,0.5942030549049377,0.09390631318092346,0.19338487535715104,0.10942245274782181,0.12053897976875305,0.08516231179237366,0.4882428050041199,0.16355782747268677
YPL150W,test,True,True,-0.015933148562908173,0.39588015973567964,0.34926462173461914,0.2875487804412842,0.6047667860984802,0.5008612871170044,0.2369593232870102,0.179318118840456,0.2735265791416168,0.0028705038130283356,0.23371104896068573,-0.15702636539936066,0.5435088276863098
YPL151C,test,True,True,0.3036803603172302,0.8721042275428772,1.0049434900283813,1.1197826862335205,0.6470293402671814,0.947404682636261,0.6413609385490417,0.8376595795154571,1.338243842124939,1.0930668115615845,0.40956994891166687,0.5381858348846436,0.8092314600944519
YPL152W,test,True,True,-0.22517350316047668,0.21988174691796303,-0.27299922704696655,0.3925288915634155,0.5744039416313171,0.3762521743774414,0.02922295406460762,0.5380527675151825,0.4045303165912628,0.5086203813552856,0.7071506381034851,0.6731793284416199,0.39678317308425903
YPL152W-A,test,True,True,-0.2100379914045334,-0.41897297501564024,-0.8649568557739258,-0.12138022482395172,-0.5710586905479431,-0.44151273369789124,-0.09595637023448944,0.02499673217535019,0.0061669424176216125,0.179366335272789,-0.1249971091747284,-0.03917613625526428,0.10362362861633301
YPL153C,test,True,True,0.2229231595993042,-0.03074857294559479,-0.37679746747016907,0.5092670321464539,-0.11155802011489868,-0.3207099735736847,0.14605556428432465,0.37687134742736816,0.8448385000228882,0.17750737071037292,0.06337741017341614,0.32676902413368225,0.4718644320964813
YPL154C,test,True,True,0.9916560053825378,0.46248579621315,0.6745054125785828,-0.1512015163898468,0.885031521320343,0.17891079187393188,0.7251827716827393,0.44960098564624784,0.389016717672348,0.700519323348999,0.4019336700439453,0.062469229102134705,0.6940659880638123
YPL155C,test,True,True,0.2428298443555832,0.4351119637489319,0.7080451846122742,0.22677794098854065,0.6571578979492188,0.21694883704185486,0.366629958152771,0.5394730627536773,0.6195765733718872,0.41431283950805664,0.579563319683075,0.23837992548942566,0.8455326557159424
YPL156C,test,False,True,0.2933078110218048,0.751690250635147,0.9873325228691101,0.20944002270698547,0.8229963183403015,1.2753249406814575,0.46335744857788086,1.0604551970958709,1.5122493505477905,0.4915412664413452,1.137250304222107,1.6941702365875244,0.46706482768058777
YPL157W,test,True,True,0.5501776337623596,0.6644678354263306,0.728085458278656,0.472539484500885,0.6207824945449829,0.9420673847198486,0.5588643550872803,0.4799511909484863,0.688507616519928,0.22552871704101562,0.3030226230621338,0.04221910238265991,1.1404778957366943
YPL158C,test,True,True,0.6927918791770935,0.951427698135376,1.2039241790771484,1.3157339096069336,1.1976089477539062,0.49638432264328003,0.5434871315956116,0.8773433089256286,1.2610886096954346,0.995679497718811,0.7999564409255981,0.30153173208236694,1.0284602642059326
YPL159C,test,True,True,0.7934060096740723,0.638055807352066,0.6113114953041077,0.880500853061676,0.885313093662262,0.5374690890312195,0.27568450570106506,0.7115048348903656,0.4338703453540802,0.6441423892974854,0.9253581166267395,0.7354986667633057,0.8186546564102173
YPL160W,test,True,True,0.6280964016914368,0.7930206537246705,0.6601980328559875,1.1632611751556396,0.8151671290397644,0.6471949815750122,0.6792819499969482,0.5645260527729988,-0.03372880071401596,1.0066009759902954,0.6388294696807861,0.6431739330291748,0.5677546858787537
YPL161C,test,True,True,-0.017229892313480377,-0.3875266745686531,-0.09238208085298538,-0.5966596007347107,-1.70438551902771,0.5332682728767395,-0.077474445104599,-0.32705187499523164,-0.3883659839630127,0.12779225409030914,-1.2482022047042847,-0.3790911138057709,0.25260767340660095
YPL162C,test,True,True,-0.17250166833400726,0.4259543836116791,0.2500537633895874,0.7013822197914124,0.5589619278907776,0.13856840133666992,0.4808056056499481,0.31709167957305906,0.19992056488990784,0.4564247131347656,0.387714147567749,0.042573124170303345,0.4988258481025696
YPL163C,test,True,True,1.7775182723999023,0.17066409885883332,0.3649446666240692,-0.08656077086925507,0.6246642470359802,-0.3126180171966553,0.26289036870002747,0.15395790934562684,-0.18893325328826904,0.21920838952064514,-0.11086860299110413,0.36744895577430725,0.48293405771255493
YPL164C,test,False,True,-0.5420495867729187,-0.00911954939365387,0.27409085631370544,-0.11893871426582336,-0.1411195546388626,-0.22499293088912964,0.16536259651184082,-0.027137377113103867,0.32236286997795105,-0.043837737292051315,-0.2344139814376831,-0.4867410659790039,0.30694302916526794
YPL165C,test,False,True,-1.8593722581863403,0.20970420278608798,0.01580970734357834,0.4179304242134094,0.4233977198600769,-0.029171159490942955,0.22055432200431824,0.0009960100054740907,0.032617293298244476,0.2968221604824066,-0.3164914846420288,-0.19833484292030334,0.1903669238090515
YPL166W,test,True,True,-0.25368955731391907,0.2045876145362854,0.3912559747695923,0.09953781962394714,0.5291849374771118,0.35005930066108704,-0.3470999598503113,0.024086280912160873,0.14309832453727722,-0.041805606335401535,0.16572889685630798,-0.0422341451048851,-0.1043560653924942
YPL167C,test,True,True,-0.621340811252594,0.601037660241127,1.1483780145645142,0.5330905318260193,0.6263467073440552,0.5489234924316406,0.14844955503940582,0.4522034913301468,0.7118947505950928,0.5646350383758545,0.4624597728252411,0.39134329557418823,0.13068459928035736
YPL168W,test,True,True,-0.23750075697898865,0.6866516768932343,0.8102964758872986,0.6487264633178711,0.9400296807289124,0.6324895620346069,0.4017162024974823,0.7432787418365479,0.6190094947814941,1.13413405418396,0.6352819800376892,0.3973715901374817,0.9305965900421143
YPL169C,test,True,True,0.8518549799919128,0.595757132768631,0.15732818841934204,0.5022627711296082,1.3689631223678589,0.5762124061584473,0.37401917576789856,0.7555170476436615,0.4749220311641693,0.8748640418052673,1.0198723077774048,0.6682617664337158,0.7396650910377502
YPL170W,test,True,True,1.3789103031158447,0.4560533583164215,0.4197472333908081,0.469441294670105,0.5972071886062622,0.27726510167121887,0.5166059732437134,0.6275716483592987,0.7753230333328247,0.40741947293281555,0.29163283109664917,0.9573437571525574,0.7061391472816467
YPL171C,test,True,True,0.24691660702228546,-0.8832765102386475,-1.471950888633728,-0.5560950636863708,-1.0018072128295898,-0.6694933772087097,-0.7170360088348389,-0.1255322128534317,-0.6059337854385376,0.30875641107559204,0.149545818567276,-0.5584310293197632,0.07840152084827423
YPL172C,test,False,True,0.0734589695930481,0.09030661582946778,0.41020143032073975,0.26180577278137207,-0.21405011415481567,-0.10609325766563416,0.09966924786567688,0.24313618019223213,0.35552361607551575,0.5621146559715271,0.41059571504592896,-0.11695949733257294,0.004406411200761795
YPL173W,test,False,True,0.6190406084060669,0.15271327793598174,0.35565394163131714,0.06322933733463287,0.2830926775932312,-0.14801526069641113,0.20960569381713867,0.33257733583450316,0.4211140275001526,0.21822583675384521,0.4491283893585205,0.11815416812896729,0.4562642574310303
YPL174C,test,True,True,0.06769438087940216,-0.2850382387638092,-0.22220459580421448,-0.4255508780479431,-0.3537587523460388,-0.5192015171051025,0.09552454948425293,-0.44232813864946363,-0.029951222240924835,-0.7570711374282837,-0.7221868634223938,-0.8699537515640259,0.16752228140830994
YPL175W,test,False,True,-0.229758158326149,0.055076520144939425,-0.17919394373893738,-0.020146749913692474,0.10192176699638367,0.21128302812576294,0.16151849925518036,0.004799389094114303,0.10230452567338943,-0.03260326012969017,-0.6335489749908447,0.13409124314785004,0.45375341176986694
YPL176C,test,True,True,0.327340692281723,0.24616456106305123,0.19367530941963196,-0.021298464387655258,0.7547037601470947,0.16218653321266174,0.14155566692352295,0.09794730469584464,0.06224028021097183,0.020308446139097214,0.34155669808387756,-0.06656327098608017,0.1321943700313568
YPL177C,test,True,True,0.5395194888114929,0.10240290723741055,0.6145704388618469,0.08685038983821869,-0.3412467837333679,-0.011662440374493599,0.16350293159484863,0.16685527712106704,0.5523925423622131,0.377203106880188,0.0466594323515892,-0.2766336500644684,0.1346549540758133
YPL178W,test,True,True,0.49650946259498596,0.5988081634044647,0.8744145035743713,0.3240160346031189,0.6156873106956482,0.8695924878120422,0.31033048033714294,0.7729777693748474,0.9569331407546997,0.5639240741729736,0.7172470688819885,0.8401657938957214,0.7866187691688538
YPL179W,test,True,True,0.779563844203949,0.8673274517059326,0.6074903607368469,0.4169715642929077,1.3113057613372803,1.1558239459991455,0.8450456261634827,0.9159427523612976,0.8663696050643921,0.7229932546615601,1.0576796531677246,0.9788739681243896,0.9537972807884216
YPL180W,test,True,True,0.28163379430770874,0.3891375184059143,0.3891866207122803,0.32137349247932434,0.5572910904884338,0.3896099328994751,0.288226455450058,0.4478297531604767,0.42265984416007996,0.6853318810462952,0.18801012635231018,0.2334817349910736,0.7096651792526245
YPL181W,test,True,True,0.8998109102249146,0.6541061758995056,0.5868855118751526,0.5479766726493835,0.8278467059135437,0.7649419903755188,0.5428799986839294,0.48516053557395933,0.26917436718940735,0.4135286808013916,0.6391913890838623,0.5180386900901794,0.585869550704956
YPL182C,test,False,False,-1.896862506866455,-1.9026135444641112,-1.9190572500228882,-1.8924763202667236,-2.1111085414886475,-1.781445860862732,-1.8089797496795654,-1.9320698022842406,-1.9217803478240967,-1.9328025579452515,-1.694042682647705,-2.1765594482421875,-1.935163974761963
YPL183C,test,True,True,-0.08066637068986893,0.15044729709625243,-0.44539403915405273,0.19457317888736725,0.3901616036891937,0.21225203573703766,0.4006437063217163,-0.2928532510995865,-0.9864310622215271,-0.7894892692565918,-0.11541306972503662,0.18825970590114594,0.23880743980407715
YPL183W-A,test,False,True,0.38444358110427856,0.4319426953792572,0.3033064007759094,0.4460194706916809,0.6021799445152283,0.6488774418830872,0.15933021903038025,0.501810508966446,0.5168060064315796,0.42448189854621887,0.6845312118530273,0.4094269871711731,0.4738064408302307
YPL184C,test,True,True,0.1498776078224182,0.7484309315681458,1.1514958143234253,0.3456789255142212,0.9379357695579529,0.7686046361923218,0.5384395122528076,0.6854696393013,1.1240471601486206,0.4136977195739746,0.4059772491455078,0.513238251209259,0.9703878164291382
YPL185W,test,False,False,-1.3692067861557007,-2.0243186712265016,-2.179999828338623,-2.0606584548950195,-1.8691422939300537,-1.906821846961975,-2.104970932006836,-2.0659929752349853,-2.047213554382324,-2.0689620971679688,-2.1489975452423096,-2.0056092739105225,-2.0591824054718018
YPL186C,test,True,True,-0.3969648778438568,-0.7932835876941681,-1.5353513956069946,-0.3052361011505127,0.14422717690467834,-0.9738076329231262,-1.2962499856948853,-0.8033721566200256,-1.2740379571914673,-0.5760999917984009,-0.3799337148666382,-0.9947420358657837,-0.7920470833778381
YPL187W,test,True,True,2.948584794998169,1.1699188470840454,2.121692419052124,1.3554308414459229,0.8984240889549255,0.8788042664527893,0.5952426195144653,0.9041774988174438,1.496233344078064,0.872787356376648,0.8001217842102051,0.7443796396255493,0.6073653697967529
YPL188W,test,True,True,0.13744904100894928,-0.34391693994402883,-0.3544616103172302,-0.6446498036384583,-0.015126552432775497,-0.22808673977851868,-0.4772599935531616,-0.12810787856578826,-0.3012169301509857,0.16058948636054993,-0.22511026263237,-0.3693990111351013,0.09459732472896576
YPL189C-A,test,False,True,0.422242134809494,-0.5773197114467621,-1.9866880178451538,0.7008644938468933,-0.7504026293754578,-1.1960501670837402,0.34567776322364807,-0.23788284063339232,-1.2202566862106323,0.5760985016822815,-0.6884661912918091,-0.4649196267127991,0.6081297993659973
YPL189W,test,True,True,-1.3205832242965698,-0.0961746633052826,-0.7169966101646423,0.2837666869163513,0.5463781952857971,-0.7437788248062134,0.1497572362422943,0.012662479281425476,-0.33734455704689026,0.13210870325565338,0.10684064030647278,-0.45685407519340515,0.6185616850852966
YPL190C,test,True,True,1.4905145168304443,0.7769983589649201,0.5281103849411011,0.7826268076896667,1.3793057203292847,0.4910026490688324,0.7039462327957153,1.0754457473754884,0.6860618591308594,1.3289304971694946,1.1404434442520142,1.0308332443237305,1.1909596920013428
YPL191C,test,True,True,-0.3988450765609741,-0.15797139108181,-0.23986271023750305,-0.1300683170557022,-0.4204763174057007,0.09996086359024048,-0.09941047430038452,-0.30135980024933817,-0.28749528527259827,0.011636633425951004,-0.9562286138534546,0.0550188347697258,-0.3297305703163147
YPL192C,test,True,True,-1.140302062034607,-0.8105558812618255,-0.984937310218811,-1.5359480381011963,-1.1018431186676025,-0.36515387892723083,-0.06489706039428711,-0.9638966858386994,-1.6765841245651245,-0.7952170968055725,-1.4660968780517578,-0.36540618538856506,-0.5161791443824768
YPL193W,test,True,True,0.18291938304901123,0.22615336179733275,0.2497892677783966,0.051004037261009216,0.18023081123828888,0.4982646107673645,0.15147808194160461,0.3194174587726593,0.23408189415931702,0.21066245436668396,0.08218595385551453,0.21722567081451416,0.8529313206672668
YPL194W,test,False,True,0.2219839245080948,0.1196432113647461,0.21576693654060364,0.06871144473552704,0.09238334000110626,-0.03931295871734619,0.2606672942638397,0.26541399881243705,0.285951167345047,0.3309858441352844,0.0058066267520189285,0.024965966120362282,0.6793603897094727
YPL195W,test,False,True,0.3515267074108124,0.04488175958395004,-0.19581440091133118,-0.02234465628862381,0.4480990767478943,-0.13470184803009033,0.12917062640190125,0.08535768911242485,-0.09449569135904312,0.23363351821899414,0.16437256336212158,0.10711343586444855,0.016164619475603104
YPL196W,test,True,True,0.35518595576286316,0.17167535275220872,0.11424898356199265,0.4974874258041382,0.09745313227176666,-0.1424172967672348,0.29160451889038086,0.20705844946205615,0.3289058804512024,0.47316181659698486,0.016274334862828255,0.09769586473703384,0.11925435066223145
YPL197C,test,False,False,-1.788604736328125,-1.5197567462921142,-1.2265807390213013,-1.8747954368591309,-1.2893798351287842,-1.4798673391342163,-1.7281603813171387,-1.2140715718269348,-1.209423542022705,-1.1404664516448975,-0.7586610913276672,-1.4506196975708008,-1.5111870765686035
YPL198W,test,True,True,1.0061956644058228,1.1632323741912842,0.948458194732666,1.4250705242156982,1.624193787574768,0.7767609357833862,1.0416784286499023,0.6459136933088303,0.25044775009155273,1.1456072330474854,0.8734273910522461,0.8763406276702881,0.08374546468257904
YPL199C,test,True,True,0.41561201214790344,0.9590774983167648,0.9914419054985046,1.3434898853302002,1.3856496810913086,0.17922227084636688,0.8955837488174438,0.8499534487724304,0.7361605167388916,1.1745758056640625,0.8119562864303589,0.7797091007232666,0.7473655343055725
YPL200W,test,False,True,-2.0185658931732178,-0.5491922229528428,-1.0658613443374634,-0.37882763147354126,-0.08076493442058563,-0.4356340765953064,-0.7848731279373169,-0.5304903715848923,-0.7625066041946411,-0.21016015112400055,-0.25250622630119324,-0.558287501335144,-0.8689913749694824
YPL201C,test,True,True,-1.578262448310852,-0.7666637003421783,-0.8354026675224304,-0.7655633091926575,-0.1856195032596588,-1.3092910051345825,-0.7374420166015625,-0.6894258022308349,-0.2846709191799164,-0.7782014012336731,-0.45991089940071106,-0.9282246828079224,-0.9961211085319519
YPL202C,test,True,True,0.6145318746566772,0.4079583927989006,0.48437851667404175,0.323824405670166,0.07603301852941513,0.5936363339424133,0.5619196891784668,0.6138149917125701,0.5531843900680542,0.43342921137809753,0.46609050035476685,0.6419048309326172,0.9744660258293152
YPL203W,test,True,True,0.5678489208221436,0.6944413304328918,0.3276062607765198,1.0564289093017578,0.9560939073562622,0.6147357821464539,0.5173417925834656,0.6902478456497192,0.5562187433242798,0.5826809406280518,0.8763953447341919,0.8562864661216736,0.5796577334403992
YPL204W,test,False,True,1.440043568611145,0.8667715787887573,0.8684362769126892,0.890710175037384,1.3118891716003418,0.500022292137146,0.7627999782562256,0.7219796478748322,0.2884707748889923,0.9385503530502319,0.8608662486076355,0.6164724826812744,0.9055383801460266
YPL205C,test,False,False,-1.6137820482254028,-1.7545881032943726,-1.8123971223831177,-1.9687957763671875,-1.707524061203003,-1.5189956426620483,-1.7652279138565063,-1.8334588527679443,-2.0262880325317383,-2.031259298324585,-1.8568010330200195,-1.4860870838165283,-1.7668588161468506
YPL206C,test,True,True,0.43425077199935913,0.9458095312118531,0.986027181148529,0.968920886516571,1.0491724014282227,1.0920387506484985,0.6328884363174438,1.0623921751976013,1.2620981931686401,0.752376914024353,1.0644981861114502,0.8544065356254578,1.3785810470581055
YPL207W,test,True,True,0.43054577708244324,0.33797765523195267,0.10790994018316269,0.5821693539619446,0.5060036778450012,0.3277745544910431,0.16603074967861176,0.5402292728424072,0.4722743332386017,0.5732473134994507,0.37124359607696533,0.33226123452186584,0.9521198868751526
YPL208W,test,True,True,-0.43141525983810425,-0.37812875360250475,-0.04832399636507034,-0.6112738847732544,-0.41492921113967896,-0.588539719581604,-0.22757695615291595,-0.17811955586075784,0.007104985415935516,-0.03455987200140953,-0.31528857350349426,-0.6764297485351562,0.1285754293203354
YPL209C,test,True,True,-0.09920338541269302,-0.05242572426795959,0.5317129492759705,-0.4047504663467407,0.018071189522743225,-0.1922069787979126,-0.21495531499385834,0.1871367111802101,0.022542811930179596,0.28080177307128906,0.23998570442199707,0.2094237059354782,0.18292956054210663
YPL210C,test,True,True,0.8103070855140686,0.3946773111820221,0.546541154384613,0.22566643357276917,0.42737653851509094,0.3822900950908661,0.39151233434677124,0.5340477526187897,0.3802291750907898,0.5682049989700317,0.4933958053588867,0.2503596842288971,0.978049099445343
YPL211W,test,True,True,0.11574989557266235,0.5223965089768171,0.7108932137489319,0.5352028608322144,0.5134749412536621,-0.023499229922890663,0.875910758972168,0.594644445180893,0.6333222389221191,1.0266616344451904,0.6136096715927124,0.10917916893959045,0.5904495120048523
YPL212C,test,True,True,0.7280673384666443,0.8479617953300476,0.6893497109413147,0.8717443346977234,1.0638362169265747,0.7172777056694031,0.8976010084152222,1.1272897601127625,1.4270941019058228,1.2773842811584473,1.0385785102844238,1.0149145126342773,0.8784773945808411
YPL213W,test,True,True,0.4089026153087616,0.30219858288764956,0.13081732392311096,0.14747697114944458,0.3121310770511627,0.5420312285423279,0.37853631377220154,0.35183138251304624,0.3119623363018036,0.34743598103523254,0.28610938787460327,0.524910569190979,0.2887386381626129
YPL214C,test,True,True,-0.06525417417287827,0.18198238611221312,0.06339501589536667,0.07021909207105637,0.5497792363166809,0.32347750663757324,-0.09695892035961151,0.3446312464773655,0.3408487141132355,0.04028688743710518,0.5534716844558716,0.42812004685401917,0.36042889952659607
YPL215W,test,True,True,0.2970135509967804,0.16160139590501785,0.059472449123859406,0.5152201056480408,-0.4647771716117859,0.340491384267807,0.35760021209716797,0.4708467245101929,0.3723524510860443,0.8328793048858643,0.15409722924232483,0.3963698744773865,0.5985347628593445
YPL216W,test,True,True,-0.8572720289230347,0.11682324036955834,0.06627631932497025,-0.1915653944015503,0.12071111798286438,0.6265456080436707,-0.037851449102163315,0.11638499908149243,-0.1799396276473999,0.33448848128318787,0.1496010422706604,-0.02515990473330021,0.30293500423431396
YPL217C,test,True,True,0.6477749943733215,0.2300531357526779,0.4455251693725586,0.2063458263874054,0.5794188380241394,-0.2309567928314209,0.1499326378107071,0.18547987341880798,0.5518555641174316,0.22621798515319824,0.19925221800804138,-0.5017524361610413,0.4518260359764099
YPL218W,test,True,True,0.49565550684928894,0.49320227205753325,0.347439706325531,0.44904467463493347,1.165074110031128,0.31452226638793945,0.18993060290813446,0.5982826888561249,0.3129279315471649,0.6845963001251221,0.7520086765289307,0.5505669116973877,0.691313624382019
YPL219W,test,True,True,-0.05709388852119446,0.48349733352661134,0.35601550340652466,0.5188080668449402,0.679691731929779,0.3692649006843567,0.49370646476745605,0.7285601794719696,0.9702818393707275,0.47541868686676025,0.4080526530742645,0.7396798133850098,1.049367904663086
YPL220W,test,True,True,0.5925036072731018,1.0668789744377136,0.7729132771492004,0.8272629976272583,1.7803415060043335,0.9439862966537476,1.0098907947540283,1.1668562173843384,1.0665700435638428,0.7442028522491455,1.1535996198654175,1.1360645294189453,1.7338440418243408
YPL221W,test,True,True,0.18514205515384674,0.8678938984870911,1.072166085243225,1.0808131694793701,1.0206775665283203,0.4468320608139038,0.718980610370636,1.002719557285309,0.6745367050170898,1.2635047435760498,1.0575077533721924,0.6170726418495178,1.4009759426116943
YPL222C-A,test,False,False,-0.7965346574783325,-1.7357001304626465,-1.7387547492980957,-1.8322112560272217,-1.6443297863006592,-1.5296841859817505,-1.9335206747055054,-1.615123176574707,-1.7518175840377808,-1.8982605934143066,-1.5905333757400513,-1.0811700820922852,-1.7538342475891113
YPL222W,test,True,True,-0.32247939705848694,0.04520381018519402,-0.037637073546648026,0.11898252367973328,0.45111343264579773,-0.1504799723625183,-0.1559598594903946,0.1022379133850336,0.18284443020820618,0.6469308733940125,-0.017546726390719414,-0.4566804766654968,0.15564146637916565
YPL223C,test,True,False,-1.1769171953201294,-0.8234424710273742,-0.5842258334159851,-1.3539552688598633,-0.30981069803237915,-0.6775422692298889,-1.1916782855987549,-0.11258315928280353,-0.09691686183214188,0.1811961978673935,0.17259858548641205,-0.030163781717419624,-0.7896299362182617
YPL224C,test,True,True,0.07973235100507736,0.388959139585495,0.5445173382759094,0.39714938402175903,0.35497283935546875,0.32755419611930847,0.3206019401550293,0.6717397153377533,1.034608244895935,0.7073935270309448,0.4502588212490082,0.6198960542678833,0.5465419292449951
YPL225W,test,False,True,1.3308571577072144,1.036831784248352,1.1387327909469604,0.7608655691146851,1.58800208568573,0.9423420429229736,0.7542164325714111,0.696048891544342,0.7164550423622131,0.5589613914489746,0.9098646640777588,0.5459548234939575,0.7490085363388062
YPL226W,test,True,True,0.679179310798645,1.1980553150177002,1.2669814825057983,1.2538115978240967,1.4187653064727783,1.250186800956726,0.8005313873291016,0.9083063244819641,0.7434863448143005,1.1382254362106323,0.7529593110084534,1.1414377689361572,0.7654227614402771
YPL227C,test,True,True,0.3174305260181427,0.8280006229877472,0.3147500455379486,0.5291205644607544,1.7141691446304321,0.7564474940299988,0.825515866279602,0.44403942078351977,0.11026599258184433,0.28328508138656616,0.7226980328559875,0.4449790120124817,0.658968985080719
YPL228W,test,True,True,0.29224875569343567,0.4794334754347801,0.6114529967308044,0.6803908944129944,0.6203191876411438,-0.03943122178316116,0.5244355201721191,0.6371660172939301,0.7116127014160156,0.6148616671562195,0.7861552834510803,0.17272600531578064,0.9004744291305542
YPL229W,test,True,True,0.7420817017555237,0.4757074236869812,0.4790126085281372,0.40824320912361145,0.8378239870071411,0.3585101068019867,0.29494720697402954,0.48898394107818605,0.6973737478256226,0.5622324347496033,0.6550153493881226,0.14922398328781128,0.3810741901397705
YPL230W,test,False,False,0.06698163598775864,-1.4008877158164978,-1.7704652547836304,-1.249262809753418,-1.9523133039474487,-1.190003514289856,-0.842393696308136,-1.4958203554153442,-1.767026424407959,-0.913266658782959,-2.0257058143615723,-1.3324668407440186,-1.4406360387802124
YPL231W,test,True,True,0.9197240471839905,1.5017157554626466,1.2857023477554321,1.2800788879394531,2.4051873683929443,1.6433416604995728,0.8942685127258301,1.4002964973449707,1.400719404220581,1.2547614574432373,1.1739556789398193,1.4823126792907715,1.6897332668304443
YPL232W,test,True,True,1.1224485635757446,1.5398545026779176,1.5970618724822998,1.4094278812408447,1.9761543273925781,1.7291173934936523,0.9875110387802124,1.4156530141830443,1.2144864797592163,1.3439518213272095,1.3357927799224854,1.8837028741836548,1.3003311157226562
YPL233W,test,True,True,0.42366835474967957,0.8654805541038513,0.5434253215789795,0.5243587493896484,1.3222731351852417,1.2639775276184082,0.6733680367469788,1.3484607458114624,1.4138060808181763,1.1307463645935059,1.5747737884521484,1.5855319499969482,1.0374455451965332
YPL234C,test,True,True,0.7304906249046326,0.6867830991744995,0.7520634531974792,0.6136006116867065,1.0127180814743042,0.499107301235199,0.5564260482788086,0.6439725399017334,0.9958904981613159,0.5603514313697815,0.4277258515357971,0.5477718710899353,0.6881230473518372
YPL235W,test,False,True,0.814925491809845,0.09009466767311096,-0.1807137429714203,0.10554073750972748,0.13133785128593445,0.330904483795166,0.06340400874614716,0.24907777830958366,0.41742318868637085,0.04175235703587532,-0.03126635402441025,0.20036974549293518,0.6171099543571472
YPL236C,test,True,True,-0.13116224110126495,-0.020851089805364608,-0.4808311462402344,-0.0077469609677791595,0.4767264127731323,0.082135409116745,-0.17453916370868683,0.24886227324604987,0.08092333376407623,0.514715313911438,0.42969587445259094,0.25699517130851746,-0.038018327206373215
YPL237W,test,True,True,1.2601523399353027,0.6507656455039978,0.5365403294563293,0.5336769223213196,0.874259889125824,0.6015551090240479,0.7077959775924683,0.6844394564628601,0.8325151801109314,0.530944287776947,0.5707734823226929,0.6845573782920837,0.8034069538116455
YPL238C,test,False,False,-1.4261696338653564,-1.7818817615509033,-1.8425114154815674,-1.7589020729064941,-2.140072822570801,-1.2986730337142944,-1.8692494630813599,-1.726750421524048,-1.945891261100769,-1.2385836839675903,-2.0070407390594482,-1.465792179107666,-1.9764442443847656
YPL239W,test,True,True,1.3528413772583008,0.6550878584384918,0.913709819316864,0.3805372416973114,0.5700952410697937,0.7532292008399963,0.6578677892684937,0.42660950422286986,0.5296376943588257,0.1531103253364563,0.10064643621444702,0.44937604665756226,0.9002770185470581
YPL240C,test,False,True,1.137776255607605,1.414541244506836,0.6839560270309448,1.4834198951721191,1.8913439512252808,1.7969683408737183,1.2170180082321167,1.2484066605567932,1.192548394203186,1.4611643552780151,0.9371543526649475,1.2095205783843994,1.441645622253418
YPL241C,test,True,True,-0.16707946360111237,-0.10338310264050961,-0.28064781427383423,-0.27972298860549927,-0.12318778783082962,0.020765239372849464,0.14587783813476562,-0.10069799534976483,-0.6525431871414185,0.18118438124656677,-0.11698130518198013,-0.006129829213023186,0.09097996354103088
YPL242C,test,True,True,0.031238026916980743,0.5436793148517609,0.46306270360946655,0.8058611750602722,0.635734498500824,0.1143781840801239,0.6993600130081177,0.596265298128128,0.702959418296814,0.6484360098838806,0.32242444157600403,0.3207366466522217,0.98676997423172
YPL243W,test,True,True,0.5204063653945923,0.6572766661643982,0.5963630080223083,0.568220853805542,0.7141424417495728,0.9219197630882263,0.48573726415634155,0.590870150923729,0.4939233362674713,0.6670242547988892,0.9068120121955872,0.17266537249088287,0.7139257788658142
YPL244C,test,True,True,0.727348268032074,1.0287671208381652,1.1311837434768677,0.9790666699409485,1.2419580221176147,1.2540771961212158,0.5375499725341797,1.0364394664764405,1.3508235216140747,0.9196821451187134,0.9391899108886719,0.9558460712432861,1.016655683517456
YPL245W,test,True,True,-0.48521119356155396,0.7296796083450318,1.2317267656326294,0.7329026460647583,0.8268969655036926,1.1657859086990356,-0.3089142441749573,0.5339176595211029,0.5875492095947266,0.4921940565109253,0.6299331188201904,0.47657138109207153,0.4833405315876007
YPL246C,test,True,True,0.48030567169189453,0.21538502313196659,0.6314026713371277,0.35880139470100403,0.158255472779274,0.007258595898747444,-0.07879301905632019,0.0900631844997406,0.18602073192596436,0.15741297602653503,0.20014715194702148,-0.2533043324947357,0.16003939509391785
YPL247C,test,True,True,0.40778717398643494,0.47092748880386354,0.30778104066848755,0.7558906078338623,0.5670469403266907,0.49621355533599854,0.22770529985427856,0.4733685255050659,0.5336207151412964,0.7810848355293274,0.34723764657974243,0.3651411533355713,0.3397582769393921
YPL248C,test,True,True,-0.8946097493171692,-0.40879755914211274,-0.25655198097229004,-0.19051557779312134,-0.20879574120044708,-0.05346754193305969,-1.3346569538116455,-0.2758894801139832,-0.2464081048965454,0.07543747127056122,-0.4117071032524109,-0.2011256068944931,-0.5956440567970276
YPL249C,test,True,True,0.41705089807510376,0.3079453006386757,0.4012102484703064,-0.08475334197282791,0.3931281864643097,0.5939741134643555,0.2361672967672348,0.5080207705497741,0.9804655313491821,0.24812310934066772,0.5492786169052124,0.32605063915252686,0.43618595600128174
YPL249C-A,test,True,True,2.150327444076538,2.0191457986831667,1.773779034614563,2.2822072505950928,2.420137643814087,2.0657434463500977,1.5538616180419922,1.4795467734336853,0.8269618153572083,1.918595790863037,1.702628254890442,1.4422366619110107,1.5073113441467285
YPL250C,test,False,True,1.7241530418395996,1.3681604623794557,1.4594676494598389,1.6538686752319336,1.7678074836730957,1.0837421417236328,0.8759163618087769,1.2691803455352784,1.624477505683899,1.3344964981079102,1.0355315208435059,1.277801275253296,1.0735949277877808
YPL250W-A,test,False,False,-1.1846727132797241,-1.7504058122634887,-1.7219527959823608,-2.046736478805542,-1.071373701095581,-1.7937986850738525,-2.1181674003601074,-1.793196702003479,-2.006803274154663,-1.7366130352020264,-1.0579043626785278,-2.1619999408721924,-2.0026628971099854
YPL251W,test,False,False,-1.7361557483673096,-1.0100501716136931,-0.22025412321090698,-1.6682660579681396,-0.3907661736011505,-1.422534465789795,-1.3484300374984741,-0.8502349734306336,-0.27646321058273315,-1.0998270511627197,-0.5229056477546692,-1.35198974609375,-0.9999892115592957
YPL252C,test,True,True,1.3915698528289795,0.5624967753887177,0.7367613911628723,0.4673667550086975,0.4904727041721344,0.5854609608650208,0.5324220657348633,0.8296936750411987,0.8122721314430237,0.9364240765571594,0.45650148391723633,0.766237735748291,1.1770329475402832
YPL253C,test,True,True,0.21562716364860535,0.39369930922985075,-0.024054422974586487,0.27791792154312134,0.9005125164985657,0.17986857891082764,0.6342519521713257,0.7489318788051605,0.9129921197891235,0.6984761953353882,0.8554165363311768,0.0779864490032196,1.1997880935668945
YPL254W,test,True,True,0.13014626502990723,0.6423781156539917,0.40349632501602173,1.2667112350463867,0.7835411429405212,0.518071711063385,0.2400701642036438,0.5034613609313965,0.039777278900146484,0.6739583611488342,0.5201519131660461,0.4838041663169861,0.7996150851249695
YPL255W,test,True,True,0.5363367199897766,0.3186241686344147,0.25375664234161377,0.3834450840950012,0.24946656823158264,0.29860976338386536,0.4078427851200104,0.2681202530860901,0.2466771900653839,0.19494551420211792,0.34155499935150146,0.21869441866874695,0.3387291431427002
YPL256C,test,True,True,0.8691089153289795,0.6575215816497803,0.7150172591209412,0.830034077167511,0.6964913010597229,0.7442745566368103,0.301790714263916,0.3333345986902714,0.5258256196975708,0.45320218801498413,0.03800391033291817,0.7177993059158325,-0.06815803050994873
YPL257W,test,True,False,-0.3621915280818939,-2.0915836095809937,-2.087045431137085,-2.0571160316467285,-2.2432286739349365,-1.9822012186050415,-2.0883266925811768,-2.0850799083709717,-2.1941425800323486,-2.080296754837036,-2.0756661891937256,-1.985544204711914,-2.089749813079834
YPL258C,test,True,True,-0.8698922991752625,-0.3984162896871567,-1.0879955291748047,0.01909591257572174,0.20328356325626373,-0.17334826290607452,-0.9531171321868896,-0.6599047243595123,-1.3020864725112915,0.27622389793395996,-0.18685045838356018,-0.8184652328491211,-1.2683453559875488
YPL259C,test,True,True,0.3994005620479584,1.224028968811035,1.4155772924423218,1.5101118087768555,0.997467041015625,1.4004067182540894,0.7965819835662842,1.2929561138153076,1.580897331237793,0.9703344106674194,1.1220358610153198,1.3259434700012207,1.4655694961547852
YPL260W,test,True,True,0.5996388792991638,0.6843167245388031,0.7610794305801392,0.30461230874061584,1.1560457944869995,0.5552629828453064,0.6445831060409546,0.6823201417922974,0.24875092506408691,0.7319997549057007,0.8115890622138977,0.6454099416732788,0.9738510251045227
YPL261C,test,False,False,-1.8784334659576416,-1.8776099681854248,-2.0850491523742676,-2.0378618240356445,-1.271344780921936,-1.8873683214187622,-2.1064257621765137,-2.042893981933594,-2.189880132675171,-2.1704022884368896,-1.7230660915374756,-2.0939083099365234,-2.037213087081909
YPL262W,test,True,True,0.3679211139678955,0.40444851517677305,0.3845471441745758,0.4167928397655487,0.42401236295700073,0.4851985573768616,0.31169167160987854,0.35081884264945984,-0.17264148592948914,0.5013370513916016,0.5851843357086182,0.4167628288269043,0.4234514832496643
YPL263C,test,True,True,0.4668125808238983,0.32186505794525144,0.20171314477920532,0.08401070535182953,0.34936076402664185,0.877465546131134,0.0967751294374466,0.1886857457458973,-0.03797493129968643,-0.12020060420036316,-0.015308249741792679,0.7505460977554321,0.3663664162158966
YPL264C,test,True,True,-0.9006322622299194,-0.14024458825588226,-0.06234292685985565,-0.29996809363365173,-0.13109993934631348,0.07688602805137634,-0.2846980094909668,0.018160030618309973,0.3141147196292877,-0.023676175624132156,0.05316442996263504,-0.00446726568043232,-0.2483355551958084
YPL265W,test,True,True,0.7865760922431946,0.8749139308929443,1.3715094327926636,1.245335578918457,0.8317056894302368,0.5866799354553223,0.339339017868042,0.8428580641746521,0.9991939067840576,0.6605194807052612,1.1158361434936523,0.5803132057189941,0.8584275841712952
YPL266W,test,True,True,0.44287732243537903,0.6022335886955261,0.7431408762931824,0.1694055199623108,0.7913758158683777,0.7401677370071411,0.5670779943466187,0.7119215369224549,0.8477688431739807,0.526190459728241,0.6859074234962463,0.6690715551376343,0.8306694030761719
YPL267W,test,True,True,0.6262861490249634,0.4081065535545349,0.4916999936103821,0.6890433430671692,0.4968916177749634,-0.46836066246032715,0.8312584757804871,0.3736388385295868,0.40358856320381165,0.5445802211761475,0.4367545545101166,0.04312816262245178,0.4401426911354065
YPL268W,test,True,True,0.4118833541870117,0.46196659207344054,0.49358534812927246,0.5250648260116577,0.6456063389778137,0.2888256311416626,0.35675081610679626,0.4467535674571991,0.33856508135795593,0.7655876278877258,0.13077092170715332,0.34958982467651367,0.6492543816566467
YPL269W,test,True,True,-0.1646440029144287,0.3684151142835617,0.22001898288726807,0.13499723374843597,0.7174436450004578,0.2886890172958374,0.4809266924858093,0.1737312749028206,-0.11925291270017624,0.4086989462375641,0.0918734073638916,-0.08733761310577393,0.5746745467185974
YPL270W,test,True,True,0.09722764045000076,0.09109585657715798,0.22310945391654968,-0.036293014883995056,0.14946524798870087,0.12849892675876617,-0.009301330894231796,-0.10448299050331115,0.16634789109230042,0.24687355756759644,-0.2467419058084488,-0.46185997128486633,-0.2270345240831375
YPL271W,test,True,True,1.769567847251892,0.26591246426105497,0.5126997232437134,-0.12068820744752884,0.309064656496048,0.06536488980054855,0.5631212592124939,0.4420644760131836,0.6806871891021729,0.2239643931388855,0.7768243551254272,-0.17660021781921387,0.7054466605186462
YPL272C,test,True,True,-1.0433708429336548,-1.1281109213829041,-1.0270013809204102,-0.706109344959259,-1.3346471786499023,-1.2477298974990845,-1.3250668048858643,-1.0777066707611085,-0.7888185977935791,-1.1137527227401733,-0.9419335126876831,-1.1898069381713867,-1.3542215824127197
YPL273W,test,True,True,0.865605890750885,-0.17351338267326355,0.329261839389801,-0.5898435115814209,-0.15270276367664337,-0.33609098196029663,-0.11819149553775787,-0.08661740571260453,-0.26904138922691345,-0.10506340861320496,0.29722851514816284,-0.38493871688842773,0.028727971017360687
YPL274W,test,True,True,0.3455279767513275,0.11124464571475982,0.6473835110664368,0.01844698190689087,-0.08951538801193237,0.12798641622066498,-0.1480782926082611,0.407690405100584,0.40466755628585815,0.4295133352279663,0.5526072978973389,0.6066202521324158,0.04504358395934105
YPL277C,test,True,True,-0.5346659421920776,0.45744133591651914,0.3550620675086975,0.7720138430595398,0.4576996862888336,0.30517151951789856,0.39725956320762634,0.4749404612928629,0.5756754875183105,0.42899763584136963,0.5790002942085266,-0.016523567959666252,0.8075524568557739
YPL278C,test,True,False,-0.6563782095909119,-1.121830689907074,-1.3359885215759277,-1.2435715198516846,-1.1605896949768066,-0.27310889959335327,-1.5958948135375977,-1.0436393022537231,-1.0930758714675903,-1.299722671508789,-0.3917067050933838,-0.7453421354293823,-1.6883491277694702
YPL279C,test,True,True,-0.8027669787406921,0.14138153120875357,0.34056124091148376,-0.25392550230026245,0.4267886281013489,0.16815398633480072,0.02532930299639702,0.39984912276268003,0.2414454221725464,0.36091047525405884,0.36337801814079285,0.4158827066421509,0.6176289916038513
YPL280W,test,True,True,-2.0038468837738037,-0.8783768892288208,-0.5939958691596985,-0.5496816039085388,-1.4474366903305054,-0.4841437339782715,-1.3166265487670898,-0.7854449212551117,-0.40319570899009705,-0.3002966642379761,-1.5644357204437256,-0.6265976428985596,-1.0326988697052002
YPL281C,test,False,False,-2.088510751724243,-1.6527088642120362,-1.58505380153656,-1.879723310470581,-1.6472761631011963,-1.6588865518569946,-1.4926044940948486,-1.5703425884246827,-1.9873168468475342,-1.3713608980178833,-1.4242773056030273,-1.2093425989151,-1.8594152927398682
YPL282C,test,False,True,-2.088510751724243,-1.1655806183815003,-1.629457950592041,-0.37970423698425293,-2.09147572517395,-0.7114260792732239,-1.0158390998840332,-1.1491286158561707,-1.3849772214889526,-1.1052007675170898,-1.911592721939087,-0.7654809951782227,-0.5783913731575012
YPL283C,test,False,True,-2.088510751724243,-1.6503227829933167,-2.063399314880371,-1.595560073852539,-1.8866369724273682,-1.7962431907653809,-0.9097743630409241,-1.7084370136260987,-1.8206273317337036,-1.8842355012893677,-1.9431464672088623,-1.3904376029968262,-1.5037381649017334
YPL283W-A,test,False,False,-2.088510751724243,-2.0963351249694826,-2.1560075283050537,-2.1812102794647217,-2.223548173904419,-1.8769912719726562,-2.0439183712005615,-2.2264248371124267,-2.2566657066345215,-2.2337160110473633,-2.216383695602417,-2.2407920360565186,-2.1845667362213135
YPL283W-B,test,False,False,-2.088510751724243,-2.164913606643677,-2.1724140644073486,-2.1877551078796387,-2.285461902618408,-2.0195472240448,-2.1593897342681885,-2.1687814235687255,-2.1483476161956787,-2.1601526737213135,-2.2109649181365967,-2.2429606914520264,-2.0814812183380127
YPR001W,test,True,True,-0.9524242281913757,-0.3010300576686859,0.18165162205696106,-0.15746885538101196,-0.5166015028953552,-0.1265338659286499,-0.8861976861953735,-0.4739131361246109,-0.7376607656478882,-0.4113914370536804,-0.25985080003738403,-0.7309380769729614,-0.22972460091114044
YPR002C-A,test,False,False,-1.7026679515838623,-1.1194409132003784,-1.3341388702392578,-1.692145824432373,0.28253912925720215,-1.278340220451355,-1.5751187801361084,-1.1532222509384156,-1.6591907739639282,-1.2870792150497437,-0.8105267286300659,-0.794135570526123,-1.2151789665222168
YPR002W,test,False,True,-0.31523600220680237,-0.052245582640171054,-0.12076736241579056,0.18392807245254517,0.10209788382053375,-0.06216402351856232,-0.3643224835395813,-0.21914584338665008,-0.17141583561897278,-0.5152542591094971,0.14873041212558746,-0.1059829592704773,-0.45180657505989075
YPR003C,test,True,True,-0.04051680862903595,0.4352858990430832,0.2882646918296814,0.2028868943452835,0.4945072829723358,0.8241519331932068,0.36661869287490845,0.34612733460962775,0.17667946219444275,0.502309262752533,0.15654857456684113,0.027810247614979744,0.867289125919342
YPR004C,test,True,True,0.5967663526535034,0.5484175026416779,0.7906362414360046,0.6749997735023499,0.42571258544921875,0.3741111755371094,0.47662773728370667,0.5730809986591339,1.1032215356826782,0.4326425790786743,0.22257548570632935,0.3606680929660797,0.746297299861908
YPR005C,test,True,True,-0.2201756089925766,0.06809466183185578,0.7575412392616272,0.5880925059318542,-0.5915994048118591,-0.5338565707206726,0.12029553949832916,0.11239097192883492,0.8411307334899902,0.692482054233551,-0.9548479914665222,-0.05120937526226044,0.03439943864941597
YPR006C,test,True,True,-0.891672670841217,-0.8276986241340637,-0.7908042669296265,-1.1041080951690674,-0.6365695595741272,-0.8091919422149658,-0.7978192567825317,-0.44165939688682554,-0.4320540726184845,-0.6935133337974548,-0.24001017212867737,-0.32595887780189514,-0.516760528087616
YPR007C,test,True,True,-1.5663862228393555,-1.8828289747238158,-1.6516697406768799,-2.071967840194702,-2.0921270847320557,-1.612481713294983,-1.985898494720459,-1.7873183250427247,-1.9013208150863647,-1.8065426349639893,-1.667320728302002,-1.5633705854415894,-1.9980368614196777
YPR008W,test,True,True,0.5415257811546326,0.047146144509315493,-0.5494784712791443,0.28283536434173584,0.649387538433075,-0.3520486056804657,0.20503489673137665,-0.21150630116462707,-0.9309238195419312,0.2247631549835205,0.4157434105873108,-0.3984226584434509,-0.3686915934085846
YPR009W,test,True,True,0.2743692994117737,0.4543414920568466,0.42845436930656433,0.438083291053772,0.23369969427585602,0.8591932654380798,0.31227684020996094,0.5826753005385399,1.0504835844039917,0.6723365783691406,0.06338553875684738,0.8810557126998901,0.2461150884628296
YPR010C,test,True,True,0.5656815767288208,0.8574191927909851,0.832159698009491,0.9134518504142761,1.066481113433838,0.7834382653236389,0.6915650367736816,0.7724355697631836,1.0855834484100342,0.9884531497955322,0.5401724576950073,0.49756211042404175,0.7504066824913025
YPR010C-A,test,True,True,0.5609288811683655,0.21071745865046979,0.48713117837905884,0.4768528342247009,-0.34483325481414795,-0.0019502881914377213,0.4363868236541748,-0.042464989423751834,-0.2513362169265747,0.2376176416873932,-0.9887553453445435,0.07436710596084595,0.7157818675041199
YPR011C,test,True,False,-0.16557951271533966,-0.49601022601127626,-0.007443562150001526,-0.21202272176742554,-0.7530522346496582,-0.15292789041996002,-1.354604721069336,-0.4927403353154659,-0.25951117277145386,0.025230754166841507,-1.1703166961669922,-0.5000684857368469,-0.5590360760688782
YPR012W,test,False,False,-1.4246201515197754,-1.0268564820289612,-0.7504938244819641,-1.5020065307617188,-0.7184388041496277,-0.8033692240715027,-1.3599740266799927,-0.7187370836734772,-0.9246180057525635,-1.334506630897522,-0.34286797046661377,-0.6906255483627319,-0.3010672628879547
YPR013C,test,True,True,0.32971319556236267,0.44017691612243653,0.4059297442436218,1.7568283081054688,-1.133442759513855,0.5748090744018555,0.5967602133750916,0.4504293590784073,0.5901508927345276,0.9188152551651001,-0.24782203137874603,0.5483137369155884,0.4426889419555664
YPR014C,test,False,False,-2.088510751724243,-1.6920820236206056,-1.4613795280456543,-1.9660134315490723,-1.8860747814178467,-1.3825117349624634,-1.7644306421279907,-1.5396055459976197,-1.481423258781433,-1.864173173904419,-1.5367352962493896,-1.453930377960205,-1.3617656230926514
YPR015C,test,True,True,-0.48620036244392395,0.0010363072156906127,-1.411950707435608,-0.024202212691307068,0.4032891094684601,0.6703621745109558,0.36768317222595215,0.2168452613055706,-0.37784168124198914,0.02649262174963951,0.38704627752304077,0.5261492729187012,0.5223798155784607
YPR016C,test,True,True,0.34613722562789917,1.120995044708252,0.6841827034950256,1.245434284210205,1.6509318351745605,1.3262428045272827,0.6981835961341858,1.1283385038375855,1.439719796180725,0.9700695276260376,1.2905195951461792,0.8142712116241455,1.1271123886108398
YPR016W-A,test,False,False,-1.9736788272857666,-1.8816530227661132,-1.1469817161560059,-2.1345975399017334,-2.027710199356079,-2.036731004714966,-2.0622446537017822,-1.8734673500061034,-1.2419204711914062,-2.037841796875,-1.9376094341278076,-2.143313407897949,-2.0066516399383545
YPR017C,test,True,True,0.7695294618606567,0.11663112938404083,-0.007627442479133606,0.17253145575523376,0.30359286069869995,-0.18014061450958252,0.2947993874549866,0.33215165734291074,0.36862069368362427,0.22925600409507751,0.5648852586746216,0.3860822916030884,0.11191403865814209
YPR018W,test,True,True,0.6501332521438599,0.3887939780950546,0.5162215232849121,-0.16780199110507965,1.2157456874847412,-0.4274664521217346,0.8072711229324341,0.7680902481079102,0.6533873081207275,0.9030234813690186,0.8704204559326172,0.4509074091911316,0.9627125859260559
YPR019W,test,False,True,0.3084491193294525,-0.14847336672246456,-0.29944831132888794,-0.624117910861969,0.2664414048194885,0.005040602758526802,-0.0902826189994812,0.08742302656173706,0.0797472894191742,-0.15275782346725464,0.4797368049621582,0.2810347080230713,-0.25064584612846375
YPR020W,test,True,True,0.16888144612312317,-0.328103332221508,-0.4715385437011719,-0.15224620699882507,0.16857501864433289,-0.03686156123876572,-1.1484453678131104,-0.06787938252091408,0.07452159374952316,0.007534567266702652,0.10050813853740692,-0.3926733136177063,-0.12928789854049683
YPR021C,test,True,True,-0.330348938703537,-0.2997801549732685,3.0525028705596924e-05,-1.067875862121582,-0.09790358692407608,-0.2883586883544922,-0.04479316249489784,-0.32034448310732844,-0.3339685797691345,-0.1975475400686264,-0.6453057527542114,-0.44368255138397217,0.018782008439302444
YPR022C,test,True,True,0.45360851287841797,0.2066006362438202,0.40889376401901245,0.13421832025051117,0.36199939250946045,-0.1551416665315628,0.2830333709716797,0.5499992430210113,0.4169786274433136,1.011940598487854,0.6525909900665283,0.18608343601226807,0.4824025630950928
YPR023C,test,True,True,0.5851549506187439,0.20173604488372804,-0.21842175722122192,0.14934134483337402,0.23176677525043488,0.6175827980041504,0.22841106355190277,0.26593581438064573,-0.14845696091651917,0.15544021129608154,0.1465463936328888,0.617171585559845,0.5589778423309326
YPR024W,test,True,True,0.6099821925163269,0.16295234709978104,0.011516064405441284,-0.0031406953930854797,0.1319655478000641,0.5877102613449097,0.08671055734157562,-0.14633436799049376,-0.4971945881843567,-0.280956894159317,-0.24452343583106995,0.15195223689079285,0.13905084133148193
YPR025C,test,True,True,0.5910552144050598,0.6027530491352081,0.6857934594154358,0.6938075423240662,0.7311567664146423,0.6033934354782104,0.2996140420436859,0.2592973742634058,0.49148330092430115,0.16340643167495728,0.3669264614582062,0.02974572964012623,0.24492494761943817
YPR026W,test,False,False,-0.38801541924476624,-1.1500809907913208,-0.9002842903137207,-1.3372299671173096,-1.1924728155136108,-1.062760591506958,-1.2576572895050049,-1.113959300518036,-0.9177229404449463,-1.4334778785705566,-1.4856724739074707,-0.6342365145683289,-1.098686695098877
YPR027C,test,True,True,-1.7935770750045776,-0.6264208763837814,-0.5689869523048401,-1.251347541809082,-0.5051330327987671,-0.6339787840843201,-0.1726580709218979,-0.6519904553890228,-0.7248424887657166,-0.15445883572101593,-1.42122483253479,-0.8151122331619263,-0.14431388676166534
YPR028W,test,True,True,0.727773904800415,0.5656719982624054,0.19610831141471863,0.708977997303009,0.6662183403968811,0.7448404431343079,0.5122148990631104,0.5264296531677246,0.44653356075286865,0.6537824869155884,0.5346658229827881,0.6649452447891235,0.3322211503982544
YPR029C,test,True,True,0.4323946535587311,0.7660694360733032,0.5740113854408264,0.8983361721038818,0.86949223279953,0.7891812920570374,0.6993260979652405,0.5033700987696648,0.12335040420293808,0.9378899335861206,0.3064510226249695,0.4315339922904968,0.7176251411437988
YPR030W,test,True,True,-0.9190059304237366,-1.3041918754577637,-1.0750706195831299,-1.5890707969665527,-1.0369797945022583,-1.2487303018569946,-1.5711078643798828,-1.2499529123306274,-1.2423583269119263,-1.8265318870544434,-1.258033037185669,-0.9026453495025635,-1.0201959609985352
YPR031W,test,True,True,-0.18508248031139374,0.2362123791128397,0.4821786880493164,0.790336549282074,0.09561777114868164,-0.02599899284541607,-0.16107212007045746,0.22216896302998065,-0.42542514204978943,0.6429332494735718,0.029920483008027077,0.45007896423339844,0.41333726048469543
YPR032W,test,True,True,0.296891987323761,-0.22972528636455536,-0.17722845077514648,-0.21535606682300568,-0.26141107082366943,-0.1825692355632782,-0.312061607837677,-0.16737043857574463,-0.8601007461547852,0.09836994111537933,0.1465947926044464,-0.07463429868221283,-0.1470818817615509
YPR033C,test,True,True,0.4104873538017273,0.8003042697906494,0.8346000909805298,0.9304898381233215,0.8016545176506042,0.7110252976417542,0.7237516045570374,0.6646685779094696,0.7630038857460022,0.6437393426895142,0.4229584336280823,0.43176397681236267,1.0618772506713867
YPR034W,test,True,True,0.7020313143730164,0.8006275534629822,0.726684033870697,0.9992571473121643,0.7803220152854919,0.7473326921463013,0.7495418787002563,0.7195157468318939,1.0092378854751587,0.7277528643608093,0.46971115469932556,0.6682254076004028,0.7226514220237732
YPR035W,test,True,True,1.4824684858322144,0.9353148221969605,0.8322765231132507,1.1038050651550293,0.9539811611175537,0.8219196200370789,0.9645917415618896,0.5869457066059113,0.2770495116710663,0.9047731757164001,0.7949511408805847,0.2903672456741333,0.6675874590873718
YPR036W,test,True,True,0.8744816780090332,0.6511352717876434,0.2762451469898224,0.9413431882858276,1.3189704418182373,0.0872352123260498,0.63188236951828,0.5927049517631531,0.2010597288608551,0.570181667804718,1.0743228197097778,0.3534727394580841,0.7644878029823303
YPR036W-A,test,True,True,3.1081831455230713,0.7734042882919312,0.7993835806846619,0.6849938035011292,1.0807263851165771,0.7020133137702942,0.5999043583869934,1.0755017876625061,1.7423611879348755,0.8049452900886536,0.46241676807403564,1.6541037559509277,0.7136819362640381
YPR037C,test,True,True,0.7396559119224548,0.41017535924911497,0.49449169635772705,0.24039846658706665,0.5707913041114807,0.41700977087020874,0.3281855583190918,0.4152512222528458,0.31550511717796326,0.08649717271327972,0.5566380023956299,0.34525662660598755,0.7723591923713684
YPR038W,test,False,False,-1.7893805503845215,-1.5637950897216797,-1.187198281288147,-1.6657259464263916,-1.6818888187408447,-1.3715864419937134,-1.9125759601593018,-1.3311357736587524,-1.0474848747253418,-1.3978321552276611,-1.4268238544464111,-1.1877347230911255,-1.5958032608032227
YPR039W,test,False,False,-2.088510751724243,-1.822205901145935,-1.51756751537323,-1.6958427429199219,-2.002863883972168,-1.870577096939087,-2.0241782665252686,-1.6970844745635987,-1.1965073347091675,-1.593550205230713,-1.904428243637085,-1.8103867769241333,-1.9805498123168945
YPR040W,test,True,True,0.4803764522075653,0.5721415221691132,0.8279857039451599,0.4169861078262329,0.7139658331871033,0.6636545658111572,0.23811540007591248,0.746746826171875,0.5214512944221497,0.5436550378799438,0.9275074005126953,0.9519034624099731,0.789216935634613
YPR041W,test,True,True,1.2526652812957764,0.4716718703508377,0.686909019947052,0.5535652041435242,0.24774070084095,0.4287034869194031,0.4414409399032593,0.8282411813735961,0.8919187784194946,1.0981595516204834,0.733389675617218,0.5043214559555054,0.9134164452552795
YPR042C,test,True,True,0.17029283940792084,0.9565947532653809,0.7066813111305237,0.7304827570915222,1.0441203117370605,1.4406377077102661,0.8610516786575317,0.5912949025630951,0.34974321722984314,0.3730499744415283,0.39437806606292725,0.8508119583129883,0.9884912967681885
YPR043W,test,True,True,1.9856042861938477,1.520883846282959,1.4580353498458862,0.638563871383667,2.2952802181243896,1.9493001699447632,1.2632396221160889,1.023541760444641,1.0647443532943726,0.7733076810836792,1.1427550315856934,1.1273348331451416,1.0095669031143188
YPR044C,test,False,False,-1.6829833984375,-1.793834662437439,-1.526520848274231,-2.163092851638794,-2.038121461868286,-1.6208531856536865,-1.6205849647521973,-1.7111801624298095,-1.6299086809158325,-2.0114917755126953,-1.7023533582687378,-1.7394530773162842,-1.472693920135498
YPR045C,test,True,True,0.7805144190788269,0.6699162542819976,0.3442206084728241,0.6465660929679871,0.8903456926345825,1.0905841588974,0.3778647184371948,1.0288976192474366,0.7749351263046265,1.069042682647705,1.0473482608795166,1.0075186491012573,1.2456433773040771
YPR046W,test,True,True,0.49749132990837097,0.4619941532611847,0.48774003982543945,0.5419797301292419,0.7574942708015442,0.20011097192764282,0.32264575362205505,0.5936067461967468,0.6824430227279663,0.4125058054924011,0.7196779847145081,0.25391942262649536,0.8994874954223633
YPR047W,test,True,True,0.12557938694953918,0.09344171583652497,-0.003071501851081848,-0.12683779001235962,0.27523869276046753,0.26573094725608826,0.0561482310295105,0.025403084605932234,-0.30349671840667725,-0.22536349296569824,0.4589804410934448,0.17519108951091766,0.02170410379767418
YPR048W,test,True,True,0.38500770926475525,-0.1025060087442398,-0.3933282792568207,-0.06922128796577454,0.1922260969877243,-0.39471715688705444,0.15251058340072632,0.2747075781226158,0.02918795496225357,0.5721383690834045,0.12314283847808838,0.13723458349704742,0.5118341445922852
YPR049C,test,True,True,-0.3040373623371124,0.6578629016876221,0.6820107698440552,0.6072605848312378,1.0833841562271118,0.41308653354644775,0.5035724639892578,0.9273537039756775,0.9215872287750244,1.0535765886306763,0.882189154624939,0.9032639265060425,0.8761516213417053
YPR050C,test,False,False,-1.5189731121063232,-1.3444315552711488,-0.8642488718032837,-2.018249273300171,-1.63138747215271,-0.7339641451835632,-1.4743080139160156,-1.1938857913017273,-1.393123745918274,-1.8890089988708496,-0.9492141604423523,-0.7284494638442993,-1.0096325874328613
YPR051W,test,True,True,1.0074734687805176,0.5468672901391983,0.7881393432617188,0.7425245642662048,0.6738029718399048,0.4204251170158386,0.10944445431232452,0.5444566488265992,0.5322452783584595,0.8170291185379028,0.46311187744140625,0.36341410875320435,0.5464828610420227
YPR052C,test,True,True,-0.19396597146987915,-0.1413530707359314,-0.022749900817871094,0.49297887086868286,-1.3109636306762695,0.6883715391159058,-0.554402232170105,0.02363584041595459,-0.5345326662063599,0.5808101892471313,-0.9457683563232422,0.23332101106643677,0.7843490242958069
YPR053C,test,False,False,0.2122475504875183,-0.7273580636829138,-0.31107696890830994,-0.9079554080963135,-1.4485700130462646,-0.029853476211428642,-0.9393344521522522,-0.1902514982968569,-0.6904420256614685,-0.028770381584763527,-0.5898593664169312,0.4672006368637085,-0.10938635468482971
YPR054W,test,True,True,-1.800399899482727,0.05243744254112244,0.2938756048679352,0.39831963181495667,-0.7753790020942688,0.06755787134170532,0.2778131067752838,0.044787222146987916,0.42194992303848267,0.4080907702445984,-0.09640541672706604,-0.8266403079032898,0.31694114208221436
YPR055W,test,True,True,0.006045721936970949,0.7116041660308838,0.8410000205039978,0.5089492201805115,0.7528015971183777,0.8795252442359924,0.5757447481155396,0.7441937506198884,0.4865836203098297,0.8079794645309448,0.5339887738227844,0.5679324269294739,1.3244844675064087
YPR056W,test,False,True,0.3363363742828369,0.3856901049613953,0.39092618227005005,0.46049320697784424,0.7190747261047363,0.090142160654068,0.2678142488002777,0.7141241669654846,0.9177625179290771,0.580782949924469,0.6881571412086487,0.5161081552505493,0.867810070514679
YPR057W,test,True,True,0.20946061611175537,0.7177996873855591,0.8345464468002319,0.396194189786911,0.9655551314353943,0.9860250353813171,0.40667763352394104,0.9725143551826477,0.5565621256828308,1.4931610822677612,0.6078066229820251,0.873141348361969,1.3319005966186523
YPR058W,test,True,True,-0.19542531669139862,0.11436827145516873,0.23153868317604065,-0.07978645712137222,0.3979414701461792,-0.0220924224704504,0.044240083545446396,-0.07999097779393197,-0.06727615743875504,-0.02073364332318306,-0.11319906264543533,-0.5805032253265381,0.3817571997642517
YPR059C,test,False,False,-1.667330265045166,-1.0529200673103332,0.48175013065338135,-1.9512450695037842,-1.7425673007965088,-1.7686400413513184,-0.2838980555534363,-0.9993609480559826,-0.06521886587142944,-1.5547953844070435,-1.6749595403671265,-1.6965839862823486,-0.0052469633519649506
YPR060C,test,True,True,0.5555434823036194,0.17377649992704391,0.11259322613477707,-0.23805269598960876,0.42309051752090454,0.14990568161010742,0.4213457703590393,0.10632307603955268,0.27881184220314026,0.0427924282848835,-0.1023908406496048,-0.20042210817337036,0.5128240585327148
YPR061C,test,True,True,-0.4234486520290375,0.7695097684860229,0.7838748097419739,0.3665047883987427,1.0853053331375122,0.9499306082725525,0.6619333028793335,0.9631343245506286,0.8785834312438965,0.7943460941314697,0.8301315903663635,1.181413173675537,1.1311973333358765
YPR062W,test,True,True,1.5032622814178467,0.41706414967775346,-0.010754741728305817,0.6230146288871765,1.0025612115859985,-0.04034529626369476,0.5108449459075928,0.24152330309152603,-0.5233231782913208,0.620695173740387,0.5281113386154175,0.04945320636034012,0.5326799750328064
YPR063C,test,True,True,1.0710760354995728,-0.4400319933891296,-0.21220704913139343,-0.8741384148597717,-0.23994341492652893,-0.37910497188568115,-0.49476611614227295,-0.4775777533650398,-0.030169226229190826,-0.9948784708976746,-0.41005808115005493,-0.4096178412437439,-0.5431651473045349
YPR064W,test,False,False,-1.8751901388168335,-1.6103867292404175,-1.1548469066619873,-1.3716027736663818,-1.6184144020080566,-1.791293978691101,-2.1157755851745605,-1.476264190673828,-1.3775782585144043,-1.5299350023269653,-1.3055013418197632,-1.7462129592895508,-1.422093391418457
YPR065W,test,True,True,1.872467279434204,1.1407816380262374,1.4198545217514038,1.8101649284362793,1.6005851030349731,0.04902319610118866,0.8242804408073425,1.667516040802002,1.419993281364441,1.6084284782409668,2.045308828353882,1.4152754545211792,1.848574161529541
YPR066W,test,False,True,-0.39606431126594543,0.14901153445243837,0.12306486815214157,-0.07676342874765396,0.14537523686885834,0.2445071041584015,0.30887389183044434,0.30803278237581255,-0.08873333781957626,0.3123517334461212,0.2711363434791565,0.24708148837089539,0.7983276844024658
YPR067W,test,True,True,0.8205110430717468,0.8581306338310242,0.7015659213066101,0.735063910484314,1.1614725589752197,1.1395505666732788,0.5530002117156982,0.5450197637081147,0.7352780103683472,0.3563642203807831,0.40529531240463257,0.7515713572502136,0.4765899181365967
YPR068C,test,True,True,-0.2711314558982849,-0.2554749697446823,0.18747371435165405,-0.8688243627548218,0.08023719489574432,-0.5060795545578003,-0.17018184065818787,-0.2080696277320385,-0.11731429398059845,0.057348597794771194,-0.06421583890914917,-0.637068510055542,-0.2790980935096741
YPR069C,test,True,True,0.21001195907592773,0.03492603227496147,0.5065481066703796,-0.15840643644332886,0.03809529170393944,0.29758960008621216,-0.509196400642395,0.15583221465349198,0.5217764377593994,0.0399482287466526,-0.1585342437028885,0.3378489315509796,0.03812171891331673
YPR070W,test,True,True,0.2929215729236603,0.02166697084903717,0.383895605802536,-0.06692221760749817,0.3395201563835144,-0.1523943990468979,-0.3957642912864685,0.08114216029644013,0.43669089674949646,0.21103593707084656,0.07974496483802795,-0.47063392400741577,0.14887292683124542
YPR071W,test,True,True,0.15582045912742615,-0.1046769917011261,-0.005349218845367432,-0.5518977046012878,0.1775352507829666,-0.3143284022808075,0.17065511643886566,-0.28196737468242644,0.1781056821346283,-0.24739837646484375,-0.12084467709064484,-0.9176653623580933,-0.3020341396331787
YPR072W,test,True,True,0.682544469833374,0.550261777639389,0.7635436058044434,0.5360221266746521,0.7525750398635864,0.7872217297554016,-0.0880536139011383,0.5846952795982361,0.6811943054199219,0.5909092426300049,0.7207115292549133,0.33024030923843384,0.6004210114479065
YPR073C,test,True,True,0.6062354445457458,0.42137823104858396,0.13099020719528198,0.22352474927902222,0.562492311000824,0.5758023858070374,0.6140815019607544,0.5034952700138092,0.4270189702510834,0.3738744854927063,0.48276209831237793,0.6762096285820007,0.5576111674308777
YPR074C,test,True,True,1.013850212097168,1.468303108215332,1.439414143562317,1.51621413230896,2.13158917427063,0.8601113557815552,1.3941867351531982,1.291061520576477,1.7973909378051758,1.1639659404754639,1.3694732189178467,0.4017285108566284,1.7227489948272705
YPR074W-A,test,False,False,-1.8977502584457397,-1.8463859558105469,-1.8859604597091675,-1.8243515491485596,-2.0510852336883545,-1.9649325609207153,-1.5055999755859375,-1.754656982421875,-2.139331579208374,-1.5106111764907837,-1.8222579956054688,-1.9012547731399536,-1.399829387664795
YPR075C,test,True,True,0.8531057834625244,0.7895400285720825,0.1532796025276184,1.2460272312164307,1.021925449371338,0.987493097782135,0.5389747619628906,0.820754224061966,0.9922325611114502,0.9455420970916748,0.6599107980728149,1.0371516942977905,0.46893396973609924
YPR076W,test,False,False,-1.617417812347412,-1.5032667517662048,-1.8602688312530518,-1.747948408126831,-1.482169508934021,-0.5014200806617737,-1.9245269298553467,-1.2569100975990295,-1.843031644821167,-1.6947585344314575,-1.0652837753295898,-0.4847950339317322,-1.1966814994812012
YPR077C,test,False,False,-2.088510751724243,-0.8483481738716364,-0.7410841584205627,-1.2637958526611328,-1.1378068923950195,-0.0247028935700655,-1.0743510723114014,-0.6786411881446839,-0.7409612536430359,-0.7464348077774048,-1.017185926437378,-0.26055222749710083,-0.6280717253684998
YPR078C,test,True,True,-1.940317153930664,-0.7798758029937745,-0.7316024303436279,-1.271355390548706,-0.9477754235267639,-0.301984965801239,-0.6466608047485352,-0.718590846657753,-0.8921511173248291,-0.24786484241485596,-1.0374640226364136,-0.18393905460834503,-1.2315351963043213
YPR079W,test,True,True,0.4310239851474762,-0.8461042314767837,-1.31465744972229,-0.9390941262245178,-0.0919230729341507,-0.5514035820960999,-1.3334429264068604,-1.0056177794933319,-1.156093716621399,-0.8915609121322632,-0.357719749212265,-1.1132121086120605,-1.5095024108886719
YPR080W,test,True,True,0.9588358402252197,1.425111711025238,1.0937284231185913,0.7984138131141663,2.118317127227783,1.4277468919754028,1.6873522996902466,1.4146822929382323,1.1839652061462402,1.178436279296875,1.4935230016708374,1.4009069204330444,1.816580057144165
YPR081C,test,True,True,-0.030704617500305176,-1.2574595093727112,-1.196624755859375,-1.2550814151763916,-1.615925669670105,-0.49179965257644653,-1.7278660535812378,-1.1505048632621766,-1.213682770729065,-0.932133674621582,-1.427988052368164,-0.4388173222541809,-1.7399024963378906
YPR082C,test,True,True,0.4077508747577667,-0.3599099412560463,-0.2160538136959076,-0.8162792325019836,0.40146660804748535,0.12435593456029892,-1.2930392026901245,-0.4467537641525269,-0.5908914804458618,-1.2676646709442139,-0.15582573413848877,-0.06864380836486816,-0.15074312686920166
YPR083W,test,False,True,-0.14244955778121948,0.33442225977778434,0.2900182604789734,0.1143893152475357,0.6384115815162659,0.5687479376792908,0.060544203966856,0.5613845765590668,0.3779115378856659,0.5013128519058228,0.8525288701057434,0.3416963815689087,0.7334732413291931
YPR084W,test,False,True,0.31660687923431396,0.1981227070093155,0.16491198539733887,0.024189099669456482,0.21201415359973907,0.35733354091644287,0.23216475546360016,0.3947696417570114,0.2843640148639679,0.11209289729595184,0.2718174457550049,0.4671618640422821,0.8384119868278503
YPR085C,test,False,True,-0.22848032414913177,0.06942501366138458,0.2908823490142822,0.0928867757320404,0.1533704400062561,-0.28487899899482727,0.09486450254917145,-0.13211479634046555,-0.10350308567285538,-0.14937742054462433,-0.07214662432670593,-0.41666144132614136,0.08111459016799927
YPR086W,test,False,True,0.870729923248291,0.15999067425727845,0.4216560125350952,-0.14234580099582672,0.10461607575416565,0.17841127514839172,0.23761580884456635,-0.22622784972190857,0.3484179675579071,-0.3103071451187134,-0.44830235838890076,-0.9470879435539246,0.22614023089408875
YPR087W,test,False,False,-1.6625139713287354,-0.8405866771936417,-0.2631722390651703,-1.6461193561553955,-0.8484696745872498,-1.2825762033462524,-0.16259591281414032,-0.8906138345599175,-0.020039252936840057,-1.5799906253814697,-1.1527588367462158,-1.3993200063705444,-0.3009604513645172
YPR088C,test,True,True,0.5347812175750732,0.4261954613029957,0.6450528502464294,-0.01220899447798729,0.9951320290565491,0.26469555497169495,0.23830586671829224,0.5039595127105713,0.48231491446495056,0.6508820056915283,0.17932766675949097,0.22220554947853088,0.9850674271583557
YPR089W,test,False,True,0.41571345925331116,0.3165194600820541,0.6520045399665833,0.25708508491516113,0.5561359524726868,-0.10025858879089355,0.2176303118467331,0.4874103877693415,0.49776986241340637,0.7778733372688293,0.19079908728599548,0.012051688507199287,0.9585579633712769
YPR091C,test,True,True,0.17341940104961395,0.25485235899686814,-0.09606079012155533,0.3731025159358978,0.3324497938156128,0.4077731966972351,0.25699707865715027,0.31514271125197413,0.5300717949867249,-0.005090449005365372,0.2006039172410965,0.5420234203338623,0.30810487270355225
YPR092W,test,False,False,-1.8215807676315308,-1.2098434805870055,-1.6822181940078735,-0.6415706872940063,-0.6887896656990051,-1.2954469919204712,-1.7411918640136719,-1.1373830258846283,-1.3712092638015747,-0.18010076880455017,-0.9676153659820557,-1.353588581085205,-1.8144011497497559
YPR093C,test,True,True,0.511422336101532,0.20504267811775206,0.4844849705696106,-0.23945575952529907,0.6206961274147034,0.4811230003833771,-0.3216349482536316,0.3622828349471092,0.41645577549934387,0.3464388847351074,0.6164675354957581,-0.032215751707553864,0.4642677307128906
YPR094W,test,True,True,0.48936015367507935,0.14823901355266572,0.2586996257305145,0.28708726167678833,0.440338671207428,0.11892606317996979,-0.36385655403137207,0.2707304548472166,0.09149052947759628,0.18605166673660278,0.425533652305603,0.02747119776904583,0.6231052279472351
YPR095C,test,True,True,0.1337207853794098,0.18442506194114686,0.5294426083564758,-0.12295982241630554,0.28882071375846863,0.09935931861400604,0.1274624913930893,0.12690952904522418,-0.07631570845842361,0.40901196002960205,-0.01585867814719677,0.07098640501499176,0.24672366678714752
YPR096C,test,True,True,0.4936728775501251,-0.09385823011398316,0.1743876338005066,-0.5839723944664001,-0.23801395297050476,0.08181002736091614,0.0964975357055664,0.08313172608613968,0.10030978173017502,0.29764145612716675,-0.47228825092315674,0.144021674990654,0.3459739685058594
YPR097W,test,False,True,0.11031106114387512,-0.18326656930148602,-0.08587135374546051,-0.4111143946647644,-0.09999867528676987,0.009622963145375252,-0.32897138595581055,-0.12127992324531078,-0.08382668346166611,-0.0993664562702179,-0.23422962427139282,0.012839632108807564,-0.20181648433208466
YPR098C,test,True,True,0.0434931144118309,0.5837129592895508,0.5625352263450623,0.6123159527778625,0.8310233950614929,0.5305578708648682,0.382132351398468,0.663290411233902,0.858855664730072,0.418514221906662,0.69996577501297,0.5301947593688965,0.8089216351509094
YPR099C,test,False,False,-0.6626415252685547,-1.4137324213981628,-1.1315020322799683,-1.87062406539917,-1.4958264827728271,-0.6981409192085266,-1.8725686073303223,-1.599932312965393,-1.1284347772598267,-2.0985028743743896,-1.7795279026031494,-0.9984073638916016,-1.994788646697998
YPR100W,test,True,True,1.353677749633789,0.808487331867218,0.500614583492279,0.4665732979774475,0.8708735108375549,1.6258357763290405,0.5785394906997681,0.6654975116252899,0.6630873680114746,0.624434769153595,1.063289999961853,0.533055305480957,0.44362011551856995
YPR101W,test,True,True,1.155868411064148,0.6957570791244507,0.5501917004585266,0.48589450120925903,0.7904232740402222,1.0629206895828247,0.5893552303314209,0.7789384841918945,0.9254053235054016,0.7173107862472534,0.76646488904953,0.8650683760643005,0.6204430460929871
YPR102C,test,True,True,0.9722728729248047,1.3770359635353089,1.3008662462234497,1.599315881729126,1.7489994764328003,0.9946950078010559,1.2413032054901123,1.5261219024658204,1.6088007688522339,1.7221276760101318,1.405251383781433,1.3567135334014893,1.5377161502838135
YPR103W,test,True,True,1.0704882144927979,1.2773622155189515,0.7820335030555725,1.5902061462402344,1.3847970962524414,1.0640580654144287,1.56571626663208,1.3924682140350342,1.4508477449417114,1.5609098672866821,1.3557775020599365,1.4322247505187988,1.162581205368042
YPR104C,test,True,True,0.4790937304496765,0.11760079264640808,0.3996589779853821,-0.5251005291938782,0.4679204821586609,-0.11135932803153992,0.3568843603134155,0.22463241964578629,0.6851857900619507,-0.07079343497753143,0.19216609001159668,0.060910217463970184,0.2556934356689453
YPR105C,test,True,True,0.012957881204783916,0.4870602935552597,0.6630827784538269,0.8247859477996826,-0.08840435743331909,0.15160374343395233,0.8842333555221558,0.26726248748600484,0.039408840239048004,0.6942938566207886,0.006522195413708687,0.1628023087978363,0.4332852363586426
YPR106W,test,True,True,-0.05383434146642685,0.3413459062576294,-0.26989537477493286,0.49045324325561523,0.6435061097145081,0.1858465075492859,0.6568190455436707,0.33565102219581605,-0.18709436058998108,0.3620489239692688,0.5109430551528931,0.3592072129249573,0.6331502795219421
YPR107C,test,True,True,0.346192866563797,0.5452618479728699,0.38868141174316406,0.4859737157821655,0.7133836150169373,0.7736021876335144,0.3646683096885681,0.3202514499425888,0.1968006193637848,0.3948010206222534,0.5063548684120178,0.37539196014404297,0.12790878117084503
YPR108W,test,True,True,0.9620803594589233,0.46356319189071654,0.4493524134159088,0.43931105732917786,0.7469673156738281,0.2712801694869995,0.41090500354766846,0.4960543572902679,0.6296858191490173,0.30434325337409973,0.5637264251708984,0.44725608825683594,0.5352602005004883
YPR108W-A,test,False,True,-2.088510751724243,-0.39724518060684205,-0.5602579116821289,-0.2992416024208069,-0.2545642852783203,-0.05956912040710449,-0.8125929832458496,-0.35939681306481364,-0.30316808819770813,-0.054557252675294876,-0.5999336242675781,-0.5196569561958313,-0.31966814398765564
YPR109W,test,True,True,0.016956975683569908,0.7778924524784088,0.7890501618385315,0.8218172192573547,0.8177475929260254,1.1049643754959106,0.3558829128742218,0.8014988303184509,0.6268600225448608,0.9559506177902222,0.7463374733924866,0.5818238258361816,1.0965222120285034
YPR110C,test,True,True,0.6642172336578369,0.6011601686477661,0.4511379599571228,0.24655529856681824,1.1808221340179443,0.32852140069007874,0.7987640500068665,0.17879463285207747,0.12375367432832718,0.2777940630912781,-0.19142577052116394,-0.09736661612987518,0.7812178134918213
YPR111W,test,True,True,0.24969817698001862,0.8737915635108948,1.1078113317489624,0.8204836249351501,1.0819350481033325,0.8252926468849182,0.5334351658821106,0.7269476592540741,0.7880388498306274,1.0609314441680908,0.46667373180389404,0.1701953113079071,1.148898959159851
YPR112C,test,True,True,0.6652969121932983,0.8639312267303467,0.29817497730255127,1.1061863899230957,0.9979811310768127,0.9501287341117859,0.9671849012374878,0.7623642444610595,0.396939218044281,0.7564660310745239,0.6186704039573669,0.5471816062927246,1.4925639629364014
YPR113W,test,True,True,0.6050480604171753,0.029782517254352568,-0.1976172924041748,-0.009806923568248749,-0.3346308171749115,0.2980411648750305,0.3929264545440674,0.19749320521950722,-0.3102796673774719,0.01139875128865242,0.27607592940330505,0.2038787603378296,0.806392252445221
YPR114W,test,False,True,0.8805071115493774,0.36312923580408096,0.3651575446128845,0.38988736271858215,0.11956322938203812,0.639908492565155,0.301129549741745,0.2504212498664856,0.27561432123184204,0.16842101514339447,-0.035152360796928406,0.28169918060302734,0.5615240931510925
YPR115W,test,True,True,0.4768902063369751,0.3767749935388565,0.13345113396644592,0.77473384141922,0.4198867678642273,0.4153338372707367,0.14046938717365265,0.43150557279586793,0.1707804799079895,0.8238286972045898,0.35165560245513916,0.3356561064720154,0.4756069779396057
YPR116W,test,True,True,-0.36647725105285645,0.14364522099494934,0.29074352979660034,0.5876142978668213,0.4560437500476837,-0.17771422863006592,-0.4384612441062927,0.19660963714122773,0.17401185631752014,0.38439273834228516,0.19294585287570953,0.11878862977027893,0.11290910840034485
YPR117W,test,True,True,-0.39701709151268005,-0.31114275604486463,-0.6545063853263855,-0.1218697801232338,-0.31600797176361084,-0.0639958381652832,-0.39933380484580994,-0.5157284289598465,-0.95662921667099,-0.18847869336605072,-0.8194149136543274,-0.2783876955509186,-0.3357316255569458
YPR118W,test,True,True,0.11121770739555359,0.307798345386982,-0.023028306663036346,0.22647997736930847,0.2762297987937927,0.6679505705833435,0.39135968685150146,0.43777997642755506,-0.043713681399822235,0.49062126874923706,0.03336513042449951,0.45368117094039917,1.254945993423462
YPR119W,test,True,True,0.7766158580780029,0.6242299675941467,0.5775715112686157,0.6997223496437073,0.7666000723838806,0.6138410568237305,0.46341484785079956,0.669421261548996,0.7911871671676636,1.3398120403289795,0.30714964866638184,0.6459916830062866,0.26296576857566833
YPR120C,test,True,True,0.1777881383895874,0.2636267304420471,-0.3788345456123352,0.8374728560447693,0.9909064173698425,-0.4230707585811615,0.2916596829891205,0.6423323094844818,0.36863207817077637,0.9843850135803223,0.6602462530136108,0.7266687154769897,0.47172948718070984
YPR121W,test,True,False,-0.6720236539840698,-1.66320743560791,-1.2411962747573853,-2.1734933853149414,-1.5704870223999023,-1.3276296854019165,-2.0032308101654053,-1.671004056930542,-1.598692774772644,-1.8868749141693115,-1.1566256284713745,-1.619628667831421,-2.093198299407959
YPR122W,test,True,True,0.11472439765930176,0.2358572393655777,0.27574604749679565,0.30980464816093445,0.12906692922115326,0.3919011354446411,0.07276743650436401,0.34181883856654166,0.11600542813539505,0.008693475276231766,0.7144980430603027,0.41358232498168945,0.45631492137908936
YPR123C,test,False,False,-1.4605296850204468,-1.489582884311676,-0.2511170506477356,-1.761181116104126,-1.6979385614395142,-1.7552260160446167,-1.9824516773223877,-1.5889821529388428,-1.125113606452942,-1.6834343671798706,-1.6211419105529785,-1.6369545459747314,-1.8782663345336914
YPR124W,test,True,True,-0.41800427436828613,-0.2188735455274582,0.44366416335105896,-0.9008567333221436,-0.6988147497177124,-0.044802576303482056,0.1064421683549881,0.09157388135790825,0.20210599899291992,0.0416974239051342,-0.4267042279243469,0.09962297976016998,0.5411472320556641
YPR125W,test,False,True,0.5841535329818726,0.3553644195199013,0.25809764862060547,0.6111140251159668,0.12262440472841263,0.3056248426437378,0.4793611764907837,0.5785602450370788,0.4786194860935211,0.603800892829895,0.2947894036769867,0.7763644456863403,0.7392269968986511
YPR126C,test,False,False,-1.689320683479309,-1.7097885847091674,-1.5601872205734253,-2.112377166748047,-1.9244211912155151,-1.1768635511398315,-1.7750937938690186,-1.6953930616378785,-1.7424887418746948,-1.764307975769043,-1.6151998043060303,-1.2387137413024902,-2.116255044937134
YPR127W,test,True,True,-0.16888369619846344,0.8411356687545777,0.8093510270118713,0.9606925845146179,0.8469876646995544,0.9165095686912537,0.6721374988555908,0.448495477437973,0.6099909543991089,0.6972178220748901,0.265419602394104,0.36963123083114624,0.30021777749061584
YPR128C,test,True,True,-0.4116979241371155,0.3895154297351837,0.5144640803337097,0.39575713872909546,0.46857568621635437,0.2245103120803833,0.34426993131637573,0.4808073461055756,0.502772331237793,0.45797550678253174,0.5447532534599304,0.5128383636474609,0.38569727540016174
YPR129W,test,True,True,1.2357637882232666,0.5807511568069458,0.2815244197845459,0.6960711479187012,0.5100058317184448,0.8133739829063416,0.6027804017066956,0.5958107888698578,0.4876803457736969,0.6863554120063782,0.6289001703262329,0.7401670217514038,0.43595099449157715
YPR130C,test,False,False,-1.0726063251495361,-1.790745735168457,-1.2810808420181274,-2.1377339363098145,-1.626294732093811,-1.8677587509155273,-2.040860414505005,-1.8941363573074341,-1.6045969724655151,-1.9953420162200928,-1.7412409782409668,-1.999558448791504,-2.129943370819092
YPR131C,test,True,True,0.2802828550338745,0.8874451011419296,1.170418620109558,0.3689150810241699,1.6190826892852783,0.16311852633953094,1.1156905889511108,0.7931089997291565,1.047432541847229,0.7223963737487793,1.0545313358306885,0.5775337219238281,0.5636510252952576
YPR132W,test,True,True,1.0209909677505493,1.616085958480835,1.8375767469406128,1.582817792892456,1.5912569761276245,1.4937301874160767,1.5750480890274048,1.2529844999313355,1.1893092393875122,1.5467456579208374,1.0454444885253906,1.2951127290725708,1.1883103847503662
YPR133C,test,True,True,0.9142868518829346,0.7755585610866547,0.7422985434532166,0.9501946568489075,1.0265381336212158,0.9345390796661377,0.22422239184379578,0.7409574151039123,0.5914313793182373,1.187706708908081,0.5604184865951538,0.6801488995552063,0.6850816011428833
YPR133W-A,test,True,True,2.485689163208008,0.4785218328237534,0.7631338834762573,0.7764137983322144,0.4373103976249695,0.045308634638786316,0.3704424500465393,0.2007983386516571,0.7346811294555664,0.37996578216552734,0.20548677444458008,-0.4203173816204071,0.1041753888130188
YPR134W,test,True,False,0.06467356532812119,-1.4501943588256836,-1.0446528196334839,-1.3056702613830566,-1.7187446355819702,-1.42338228225708,-1.7585217952728271,-1.41949143409729,-1.2166475057601929,-1.0577863454818726,-1.5331292152404785,-1.3455431461334229,-1.9443509578704834
YPR135W,test,True,True,-0.0015004918677732348,-0.043352861702442166,0.02647676318883896,-0.24951240420341492,0.2772837281227112,-0.3648754358291626,0.09386304020881653,0.07680710554122924,0.22653648257255554,-0.26319658756256104,-0.12459602952003479,0.23300421237945557,0.31228744983673096
YPR136C,test,False,False,-1.8955533504486084,-2.1259774923324586,-2.1659233570098877,-2.127047538757324,-2.2417850494384766,-1.9978078603744507,-2.0973236560821533,-2.005267333984375,-1.9815701246261597,-2.1344785690307617,-2.0465805530548096,-1.834718108177185,-2.028989315032959
YPR137W,test,True,True,0.8700509071350098,0.7206694304943084,0.6879584789276123,0.6675271391868591,1.464163064956665,0.40524277091026306,0.3784556984901428,0.7102867245674134,0.6098109483718872,0.6584672331809998,0.8224576711654663,0.6420766115188599,0.8186211585998535
YPR138C,test,True,True,0.2411171942949295,-0.8287686869502068,-1.2859129905700684,-1.1342053413391113,-1.4873485565185547,-0.04251610487699509,-0.19386044144630432,-0.5306538838893176,-1.6974619626998901,-0.3132917881011963,-0.6256738305091858,0.017286064103245735,-0.03412790223956108
YPR139C,test,True,True,0.6423280835151672,-0.01696811392903328,-0.22783392667770386,0.1067456305027008,0.4643236994743347,-0.4613809585571289,0.033304985612630844,-0.016499344259500504,0.1588650345802307,0.04895510897040367,0.12380921840667725,-0.5246171951293945,0.11049111187458038
YPR140W,test,True,True,0.10246644169092178,0.3851135432720184,0.17887917160987854,0.5662403106689453,0.6084430813789368,0.1658746302127838,0.40613052248954773,0.3355167075991631,-0.029133237898349762,0.5081964135169983,0.3736165761947632,0.5298120379447937,0.29509174823760986
YPR141C,test,True,True,0.13992832601070404,0.44561087489128115,0.32924872636795044,0.17639929056167603,0.8811672925949097,0.44012972712516785,0.40110933780670166,0.456230902671814,0.4146217405796051,0.4016458988189697,0.6636542081832886,0.329656720161438,0.47157594561576843
YPR142C,test,False,False,-1.8432248830795288,-1.6225920796394349,-0.7999952435493469,-2.0695996284484863,-1.2784278392791748,-1.9436628818511963,-2.0212748050689697,-1.6042624473571778,-0.9383680820465088,-1.9508414268493652,-1.0788905620574951,-2.0870790481567383,-1.9661331176757812
YPR143W,test,True,True,1.3073354959487915,0.8713840842247009,1.1360074281692505,0.6166394352912903,1.583167314529419,0.4153861999511719,0.605720043182373,0.7204854011535644,0.7524005770683289,0.8280956149101257,1.2157032489776611,0.31607019901275635,0.4901573657989502
YPR144C,test,True,True,0.4604417681694031,0.7638121515512466,0.31486374139785767,1.3572924137115479,0.921795666217804,0.17345233261585236,1.0516566038131714,0.6023125588893891,0.4487323760986328,0.8193503618240356,0.6543270349502563,0.43658915162086487,0.6525638699531555
YPR145C-A,test,True,True,-0.18859218060970306,0.7386726856231689,0.4835137724876404,1.499415397644043,0.5498493313789368,0.5963250398635864,0.5642598867416382,0.5672125518321991,-0.06223791837692261,1.1692291498184204,0.6261156797409058,0.4895668923854828,0.6133889555931091
YPR145W,test,True,True,1.4271697998046875,1.2598207116127014,1.6550348997116089,1.6988351345062256,1.2299755811691284,1.0655075311660767,0.6497504115104675,0.7282588124275208,0.5212013721466064,0.7233964204788208,0.4932417869567871,1.0317559242248535,0.8716985583305359
YPR146C,test,False,False,-0.365792840719223,-1.000711941719055,-0.6666589975357056,-1.6147291660308838,-1.1823298931121826,-1.0591734647750854,-0.48066818714141846,-1.0130400657653809,-0.9555515646934509,-1.351143479347229,-0.5498781204223633,-1.442449927330017,-0.766177237033844
YPR147C,test,False,True,0.02802719920873642,0.33003065586090086,0.5551385879516602,-0.20399001240730286,0.23941344022750854,0.7194902300834656,0.340101033449173,0.26626764270477,0.22056174278259277,0.23875468969345093,-0.0037773980293422937,0.5301839113235474,0.3456152677536011
YPR148C,test,True,True,0.661849856376648,0.953796899318695,0.4803154468536377,1.104513168334961,1.5002379417419434,1.0068732500076294,0.677044689655304,1.1817687392234801,1.193872332572937,0.6448333859443665,1.3491584062576294,1.0799412727355957,1.6410382986068726
YPR149W,test,True,True,1.1745121479034424,-0.3906200110912323,-0.2509293556213379,-0.41048505902290344,-0.6569880247116089,-0.49110668897628784,-0.14359092712402344,-0.2444212794303894,0.5439021587371826,-0.7902431488037109,-0.3513593077659607,-0.2804141044616699,-0.3439919948577881
YPR150W,test,False,False,-0.9649407267570496,-1.7850574493408202,-1.8386088609695435,-2.191951036453247,-1.598440408706665,-1.1987143754959106,-2.0975725650787354,-1.8356178283691407,-1.9221835136413574,-2.0995190143585205,-1.7618831396102905,-1.3149937391281128,-2.079509735107422
YPR151C,test,True,False,-0.6189508438110352,-0.3588642552495003,-0.057617463171482086,-0.48677951097488403,-0.8879712224006653,-0.1976502388715744,-0.16430284082889557,-0.03713405132293701,-0.12219147384166718,0.35926538705825806,-0.6789775490760803,-0.09386976063251495,0.35010313987731934
YPR152C,test,True,False,0.28906092047691345,-1.0096288561820983,-1.2102094888687134,-1.3134651184082031,-0.9045310616493225,-1.363871693611145,-0.2560669183731079,-0.9983361244201661,-0.8813358545303345,-1.6378947496414185,-1.0231444835662842,-0.8733079433441162,-0.5759975910186768
YPR153W,test,False,False,-0.5025051236152649,-1.1600702166557313,-0.6179503202438354,-0.883442223072052,-1.9020376205444336,-1.2018682956695557,-1.1950526237487793,-1.0597280383110046,-0.6604746580123901,-0.9872772693634033,-1.73808753490448,-0.8879420161247253,-1.0248587131500244
YPR154W,test,True,True,1.3382643461227417,0.7075990289449692,0.6206462383270264,1.3514759540557861,0.12976418435573578,0.6679994463920593,0.7681093215942383,1.0301433682441712,1.4356144666671753,1.2446322441101074,0.6102908849716187,1.0972386598587036,0.7629405856132507
YPR155C,test,True,True,-0.028160933405160904,0.10049247592687607,-0.022119618952274323,-0.18093794584274292,0.6161269545555115,-0.04316681623458862,0.13255980610847473,-0.012631253525614738,-0.811298131942749,-0.18420447409152985,0.16054470837116241,-0.0055098142474889755,0.7773114442825317
YPR156C,test,True,True,0.23947133123874664,0.4976265490055084,0.43172159790992737,0.2195776402950287,0.7066659331321716,0.6575747132301331,0.47259286046028137,0.5346195966005325,0.03474855422973633,0.6513239741325378,0.22107626497745514,0.7622866034507751,1.0036625862121582
YPR157W,test,True,True,-0.5788564682006836,-0.15708358399569988,-0.010853191837668419,0.20690226554870605,0.17998723685741425,-0.4659043252468109,-0.6955499053001404,0.16459516659379006,0.12958666682243347,0.31259995698928833,0.380764365196228,0.02095896005630493,-0.02093411609530449
YPR158W,test,True,True,1.0065457820892334,1.1457730054855346,1.2559601068496704,1.1936147212982178,1.1032450199127197,1.2462373971939087,0.9298077821731567,0.581021961569786,1.0537954568862915,0.44870638847351074,0.4461266100406647,0.1497931033372879,0.8066882491111755
YPR159C-A,test,True,True,-1.0829640626907349,-0.47297548651695254,0.15345999598503113,0.30141139030456543,-1.1775574684143066,-0.5882782340049744,-1.0539131164550781,-0.41882876455783846,-0.4459396302700043,-0.24482378363609314,-0.7059851884841919,-0.17556323111057281,-0.5218319892883301
YPR159W,test,True,True,0.7029479146003723,0.7772190809249878,0.712213933467865,1.005357027053833,0.3670763373374939,0.9975897073745728,0.8038583993911743,0.8008270263671875,0.4034302532672882,0.9343233704566956,0.2558683454990387,1.4043673276901245,1.0061458349227905
YPR160C-A,test,False,False,-1.3417809009552002,-1.8644007921218873,-1.9328235387802124,-2.1112430095672607,-1.9933264255523682,-1.4836137294769287,-1.800997257232666,-1.633867359161377,-2.0336408615112305,-1.427917718887329,-1.4400725364685059,-1.697143793106079,-1.5705618858337402
YPR160W,test,False,True,-0.7287850975990295,0.6101002141833305,1.107455849647522,0.05808567255735397,0.6883156299591064,0.8908147811889648,0.30582913756370544,0.20718438061885536,0.20079892873764038,0.2544066905975342,0.0037421302404254675,0.2185688316822052,0.35840532183647156
YPR160W-A,test,False,False,-2.088510751724243,-0.09169681072235107,-0.15688443183898926,-0.33496177196502686,0.25548475980758667,0.03442740440368652,-0.25655001401901245,-0.038286133855581286,-0.3349820077419281,0.3481016755104065,-0.3013303875923157,0.04425621032714844,0.052523840218782425
YPR161C,test,True,True,0.5830186009407043,0.7661119818687439,0.7675371170043945,0.7110499739646912,1.188697338104248,0.47352564334869385,0.6897498369216919,0.5675016105175018,0.3381049335002899,0.9821376800537109,0.525923490524292,0.4623170495033264,0.5290248990058899
YPR162C,test,False,False,0.1490389108657837,-0.40694759115576745,0.3090142011642456,-0.20916587114334106,0.018145252019166946,-1.4617961645126343,-0.6909353733062744,-0.3429989732801914,0.11337289959192276,-0.6860305666923523,-0.2483651340007782,-0.9218857288360596,0.027913663536310196
YPR163C,test,True,True,0.9227486252784729,0.49876723289489744,0.3989463746547699,0.42353829741477966,0.6473747491836548,0.4357532262802124,0.5882235169410706,0.5260076701641083,0.12503883242607117,0.6689746975898743,0.8187132477760315,0.24928098917007446,0.76803058385849
YPR164W,test,True,True,0.06585467606782913,-0.19684812128543855,0.3479612469673157,-1.1349060535430908,0.06571047008037567,-0.10838711261749268,-0.15461915731430054,-0.018539777398109435,0.2038271427154541,-0.016501817852258682,-0.1135801374912262,-0.10590645670890808,-0.06053761765360832
YPR165W,test,True,True,0.9790582656860352,0.9492933988571167,1.2044239044189453,0.937824547290802,1.0324864387512207,0.851799726486206,0.7199323773384094,1.0674524784088135,0.9789971113204956,1.0555410385131836,0.8581163883209229,0.7666388750076294,1.677968978881836
YPR166C,test,True,True,-0.013963745906949043,0.6176371216773987,0.566053569316864,0.7593393921852112,0.7011525630950928,0.5898962616920471,0.4717438220977783,0.7417204141616821,0.2491024136543274,1.152638554573059,0.8665069341659546,0.6551493406295776,0.7852048277854919
YPR167C,test,True,True,0.040643516927957535,0.15404678434133529,0.1033463105559349,0.7008509039878845,0.040553972125053406,0.12097401916980743,-0.19549128413200378,0.355751234292984,0.3937069773674011,0.8981633186340332,0.30810993909835815,0.25892195105552673,-0.08014601469039917
YPR168W,test,True,True,-0.11571411788463593,0.024836717545986174,-0.23759427666664124,0.28110581636428833,0.019762061536312103,-0.1343255192041397,0.1952355057001114,0.2891810849308968,-0.0007612332701683044,0.54306960105896,0.5101062059402466,0.09563654661178589,0.29785430431365967
YPR169W,test,True,True,0.66619873046875,0.16238740384578704,0.5165033936500549,0.4161558747291565,0.4986010789871216,-0.19861413538455963,-0.42070919275283813,0.015453755483031273,0.16951274871826172,0.26867789030075073,0.012898916378617287,-0.3357951045036316,-0.03802567347884178
YPR169W-A,test,False,False,-2.088510751724243,-0.2928676337003708,0.4659174084663391,0.12076343595981598,-0.41990965604782104,-0.36349260807037354,-1.2676167488098145,-0.4463092267513275,0.3954566419124603,-0.4975334405899048,-0.6516692638397217,-0.6186875104904175,-0.859112560749054
YPR170C,test,False,False,-1.228011131286621,-1.2374375104904174,-1.3949105739593506,-1.1355226039886475,-1.3967430591583252,-1.370470643043518,-0.8895406723022461,-1.264355969429016,-1.8305048942565918,-0.7585146427154541,-1.3645288944244385,-1.1854376792907715,-1.1827937364578247
YPR170W-A,test,False,False,-2.088510751724243,-0.654030579328537,0.1336628496646881,-0.3725685477256775,-0.3664286732673645,-1.2911021709442139,-1.3737163543701172,-0.8497547000646591,-0.0057844966650009155,-0.5276222825050354,-1.2118686437606812,-1.4775652885437012,-1.025932788848877
YPR170W-B,test,False,True,-1.4901995658874512,1.0051992774009704,1.0377827882766724,1.4281466007232666,1.0263917446136475,0.7792748808860779,0.754400372505188,0.7641327679157257,1.2310857772827148,0.8914777040481567,0.9007052183151245,0.31494376063346863,0.4824513792991638
YPR171W,test,True,True,0.46786919236183167,0.1418839745223522,0.035178229212760925,-0.00186055526137352,0.3669518232345581,0.08489271253347397,0.2242576628923416,0.11676678657531739,-0.264516144990921,0.18295393884181976,0.09254053235054016,0.0975688248872757,0.4752867817878723
YPR172W,test,True,True,0.4075910151004791,0.523927241563797,0.5662306547164917,0.3234143555164337,0.7226284146308899,0.5062946677207947,0.501068115234375,0.4730731606483459,0.6601513028144836,0.46612274646759033,0.2401769757270813,0.08100366592407227,0.9179111123085022
YPR173C,test,False,True,1.0180516242980957,0.40349542945623396,0.12207432836294174,0.4054693579673767,0.7105239033699036,0.44108474254608154,0.33832481503486633,0.4462797001004219,0.006861008703708649,0.4719335436820984,0.7203239798545837,0.3823671340942383,0.6499128341674805
YPR174C,test,True,True,0.4943625032901764,0.3917468532919884,0.05698602646589279,0.47303658723831177,0.7994290590286255,0.2770584225654602,0.3522241711616516,0.633549588918686,0.6921025514602661,0.8828651905059814,0.8600166440010071,0.341905415058136,0.39085814356803894
YPR175W,test,True,True,0.21858875453472137,-0.36119164526462555,0.2722850441932678,-0.6306520104408264,-0.931887149810791,-0.4002518057823181,-0.11545230448246002,-0.14002877473831177,0.6079404354095459,-0.23363694548606873,-0.03387385606765747,-0.18704375624656677,-0.8535297513008118
YPR176C,test,True,True,0.028016716241836548,0.548013174533844,0.44698959589004517,0.38188445568084717,0.8858182430267334,0.4489781856536865,0.5763953924179077,0.5174511492252349,0.5086890459060669,0.5574207305908203,0.30143770575523376,0.6130913496017456,0.6066169142723083
YPR177C,test,False,False,-2.0011391639709473,-1.4727686047554016,-1.972975254058838,-1.632308006286621,-1.6578633785247803,-1.4203799962997437,-0.6803163886070251,-1.5351846098899842,-1.7211443185806274,-1.6761722564697266,-1.5683778524398804,-1.9609366655349731,-0.7492919564247131
YPR178W,test,True,True,0.20991475880146027,0.4992544770240784,0.3668091595172882,0.4379723370075226,0.6506558656692505,0.658905565738678,0.3819294571876526,0.473018741607666,0.512052595615387,0.5718405246734619,0.4142436385154724,0.32493042945861816,0.5420265197753906
YPR179C,test,True,True,0.3514207899570465,0.15356683731079102,0.3235000967979431,0.010214142501354218,0.12050949037075043,0.06912840157747269,0.24448205530643463,0.3495195750147104,0.5489985942840576,0.30051931738853455,0.022166164591908455,0.4040273427963257,0.47188645601272583
YPR180W,test,True,True,0.014030802994966507,0.004857403039932251,0.18435350060462952,-0.32848215103149414,0.13654477894306183,-0.03183211386203766,0.06370300054550171,0.22017238661646843,0.48941758275032043,-0.011807944625616074,0.07400418817996979,0.11524272710084915,0.43400537967681885
YPR181C,test,True,True,1.0113255977630615,0.936663806438446,1.0742202997207642,1.1169118881225586,0.518653392791748,1.2821563482284546,0.6913771033287048,0.7581884324550628,0.9108440279960632,0.7724549174308777,0.4136040508747101,0.9704875946044922,0.7235515713691711
YPR182W,test,True,True,1.5914597511291504,0.6828206002712249,0.7264553308486938,0.7352392673492432,0.8173065781593323,0.7593486905097961,0.37575313448905945,0.49268805980682373,0.6391301155090332,0.7164229154586792,0.3414461016654968,0.2643967270851135,0.5020444393157959
YPR183W,test,True,True,1.366305947303772,0.6657930254936218,0.5299702286720276,0.7478107213973999,0.8463364839553833,0.6316814422607422,0.5731662511825562,0.98220876455307,0.8514680862426758,0.9117993116378784,0.7583851218223572,1.1717349290847778,1.2176563739776611
YPR184W,test,False,True,-0.2153036743402481,0.09221808463335038,0.5751979351043701,0.045791931450366974,0.39886248111724854,0.36832043528556824,-0.927082359790802,0.22828375697135925,0.6976538300514221,0.3724982440471649,0.31918710470199585,0.33672237396240234,-0.584642767906189
YPR185W,test,True,True,0.4848250448703766,0.1636098377406597,0.20316070318222046,-0.012550696730613708,0.48316335678100586,0.11486940085887909,0.02940642461180687,0.13933855816721916,-0.0023384615778923035,-0.015968646854162216,0.35108235478401184,0.160426527261734,0.20349101722240448
YPR186C,test,True,True,0.30767524242401123,0.39251587614417077,0.5097543597221375,0.2648046612739563,0.7674725651741028,0.38255003094673157,0.037997763603925705,0.3520628184080124,0.18141552805900574,0.582891583442688,0.1748928278684616,0.06891468167304993,0.7521994709968567
YPR187W,test,True,True,1.2839267253875732,0.36877663880586625,0.0963551476597786,0.20271843671798706,0.847515881061554,0.5753787755966187,0.12191495299339294,0.5639421939849854,0.30452921986579895,0.7571338415145874,0.3684473931789398,0.5954405069351196,0.794160008430481
YPR188C,test,True,True,0.5870754718780518,0.18134659826755523,0.4059598743915558,-0.1444385051727295,0.8208776712417603,-0.26859569549560547,0.0929296463727951,0.02949952706694603,0.3446449339389801,0.05722164735198021,-0.16244074702262878,-0.3132110834121704,0.22128288447856903
YPR189W,test,False,True,0.14325082302093506,-0.027231763303279876,0.06738968938589096,-0.17784279584884644,0.043376047164201736,-0.11805203557014465,0.04897027835249901,0.14064991064369678,0.13915827870368958,-0.10772448778152466,0.022019119933247566,0.1112283244729042,0.5385683178901672
YPR190C,test,True,True,0.3087592124938965,1.0961771965026856,1.0419219732284546,1.2803499698638916,1.2447227239608765,0.8705089092254639,1.0433824062347412,1.159881091117859,0.749550998210907,1.5933315753936768,0.9153427481651306,1.2702765464782715,1.2709035873413086
YPR191W,test,True,True,0.5455928444862366,0.6763335108757019,0.4901583194732666,0.7324668765068054,0.6339507699012756,0.9809405207633972,0.5441510677337646,0.7534802436828614,0.9136456251144409,0.49080413579940796,0.876386821269989,0.6017430424690247,0.8848215937614441
YPR192W,test,True,True,-1.3104695081710815,-0.9504836320877075,-0.24753981828689575,-1.317441701889038,-1.4371898174285889,-0.4952778220176697,-1.2549690008163452,-0.8154492318630219,-0.4508518874645233,-0.6914768815040588,-1.666499137878418,-0.9661667346954346,-0.30225151777267456
YPR193C,test,True,True,-0.31695595383644104,-0.35449016839265823,-0.0003918856382369995,-0.8007839322090149,-0.06302755326032639,-0.49983835220336914,-0.40840911865234375,-0.2596449412405491,-0.020657159388065338,-0.2517320513725281,-0.036448098719120026,-0.9739222526550293,-0.0154651440680027
YPR194C,test,True,False,-1.6876615285873413,-0.4743385374546051,-1.0341708660125732,-0.8146169781684875,-0.28032562136650085,-0.32465213537216187,0.082072913646698,-0.6935433857142925,-1.1614794731140137,-0.11308693885803223,-1.730588436126709,-0.5023279190063477,0.03976583853363991
YPR195C,test,False,False,-0.36696335673332214,-1.45584237575531,-0.9811633825302124,-1.8118352890014648,-1.4445104598999023,-1.4770971536636353,-1.5646055936813354,-1.1245959758758546,-1.1442997455596924,-1.4014081954956055,-0.9488704204559326,-0.8921592235565186,-1.2362422943115234
YPR196W,test,True,True,-0.8148883581161499,-0.5403108604252338,-0.022496957331895828,-1.4715027809143066,0.15005092322826385,-0.19789543747901917,-1.1597100496292114,-0.604203325510025,-0.4742331802845001,-1.4847708940505981,-0.7174472808837891,0.2405586838722229,-0.5851239562034607
YPR197C,test,False,False,-1.5266436338424683,-1.6571527242660522,-1.7444159984588623,-1.5190579891204834,-1.9513604640960693,-1.3716596364974976,-1.6992695331573486,-1.4323193669319152,-1.5134118795394897,-1.4587739706039429,-1.8557846546173096,-1.3486453294754028,-0.9849810004234314
YPR198W,test,True,True,-0.08635298162698746,-0.9905529737472534,-0.6429451107978821,-1.3461377620697021,-1.161447286605835,-0.5310171246528625,-1.2712175846099854,-1.0704614162445067,-0.7449983358383179,-1.0202478170394897,-0.7656867504119873,-1.2854259014129639,-1.5359482765197754
YPR199C,test,True,True,0.30400922894477844,0.22983547449111938,0.2408876121044159,0.2783167362213135,0.5607120990753174,-0.08161398768424988,0.15087491273880005,0.36635732278227806,0.5964426398277283,0.7453043460845947,-0.05199049785733223,-0.19544026255607605,0.7374703884124756
YPR200C,test,True,True,-0.34860339760780334,-0.3503476470708847,-0.7617128491401672,-0.006503168493509293,-0.25635749101638794,-0.7020679116249084,-0.025096815079450607,-0.3186352074146271,-0.5910965204238892,-0.10598711669445038,-0.31929007172584534,-0.38803672790527344,-0.18876560032367706
YPR201W,test,True,True,-1.2380478382110596,-0.25458898916840556,-0.37813401222229004,0.08256782591342926,-0.4510003328323364,-0.4658735990524292,-0.06050482764840126,-0.305665086209774,-0.17410221695899963,-0.07458772510290146,-0.43151915073394775,-0.5423880219459534,-0.30572831630706787
YPR202W,test,True,True,-0.9642260074615479,-0.9371388465166092,-0.7071168422698975,-1.3848814964294434,-1.387487530708313,-1.0547606945037842,-0.15144766867160797,-0.9199808001518249,-0.6384584307670593,-0.9298406839370728,-1.0777792930603027,-1.129525899887085,-0.824299693107605
YPR203W,test,False,False,-2.088510751724243,-1.998603057861328,-1.9563335180282593,-2.1013331413269043,-2.1935479640960693,-1.7719961404800415,-1.9698045253753662,-1.912629532814026,-1.9661482572555542,-1.8311820030212402,-1.825690746307373,-2.100017786026001,-1.840108871459961
YPR204C-A,test,False,False,-2.088510751724243,-2.1609545230865477,-2.1888811588287354,-2.180173873901367,-2.2558441162109375,-2.0125861167907715,-2.1672873497009277,-2.181524229049683,-2.1473989486694336,-2.185372829437256,-2.246473550796509,-2.2502012252807617,-2.078174591064453
YPR204W,test,False,True,-1.5897023677825928,-0.6876454055309296,-0.3928840756416321,-1.094764232635498,-1.0835411548614502,-0.7294463515281677,-0.13759121298789978,-0.1549663506448269,0.12222058326005936,-0.398950457572937,-0.27011561393737793,-0.27294111251831055,0.044954847544431686
YML001W,val,True,True,0.09981755167245865,0.17587106823921203,0.2215871512889862,0.38063424825668335,0.14989915490150452,-0.1671794354915619,0.294414222240448,0.3723891288042068,0.7384065389633179,0.18520978093147278,0.48096561431884766,0.2709139883518219,0.18644972145557404
YML002W,val,True,False,-0.5484904646873474,-0.5975274264812469,-0.4870990514755249,-0.7668615579605103,-0.8991785645484924,-0.25791457295417786,-0.5765833854675293,-0.31915655843913554,-0.12793737649917603,-0.24215799570083618,-1.3040862083435059,0.017883410677313805,0.060515377670526505
YML003W,val,True,True,-0.17206202447414398,-1.2097510814666748,-0.6450672745704651,-1.2622699737548828,-1.8037785291671753,-0.5601800084114075,-1.7774596214294434,-0.8174827300012112,-0.0543566457927227,-0.31211307644844055,-1.1698246002197266,-0.8360519409179688,-1.7150673866271973
YML004C,val,True,True,0.9507676362991333,-0.07627355456352233,-0.31845003366470337,0.6714780926704407,0.12294363975524902,-0.4260207414627075,-0.4313187301158905,-0.0020263671875,0.23852506279945374,0.4954095482826233,0.0656963586807251,-0.6659467220306396,-0.14381608366966248
YML005W,val,True,True,-0.3877286911010742,-0.04488587453961372,0.32427558302879333,-0.5719156265258789,-0.07986246794462204,0.09793278574943542,0.0051403529942035675,-0.15228498131036758,-0.054201506078243256,-0.09806700050830841,-0.8489283323287964,-0.3407023847103119,0.580474317073822
YML006C,val,False,True,0.3955738842487335,0.3902879267930984,0.6085557341575623,0.7061333656311035,0.1942680925130844,0.21686910092830658,0.22561334073543549,0.4014542520046234,0.34832677245140076,0.5767453908920288,-0.17550432682037354,0.42418116331100464,0.8335222601890564
YML007C-A,val,False,True,-0.5949561595916748,0.05852541029453277,-0.43566256761550903,-0.10521203279495239,0.07557100057601929,0.19191010296344757,0.5660205483436584,0.27527287006378176,-0.23189008235931396,0.7793712615966797,0.2402712106704712,0.3168490529060364,0.2717629075050354
YML007W,val,True,True,0.8737053871154785,1.1257979989051818,1.1483474969863892,1.2173421382904053,1.3854315280914307,0.8240324854850769,1.0538363456726074,1.194929313659668,1.1693428754806519,1.2397854328155518,1.1050488948822021,1.3148581981658936,1.1456111669540405
YML008C,val,True,True,1.46259343624115,0.6475200355052948,0.2730948030948639,0.8586621284484863,0.8756290078163147,0.6255190372467041,0.604695200920105,0.9436785697937011,0.8924884796142578,0.9353703260421753,0.6626526117324829,0.7476059198379517,1.4802755117416382
YML009C,val,True,True,1.2611125707626343,-0.04638415277004242,0.648725152015686,-0.33764785528182983,-0.4059068560600281,0.21852494776248932,-0.35561615228652954,0.11883025281131268,0.3858114182949066,0.09766417741775513,0.004226403310894966,0.10408791899681091,0.002361346036195755
YML009C-A,val,False,False,-1.6299614906311035,-1.2787274718284607,-0.5125017762184143,-2.066476821899414,-1.204727292060852,-1.0275028944015503,-1.5824285745620728,-1.069336485862732,-0.4756511449813843,-2.168750762939453,-1.305478572845459,-0.8974265456199646,-0.4993754029273987
YML009W-B,val,False,False,-1.4736425876617432,-1.3952652215957642,-0.986203670501709,-1.9161646366119385,-1.285599708557129,-1.1221665143966675,-1.666191577911377,-1.0400853872299194,-1.0237993001937866,-1.249152421951294,-0.9309961795806885,-0.9334580898284912,-1.063020944595337
YML010W,val,True,True,0.6635039448738098,0.4072077602148056,0.2699015736579895,0.32782942056655884,0.7258209586143494,0.15674595534801483,0.5557408928871155,0.4187093198299408,0.4672550559043884,0.4686620235443115,0.14718830585479736,0.3195829689502716,0.6908582448959351
YML011C,val,True,True,0.18327467143535614,0.7870469450950622,1.0210342407226562,0.8339880108833313,0.7797183394432068,0.816527783870697,0.4839663505554199,0.9475963473320007,1.334429383277893,1.0345667600631714,0.6570676565170288,0.45960599184036255,1.2523119449615479
YML012C-A,val,False,False,-1.415997862815857,-1.7970580816268922,-2.0362987518310547,-1.8595354557037354,-2.0996124744415283,-1.8533074855804443,-1.1365362405776978,-1.6231261491775513,-2.0138323307037354,-1.8083233833312988,-1.4902794361114502,-1.7445433139801025,-1.0586522817611694
YML012W,val,True,True,1.0474464893341064,0.9123250722885132,0.6464112401008606,0.7235299944877625,1.1372367143630981,1.3208167552947998,0.7336306571960449,1.2135529518127441,1.3786739110946655,1.0332458019256592,1.0343228578567505,1.2885627746582031,1.3329594135284424
YML013W,val,True,True,0.24168728291988373,0.7219549655914307,0.703204333782196,0.9271140098571777,0.7353379130363464,0.46566563844680786,0.7784529328346252,0.6780755370855331,1.2488256692886353,0.5655592679977417,0.380764901638031,0.1491553634405136,1.0460724830627441
YML014W,val,True,True,0.4371262192726135,0.28624974712729456,0.6720607876777649,0.0669158473610878,0.05236630514264107,0.42870211601257324,0.2112036794424057,0.23220570683479308,0.19633597135543823,0.3299901485443115,-0.1377202570438385,0.3877214193344116,0.3847012519836426
YML015C,val,True,True,1.0052204132080078,0.23078746423125268,0.3310838043689728,0.11038646101951599,0.13769258558750153,0.5205224752426147,0.05425199493765831,0.31715248227119447,0.35763928294181824,0.37405240535736084,0.06512534618377686,0.529909074306488,0.2590363025665283
YML016C,val,True,True,0.2720161974430084,0.5836191922426224,0.5616728663444519,0.1669837385416031,0.916442334651947,0.7724636197090149,0.500533401966095,0.6589466750621795,0.4724372327327728,0.7803636789321899,0.45707064867019653,0.45940786600112915,1.1254539489746094
YML017W,val,False,True,0.786972165107727,0.4691228151321411,0.33567777276039124,0.537060558795929,0.5087305903434753,0.46467840671539307,0.49946674704551697,0.4442630887031555,0.4495551288127899,0.7423886060714722,0.2767188251018524,0.3810967803001404,0.3715561032295227
YML018C,val,True,True,-0.07932473719120026,0.08112651109695435,-0.097658172249794,0.14080810546875,0.2298884093761444,-0.1392231434583664,0.2718173563480377,0.042090386152267456,-0.046076759696006775,0.4585803747177124,0.13173538446426392,-0.5744345784187317,0.24064750969409943
YML019W,val,True,True,0.6306172609329224,-0.09393909610807896,-0.20500731468200684,-0.20542128384113312,-0.015816159546375275,-0.00796465389430523,-0.035486068576574326,0.10350707285106182,-0.2585448920726776,0.21622708439826965,0.035246267914772034,-0.007179180160164833,0.5317860841751099
YML020W,val,True,True,0.3224639892578125,0.35199842751026156,0.38966065645217896,0.18998295068740845,0.7508320212364197,0.2020658552646637,0.2274506539106369,0.6753294348716736,0.6825635433197021,0.5061935782432556,0.723770260810852,0.6058181524276733,0.8583016395568848
YML021C,val,False,True,0.6435824036598206,-0.253496765345335,-0.1776386797428131,-0.5526111721992493,-0.2787970304489136,-0.29528841376304626,0.03685146942734718,-0.07635551393032074,-0.29921406507492065,-0.22855150699615479,-0.29857438802719116,0.04928649961948395,0.39527589082717896
YML022W,val,True,True,0.5541379451751709,0.33313595354557035,0.3295380175113678,0.04609142243862152,0.4603537321090698,0.5355071425437927,0.294189453125,0.5915780961513519,0.4146346151828766,0.5331788063049316,0.811160683631897,0.3574286699295044,0.84148770570755
YML023C,val,True,True,-0.35976850986480713,0.40320099890232086,0.6974138617515564,0.4686819911003113,0.4394162893295288,0.29203560948371887,0.11845724284648895,0.34595458805561063,0.6921376585960388,0.4957278370857239,-0.06831291317939758,0.08665923774242401,0.5235611200332642
YML024W,val,True,True,1.096016526222229,1.4450677752494812,1.513754963874817,0.965446412563324,1.6250724792480469,1.6765491962432861,1.4445158243179321,1.117586600780487,0.8945779204368591,0.7117834091186523,1.2817091941833496,1.4266482591629028,1.2732142210006714
YML025C,val,True,True,0.9592479467391968,1.0220983684062959,0.29984667897224426,1.330413579940796,0.9691866040229797,1.2526837587356567,1.2583612203598022,1.0015976786613465,0.9693622589111328,0.6968099474906921,0.7681006193161011,1.2077252864837646,1.3659902811050415
YML026C,val,True,True,1.3523147106170654,1.7017468452453612,1.785521149635315,1.7873122692108154,2.0357866287231445,1.105499267578125,1.7946149110794067,1.0470098853111267,1.22431218624115,0.7212211489677429,1.168142318725586,0.8390265703201294,1.2823472023010254
YML027W,val,True,True,0.6756961941719055,0.8123908996582031,0.6220072507858276,1.4827933311462402,0.7480932474136353,1.020208716392517,0.1888519525527954,0.5106831200420856,0.5849193334579468,0.6440081000328064,0.7610324621200562,0.6232215166091919,-0.05976581200957298
YML028W,val,False,True,2.2603280544281006,0.9848309457302094,1.3047664165496826,1.2456879615783691,1.2896368503570557,0.8377082943916321,0.24635520577430725,1.1075385689735413,1.1570876836776733,1.552656888961792,1.1937589645385742,0.8578959703445435,0.7762933373451233
YML029W,val,True,True,0.0011504775611683726,-0.3672213114798069,-0.1480780690908432,-0.6957472562789917,0.026929553598165512,-0.6213565468788147,-0.3978542387485504,-0.5971917271614074,-0.8624680638313293,-0.5179495215415955,-0.3926622271537781,-0.7149214744567871,-0.49795734882354736
YML030W,val,True,True,0.9730721712112427,0.8719555258750915,0.798223078250885,1.0805728435516357,0.6910044550895691,1.1700763702392578,0.6199008822441101,1.0256008505821228,1.018499493598938,1.3720860481262207,1.0167707204818726,1.0938665866851807,0.6267814040184021
YML031C-A,val,False,False,-2.007462978363037,-0.8381768524646759,-1.423204779624939,-0.8430019617080688,-0.34945279359817505,-0.4486531913280487,-1.126571536064148,-0.8701519131660461,-1.5404099225997925,-0.46431267261505127,-0.5821975469589233,-0.832983136177063,-0.9308562874794006
YML031W,val,True,True,0.7626447677612305,0.65575692653656,0.6915105581283569,1.0619392395019531,0.6403849720954895,0.44846194982528687,0.43648791313171387,0.6742445707321167,0.730192244052887,0.8212826251983643,0.6927047967910767,0.46864432096481323,0.6583988666534424
YML032C,val,True,True,0.8247361183166504,0.6323392748832702,0.7272478938102722,0.6202005743980408,0.7225633263587952,0.7191122174263,0.3725723624229431,0.6901358902454376,0.4979477822780609,1.0406157970428467,0.6901828646659851,0.20204520225524902,1.0198878049850464
YML034C-A,val,False,False,-1.8128827810287476,-1.6418884634971618,-0.784812867641449,-2.0699470043182373,-1.6827797889709473,-1.6171824932098389,-2.054720163345337,-1.7079979181289673,-1.353256344795227,-2.03300142288208,-1.6269664764404297,-1.5314054489135742,-1.9953598976135254
YML034W,val,False,True,0.27390971779823303,0.9507797837257386,1.0047045946121216,1.0931336879730225,1.0536212921142578,0.8679836392402649,0.7344557046890259,1.0425670266151428,1.2349921464920044,1.0973399877548218,0.7761102914810181,1.3206710815429688,0.7837216258049011
YML035C,val,False,True,0.2505436837673187,0.5088394612073899,0.7887738347053528,0.05483691394329071,0.5746543407440186,0.7156655192375183,0.4102666974067688,0.6019120454788208,0.7836378812789917,0.4349368214607239,0.4780963659286499,0.7712545990943909,0.5416345596313477
YML036W,val,True,True,-0.2925157845020294,-0.31277684569358827,-0.22923704981803894,-1.0705578327178955,0.31355854868888855,-0.19004061818122864,-0.38760727643966675,-0.18687043972313405,-0.43144628405570984,0.05365483835339546,-0.007166830822825432,-0.47953057289123535,-0.06986334919929504
YML037C,val,False,True,-0.011663244105875492,-0.06973359361290932,-0.18138384819030762,-0.2570269703865051,0.09723642468452454,-0.04191441833972931,0.03442084416747093,-0.2948156051337719,-0.12601539492607117,0.2860952615737915,-0.9212964177131653,-0.7309478521347046,0.018086377531290054
YML038C,val,True,True,0.6244213581085205,0.5074733048677444,0.4471716582775116,0.5200377106666565,0.75025874376297,0.233726367354393,0.5861720442771912,0.40468522906303406,0.3536694049835205,0.4084721505641937,0.4959733188152313,0.14203932881355286,0.6232719421386719
YML041C,val,True,True,0.3921988308429718,0.8344590902328491,0.6764186024665833,0.7270757555961609,1.1998509168624878,0.9069823026657104,0.6619678735733032,0.8111386060714721,0.6970967054367065,0.8710790872573853,0.778200626373291,0.5632559061050415,1.1460607051849365
YML042W,val,True,True,-1.2188129425048828,-1.0548669934272765,-1.0444642305374146,-1.3428990840911865,-0.7740612626075745,-1.143672227859497,-0.9692381620407104,-0.7892838060855866,-0.49111315608024597,-0.9115383625030518,-1.387629747390747,-0.6939038634300232,-0.46223390102386475
YML043C,val,True,True,0.34939372539520264,0.4337789833545685,0.5328531265258789,0.5471748113632202,0.28299400210380554,0.5971247553825378,0.2087482213973999,0.5096273630857467,0.8171875476837158,0.7431318759918213,0.22207146883010864,-0.0014902502298355103,0.7672361731529236
YML046W,val,True,True,-0.27543413639068604,-0.44345701336860655,-0.5374534726142883,-1.0962672233581543,-0.7545912265777588,-0.2574601173400879,0.42848697304725647,-0.43695502206683157,-0.6813925504684448,-0.36825326085090637,-0.6142864227294922,-0.4955541491508484,-0.02528872713446617
YML047C,val,True,True,-1.7559802532196045,-0.7285003677010536,-1.7867010831832886,-1.0511958599090576,-0.4905289113521576,-0.09358387440443039,-0.22049210965633392,-0.32835079431533815,-1.1638222932815552,-0.955218493938446,0.4436872601509094,-0.08084188401699066,0.11444143950939178
YML047W-A,val,False,False,-2.088510751724243,-0.9554076254367828,-0.43283209204673767,-1.2935354709625244,-0.9660051465034485,-1.0016261339187622,-1.0830392837524414,-0.9604483127593995,-0.8127356767654419,-1.0600649118423462,-0.9004572033882141,-1.228973150253296,-0.800010621547699
YML048W,val,True,True,1.1930466890335083,0.4812107443809509,0.4300403892993927,0.7262178063392639,0.34670013189315796,0.47572603821754456,0.4273693561553955,0.659083217382431,0.8787530660629272,1.039034366607666,0.481357216835022,0.1904386579990387,0.7058327794075012
YML049C,val,True,True,0.2124556005001068,-0.19004560112953187,-0.3956291079521179,0.13074177503585815,-0.7392464280128479,0.18679505586624146,-0.1328893005847931,0.2416127011179924,0.07670391350984573,0.5152414441108704,0.10531121492385864,0.28855323791503906,0.2222536951303482
YML050W,val,False,True,-0.6815418601036072,-0.605849540233612,-0.38616251945495605,-1.0089006423950195,-0.5033848881721497,-0.5219371318817139,-0.6088625192642212,-0.49338237643241883,-0.4923250377178192,-0.35369575023651123,-0.4707795977592468,-0.3320878744125366,-0.8180236220359802
YML051W,val,True,True,0.7700380682945251,-1.5535700798034668,-1.5336873531341553,-1.5402121543884277,-2.2169878482818604,-1.3796758651733398,-1.0972871780395508,-1.3184666156768798,-1.7397159337997437,-0.9652310609817505,-1.4869818687438965,-0.8914514780044556,-1.5089527368545532
YML052W,val,True,True,1.5104461908340454,0.6874010294675827,0.3989727795124054,1.3549885749816895,1.3391752243041992,0.1692887544631958,0.17457981407642365,0.4342932432889938,0.5101566314697266,0.589652419090271,0.5521299839019775,0.32047736644744873,0.19904981553554535
YML053C,val,True,True,1.0034986734390259,0.921451735496521,0.5406997799873352,1.201509714126587,1.0656821727752686,1.1012800931930542,0.6980869174003601,0.9883701086044312,1.1182568073272705,0.8708938956260681,1.0141894817352295,1.1153297424316406,0.823180615901947
YML054C,val,True,True,-1.4724072217941284,-0.27454853653907774,0.2669501006603241,-1.1207382678985596,0.3538033962249756,-0.232657790184021,-0.6401001214981079,0.19401852190494537,0.6872033476829529,-0.16270655393600464,0.5568774342536926,-0.19045390188694,0.079172283411026
YML054C-A,val,True,False,-1.7812060117721558,-1.6243561625480651,-1.378724455833435,-2.1189677715301514,-0.9430939555168152,-1.790003776550293,-1.8909908533096313,-1.5689229846000672,-1.698801875114441,-1.9486141204833984,-0.7107091546058655,-1.8423676490783691,-1.6441221237182617
YML055W,val,True,True,0.5926761031150818,0.21169112920761107,0.5840126872062683,0.1296612024307251,0.13913623988628387,-0.07294641435146332,0.27859193086624146,-0.09933071732521057,-0.14765125513076782,0.12088616192340851,0.08964453637599945,-0.6245002150535583,0.06496718525886536
YML056C,val,True,False,0.5239586234092712,-1.2611806511878967,-0.9897674918174744,-1.5118317604064941,-1.1414546966552734,-1.2498501539230347,-1.412999153137207,-1.1130477130413055,-1.830215334892273,-0.21508249640464783,-1.5484139919281006,-1.3313225507736206,-0.6402041912078857
YML057C-A,val,False,False,-1.6367273330688477,-1.775871992111206,-1.6371511220932007,-1.954777717590332,-1.646681547164917,-1.8663564920425415,-1.774393081665039,-1.9421061754226685,-2.0083656311035156,-1.9665740728378296,-2.0232014656066895,-2.21891450881958,-1.4934751987457275
YML057W,val,True,True,0.577944278717041,0.37525696158409116,0.4745083451271057,0.31773990392684937,0.5616626143455505,0.37440451979637146,0.14796942472457886,0.4351756274700165,0.040426626801490784,0.6041045784950256,0.7362931966781616,0.5623341798782349,0.2327195554971695
YML058W,val,True,True,2.415214776992798,0.7314171314239502,0.7370870113372803,0.598991334438324,0.8886047005653381,0.712527871131897,0.7198747396469116,0.9159396052360534,1.2576533555984497,0.8207845687866211,0.6377496123313904,1.0852975845336914,0.7782129049301147
YML058W-A,val,True,True,-0.8497840762138367,-0.2169193997979164,0.04481375962495804,-0.3524491488933563,-0.7042767405509949,-0.19245566427707672,0.11977079510688782,-0.2673829510807991,-0.04969792813062668,-0.2524869740009308,-1.0887739658355713,-0.13127967715263367,0.1853237897157669
YML059C,val,True,True,0.48048847913742065,0.5345969587564469,0.8527548313140869,0.04496936500072479,0.5551747679710388,0.36890044808387756,0.8511853814125061,0.5638412714004517,0.6170330047607422,0.4099474549293518,0.5431448817253113,0.5192288160324097,0.7298521995544434
YML060W,val,True,True,0.16933417320251465,0.3059916108846664,0.24415674805641174,0.15392403304576874,0.5339691638946533,0.3017193675041199,0.29618874192237854,0.2786581140011549,0.712471067905426,-0.061979811638593674,0.021648498252034187,0.32173025608062744,0.3994205594062805
YML061C,val,True,True,-0.00618769833818078,-0.01892768368124962,0.15036621689796448,-0.5276315212249756,0.010886210948228836,0.18134000897407532,0.09040066599845886,-0.12196716479957104,-0.04526887089014053,-0.31992655992507935,0.013471366837620735,0.07127465307712555,-0.3293864130973816
YML062C,val,False,True,0.8133376836776733,0.08633273839950562,-0.06799907982349396,0.13573232293128967,0.5039198398590088,-0.3452315926551819,0.20524220168590546,0.3160125747323036,0.16066715121269226,0.37810689210891724,0.4307767450809479,-0.062070660293102264,0.672582745552063
YML063W,val,True,True,1.1429274082183838,1.8341753959655762,1.33266282081604,1.9180634021759033,2.476515054702759,1.8590675592422485,1.5845681428909302,1.3042619705200196,1.0315443277359009,1.3524420261383057,1.420513391494751,1.4866337776184082,1.230176329612732
YML064C,val,True,True,0.7237704396247864,1.7171352863311768,1.763327956199646,1.1720123291015625,2.5190069675445557,1.684726595878601,1.4466025829315186,1.3766286849975586,1.8910150527954102,0.7712987661361694,1.1786425113677979,1.5316174030303955,1.51056969165802
YML065W,val,True,True,0.1456042230129242,0.18768184185028075,0.21353545784950256,0.10897602140903473,0.3018268644809723,0.1731652468442917,0.14090561866760254,0.16839150674641132,0.5504052042961121,0.2626149356365204,0.018147142603993416,-0.06713768094778061,0.07792793214321136
YML066C,val,False,True,-2.0325348377227783,0.12680940851569175,0.34906455874443054,-0.17986327409744263,-0.013458911329507828,0.3896991014480591,0.08860556781291962,-0.07481413222849369,0.00981760025024414,0.10487648844718933,-0.47664690017700195,0.007251592352986336,-0.019369442015886307
YML067C,val,False,True,0.44219791889190674,0.23802541047334672,0.2099173665046692,0.3715716004371643,0.11892924457788467,0.3387101888656616,0.15099865198135376,0.45164472460746763,0.2295381724834442,0.5899250507354736,0.3190433979034424,0.3036973476409912,0.8160196542739868
YML068W,val,False,True,-0.20716801285743713,0.024339800979942084,0.050361551344394684,-0.25007563829421997,0.006346158217638731,0.10236489772796631,0.21270203590393066,-0.005118804425001145,-0.2788591682910919,0.04714931920170784,-0.15535295009613037,0.282044917345047,0.07942385971546173
YML069W,val,True,True,0.896743893623352,0.7537191271781921,0.6548585295677185,0.7261881828308105,0.6467106938362122,1.076650857925415,0.6641873717308044,0.9331068992614746,1.0572820901870728,1.0004842281341553,0.6997416615486145,0.9338380694389343,0.9741884469985962
YML070W,val,True,True,-0.15745986998081207,-0.7346926927566528,-0.9333394169807434,-0.15545654296875,-1.5087209939956665,-0.7080414295196533,-0.3679050803184509,-0.48984147012233736,-0.702994704246521,0.1865827441215515,-1.1201766729354858,-0.6501331329345703,-0.16248558461666107
YML071C,val,False,True,0.5427349209785461,0.3406043455004692,0.10938885062932968,0.5876302123069763,0.4566388726234436,0.2698841094970703,0.2794796824455261,0.34263721853494644,0.1103319302201271,0.3396609127521515,0.429551899433136,0.3445139527320862,0.48912739753723145
YML072C,val,True,True,0.4716711938381195,0.5604196548461914,0.47871166467666626,0.45826756954193115,0.8708005547523499,0.3919360041618347,0.602382481098175,0.6258719265460968,0.6938748359680176,0.9570093154907227,0.6420952081680298,0.38918980956077576,0.44719046354293823
YML073C,val,True,True,1.2814387083053589,1.6459671258926392,1.3833783864974976,1.6996946334838867,2.3513472080230713,1.088066577911377,1.7073488235473633,1.3734945058822632,1.2522231340408325,1.1813055276870728,1.601854681968689,1.2384929656982422,1.5935962200164795
YML074C,val,True,True,1.443901777267456,0.48990753293037415,0.6955796480178833,0.29997411370277405,0.7750642895698547,0.37431102991104126,0.3046085834503174,0.3817886084318161,0.39210668206214905,0.6178988814353943,0.33518028259277344,0.20015938580036163,0.3635978102684021
YML075C,val,False,True,0.12522383034229279,0.6228313148021698,0.542658269405365,1.0235650539398193,0.7467195987701416,0.24374595284461975,0.5574676990509033,0.6277835607528687,0.6481437683105469,0.9034430384635925,0.9116300344467163,0.3402003049850464,0.33550065755844116
YML076C,val,True,True,0.38254299759864807,0.6479807198047638,0.42446550726890564,0.6392869353294373,0.8063101172447205,0.676781952381134,0.6930590867996216,0.45090526044368745,0.4475191533565521,0.5222973823547363,0.2819572687149048,0.13073207437992096,0.872020423412323
YML077W,val,True,False,0.38037848472595215,-0.9427540235221386,-0.6718258857727051,-1.485231876373291,-0.02748497948050499,-1.1026206016540527,-1.4266067743301392,-1.1007439851760865,-0.6413984298706055,-1.16837477684021,-0.6909983158111572,-1.22423255443573,-1.7787158489227295
YML078W,val,True,True,0.1646891087293625,0.2531551644206047,0.5177802443504333,0.2083028256893158,0.3976205289363861,0.03596056252717972,0.10611166059970856,0.35444881916046145,0.43294817209243774,0.279039204120636,0.29437416791915894,0.20991456508636475,0.5559679865837097
YML079W,val,False,False,0.7467490434646606,-1.1026705265045167,-0.30346184968948364,-1.4175736904144287,-1.7818459272384644,-0.7224088311195374,-1.288062334060669,-1.1181301951408387,-0.8821391463279724,-1.3434059619903564,-1.842738389968872,-0.5659329295158386,-0.9564345479011536
YML080W,val,True,True,0.20410187542438507,0.19837409555912017,0.40869051218032837,-0.41138848662376404,0.3125973343849182,0.4869217276573181,0.19504939019680023,0.2733581308275461,0.30666282773017883,0.2762894928455353,0.29860275983810425,-0.013450799509882927,0.49868637323379517
YML081C-A,val,True,True,1.8966631889343262,0.4779054790735245,0.4851840138435364,0.5714578032493591,0.15761692821979523,0.6651579737663269,0.5101106762886047,0.41262288093566896,0.6576878428459167,0.2734019160270691,0.4028122127056122,0.2810351848602295,0.4481772482395172
YML081W,val,True,True,0.528617262840271,0.7738998293876648,0.8402024507522583,0.7627849578857422,0.7485117316246033,1.052235722541809,0.46576428413391113,0.5558365225791931,0.528113603591919,0.4301826059818268,0.34451165795326233,0.8777932524681091,0.5985814929008484
YML082W,val,True,True,0.40789860486984253,-0.20276575833559035,-0.05674632638692856,0.4862404465675354,-0.6986864805221558,-0.6657965779304504,-0.07883985340595245,0.06326811909675598,-0.3162015676498413,0.28781646490097046,0.03607285022735596,0.22086304426193237,0.08778980374336243
YML083C,val,True,True,-1.7255744934082031,0.23222079277038574,-0.06479401886463165,0.4816187620162964,0.1328304558992386,0.19944345951080322,0.41200530529022217,0.3890789277851582,0.4402106702327728,0.0420767106115818,0.7072055339813232,0.3762800395488739,0.379621684551239
YML084W,val,False,False,-1.2485897541046143,-1.7302222490310668,-1.7530676126480103,-1.7871692180633545,-1.7387101650238037,-1.8354253768920898,-1.5367388725280762,-1.7839420080184936,-1.8811396360397339,-1.7807480096817017,-1.510155439376831,-1.8719731569290161,-1.8756937980651855
YML085C,val,True,True,0.4721769392490387,0.11376541322097182,0.08008787035942078,-0.058191388845443726,0.005679729860275984,0.2151499092578888,0.3261009454727173,0.4459077000617981,0.5227931141853333,0.6225795745849609,0.1971047818660736,0.23160800337791443,0.6554530262947083
YML086C,val,True,True,0.2188797891139984,-0.39582623541355133,-0.10737656056880951,-0.8371378779411316,-0.4568708539009094,-0.10495874285697937,-0.47278714179992676,-0.3913858860731125,-0.5446328520774841,-0.3436046242713928,-0.488522469997406,-0.0911925882101059,-0.4889768958091736
YML087C,val,True,True,-0.5461809039115906,-0.5143708169460297,0.3167448341846466,-0.6089508533477783,-0.7331315875053406,-0.7706215977668762,-0.7758948802947998,-0.41702621281147,0.26407164335250854,-0.6483186483383179,-0.9123159646987915,-0.7235925197601318,-0.06497557461261749
YML088W,val,True,True,0.5288590788841248,0.31935263574123385,0.6921595931053162,0.36430349946022034,0.2746136784553528,-0.14493773877620697,0.4106241464614868,0.3149597316980362,0.6233822703361511,-0.1830693483352661,0.6033727526664734,0.24682016670703888,0.2842928171157837
YML089C,val,False,False,-0.11639826744794846,-0.8435510694980621,-0.9693956971168518,-1.5080938339233398,0.08842477202415466,-0.7740793824195862,-1.0546112060546875,-0.8643404185771942,-1.3093681335449219,-1.3084405660629272,-0.24205484986305237,-0.7167361974716187,-0.7451023459434509
YML090W,val,False,False,-1.8888826370239258,-1.6919533252716064,-2.0731093883514404,-1.6149582862854004,-1.4420192241668701,-1.596152901649475,-1.7335268259048462,-1.8868252754211425,-2.1910102367401123,-1.8269089460372925,-1.954372763633728,-1.6772053241729736,-1.7846291065216064
YML091C,val,False,True,0.32278382778167725,0.2824889808893204,0.1962513029575348,-0.03407548367977142,0.4396427869796753,0.42264437675476074,0.38798192143440247,0.2827627308666706,0.32445845007896423,0.06298917531967163,0.4809727966785431,0.5460368990898132,-0.0006436668336391449
YML092C,val,True,True,1.2779977321624756,0.683191567659378,0.9373008012771606,0.5516475439071655,0.8086574673652649,0.786684513092041,0.3316675126552582,0.7270733892917634,0.47816386818885803,0.5889172554016113,0.8982369899749756,0.7209388613700867,0.9491099715232849
YML093W,val,True,True,0.8223190307617188,0.6602348923683167,0.5490249991416931,0.5776470899581909,1.2627977132797241,0.37004703283309937,0.5416576266288757,0.978185510635376,1.179243803024292,1.0354582071304321,0.7843939065933228,0.761934757232666,1.129896879196167
YML094C-A,val,False,False,-1.774247169494629,-2.0392213582992555,-2.28397274017334,-2.194547414779663,-2.254693031311035,-1.785195231437683,-1.6776983737945557,-1.697854220867157,-2.1101861000061035,-2.0884182453155518,-1.7580333948135376,-1.5543324947357178,-0.9783008694648743
YML094W,val,True,False,0.5129966139793396,-0.024505488574504852,0.16573262214660645,-0.17246013879776,1.0079278945922852,0.034667231142520905,-1.1583950519561768,-0.033859798312187196,0.228523850440979,0.11180520057678223,0.6842076182365417,-0.20851825177669525,-0.9853174090385437
YML095C,val,False,False,0.34410446882247925,-0.4063989132642746,-0.31093233823776245,-0.6516987681388855,0.15148736536502838,-0.3196713924407959,-0.9011794328689575,-0.3969971999526024,-0.09565912932157516,-0.5835843086242676,-0.6759702563285828,-0.28803133964538574,-0.3417409658432007
YML096W,val,True,True,-0.2960871458053589,-0.3908150851726532,0.38670647144317627,-1.2989451885223389,-0.39233458042144775,0.33436718583106995,-0.9838693141937256,-0.6500796999782323,-0.9859538078308105,-0.6495107412338257,-0.8903171420097351,-0.0036818813532590866,-0.7209349274635315
YML097C,val,True,True,0.7617132067680359,-0.056415388360619545,-0.5312044024467468,-0.02970217913389206,0.028040355071425438,0.09606972336769104,0.15471956133842468,0.0052400268614292145,-0.48831766843795776,0.31500789523124695,0.24663405120372772,-0.10607606172561646,0.05895191803574562
YML098W,val,True,True,0.9084579944610596,0.5864543080329895,0.7175540924072266,0.6303274035453796,0.6354493498802185,0.649419367313385,0.2995213270187378,0.45056395828723905,0.636038064956665,0.6344404220581055,0.4948858618736267,0.24044401943683624,0.24701142311096191
YML099C,val,True,True,0.00624150549992919,0.0642061673104763,-0.017323315143585205,0.02785351872444153,0.1990974396467209,0.08096710592508316,0.030436087399721146,0.07172101587057114,0.052786074578762054,0.2876726984977722,-0.10890720784664154,0.19181500375270844,-0.06476148962974548
YML099W-A,val,False,False,-1.9113911390304565,-1.2534909844398499,-1.313620686531067,-1.8018255233764648,-1.4399034976959229,-0.40178054571151733,-1.3103246688842773,-1.1752884030342101,-1.321078896522522,-0.9797369837760925,-0.9250063896179199,-1.0905578136444092,-1.5600619316101074
YML100W,val,False,True,0.6521351933479309,0.07596994936466217,-0.8071519732475281,-0.19986668229103088,0.6018854379653931,0.63918536901474,0.14579759538173676,0.24753832593560218,0.2098655104637146,-0.03811671957373619,0.5777683854103088,0.32702431082725525,0.16115014255046844
YML100W-A,val,True,True,-0.42879676818847656,-1.299494469165802,-1.5356894731521606,-1.4660799503326416,-1.8882176876068115,-1.3070675134658813,-0.3004177212715149,-1.2741834282875062,-1.661690354347229,-1.3732056617736816,-1.6855642795562744,-0.9305890798568726,-0.7198677659034729
YML101C,val,True,True,0.5706790685653687,0.3406494282186031,0.06322000175714493,0.8186463713645935,-0.062315430492162704,0.5283055901527405,0.35539060831069946,0.29822880774736404,0.013133995234966278,0.6503387689590454,0.3028073310852051,0.45215660333633423,0.07270734012126923
YML101C-A,val,False,False,-0.9648038744926453,-1.7574893832206726,-2.070208787918091,-1.9302122592926025,-2.2430508136749268,-0.9718684554100037,-1.5721065998077393,-1.7811161279678345,-1.9466832876205444,-1.7547967433929443,-1.9511735439300537,-1.2867364883422852,-1.9661905765533447
YML102W,val,True,True,0.44295546412467957,0.844465172290802,1.0081884860992432,0.4394453167915344,1.2119958400726318,0.8050241470336914,0.7576720714569092,0.6816480755805969,0.5183441042900085,0.713121771812439,1.027437448501587,0.5596637725830078,0.5896732807159424
YML103C,val,True,True,0.3696173131465912,0.9006552815437316,0.9501362442970276,1.0569961071014404,0.7323194146156311,1.0935786962509155,0.6702459454536438,0.9835716784000397,1.0445150136947632,1.2807252407073975,0.29711034893989563,0.8484809398651123,1.4470268487930298
YML104C,val,True,True,-0.5036650896072388,-0.24294961914420127,-0.15105287730693817,-0.7425838708877563,0.2223050445318222,-0.5180830955505371,-0.02533329650759697,-0.10202606171369552,0.09669484943151474,-0.38034486770629883,0.0510164350271225,-0.12021470069885254,-0.1572820246219635
YML105C,val,True,True,0.7099078297615051,0.09257996678352357,0.1514056921005249,-0.34476423263549805,0.24744382500648499,0.24208855628967285,0.1667259931564331,0.26016761511564257,0.09742983430624008,0.07680034637451172,0.25686079263687134,0.3865276575088501,0.4832194447517395
YML106W,val,True,True,0.6847445964813232,-0.0628838874399662,0.23045793175697327,-1.492429494857788,0.3202764093875885,0.6481422781944275,-0.02086656168103218,-0.04833423942327499,-0.0721495971083641,-0.6161632537841797,0.11834079027175903,-0.20922264456748962,0.5375235080718994
YML107C,val,False,True,-0.1278109848499298,0.5066878616809845,0.40589639544487,0.4771314859390259,0.5600298047065735,0.7330891489982605,0.3572924733161926,0.45890562534332274,0.5286427140235901,0.29314637184143066,0.586223840713501,0.5980302691459656,0.28848493099212646
YML108W,val,True,True,0.8787569999694824,0.4934256672859192,0.19819635152816772,0.3925633430480957,1.171497106552124,0.33190783858299255,0.37296369671821594,0.40276787281036375,0.18056413531303406,0.5405861139297485,0.46173295378685,0.38902074098587036,0.4419354200363159
YML109W,val,True,True,0.10808736085891724,0.08912578821182252,-0.12773379683494568,0.3162882328033447,0.15486648678779602,-0.3775763213634491,0.4797843396663666,0.25847130417823794,0.622546374797821,0.4087585210800171,-0.3981171250343323,0.09065499901771545,0.5685137510299683
YML110C,val,True,True,0.33706533908843994,0.1606268621981144,0.17778834700584412,0.2823168933391571,-0.037392016500234604,0.1374962478876114,0.24292483925819397,0.34983024895191195,-0.1446094661951065,0.3184577226638794,0.4747426211833954,0.2958277463912964,0.804732620716095
YML111W,val,False,True,0.25611329078674316,0.4771928429603577,0.3955495059490204,0.2018508017063141,0.5970798134803772,0.8125242590904236,0.3789598345756531,0.54294193983078,0.3462904691696167,0.5897794961929321,0.5821553468704224,0.5855748653411865,0.6109095215797424
YML112W,val,True,True,0.7091566920280457,0.42482268810272217,0.7778723835945129,0.10857728123664856,0.48966720700263977,0.3711954951286316,0.376801073551178,0.5423835456371308,0.5820531845092773,0.49580299854278564,0.5911072492599487,0.26059988141059875,0.7823544144630432
YML113W,val,True,True,1.2940490245819092,0.7182140827178956,0.73782879114151,0.694641649723053,1.0091252326965332,0.6435612440109253,0.505913496017456,1.1548392295837402,1.0165367126464844,1.3561402559280396,1.1846624612808228,1.3447558879852295,0.872100830078125
YML114C,val,True,True,0.8619050979614258,0.7493563055992126,0.6053516864776611,0.6389745473861694,1.083248496055603,0.8875780701637268,0.5316287279129028,0.7285785794258117,0.7562240958213806,0.6507599949836731,0.9946762323379517,0.4118019938468933,0.8294305801391602
YML115C,val,False,True,0.8334412574768066,0.409002360701561,0.3675288259983063,0.4549313187599182,0.4324037432670593,0.5436071157455444,0.24654079973697662,0.19684509932994843,0.09725654870271683,0.33380356431007385,0.03515336662530899,0.23622894287109375,0.2817830741405487
YML116W,val,False,True,0.5332885980606079,-0.03533854782581329,0.814507782459259,-1.0746915340423584,-0.37767040729522705,0.39656907320022583,0.06459234654903412,-0.519254270195961,-0.821648359298706,-0.6374454498291016,-0.916621208190918,-0.0985201895236969,-0.12203614413738251
YML116W-A,val,False,False,-0.33021149039268494,-1.56185142993927,-1.6160646677017212,-1.5743842124938965,-1.7508009672164917,-1.3467847108840942,-1.5212225914001465,-1.5795479536056518,-2.0048909187316895,-1.6700197458267212,-1.4153292179107666,-0.980151891708374,-1.827347993850708
YML117W,val,True,True,0.7749189138412476,-0.2062149666249752,-0.6006795167922974,-0.06921973824501038,0.151261568069458,-0.45370638370513916,-0.05873076245188713,-0.07126595452427864,-0.3041746914386749,0.19329038262367249,-0.06005832552909851,-0.17225395143032074,-0.013133186846971512
YML118W,val,True,True,-0.3975036144256592,0.3267463281750679,0.744790256023407,0.028651468455791473,0.2676365077495575,0.20277626812458038,0.3898771405220032,0.31688190400600436,0.5303010940551758,0.2940525412559509,0.06685325503349304,0.17656566202640533,0.5166369676589966
YML119W,val,True,True,0.6349478960037231,0.6654701516032219,0.07172223180532455,0.7733250856399536,1.0568437576293945,0.804706871509552,0.6207528114318848,0.5463145971298218,0.13413268327713013,0.2496853470802307,0.7393808364868164,0.6833417415618896,0.925032377243042
YML120C,val,True,True,0.5357692837715149,0.5067530333995819,0.5198773741722107,0.7246047258377075,0.5338547825813293,0.2235335409641266,0.5318947434425354,0.39215714670717716,0.48609206080436707,0.628759503364563,0.4463779926300049,0.00956769473850727,0.3899884819984436
YML121W,val,True,True,0.7197954654693604,-0.0038050174713134765,-1.3439041376113892,0.36327940225601196,0.5662497878074646,-0.5273914337158203,0.9227412939071655,0.2159879684448242,-1.0421925783157349,0.2849979102611542,0.6588889360427856,0.4236992299556732,0.7545463442802429
YML122C,val,False,False,-1.2089948654174805,-1.7700042486190797,-1.4752331972122192,-1.7751362323760986,-2.198307991027832,-1.9130191802978516,-1.4883246421813965,-1.786784839630127,-1.3802260160446167,-1.6790714263916016,-1.998081088066101,-2.0841917991638184,-1.792353868484497
YML123C,val,True,True,1.46579110622406,0.6854121863842011,-0.19163662195205688,1.501988172531128,1.2863960266113281,0.20942559838294983,0.6208877563476562,0.5810650050640106,0.4354950487613678,1.1767680644989014,0.21103176474571228,0.789872407913208,0.29215773940086365
YML124C,val,True,True,0.7573512196540833,0.8559921622276306,0.8243595957756042,0.6888118982315063,1.4130090475082397,1.0092582702636719,0.34452199935913086,0.8198282718658447,0.8825013637542725,0.6566674709320068,0.8829201459884644,0.3932393789291382,1.2838129997253418
YML125C,val,True,True,0.7188077569007874,0.06887429431080819,0.02389288693666458,-0.05317506939172745,0.3787928819656372,-0.04995262622833252,0.04481339827179909,0.31316605508327483,0.3799227476119995,0.23964548110961914,0.37990057468414307,-0.08039762079715729,0.6467590928077698
YML126C,val,True,True,0.38258954882621765,0.1339140184223652,0.5738402009010315,-0.12669408321380615,0.065839983522892,0.1082405373454094,0.04834345355629921,0.028773021325469016,0.2740567624568939,0.1325446367263794,-0.29696565866470337,0.00975118763744831,0.024478178471326828
YML127W,val,True,True,0.5888843536376953,0.5077030122280121,0.4121544659137726,0.41735368967056274,0.6178874373435974,0.6048805713653564,0.48623889684677124,0.38041826486587527,0.7427597045898438,0.3464856743812561,0.0777704119682312,0.3812602460384369,0.3538152873516083
YML128C,val,False,True,0.07409635931253433,0.46285754442214966,0.6163495182991028,0.18488666415214539,0.573020339012146,0.6276471018791199,0.31238409876823425,0.5012822210788727,0.8457788228988647,0.4347861707210541,0.26347216963768005,0.3760811984539032,0.5862927436828613
YML129C,val,True,True,1.6074448823928833,0.8152565479278564,0.9670462608337402,1.2063403129577637,0.8514229655265808,0.7831431031227112,0.26833009719848633,0.6137084603309632,0.6293204426765442,1.0494740009307861,0.5014053583145142,0.2456456422805786,0.6426968574523926
YML130C,val,True,True,0.33311814069747925,0.8738043665885925,0.7857361435890198,0.7827033400535583,1.2561602592468262,0.5313875079154968,1.0130345821380615,0.8635881125926972,1.0593823194503784,0.3744623363018036,0.9851824641227722,1.0620208978652954,0.8368925452232361
YML131W,val,False,True,0.671188235282898,0.021888923645019532,-0.4877001643180847,0.11779841780662537,-0.08847495913505554,0.26549068093299866,0.3023306429386139,0.025998363643884657,-0.37075260281562805,-0.06016546115279198,0.09849967062473297,-0.2073543667793274,0.6697645783424377
YML132W,val,True,True,-0.9098246693611145,-1.3431344389915467,-1.0390267372131348,-1.430408000946045,-1.800529956817627,-0.9606736302375793,-1.4850338697433472,-1.4124172687530518,-1.361383318901062,-1.187864899635315,-1.6277155876159668,-1.6318409442901611,-1.253281593322754
YML133C,val,True,True,-1.825521469116211,-1.6463884592056275,-1.9297562837600708,-1.6359596252441406,-1.9192405939102173,-1.921995759010315,-0.8249900341033936,-1.748989510536194,-1.7286790609359741,-1.7269556522369385,-1.937885046005249,-1.7835769653320312,-1.5678508281707764
YML133W-A,val,False,False,-2.088510751724243,-2.098712992668152,-2.14911150932312,-2.180004119873047,-2.2233476638793945,-1.9019993543624878,-2.03910231590271,-2.2170671939849855,-2.243856430053711,-2.2128913402557373,-2.2155377864837646,-2.210333824157715,-2.202716588973999
YML133W-B,val,False,False,-2.088510751724243,-2.1376574516296385,-2.168677806854248,-2.1586239337921143,-2.2137389183044434,-2.000206470489502,-2.1470401287078857,-2.1588366508483885,-2.1730897426605225,-2.1195228099823,-2.2217578887939453,-2.1974494457244873,-2.0823633670806885
YMR001C,val,True,True,0.4824891984462738,0.6298266649246216,0.6291894912719727,0.7875802516937256,0.2887114882469177,0.6401315331459045,0.8035205602645874,0.8233247697353363,0.9130134582519531,0.35298416018486023,0.5336165428161621,0.8449844121932983,1.4720252752304077
YMR001C-A,val,True,True,-0.9232489466667175,0.5773257553577423,0.8083646893501282,0.4018833041191101,0.6703729033470154,0.27627477049827576,0.7297331094741821,0.4964273601770401,0.31299087405204773,0.14925186336040497,0.6296622157096863,0.6715365648269653,0.7186952829360962
YMR002W,val,True,True,1.6318634748458862,1.3265779614448547,1.6403480768203735,1.4214038848876953,1.5737485885620117,1.1408981084823608,0.8564911484718323,1.354340124130249,1.6353224515914917,1.0963882207870483,1.7083892822265625,1.1010112762451172,1.2305893898010254
YMR003W,val,True,True,0.5063076019287109,0.6112492978572845,0.455167680978775,0.6855104565620422,0.8291568160057068,0.6937842965126038,0.3926272392272949,0.5274479389190674,0.4880736768245697,0.33105188608169556,0.7882718443870544,0.3659261167049408,0.6639161705970764
YMR004W,val,False,True,0.4858071208000183,0.1949675925076008,0.21088340878486633,0.12602218985557556,0.24464769661426544,0.3896014094352722,0.0036832578480243683,0.5632047116756439,0.27109861373901367,0.793233335018158,0.4130108952522278,0.9066976308822632,0.431983083486557
YMR005W,val,True,True,0.7838118672370911,0.1479361042380333,0.10117980092763901,0.11883369088172913,0.2803061008453369,0.031650811433792114,0.2077101171016693,0.4520946592092514,0.3645952343940735,0.5477471351623535,0.2557281255722046,0.19511394202709198,0.8972888588905334
YMR006C,val,False,True,-0.3357008099555969,-0.17795985080301763,-0.014817217364907265,0.33000898361206055,-0.013279072940349579,-1.2874196767807007,0.0957077294588089,-0.04557102620601654,-0.170619934797287,0.35235467553138733,0.15007716417312622,-0.44535014033317566,-0.1143168956041336
YMR007W,val,False,False,-1.4166887998580933,-1.579337477684021,-1.363991141319275,-1.7889084815979004,-2.141172409057617,-1.0934898853302002,-1.5091254711151123,-1.705245566368103,-1.7190465927124023,-2.1590113639831543,-1.8361637592315674,-1.3003065586090088,-1.5116995573043823
YMR008C,val,True,True,0.08533569425344467,0.39515267610549926,-0.2494198977947235,1.0831830501556396,0.3515560030937195,0.41916990280151367,0.37127432227134705,0.2472061261534691,-0.05627758055925369,0.7221428155899048,-0.3175122141838074,0.3018251061439514,0.5858525037765503
YMR009W,val,True,True,0.1333782970905304,0.18858622014522552,0.259243905544281,0.44631093740463257,0.22326913475990295,0.2615503668785095,-0.24744324386119843,0.0724593609571457,-0.21835634112358093,0.7989057302474976,-0.19148701429367065,0.19054928421974182,-0.21731485426425934
YMR010W,val,True,True,0.3039596676826477,0.3606777638196945,0.18851274251937866,0.4503634572029114,0.23691008985042572,0.5831215381622314,0.3444809913635254,0.40225039720535277,0.3976346552371979,0.38593801856040955,0.06230327486991882,0.4727615416049957,0.6926144957542419
YMR011W,val,False,True,0.8461068272590637,0.6594356775283814,0.9608668684959412,1.1247155666351318,0.5065793991088867,0.5344071388244629,0.17060941457748413,0.7321735978126526,0.6474536061286926,0.7013367414474487,0.6240564584732056,0.7601168751716614,0.9279043078422546
YMR012W,val,True,True,0.7629134058952332,0.41468978524208067,0.3655862510204315,0.4076460003852844,0.5809845328330994,0.4683566093444824,0.2508755326271057,0.447442489862442,0.36354315280914307,0.4582885503768921,0.5797145962715149,0.5679551362991333,0.26771101355552673
YMR013C,val,True,True,-0.6629487872123718,0.6414616823196411,0.7473401427268982,0.5977498292922974,1.1423544883728027,0.2740616500377655,0.4458023011684418,0.4097297489643097,0.2888853847980499,0.3818822503089905,0.39917290210723877,0.44884204864501953,0.5298661589622498
YMR013C-A,val,False,False,-2.088510751724243,-0.8027590215206146,-0.07352666556835175,-1.5269043445587158,0.07570715248584747,-1.056052327156067,-1.4330189228057861,-1.0935669541358948,-0.3345266580581665,-1.3593418598175049,-0.3949970602989197,-1.6444435119628906,-1.7345256805419922
YMR013W-A,val,False,False,-2.088510751724243,-1.0651532113552094,-0.21594753861427307,-0.6108278632164001,-1.534181833267212,-1.3034504652023315,-1.66135835647583,-1.0953411340713501,-0.24733424186706543,-0.5875849723815918,-1.4550585746765137,-1.3787994384765625,-1.807928442955017
YMR014W,val,True,True,0.987548291683197,1.054060411453247,1.2837358713150024,0.6886855959892273,1.2506296634674072,0.881962239742279,1.1652886867523193,0.765277898311615,0.901968240737915,1.1513612270355225,0.49302810430526733,0.28434842824935913,0.995683491230011
YMR015C,val,True,True,0.21486030519008636,0.680701470375061,0.8546971678733826,1.322049856185913,0.9016783237457275,-0.7285624146461487,1.0536444187164307,0.7344879865646362,0.9693529009819031,0.7008824348449707,0.8136650919914246,0.5991194248199463,0.5894200801849365
YMR016C,val,True,True,1.2020421028137207,1.6905077934265136,2.1455836296081543,2.2114968299865723,1.8802282810211182,1.135665774345398,1.0795644521713257,1.834152603149414,1.8269656896591187,1.7970401048660278,1.6751465797424316,1.8447813987731934,2.026829242706299
YMR017W,val,True,True,-1.5353121757507324,-0.780682897567749,-0.9102709889411926,-0.5064197778701782,-1.1033406257629395,-1.0616639852523804,-0.32171911001205444,-1.0148795127868653,-1.6550257205963135,-1.0054363012313843,-0.5492379665374756,-1.3080679178237915,-0.5566296577453613
YMR018W,val,True,True,-1.3377783298492432,-1.1700025796890259,-1.3744221925735474,-0.8647012710571289,-1.8811880350112915,-0.6625505685806274,-1.0671508312225342,-0.7483070611953735,-1.47963285446167,-0.1481073498725891,-1.0459671020507812,-0.73835688829422,-0.3294711112976074
YMR019W,val,True,True,0.06982558965682983,-0.027325030136853456,0.3088794946670532,-0.3738689422607422,-0.004555618856102228,-0.08544041216373444,0.018360327929258347,-0.10130831599235535,-0.18387791514396667,0.21838432550430298,-0.23816387355327606,-0.4902192950248718,0.18733517825603485
YMR020W,val,True,True,-0.1742202639579773,0.12274814993143082,-0.07617036253213882,0.33867567777633667,0.06893564760684967,0.039967894554138184,0.24233189225196838,0.14383015036582947,0.02484884113073349,0.2580360174179077,-0.05346544831991196,0.07102057337760925,0.41871076822280884
YMR021C,val,False,True,0.20549044013023376,0.5943602025508881,0.8543279767036438,0.7390099167823792,0.28473198413848877,0.6986278891563416,0.39510324597358704,0.5332809865474701,0.6039498448371887,0.2847934067249298,0.3734469413757324,0.5769383311271667,0.8272764086723328
YMR022W,val,True,True,1.2896997928619385,0.7067793011665344,0.33650246262550354,1.0170235633850098,0.497465580701828,1.2188268899917603,0.46407800912857056,0.7558423399925231,0.7591543793678284,0.870330810546875,0.5170725584030151,0.7498419880867004,0.882811963558197
YMR023C,val,True,True,-0.5356108546257019,0.36265768110752106,0.6836977601051331,0.40432190895080566,0.22787365317344666,0.18686355650424957,0.31053152680397034,0.10231470167636872,0.4071404039859772,0.17271724343299866,-0.333415687084198,-0.12702147662639618,0.3921530246734619
YMR024W,val,True,True,0.8016412258148193,0.8313993453979492,1.0372384786605835,1.0557596683502197,0.7935693860054016,0.8284955024719238,0.44193369150161743,0.8514482736587524,0.9034834504127502,1.1472563743591309,0.555295467376709,0.6482710242271423,1.0029350519180298
YMR025W,val,False,False,-0.7798637747764587,-0.9866845846176148,-0.7377083897590637,-1.2587080001831055,-1.1831939220428467,-0.8805771470069885,-0.8732354640960693,-0.8917776465415954,-0.5534985065460205,-1.2188808917999268,-1.3209187984466553,-0.7357769012451172,-0.6298131346702576
YMR026C,val,True,True,0.12751556932926178,0.6498129367828369,0.549505889415741,0.6085676550865173,0.9781544804573059,0.6055753827095032,0.5072612762451172,0.3632680416107178,0.12680670619010925,0.4635554552078247,0.3363760709762573,0.17019817233085632,0.7194038033485413
YMR027W,val,True,True,0.3633936643600464,1.2119505882263184,0.8011574149131775,1.6183521747589111,1.8109647035598755,1.1367638111114502,0.6925148367881775,0.8810581147670746,0.4991888701915741,1.1259043216705322,0.8053264021873474,1.1048288345336914,0.8700421452522278
YMR028W,val,False,True,0.19092926383018494,0.17742506861686708,0.4556863009929657,-0.14596283435821533,0.41162148118019104,-0.1156826913356781,0.281463086605072,0.14490775987505913,0.2842021882534027,0.29333460330963135,0.2522456645965576,-0.11726127564907074,0.012017618864774704
YMR029C,val,False,True,0.3323368728160858,0.7562154531478882,0.5345932245254517,0.8318288326263428,1.064258098602295,0.8369342684745789,0.5134628415107727,0.8214089930057525,0.4088725745677948,0.9255168437957764,0.45808154344558716,1.0310600996017456,1.2835139036178589
YMR030W,val,True,True,-0.10805293172597885,0.790531051158905,1.0186296701431274,0.9182636141777039,0.9393967986106873,0.6085651516914368,0.4678000211715698,0.6266974151134491,0.25018224120140076,1.3179471492767334,0.69573575258255,0.5270144939422607,0.34260743856430054
YMR030W-A,val,False,False,-1.639910340309143,-1.327051818370819,-1.2627360820770264,-2.1782546043395996,-0.5384562611579895,-1.749467372894287,-0.9063447713851929,-1.4891419053077697,-1.3806430101394653,-2.1211981773376465,-0.9960323572158813,-2.1321945190429688,-0.815641462802887
YMR031C,val,True,True,0.8167580366134644,1.0807852387428283,0.9555326104164124,1.204850196838379,1.0656301975250244,1.419488549232483,0.7584246397018433,1.2310455322265625,1.4646997451782227,1.5441396236419678,1.1937808990478516,0.9438531398773193,1.0087542533874512
YMR031W-A,val,False,False,-1.8252671957015991,-1.3829008340835571,-1.0618369579315186,-1.3777334690093994,-1.5404939651489258,-1.2763770818710327,-1.6580626964569092,-1.472883689403534,-1.4414759874343872,-1.6718428134918213,-1.7691240310668945,-0.9677961468696594,-1.5141794681549072
YMR032W,val,True,True,0.2060471624135971,0.5361905515193939,0.20069217681884766,1.1155738830566406,0.39497098326683044,0.684856116771698,0.2848595976829529,0.4604060471057892,0.4023028612136841,0.857829749584198,0.5314074158668518,0.20974311232566833,0.3007470965385437
YMR033W,val,True,True,0.5531527996063232,0.39063196182250975,0.6088280081748962,-0.28222811222076416,0.729688823223114,0.2592085599899292,0.6376625299453735,0.32808237336575985,0.3942202627658844,0.034719664603471756,0.6227158308029175,-0.004043078050017357,0.592799186706543
YMR034C,val,True,True,-0.7925997376441956,0.3270885519683361,0.2596590220928192,0.7538394331932068,0.2662293016910553,0.3973711431026459,-0.041656140238046646,0.16457144543528557,-0.03323153406381607,0.20259809494018555,0.4306800663471222,0.2746005654335022,-0.051789965480566025
YMR035W,val,False,True,-0.39148810505867004,0.40599259957671163,0.261035680770874,0.5898601412773132,0.7072203755378723,0.5110952854156494,-0.03924848511815071,0.3688449189066887,-0.04204825311899185,0.6584652662277222,0.7094268798828125,0.6988548636436462,-0.1804741621017456
YMR036C,val,True,True,0.14828236401081085,0.050921577215194705,-0.16745027899742126,-0.17845755815505981,0.17016999423503876,0.19866837561130524,0.2316773533821106,0.16329011209309102,0.09977217763662338,0.32123619318008423,0.015258463099598885,0.14060311019420624,0.23958061635494232
YMR037C,val,True,True,0.6423014402389526,0.18969520926475525,-0.2261252999305725,0.27214688062667847,0.6929671168327332,0.13945752382278442,0.07002982497215271,0.49701814651489257,0.43927237391471863,0.4310928285121918,0.5479738712310791,0.3605475425720215,0.7062041163444519
YMR038C,val,True,True,1.6437407732009888,0.9707783341407776,0.6807718873023987,1.1674437522888184,1.1356309652328491,0.9680240154266357,0.902021050453186,1.11649489402771,1.2829097509384155,1.0725668668746948,1.121902585029602,1.0486851930618286,1.0564100742340088
YMR039C,val,True,True,1.1387752294540405,0.7420338004827499,1.1926828622817993,0.555000364780426,0.9938517808914185,0.17144249379634857,0.7971915006637573,0.6401156604290008,0.7670825719833374,0.9259730577468872,0.6477339863777161,0.10843560099601746,0.7513530850410461
YMR040W,val,True,True,-0.6550355553627014,0.08920748382806779,-0.14909237623214722,0.01221715658903122,0.15861639380455017,0.28105679154396057,0.14323945343494415,0.09216525703668595,0.07339546829462051,0.12626612186431885,-0.26063811779022217,0.11993607878684998,0.40186673402786255
YMR041C,val,True,False,0.07577654719352722,-0.9850820183753968,-1.0401660203933716,-1.236771583557129,-0.5517104864120483,-0.4539704918861389,-1.642791509628296,-1.03873208463192,-1.5462063550949097,-0.06397174298763275,-0.9372840523719788,-0.5932469367980957,-2.0529513359069824
YMR042W,val,True,True,1.2613765001296997,0.13064019680023192,-0.3685299754142761,0.021237172186374664,-0.09779597073793411,0.726596474647522,0.37169328331947327,0.10651913061738014,-0.25743991136550903,0.05246986821293831,-0.21227866411209106,0.5665154457092285,0.383328914642334
YMR043W,val,False,True,1.9257817268371582,0.9640716671943664,0.6269638538360596,1.0890896320343018,1.1436007022857666,0.828240692615509,1.1324634552001953,1.0335615515708922,1.1024166345596313,0.8137048482894897,1.3560737371444702,0.9116591215133667,0.9839534163475037
YMR044W,val,True,True,0.84188312292099,0.6959729194641113,0.6761114001274109,0.6868422627449036,0.727270245552063,0.9399808645248413,0.4496598243713379,1.075517463684082,1.1313031911849976,0.9003169536590576,1.0129857063293457,1.1063213348388672,1.226660132408142
YMR046W-A,val,False,False,-1.4176878929138184,-0.6843836039304734,-0.7820732593536377,-0.7242563366889954,-0.9987279772758484,-0.1192769855260849,-0.7975834608078003,-0.9567066013813019,-1.0742684602737427,-0.34171316027641296,-1.2375593185424805,-0.8121741414070129,-1.3178179264068604
YMR047C,val,False,True,1.1055155992507935,0.2277967393398285,0.3584476113319397,0.21835309267044067,0.1303398460149765,0.2817489206790924,0.15009422600269318,0.6062651455402375,0.6827400326728821,0.3569307029247284,0.39544200897216797,0.5367778539657593,1.0594351291656494
YMR048W,val,True,True,0.39447519183158875,0.052562720328569415,0.07689689099788666,-0.40977075695991516,0.018888849765062332,0.4215085506439209,0.15529006719589233,0.3727060467004776,0.3774798810482025,0.2953614890575409,0.16508972644805908,0.2041160613298416,0.8214830756187439
YMR049C,val,True,True,0.5939699411392212,0.7211259067058563,1.1908838748931885,0.4835398197174072,0.8278517723083496,0.729300320148468,0.3740537464618683,0.9055232405662537,1.531982660293579,0.8039810657501221,0.8005609512329102,0.6553851366043091,0.7357063889503479
YMR052C-A,val,False,False,-1.9501065015792847,-1.3147687256336211,-1.923269510269165,-2.2257914543151855,-0.6693667769432068,-0.44562408328056335,-1.3097918033599854,-1.4205881476402282,-1.760666847229004,-2.0418808460235596,-0.6108857989311218,-1.2361769676208496,-1.4533302783966064
YMR052W,val,False,True,-0.06370944529771805,0.17343247681856155,0.3913194537162781,0.1642574965953827,0.047452040016651154,0.8852015137672424,-0.6210681200027466,0.43839371055364607,0.9581160545349121,0.713929295539856,-0.11364296823740005,0.37689998745918274,0.2566661834716797
YMR053C,val,True,True,-0.1720779538154602,0.4594781994819641,0.390164852142334,0.5317252278327942,0.5532959699630737,0.29089486598968506,0.5313100814819336,0.4313182562589645,0.43658581376075745,0.49968385696411133,0.6741800904273987,0.04276628792285919,0.503375232219696
YMR054W,val,True,True,0.7382772564888,0.3915079474449158,0.030910514295101166,0.6360858082771301,0.46922290325164795,0.11744556576013565,0.703874945640564,0.2164061788469553,0.5408012270927429,0.5082815289497375,0.004281254485249519,-0.41192421317100525,0.44059109687805176
YMR055C,val,True,True,0.3377173840999603,0.07592829428613186,-0.3829062581062317,-0.07641905546188354,0.7480714917182922,-0.023600922897458076,0.11449621617794037,-0.25026592910289763,-1.0997883081436157,-0.03366658091545105,-0.059613823890686035,-0.138872891664505,0.08061195909976959
YMR056C,val,True,True,-0.5663414597511292,-0.4455636590719223,-0.8412690758705139,-0.3253973424434662,-0.34296321868896484,-0.9402347207069397,0.22204606235027313,-0.5332186639308929,-0.1995774805545807,-0.8133559226989746,-0.2736855149269104,-0.9901403188705444,-0.3893340826034546
YMR057C,val,False,False,-1.3527500629425049,-1.9565753936767578,-1.942515254020691,-2.061375856399536,-1.8409751653671265,-1.864464521408081,-2.0735461711883545,-2.1172666549682617,-2.0888671875,-2.1348159313201904,-2.116623640060425,-2.242765426635742,-2.003261089324951
YMR058W,val,False,True,1.8499541282653809,0.4824136316776276,0.9958000779151917,0.9937369227409363,0.4685215950012207,-0.4366644024848938,0.390673965215683,0.3316217541694641,1.23248291015625,-0.23496589064598083,0.5130495429039001,-0.2903723418712616,0.43791455030441284
YMR059W,val,True,True,0.4226018786430359,0.2927009880542755,0.2907882332801819,0.10439789295196533,0.5782894492149353,0.23784467577934265,0.2521846890449524,0.4420201420783997,0.5377613306045532,0.6064996719360352,0.22818225622177124,0.3729802370071411,0.46467721462249756
YMR060C,val,True,True,-0.1825529783964157,0.2984013341367245,0.433005690574646,0.014959979802370071,0.6208547949790955,0.08183803409337997,0.34134817123413086,0.30257320404052734,0.29038774967193604,0.35624945163726807,0.29074010252952576,-0.049257904291152954,0.6247466206550598
YMR061W,val,True,True,0.22700481116771698,0.4860377311706543,0.3763476014137268,0.37452295422554016,0.652239978313446,0.746112048625946,0.2809660732746124,0.6287089943885803,0.3362228572368622,1.1002589464187622,0.8324502110481262,0.15342554450035095,0.7211874127388
YMR062C,val,False,True,0.6509613394737244,0.5510236859321594,0.5569432973861694,0.7504626512527466,0.5985453128814697,0.4809406101703644,0.368226557970047,0.31060855388641356,0.5319105982780457,0.5905981063842773,-0.05238920450210571,0.3426733613014221,0.14024990797042847
YMR063W,val,True,True,-0.29390841722488403,-0.29725813269615176,-0.5206989049911499,0.15703968703746796,-0.13276983797550201,-0.5187095999717712,-0.47115200757980347,-0.18337549567222594,-0.5519416332244873,0.1307622641324997,0.06950198113918304,-0.27007949352264404,-0.29512059688568115
YMR064W,val,True,True,0.13884542882442474,0.3024174392223358,0.1364949345588684,0.45318520069122314,0.4771393835544586,0.32910946011543274,0.11615821719169617,0.36621369421482086,0.35347554087638855,0.2862078547477722,0.5288285613059998,-0.0413941890001297,0.7039507031440735
YMR065W,val,True,True,-0.6228752732276917,-1.349425995349884,-1.1293007135391235,-2.308060884475708,-2.0451629161834717,-0.5239781141281128,-0.7406273484230042,-1.3110825777053834,-2.1123766899108887,-1.435636043548584,-2.045485496520996,-0.48195236921310425,-0.4799622893333435
YMR066W,val,True,True,-0.16083306074142456,0.5980442047119141,0.3801270127296448,0.43146318197250366,0.8051291108131409,0.6599017977714539,0.7135999202728271,0.628817880153656,0.640999972820282,0.3244844377040863,0.4165731966495514,0.9878776669502258,0.7741541266441345
YMR067C,val,True,False,0.5742176175117493,-1.1046880602836608,-0.5736314654350281,-1.4590930938720703,-2.072272539138794,-0.3829517364501953,-1.0354914665222168,-0.9169358909130096,-1.2303767204284668,-1.0846174955368042,-1.4650983810424805,-0.5376111268997192,-0.2669757306575775
YMR068W,val,True,True,-0.1521661877632141,0.5485137462615967,0.4926196336746216,0.5158360600471497,0.6270350813865662,0.704413115978241,0.40266484022140503,0.5209713101387023,0.3284667730331421,0.5595095157623291,0.41439300775527954,0.7262946963310242,0.5761925578117371
YMR069W,val,True,True,-0.21647587418556213,0.051551537960767745,0.40209513902664185,-0.153981015086174,-0.19286946952342987,0.2566452920436859,-0.05413225665688515,0.06476952210068702,0.22752094268798828,-0.026689346879720688,-0.33512991666793823,0.14309217035770416,0.3150537610054016
YMR070W,val,True,True,1.446903109550476,1.3595855951309204,1.6431528329849243,1.6173577308654785,1.3302199840545654,1.379891276359558,0.8273061513900757,1.3807077407836914,1.0904074907302856,1.243488073348999,1.5135395526885986,1.4434031248092651,1.6127004623413086
YMR071C,val,True,True,0.4303622245788574,0.39270116239786146,0.04837191849946976,0.4848455786705017,0.6746514439582825,0.6890417337417603,0.06659513711929321,0.5365368723869324,0.5260679125785828,0.8272421360015869,0.7109134197235107,0.3267568051815033,0.29170408844947815
YMR072W,val,True,True,0.914535403251648,0.8803588628768921,0.8767257332801819,1.2361414432525635,1.0785573720932007,0.7445211410522461,0.4658486247062683,1.123940920829773,1.1369975805282593,1.3609261512756348,1.2047860622406006,0.720802903175354,1.1961919069290161
YMR073C,val,True,True,0.10483115166425705,0.11532063335180283,-0.15814560651779175,0.18740394711494446,0.2520907521247864,0.04440491646528244,0.2508491575717926,0.15054092109203338,0.2806522250175476,0.6050688028335571,-0.1512693464756012,-0.14455264806747437,0.16280557215213776
YMR074C,val,True,True,0.2055628001689911,0.7897866368293762,0.724668025970459,0.8314061760902405,1.0546846389770508,0.779377818107605,0.5587965250015259,0.7379089415073394,0.43851450085639954,0.7712313532829285,1.044070839881897,0.6210237741470337,0.8147042393684387
YMR075C-A,val,False,False,-0.9526128172874451,-2.1185254096984862,-2.1010358333587646,-2.18753719329834,-2.1274430751800537,-2.0523178577423096,-2.124293088912964,-2.1687395095825197,-1.9233112335205078,-2.157559394836426,-2.2359375953674316,-2.326181650161743,-2.2007076740264893
YMR075W,val,True,True,0.28249210119247437,0.7733887076377869,0.5723322629928589,0.7101218700408936,1.3698025941848755,0.5703940987586975,0.6442927122116089,0.88461874127388,0.4246649444103241,0.7966252565383911,1.0885512828826904,0.7074766755104065,1.405775547027588
YMR076C,val,True,True,0.21583524346351624,-0.47089277133345603,-0.7043260931968689,-0.31590354442596436,-0.572432816028595,-0.7716345191001892,0.009833116084337234,0.038577032089233396,-0.34494778513908386,-0.15376895666122437,-0.18008358776569366,0.7913963794708252,0.08028911054134369
YMR077C,val,False,True,0.510713517665863,0.2484154224395752,-0.13042914867401123,0.4154144525527954,0.4896749258041382,0.17703673243522644,0.2903801500797272,0.2679349914193153,0.08465258032083511,0.2223057746887207,0.1939024031162262,0.399116575717926,0.43969762325286865
YMR078C,val,True,True,0.20262150466442108,0.327161979675293,0.4639437198638916,-0.12725040316581726,0.5571038126945496,0.38924792408943176,0.3527648448944092,0.3750618755817413,0.3194200098514557,0.28064242005348206,0.4036702811717987,0.43823596835136414,0.4333406984806061
YMR079W,val,True,True,1.1700260639190674,0.27810647785663606,-0.45691126585006714,0.6185088157653809,0.8167096972465515,0.16716472804546356,0.24506041407585144,0.30300184786319734,-0.22541534900665283,0.47844892740249634,0.6039482355117798,0.1811225563287735,0.47690486907958984
YMR080C,val,True,True,0.6442092657089233,-0.07468012124300002,-0.031391508877277374,-0.19549992680549622,0.011663217097520828,-0.1747530698776245,0.01658068224787712,0.36883644610643385,-0.06469991058111191,0.39733433723449707,0.39197635650634766,0.47429269552230835,0.6452787518501282
YMR081C,val,False,True,-1.2055633068084717,-0.5153428882360458,-0.7357715964317322,-0.8129445314407349,-0.4864444434642792,0.12834493815898895,-0.6698988080024719,-0.10755504220724106,0.13322976231575012,0.07981759309768677,0.09172537177801132,-0.053304001688957214,-0.7892439365386963
YMR082C,val,False,False,-1.965366244316101,-0.7739686876535415,-1.1806178092956543,-1.3748705387115479,-0.3525075614452362,-0.8262986540794373,-0.13554887473583221,-0.957740432024002,-1.0109968185424805,-1.252699613571167,-0.614342451095581,-1.605199933052063,-0.30546334385871887
YMR083W,val,True,True,1.051512360572815,0.9196256518363952,0.6766760945320129,1.0988800525665283,1.222154140472412,0.8122040033340454,0.7882139682769775,0.9361042261123658,1.2099838256835938,0.7426984310150146,0.9716018438339233,0.6008462905883789,1.155390739440918
YMR084W,val,True,True,-0.9687114953994751,-0.32338060103356836,-0.016620559617877007,-0.9708730578422546,0.2317451685667038,-0.10478782653808594,-0.7563667297363281,-0.32937475144863126,-0.8612884283065796,-0.3551008701324463,-0.07917845249176025,-0.20228150486946106,-0.14902450144290924
YMR085W,val,True,False,-0.7475424408912659,-1.182560884952545,-0.6431063413619995,-1.6322176456451416,-0.3935479521751404,-1.7140384912490845,-1.5298939943313599,-1.243698501586914,-1.2026313543319702,-1.3431135416030884,-1.1990450620651245,-1.122135043144226,-1.3515675067901611
YMR086C-A,val,False,False,-0.9845613837242126,-1.2861019849777222,-1.0663162469863892,-2.1948065757751465,-1.177262783050537,-0.40050339698791504,-1.591620922088623,-1.4590862274169922,-1.4077370166778564,-2.0714619159698486,-0.9854925870895386,-1.3070025444030762,-1.5237370729446411
YMR086W,val,True,True,0.6859308481216431,0.5074668824672699,0.2927211821079254,0.359322190284729,0.6601123809814453,0.48667603731155396,0.7385026216506958,0.7009040355682373,0.6748901605606079,0.5192411541938782,0.7962029576301575,0.739518940448761,0.774666965007782
YMR087W,val,True,True,-0.004127393011003733,0.8236940801143646,0.7524448037147522,0.44734808802604675,1.3095123767852783,0.937232255935669,0.6719328761100769,0.4705073356628418,0.38623112440109253,0.5277392268180847,0.3371413052082062,0.43627414107322693,0.6651508808135986
YMR088C,val,False,True,-0.05404137074947357,0.22090647667646407,0.3417215645313263,-0.05939996987581253,0.46615737676620483,0.28373846411705017,0.07231494784355164,0.43695743978023527,0.49189189076423645,0.2935923933982849,0.511711835861206,0.24679692089557648,0.6407941579818726
YMR089C,val,True,True,0.7003083825111389,0.6644935250282288,0.9408119320869446,0.5880434513092041,0.9402129054069519,0.57029789686203,0.2831014394760132,0.7317137360572815,0.909418523311615,0.494914174079895,0.5643326044082642,0.7248228192329407,0.9650805592536926
YMR090W,val,True,False,0.3914693593978882,-1.2175530791282654,-1.4252253770828247,-1.5068871974945068,-1.929805040359497,-0.5881668329238892,-0.6376809477806091,-0.9653964310884475,-1.1651228666305542,-1.1135039329528809,-1.8062278032302856,-0.5086727738380432,-0.23345477879047394
YMR091C,val,True,True,1.1592481136322021,0.8923511028289794,0.9860609173774719,0.9492244720458984,1.4135477542877197,0.5589006543159485,0.5540217161178589,1.1157034516334534,0.8145273327827454,1.5932341814041138,1.3848655223846436,0.8595356345176697,0.9263545870780945
YMR092C,val,True,True,0.13973207771778107,0.00038350820541381835,-1.4799171686172485,0.9687504172325134,-0.3483654260635376,0.2413768768310547,0.6200728416442871,0.19491214752197267,-0.2246468961238861,0.4300520122051239,-0.18799245357513428,0.2967415452003479,0.6604065299034119
YMR093W,val,True,True,0.557646632194519,1.063487136363983,1.186876893043518,1.2789628505706787,1.0562546253204346,0.6611047387123108,1.1342365741729736,0.985172712802887,1.3067893981933594,1.2335485219955444,0.6470856070518494,0.7338991165161133,1.0045409202575684
YMR094W,val,True,True,-0.3076956272125244,0.06702189221978187,0.021345801651477814,-0.05065535381436348,0.30279967188835144,0.2007725089788437,-0.13915316760540009,0.05119795054197311,-0.08817902952432632,0.13432016968727112,0.2685827612876892,0.20569071173667908,-0.2644248604774475
YMR095C,val,False,True,-1.1974660158157349,0.5060674630105495,1.4388235807418823,0.561690628528595,0.1429436355829239,0.41711854934692383,-0.030239079147577286,0.42472214102745054,1.0112844705581665,0.6482993960380554,0.28757861256599426,-0.04444080591201782,0.22088903188705444
YMR096W,val,False,True,0.03498462215065956,0.19113820195198059,0.2887359857559204,0.12090626358985901,0.44031235575675964,0.4680870473384857,-0.3623506426811218,0.15069182813167573,-0.265330970287323,-0.1124989241361618,0.7080886960029602,0.3077410161495209,0.11545932292938232
YMR097C,val,True,True,0.03883013129234314,0.22514478266239166,0.34062090516090393,0.17613108456134796,0.5120881199836731,-0.18466773629188538,0.2815515398979187,0.17229261472821236,-0.06617514044046402,-0.0347023569047451,0.21243184804916382,0.05554661899805069,0.6943621039390564
YMR098C,val,False,True,0.14804422855377197,-0.8187142431735992,-0.387178510427475,-1.642057180404663,-0.7872850298881531,-0.44126081466674805,-0.835789680480957,-1.1383583426475525,-1.2597123384475708,-1.2597861289978027,-0.8257576823234558,-1.1172230243682861,-1.229312539100647
YMR099C,val,True,True,0.30095961689949036,0.5085849463939667,0.5032864212989807,0.49162179231643677,1.020540714263916,0.25383785367012024,0.27363795042037964,0.6134538531303406,0.8808581233024597,0.6673768758773804,1.2056620121002197,0.11779405176639557,0.1955782026052475
YMR100W,val,True,True,0.37577787041664124,0.20721679627895356,0.2354920506477356,0.014540106058120728,0.6018169522285461,-0.20872609317302704,0.39296096563339233,0.2722742915153503,0.35519304871559143,0.4152923822402954,0.17247307300567627,0.1742899864912033,0.2441229671239853
YMR101C,val,False,False,-1.6371384859085083,-0.5172432214021683,-0.18981492519378662,-0.5206479430198669,-0.8729584813117981,-0.19781740009784698,-0.8049773573875427,-0.3782180607318878,-0.31960171461105347,-0.06520713865756989,-0.8641300797462463,-0.21124272048473358,-0.4309086501598358
YMR102C,val,True,True,0.17960655689239502,0.9641859769821167,0.7925229668617249,0.8746387958526611,1.5265456438064575,0.6216480135917664,1.0055744647979736,1.0643388867378234,0.9101918339729309,1.1440675258636475,1.1771559715270996,1.0444769859313965,1.045802116394043
YMR103C,val,False,False,-0.15570811927318573,-0.9848955035209656,-0.7656282186508179,-1.8057196140289307,-0.7864066958427429,-0.982127845287323,-0.5845951437950134,-1.1019899010658265,-1.0363649129867554,-1.6351720094680786,-0.6939274668693542,-1.117822289466858,-1.026662826538086
YMR104C,val,True,True,-0.11229781806468964,0.49519932866096494,0.3512474298477173,0.7122953534126282,0.30801427364349365,0.6977396607398987,0.40669992566108704,0.7149536967277527,0.4637089967727661,0.6522969007492065,0.8597520589828491,0.661902129650116,0.9371083974838257
YMR105C,val,False,True,-0.11203970015048981,0.16905560791492463,-0.1942969560623169,-0.223871648311615,0.7433250546455383,0.378030389547348,0.14209119975566864,0.1279023230075836,0.5077766180038452,-0.12438519299030304,0.5021787285804749,-0.07039499282836914,-0.1756635457277298
YMR105W-A,val,True,True,-0.9750942587852478,-0.12443211898207665,0.11111598461866379,0.064908966422081,-0.8342380523681641,0.022580891847610474,0.013471614569425583,-0.1888938620686531,-0.04638218507170677,-0.4728889465332031,-0.5425073504447937,0.16416838765144348,-0.04685921594500542
YMR106C,val,False,False,0.00565993320196867,-1.2691059708595276,-1.5345231294631958,-1.0552175045013428,-1.33367919921875,-0.9830564856529236,-1.4390535354614258,-1.3937593936920165,-1.9123889207839966,-1.24639892578125,-1.0526964664459229,-1.5380675792694092,-1.2192450761795044
YMR107W,val,True,True,-1.3421334028244019,0.1229651004076004,-0.16990292072296143,0.16243980824947357,0.9891634583473206,-0.6190302968025208,0.25215545296669006,0.045087506622076036,0.10958356410264969,0.3866872191429138,-0.08275006711483002,-0.22380104660987854,0.03571786358952522
YMR108W,val,True,True,1.0093053579330444,0.4974858969449997,0.5694494247436523,0.7293850779533386,0.5483065247535706,0.21521063148975372,0.4250778257846832,0.290760313346982,0.17415106296539307,0.6991231441497803,0.4322595000267029,0.02147316373884678,0.126794695854187
YMR109W,val,True,True,0.9447410106658936,0.686589139699936,0.6821464896202087,1.0819792747497559,0.4766620397567749,0.49548253417015076,0.6966753602027893,0.4013474464416504,0.5321017503738403,0.2933225929737091,0.35690420866012573,0.07834073901176453,0.7460679411888123
YMR110C,val,True,True,0.06477561593055725,0.339373604208231,0.06209187209606171,0.23198792338371277,0.6974040865898132,0.6891971230506897,0.016187015920877457,0.42753857374191284,0.1526402235031128,0.2643529176712036,0.2547439932823181,0.686379075050354,0.7795766592025757
YMR111C,val,False,False,0.11198809742927551,-0.20500200986862183,-0.388075053691864,-0.36299601197242737,-0.29654836654663086,-0.32367974519729614,0.34628912806510925,-0.002334260940551758,-0.37538373470306396,0.414661169052124,-0.08072742819786072,-0.28265735507011414,0.312436044216156
YMR112C,val,True,True,0.2982625365257263,-0.5451729416847229,-0.3142636716365814,-0.9826374650001526,-0.41234466433525085,-0.49820399284362793,-0.5184149146080017,-1.006407880783081,-0.7777787446975708,-1.150611162185669,-1.4810175895690918,-0.22687005996704102,-1.3957618474960327
YMR113W,val,True,False,-0.1669062227010727,-1.425669288635254,-1.1048988103866577,-1.6664924621582031,-1.4950213432312012,-1.4531279802322388,-1.4088058471679688,-0.8550187230110169,-0.9800570011138916,-0.7906455993652344,-1.0002684593200684,-1.032623529434204,-0.4714990258216858
YMR114C,val,True,True,0.34420982003211975,-0.49931796789169314,0.2916829288005829,-0.5426939725875854,-1.1454373598098755,0.2794143855571747,-1.3795558214187622,-0.359958590939641,0.1806999146938324,-0.9807138442993164,-1.031757116317749,-0.02119065634906292,0.05316874757409096
YMR115W,val,True,True,0.499195396900177,-0.35285777002573016,0.05827001482248306,-0.6558546423912048,-0.2521301507949829,0.1396319419145584,-1.0542060136795044,-0.21624573767185212,-0.13908742368221283,-0.6132479906082153,-0.16230641305446625,-0.32267090678215027,0.15608404576778412
YMR116C,val,True,True,0.991439938545227,0.8593613147735596,0.517586886882782,0.8591348528862,1.3736555576324463,0.3384760618209839,1.2079532146453857,1.022478747367859,1.052738070487976,1.1317124366760254,0.9592187404632568,0.8221728801727295,1.1465516090393066
YMR117C,val,True,True,0.5023767948150635,0.4932528018951416,0.214042067527771,0.3019642233848572,0.6828872561454773,0.6832080483436584,0.5841624140739441,0.5733107328414917,0.2774030864238739,0.9355778098106384,0.34499236941337585,0.5220091938972473,0.786571204662323
YMR118C,val,False,False,-1.9225828647613525,-1.5024249076843261,-1.2160288095474243,-1.8905279636383057,-1.7716883420944214,-1.368499517440796,-1.2653799057006836,-1.3922316312789917,-1.7438713312149048,-1.912401795387268,-1.5373331308364868,-0.9270265698432922,-0.8405253291130066
YMR119W,val,True,True,0.2078818827867508,-0.06293875277042389,0.315909743309021,-0.11749053001403809,-1.0020170211791992,0.0641353577375412,0.42476868629455566,0.0712920654565096,0.11568944901227951,0.1211012750864029,0.021941961720585823,-0.08891507983207703,0.18664272129535675
YMR119W-A,val,False,False,-1.720638394355774,-1.3627220392227173,-0.8605303168296814,-1.5153350830078125,-0.6255162358283997,-1.7198821306228638,-2.092346429824829,-1.224666464328766,-0.7738480567932129,-1.126528263092041,-0.616794764995575,-1.4904004335403442,-2.1157608032226562
YMR120C,val,False,True,-0.04271256923675537,0.3086446776986122,0.45560288429260254,0.262986421585083,0.5693411827087402,0.18507125973701477,0.07022164016962051,0.46259806156158445,-0.10007911920547485,0.5156504511833191,0.6760327816009521,0.654190182685852,0.5671960115432739
YMR121C,val,True,True,0.5846226811408997,0.7767353117465973,0.839863121509552,1.3518517017364502,0.7606561779975891,0.3617977201938629,0.5695078372955322,0.9255409419536591,0.45352211594581604,1.08760666847229,0.9912000298500061,0.6695046424865723,1.4258712530136108
YMR122C,val,False,False,-0.7771351933479309,-1.6162668704986571,-1.304081916809082,-1.623441219329834,-1.6200684309005737,-1.7123907804489136,-1.8213520050048828,-1.46524418592453,-0.9296182990074158,-1.3774148225784302,-1.2833980321884155,-1.9986662864685059,-1.7371234893798828
YMR122W-A,val,True,True,1.4229546785354614,1.2680948495864868,1.4712737798690796,1.266634225845337,1.1996650695800781,1.5996726751327515,0.803228497505188,1.4049728631973266,1.805287480354309,1.6048561334609985,0.666091799736023,1.3833940029144287,1.565234899520874
YMR123W,val,True,True,1.0721299648284912,0.9310174942016601,0.8341220617294312,0.6283906102180481,1.1856225728988647,0.9755188822746277,1.031433343887329,0.8577003121376038,0.7466066479682922,0.721075713634491,0.5257572531700134,1.1244134902954102,1.170648455619812
YMR124W,val,True,True,0.6106365919113159,1.1621248364448546,0.9364452362060547,1.2328433990478516,1.781516671180725,0.9070912003517151,0.9527276754379272,0.9944403767585754,0.8420189023017883,1.1939043998718262,1.160571575164795,0.7535183429718018,1.022188663482666
YMR125W,val,True,True,0.1828499436378479,0.36005009412765504,0.3115839958190918,0.21461406350135803,0.4384159445762634,0.41673529148101807,0.4189011752605438,0.3187018632888794,0.4574306309223175,0.4020901024341583,0.1544208824634552,0.21209385991096497,0.367473840713501
YMR126C,val,True,True,-0.4807407259941101,-0.0006108950823545456,0.04471690207719803,-0.010702461004257202,-0.1899678260087967,-0.02400083653628826,0.1768997460603714,-0.1571752682328224,0.005745850503444672,-0.024400383234024048,-0.2951775789260864,-0.1896083652973175,-0.2824358642101288
YMR127C,val,True,True,-0.412885844707489,0.6827142477035523,0.7830144762992859,0.38501811027526855,1.2454748153686523,0.3420566916465759,0.6580071449279785,0.46884920001029967,0.666114330291748,0.40479081869125366,0.25598764419555664,0.4920554459095001,0.5252977609634399
YMR128W,val,True,True,0.45279693603515625,0.7439406394958497,0.6718615889549255,0.6228578686714172,1.1322606801986694,0.6155160665512085,0.6772069931030273,0.6662562727928162,0.6537200212478638,0.7027087211608887,0.432175874710083,0.5645866394042969,0.9780901074409485
YMR129W,val,True,True,0.3754810094833374,0.3684955909848213,0.6716910600662231,0.03965502232313156,0.238035187125206,0.4786389470100403,0.4144577383995056,0.4347717881202698,0.23979759216308594,0.6088899374008179,0.41519859433174133,0.3481258451938629,0.5618469715118408
YMR130W,val,True,False,0.4512205719947815,-0.725642553716898,-0.053049731999635696,-0.8778504133224487,-1.7550603151321411,0.04473838210105896,-0.9869906902313232,-0.8421199977397918,-0.27625957131385803,-0.8411599397659302,-1.760196566581726,-0.7040865421295166,-0.6288973689079285
YMR131C,val,True,True,1.247976541519165,0.5421341061592102,0.27527061104774475,0.44990652799606323,1.0842009782791138,0.6108061671257019,0.29048624634742737,0.6488127887248993,0.36551108956336975,0.6861656904220581,0.919649064540863,0.7653629779815674,0.5073751211166382
YMR132C,val,True,True,0.1247139498591423,-0.02271445244550705,-0.22516700625419617,-0.40596407651901245,0.6108198761940002,-0.10309860110282898,0.009837545454502106,0.21964799612760544,-0.08872690051794052,0.33775779604911804,0.3705414831638336,0.2843110263347626,0.19435657560825348
YMR133W,val,True,True,-1.6574259996414185,-0.21733213774859905,-0.4543309807777405,-0.3030252456665039,-0.17578308284282684,-0.0005433913320302963,-0.15297798812389374,-0.3280681550502777,-0.667867124080658,-0.22667214274406433,-0.6985213756561279,0.18763341009616852,-0.23491354286670685
YMR134W,val,True,True,0.8051518201828003,-0.02061355598270893,-0.060385797172784805,-0.45970427989959717,0.27268463373184204,0.017328480258584023,0.12700918316841125,0.053903356194496155,0.30958423018455505,-0.4390352964401245,0.19930604100227356,-0.06372405588626862,0.2633858621120453
YMR135C,val,True,True,0.29075002670288086,0.8749358654022217,0.7050812840461731,1.3926129341125488,1.0189608335494995,0.6044196486473083,0.6536046266555786,0.687567389011383,0.16523486375808716,0.5511603355407715,0.9765797853469849,0.9450821280479431,0.7997798323631287
YMR135W-A,val,False,False,-2.013568639755249,-1.8409035921096801,-1.2581921815872192,-1.9930739402770996,-2.120647668838501,-1.8231768608093262,-2.009427309036255,-1.81094810962677,-1.7189429998397827,-1.6727958917617798,-1.8105881214141846,-2.08780574798584,-1.7646077871322632
YMR136W,val,True,True,0.9186321496963501,0.8321864411234856,0.882498562335968,1.5109055042266846,0.8642107844352722,0.10058488696813583,0.8027324676513672,1.0156415581703186,1.0907062292099,0.6097105741500854,1.3558729887008667,1.1451289653778076,0.8767890334129333
YMR137C,val,True,False,-0.01912430301308632,-1.0460339069366456,-1.2716337442398071,-1.3230814933776855,-0.9554514288902283,-0.5976983904838562,-1.0823044776916504,-0.8921172201633454,-1.4756758213043213,-1.142564296722412,-0.7764909267425537,-0.1826888620853424,-0.8831661939620972
YMR138W,val,True,False,0.2760164439678192,-0.8285370349884034,-1.3288071155548096,-0.23806875944137573,-0.9151912331581116,-0.9322758316993713,-0.7283422350883484,-0.924990451335907,-1.6038566827774048,-0.8834722638130188,-0.8869167566299438,-0.49134373664855957,-0.7593628168106079
YMR139W,val,True,True,0.08234218508005142,0.724234688282013,0.6397945880889893,0.5275378823280334,1.202937126159668,0.6700499653816223,0.5808538794517517,0.6455885648727417,0.53467857837677,0.6173458695411682,0.7852046489715576,0.5841227769851685,0.7065909504890442
YMR140W,val,True,True,0.5718968510627747,0.5111537039279938,0.4623813033103943,0.49576640129089355,0.6018165349960327,0.7024952173233032,0.2933090627193451,0.5755345553159714,0.565165638923645,0.9520771503448486,0.6523585319519043,0.24706988036632538,0.46100157499313354
YMR141C,val,False,False,-1.9205278158187866,-0.6323254689574241,-0.6883223056793213,-1.2868287563323975,-1.0200297832489014,0.07067834585905075,-0.23712484538555145,-0.9758444845676422,-1.0135477781295776,-0.8441660404205322,-1.4848448038101196,-0.25727012753486633,-1.2793936729431152
YMR141W-A,val,False,False,-1.925790786743164,-1.6641432762145996,-1.7142096757888794,-2.029268503189087,-1.8115348815917969,-1.2755478620529175,-1.4901554584503174,-1.5517255544662476,-2.0396928787231445,-1.455744981765747,-1.6819571256637573,-1.0094494819641113,-1.5717833042144775
YMR142C,val,True,True,1.4650660753250122,1.4483409166336059,1.2060952186584473,1.3120102882385254,1.83548903465271,1.2403771877288818,1.6477328538894653,1.1527552723884582,0.9606481194496155,1.2302470207214355,1.3478460311889648,1.1468660831451416,1.0781691074371338
YMR143W,val,True,True,1.3197498321533203,0.848803061619401,0.42876988649368286,0.586965024471283,1.8710613250732422,0.017569275572896004,1.3396497964859009,0.7804172039031982,0.7315646409988403,0.9451868534088135,0.8751612901687622,0.5291991829872131,0.8209740519523621
YMR144W,val,True,True,0.49363821744918823,0.6408851653337478,0.25600266456604004,0.3465522229671478,1.3427685499191284,0.03819291293621063,1.2209094762802124,0.49425815641880033,1.1201016902923584,0.10932116210460663,0.817948579788208,0.14491769671440125,0.2790016531944275
YMR145C,val,True,True,-0.03685140237212181,1.4489435076713562,1.112425446510315,1.799396276473999,1.9934396743774414,0.8658687472343445,1.4735873937606812,1.3826985836029053,1.3680723905563354,1.7104787826538086,1.1155118942260742,1.0181111097335815,1.7013187408447266
YMR146C,val,True,True,1.1729726791381836,1.1174014329910278,1.3891910314559937,0.9657352566719055,1.386488437652588,1.2342270612716675,0.6113653779029846,0.8708890438079834,1.1574828624725342,1.0588436126708984,0.5953379273414612,0.8341222405433655,0.7086585760116577
YMR147W,val,True,True,0.28586462140083313,-1.1197635293006898,-0.9420881867408752,-1.6448898315429688,-0.7664518356323242,-1.1174705028533936,-1.1279172897338867,-1.01403249502182,-0.8496541380882263,-1.1996039152145386,-1.2140638828277588,-0.8877379894256592,-0.9191025495529175
YMR148W,val,True,True,0.9803047180175781,-0.07658552303910256,0.08576929569244385,-0.09249582141637802,-0.07093634456396103,-0.3291858732700348,0.02392112836241722,0.1133492037653923,0.09253313392400742,0.11879327893257141,0.4168640375137329,-0.4073876142501831,0.3459431827068329
YMR149W,val,True,True,0.9823613166809082,0.99080730676651,0.8899139761924744,1.0202372074127197,1.3231465816497803,0.7068256139755249,1.0139131546020508,0.8683858156204224,0.7568375468254089,0.9236825108528137,1.1456499099731445,0.5117522478103638,1.0040068626403809
YMR150C,val,True,False,-0.2294904887676239,-1.334766998887062,-0.13507886230945587,-1.9094109535217285,-1.4805035591125488,-1.62523353099823,-1.5236080884933472,-1.4359637379646302,-0.18434828519821167,-1.9525179862976074,-1.676540493965149,-1.8188307285308838,-1.5475811958312988
YMR151W,val,False,False,-1.1818103790283203,-1.4917869091033935,-1.6033707857131958,-1.6847472190856934,-1.150324821472168,-1.3978792428970337,-1.622612476348877,-0.9062604427337646,-1.500888466835022,-0.3746962547302246,-0.4956996440887451,-1.5638012886047363,-0.5962165594100952
YMR152W,val,True,True,0.2720028758049011,0.12800457030534745,0.15317398309707642,-0.18826910853385925,0.5498171448707581,-0.08725259453058243,0.21255342662334442,0.14349643960595132,0.07321286201477051,0.04631573334336281,0.22837355732917786,-0.2198951691389084,0.5894752144813538
YMR153C-A,val,False,False,-0.9981798529624939,-1.370632243156433,-0.6911118626594543,-1.7570381164550781,-1.9180235862731934,-0.560113251209259,-1.9268743991851807,-1.3601160764694213,-0.9526232481002808,-1.5365394353866577,-1.6514191627502441,-0.5495432615280151,-2.110455274581909
YMR153W,val,True,True,0.451785147190094,0.38464429378509524,0.9603719115257263,0.26364731788635254,0.34596744179725647,0.05466613173484802,0.2985686659812927,0.48555571436882017,0.4298994839191437,0.41441506147384644,0.48733940720558167,0.36411920189857483,0.7320054173469543
YMR154C,val,True,True,-0.7241703271865845,-0.6874859269708395,-0.7118006348609924,-1.5801033973693848,-0.04894160106778145,0.026146134361624718,-1.1227301359176636,-0.745686462521553,-0.7985953092575073,-1.3193941116333008,-0.8694562315940857,-0.09337492287158966,-0.6476117372512817
YMR155W,val,False,True,-0.5177555680274963,-0.48454210460186004,-0.527151882648468,-0.8776504397392273,-0.5604737401008606,-0.11816148459911346,-0.33927297592163086,-0.46333537101745603,-0.3663164973258972,-0.4049496054649353,-0.8531225323677063,-0.26379626989364624,-0.4284919500350952
YMR156C,val,True,False,0.07918404042720795,-1.6375695943832398,-1.2328256368637085,-1.9777729511260986,-1.4262032508850098,-1.7555655241012573,-1.7954806089401245,-1.928057813644409,-2.0415477752685547,-1.9435971975326538,-1.810995101928711,-1.9630815982818604,-1.8810673952102661
YMR157C,val,True,False,-0.04616571590304375,-1.0769070744514466,-1.5081080198287964,-1.4846503734588623,-0.7349388003349304,-0.32634198665618896,-1.3304961919784546,-0.9101118996739388,-1.81017005443573,-0.9419071078300476,-0.12338105589151382,-0.37278711795806885,-1.3023141622543335
YMR158C-A,val,False,False,-0.887690007686615,-1.5564396262168885,-0.7981187701225281,-1.7335386276245117,-1.815845012664795,-1.7963342666625977,-1.6383614540100098,-1.825833249092102,-1.3126813173294067,-1.7797006368637085,-2.022616147994995,-2.0786547660827637,-1.9355133771896362
YMR158W,val,True,False,0.9991394877433777,-0.8579287707805634,-0.39244091510772705,-0.28291356563568115,-1.3579039573669434,-0.46789857745170593,-1.7884868383407593,-0.7677655339241027,-0.9287794828414917,0.06905639171600342,-0.39659327268600464,-1.0111249685287476,-1.5713863372802734
YMR158W-B,val,False,False,-2.011467933654785,-1.7208033561706544,-1.331668734550476,-1.6384496688842773,-2.062917470932007,-1.651476502418518,-1.9195044040679932,-1.903872513771057,-1.6188966035842896,-1.7936294078826904,-2.2309768199920654,-1.965785264968872,-1.9100744724273682
YMR159C,val,True,True,0.2444881945848465,-0.47536606043577195,-0.1242435947060585,-0.6203562617301941,-0.24094916880130768,-0.18635156750679016,-1.2049297094345093,-0.3115877091884613,-0.4527168571949005,-0.48578596115112305,-0.5686361789703369,0.34584057331085205,-0.3966401219367981
YMR160W,val,True,True,0.006113803945481777,0.03577208444476128,-0.3090309202671051,0.25815048813819885,0.31304776668548584,-0.05728735774755478,-0.02601955458521843,-0.07318061590194702,-0.7208610773086548,0.40493232011795044,0.08301083743572235,-0.32175421714782715,0.18876905739307404
YMR161W,val,True,True,0.9567857384681702,0.3733736455440521,0.14984148740768433,0.4897634983062744,0.332319438457489,0.41798874735832214,0.4769550561904907,0.49888151586055757,0.39172685146331787,0.5598849058151245,0.43511897325515747,0.049885258078575134,1.0577915906906128
YMR162C,val,False,True,-0.09003997594118118,0.2565466821193695,0.4650287628173828,0.1501770317554474,0.436073899269104,0.058557525277137756,0.17289619147777557,0.3792623907327652,0.5761925578117371,0.18895412981510162,0.36602917313575745,0.28168535232543945,0.4834507405757904
YMR163C,val,True,True,-0.47929808497428894,-1.067282810807228,-1.2162998914718628,-1.9790382385253906,-0.12507249414920807,-1.3976682424545288,-0.6183351874351501,-0.563631322979927,-0.8179240226745605,-0.14159812033176422,-0.4944378733634949,-0.9510929584503174,-0.4131036400794983
YMR164C,val,True,True,0.6774958372116089,0.2174875944852829,0.2347278594970703,-0.28307944536209106,1.1369171142578125,-0.14415769279003143,0.14303013682365417,0.09113725125789643,0.2439481019973755,0.27614378929138184,0.40790417790412903,-0.22041122615337372,-0.2518985867500305
YMR165C,val,True,True,0.18798108398914337,0.25923904627561567,0.03793901950120926,0.6988980174064636,-0.15192292630672455,0.27873438596725464,0.4325467348098755,0.4903037935495377,0.8035154342651367,0.7279055118560791,0.15704987943172455,0.32356351613998413,0.4394846260547638
YMR166C,val,True,True,0.41125890612602234,0.22388103008270263,0.40801793336868286,-0.07895894348621368,0.22452490031719208,0.28320541977882385,0.2826158404350281,0.40451056957244874,0.3239139914512634,0.46439069509506226,-0.07440468668937683,0.4568975269794464,0.8517553210258484
YMR167W,val,True,True,-0.33543217182159424,0.38956633806228635,0.5038241744041443,0.19573858380317688,0.4842851161956787,0.5003890991210938,0.26359471678733826,0.3156787991523743,0.19050413370132446,0.23730146884918213,0.09643539786338806,0.3610042631626129,0.6931487321853638
YMR168C,val,True,True,-0.3236355185508728,0.622927212715149,0.5026116967201233,0.7180784940719604,0.6644440293312073,0.8605366349220276,0.368965208530426,0.43317261934280393,0.36384621262550354,0.30126842856407166,0.5190622806549072,0.4698149561882019,0.5118712186813354
YMR169C,val,True,True,-0.9297303557395935,0.3078830599784851,0.21608960628509521,0.35874301195144653,0.26543113589286804,0.19132855534553528,0.5078229904174805,0.2962172418832779,0.39265504479408264,0.6822807192802429,0.1293904334306717,0.18636125326156616,0.09039875864982605
YMR170C,val,True,True,-0.8128296732902527,-0.17353012412786484,0.32338666915893555,-0.2097644805908203,-0.07447322458028793,-0.2239842712879181,-0.6828153133392334,-0.06457317173480988,0.4527650773525238,-0.2924824655056,-0.20327085256576538,-0.5259565711021423,0.2460789531469345
YMR171C,val,False,True,0.27961716055870056,0.7810712337493897,0.9413672089576721,0.8913153409957886,0.761965811252594,0.851789653301239,0.45891815423965454,0.8227404117584228,0.8823351860046387,0.6460157632827759,0.714205265045166,0.8302638530731201,1.0408819913864136
YMR172C-A,val,False,False,-1.9341336488723755,-2.023025465011597,-2.016744613647461,-2.069899320602417,-2.1817409992218018,-1.8801114559173584,-1.9666309356689453,-2.106382894515991,-2.170529365539551,-2.0281481742858887,-2.1871650218963623,-2.061211109161377,-2.0848608016967773
YMR172W,val,False,True,0.33658936619758606,0.6276591718196869,0.9498056173324585,0.3313751220703125,0.9054161310195923,0.5099452137947083,0.4417537748813629,0.6108310878276825,0.3345091938972473,0.6055014133453369,1.198556661605835,0.19623836874961853,0.7193498015403748
YMR173W,val,False,True,0.888419508934021,0.824800169467926,1.2417218685150146,0.8920713067054749,0.832736074924469,0.776580810546875,0.38089078664779663,0.9532521963119507,1.0734671354293823,0.7570335865020752,1.1242209672927856,0.8611437678337097,0.9503955245018005
YMR173W-A,val,False,False,-1.479039192199707,-0.6850834250450134,-0.4638811945915222,-0.7136998772621155,-0.7443954348564148,-0.6715278029441833,-0.8319128155708313,-0.47500044107437134,-0.22608092427253723,-0.5644211769104004,-0.5466591119766235,-0.35276153683662415,-0.6850794553756714
YMR174C,val,True,True,0.03905602917075157,-0.46441338658332826,0.36213892698287964,0.06934872269630432,-0.5753644108772278,-0.6075894236564636,-1.5706007480621338,-0.7194350957870483,-0.8060842752456665,-0.33882808685302734,-1.0344401597976685,-0.8521570563316345,-0.5656659007072449
YMR175W,val,True,True,-1.228126049041748,-1.3058631896972657,-1.5716325044631958,-1.3576304912567139,-0.9084005355834961,-1.4301166534423828,-1.2615357637405396,-1.1721361041069032,-1.4908478260040283,-0.8608474135398865,-1.1657052040100098,-1.2836945056915283,-1.0595855712890625
YMR175W-A,val,False,True,-1.3728446960449219,-0.3146472588181496,-0.19677874445915222,-0.714570939540863,0.16633927822113037,-0.8719151616096497,0.04368927329778671,-0.5591092467308044,-1.1700173616409302,-0.22294583916664124,-0.3138239085674286,-0.777185320854187,-0.3115738034248352
YMR176W,val,True,True,-0.2380296140909195,-0.14973153471946715,0.0060370489954948425,-0.406081885099411,0.00993763655424118,-0.5263496041297913,0.16779913008213043,-0.10323796235024929,-0.20547667145729065,-0.6050463914871216,0.02611290104687214,-0.12051217257976532,0.38873252272605896
YMR177W,val,True,True,0.4252517819404602,0.2450850114226341,0.11873292177915573,-0.1342502236366272,0.35948389768600464,0.5466952323913574,0.33476322889328003,0.3786707878112793,0.19504809379577637,0.30370622873306274,0.39026981592178345,0.44713079929351807,0.5571990013122559
YMR178W,val,True,True,0.04973974451422691,0.4911137580871582,0.41017651557922363,0.5859087705612183,0.778131902217865,0.3040432035923004,0.3773083984851837,0.5196045100688934,0.5284684896469116,0.4994884729385376,0.42073914408683777,0.5559728145599365,0.5933536291122437
YMR179W,val,True,True,0.3557274043560028,-0.22715829610824584,-0.12519153952598572,-0.3221215605735779,-0.04847868159413338,-0.6201964020729065,-0.019803296774625778,-0.07289908155798912,0.24448302388191223,-0.3231845796108246,-0.07528622448444366,-0.20636923611164093,-0.004138391464948654
YMR180C,val,True,True,-0.16164305806159973,0.3666924208402634,0.2773782014846802,0.18147803843021393,0.6870055794715881,0.19759345054626465,0.49000683426856995,0.24707792103290557,0.45979392528533936,0.1686774045228958,0.2255386859178543,-0.06000484526157379,0.4413844347000122
YMR181C,val,True,True,0.6234571933746338,0.12035006433725357,0.17471098899841309,0.5936679244041443,-0.008752278983592987,0.33605343103408813,-0.49392974376678467,0.1664811998605728,-0.14238959550857544,0.3557209372520447,0.19747431576251984,0.15600502490997314,0.26559531688690186
YMR182C,val,True,True,0.8216173648834229,0.015687780827283858,0.27628016471862793,-0.6096469759941101,0.16327281296253204,0.19202354550361633,0.0565093569457531,0.05409770682454109,0.38085827231407166,-0.6614339351654053,0.14005543291568756,0.3485645353794098,0.06244422867894173
YMR182W-A,val,True,True,-0.08336169272661209,0.26593283116817473,0.6960281729698181,-0.25224918127059937,0.4472564458847046,0.2460108995437622,0.19261781871318817,0.19226234257221222,0.17936664819717407,0.04025081917643547,0.4497429132461548,0.30278468132019043,-0.010833349078893661
YMR183C,val,True,True,1.2587549686431885,0.4601442039012909,0.42805027961730957,0.5485339164733887,0.7671765089035034,0.22866088151931763,0.3282994329929352,0.382704496383667,0.6756592988967896,0.55279141664505,0.2154940962791443,-0.06339669227600098,0.532974362373352
YMR184W,val,True,True,0.38128983974456787,0.30470305383205415,0.20896875858306885,0.41386449337005615,0.4158185124397278,0.3770351707935333,0.10782833397388458,0.40029329657554624,0.7571464776992798,0.5518522262573242,0.49291014671325684,0.404044508934021,-0.2044868767261505
YMR185W,val,True,True,-0.535325288772583,0.9253834247589111,1.0591896772384644,1.2996633052825928,1.1857001781463623,0.5003230571746826,0.5820409059524536,0.6438957214355469,0.6507506966590881,1.033616304397583,0.4306877851486206,0.38813769817352295,0.7162861227989197
YMR186W,val,True,True,1.4548770189285278,1.2168844938278198,0.8935092091560364,1.3290791511535645,1.691258192062378,1.309342384338379,0.8612335324287415,0.908999890089035,0.74741530418396,1.0262959003448486,1.0502833127975464,0.34830591082572937,1.3726990222930908
YMR187C,val,False,True,-0.6773937940597534,0.08119969740509987,-0.09441464394330978,-0.3739335238933563,0.530038058757782,0.2903103828430176,0.05399821326136589,-0.09196692258119583,-0.06362778693437576,-0.3242286443710327,-0.1614082157611847,-0.11349190771579742,0.20292194187641144
YMR188C,val,False,True,1.1784628629684448,0.28739091753959656,0.2683182954788208,0.3094105124473572,0.23138247430324554,0.4379473626613617,0.18989594280719757,0.25771715492010117,-0.014999903738498688,0.5586762428283691,0.05613228678703308,0.3550277352333069,0.3337494134902954
YMR189W,val,True,True,0.6841251850128174,0.034064768254756926,0.07872603088617325,0.6436091065406799,0.11752253770828247,0.07344521582126617,-0.7429790496826172,-0.09142423272132874,-0.4534672498703003,0.33790460228919983,0.04611636698246002,-0.148980975151062,-0.23869390785694122
YMR190C,val,True,True,0.2987006604671478,0.6923518538475036,0.5861373543739319,0.5622031092643738,1.130622386932373,0.6121612191200256,0.570635199546814,0.6982716619968414,0.7909258008003235,1.1097301244735718,0.9565381407737732,0.20253756642341614,0.43162667751312256
YMR191W,val,True,True,-0.010720393620431423,0.41180103421211245,0.5615429282188416,0.376770943403244,0.45662808418273926,0.2261660397052765,0.4378971755504608,0.4760321378707886,0.4724315106868744,0.3935254216194153,0.39621463418006897,0.273054838180542,0.8449342846870422
YMR192W,val,True,True,0.27815935015678406,0.49263946413993837,0.466022789478302,0.3101222515106201,0.7162628769874573,0.6098816990852356,0.3609077036380768,0.468856942653656,0.19563722610473633,0.553739607334137,0.2810553312301636,0.5819016098976135,0.7319509387016296
YMR193C-A,val,False,False,-1.9986053705215454,-1.9852628469467164,-1.921189546585083,-2.124788999557495,-1.837397575378418,-1.9552146196365356,-2.08772349357605,-2.11544783115387,-2.1977148056030273,-2.223693370819092,-1.9121211767196655,-2.170260429382324,-2.0734493732452393
YMR193W,val,False,True,0.5039529800415039,0.4682164341211319,0.45391958951950073,0.045800402760505676,0.8431114554405212,0.527930736541748,0.4703199863433838,0.8272440195083618,0.7761991024017334,0.4269731640815735,0.7695549726486206,0.794728696346283,1.3687641620635986
YMR194C-A,val,False,False,-0.48778247833251953,-1.9132750034332275,-1.9110187292099,-1.9005126953125,-2.1573431491851807,-1.913321614265442,-1.6841788291931152,-2.012222981452942,-1.7841163873672485,-1.9801537990570068,-2.138065814971924,-1.9861314296722412,-2.172647476196289
YMR194C-B,val,True,True,0.6659758687019348,-0.22124384269118308,-0.12781469523906708,0.22730839252471924,-0.6719333529472351,-0.48397165536880493,-0.04980790242552757,0.3840665340423584,0.8041815757751465,0.4255838394165039,-0.4447353184223175,0.4492643177509308,0.6860382556915283
YMR194W,val,True,True,1.5383656024932861,0.9737550973892212,0.6238426566123962,0.4142758846282959,1.4644076824188232,0.7248517870903015,1.641397476196289,0.4884131371974945,0.5528857707977295,0.5641001462936401,0.2604363262653351,0.43901950120925903,0.6256239414215088
YMR195W,val,True,True,1.9025007486343384,1.1684297561645507,1.4711467027664185,1.5163953304290771,1.0328612327575684,1.024049997329712,0.797695517539978,1.0000637650489808,0.8227369785308838,0.829194188117981,0.9348540902137756,1.2474865913391113,1.1660469770431519
YMR196W,val,False,True,-0.3780609369277954,0.3826789349317551,0.3921714723110199,0.9372467398643494,0.20025382936000824,0.4769389033317566,-0.09321627020835876,0.021976567059755325,-0.14954671263694763,0.34676602482795715,0.10523772239685059,-0.1615164577960968,-0.03105774149298668
YMR197C,val,True,True,0.6898616552352905,0.5339132189750672,0.34541165828704834,0.43319281935691833,0.4760134518146515,0.7682653069496155,0.646682858467102,0.8235028266906739,1.101953148841858,0.8348804712295532,0.533462643623352,0.7453973293304443,0.9018205404281616
YMR198W,val,True,True,0.2122962921857834,0.24048763923346997,0.061500221490859985,0.21091580390930176,0.5375092625617981,0.02039222978055477,0.3721206784248352,0.5010236129164696,0.8185538053512573,0.35608020424842834,0.825100302696228,-0.07426992803812027,0.5796536803245544
YMR199W,val,True,True,0.5677912831306458,-0.1566670335829258,-0.6637775301933289,0.48115622997283936,-0.809382975101471,0.19203412532806396,0.016634982079267502,0.2333193302154541,-0.27580738067626953,0.4170302748680115,-0.21577292680740356,0.529723048210144,0.7114236354827881
YMR200W,val,True,True,1.193773627281189,0.9788145422935486,0.8945583701133728,1.1511435508728027,1.0918989181518555,0.857901394367218,0.8985704779624939,0.9472778916358948,0.8436872959136963,1.300823450088501,0.9419196844100952,0.7411515712738037,0.9088074564933777
YMR201C,val,True,True,0.20353330671787262,0.7674633741378785,0.9240519404411316,1.0265171527862549,1.0644813776016235,0.4731891453266144,0.3490772545337677,0.6720416605472564,0.2907222807407379,0.8746353387832642,1.2193775177001953,0.3739245533943176,0.6015486121177673
YMR202W,val,False,True,0.8655810952186584,0.4248771995306015,0.4137417674064636,0.17587457597255707,0.6403349041938782,0.5881916880607605,0.30624306201934814,0.5456079423427582,0.3359140157699585,0.23186901211738586,0.712110161781311,0.688578724861145,0.7595677971839905
YMR203W,val,True,True,0.6722173094749451,0.7619610071182251,0.48348742723464966,0.5841750502586365,1.1245540380477905,0.8003016114234924,0.8172869086265564,0.9689192533493042,0.6462382078170776,1.216567039489746,1.0873689651489258,0.8425261974334717,1.0518958568572998
YMR204C,val,True,True,0.28988024592399597,0.6474205553531647,0.8446035981178284,0.08493801951408386,1.1434106826782227,0.36634790897369385,0.7978025674819946,0.7667049646377564,0.6839085221290588,0.834732174873352,0.7767336368560791,0.7295527458190918,0.8085977435112
YMR205C,val,False,True,0.9918448328971863,1.296281373500824,1.2280900478363037,1.9493277072906494,1.2368985414505005,1.3499672412872314,0.7171233296394348,1.2692811012268066,1.3375385999679565,1.3130983114242554,1.1276021003723145,1.3912408351898193,1.1769256591796875
YMR206W,val,True,True,-1.3763221502304077,0.37068464159965514,1.4313308000564575,0.3579593300819397,0.5479482412338257,-0.3363758623600006,-0.14743930101394653,0.22896577119827272,0.611578106880188,-0.20925654470920563,0.5531986951828003,0.07404504716396332,0.11526355147361755
YMR207C,val,True,True,-0.08375991135835648,-0.8452935792505741,0.0024069659411907196,-1.473006248474121,-0.8522463440895081,-1.2615793943405151,-0.642042875289917,-0.6333234131336212,-0.13053655624389648,-1.0113590955734253,-1.0566668510437012,-1.2683329582214355,0.3002783954143524
YMR208W,val,True,True,0.39640533924102783,-0.635022047162056,-0.5016703009605408,-1.1035432815551758,-0.5644696950912476,-0.18710555136203766,-0.8183214068412781,-0.6591485112905502,-0.5637367367744446,-0.7103497982025146,-0.2470604032278061,-0.4852794408798218,-1.289316177368164
YMR209C,val,False,True,-0.09583469480276108,0.26381421983242037,0.6213629245758057,0.04407113790512085,0.1300668865442276,0.4149318337440491,0.10863831639289856,0.3891012191772461,0.5026965141296387,0.3059476315975189,0.2915607690811157,0.20864805579185486,0.6366531252861023
YMR210W,val,True,True,0.24560604989528656,0.47764807045459745,0.2963934540748596,0.7597170472145081,0.3681066632270813,0.8323776125907898,0.1316455751657486,0.5681301265954971,0.5946971774101257,0.865705668926239,0.4521998167037964,0.741517186164856,0.18653078377246857
YMR211W,val,True,True,-0.10197059065103531,0.37848525047302245,0.3961740732192993,0.34063097834587097,0.508228063583374,0.2440861463546753,0.4033069908618927,0.27727619260549546,0.3606259226799011,0.4609583616256714,0.19995062053203583,-0.10322316735982895,0.4680692255496979
YMR212C,val,False,True,-0.017113907262682915,0.3338293731212616,0.5963712334632874,0.14510628581047058,0.47433674335479736,0.28885164856910706,0.16448095440864563,0.5533555150032043,0.7559448480606079,0.6772369146347046,0.47700628638267517,0.26183077692985535,0.5947587490081787
YMR213W,val,False,True,0.5615159273147583,0.3693696394562721,0.5146299004554749,0.05793691426515579,0.5509167313575745,0.47004273533821106,0.25332191586494446,0.6067271113395691,0.6399363279342651,0.3519168198108673,0.5451074838638306,0.48121288418769836,1.015462040901184
YMR214W,val,True,True,1.1156238317489624,0.3706583946943283,0.2326710820198059,0.1296452134847641,0.3503623604774475,0.7856491804122925,0.35496413707733154,0.3850292146205902,0.20521816611289978,0.264496386051178,0.35012561082839966,0.39942651987075806,0.7058793902397156
YMR215W,val,True,True,0.17974303662776947,-0.2667114853858948,-0.19297188520431519,-0.20303328335285187,-0.2236204296350479,-0.1818402111530304,-0.5320916175842285,-0.38786002695560456,-0.17221680283546448,0.20071867108345032,-1.1887332201004028,-0.6847128868103027,-0.09435589611530304
YMR216C,val,True,True,0.8455097079277039,0.49229882657527924,0.5738930106163025,0.7132791876792908,0.3142273426055908,0.1423783153295517,0.7177162766456604,0.42074946165084837,0.5578786730766296,0.6542872786521912,0.08137094974517822,0.23613107204437256,0.5740793347358704
YMR217W,val,True,True,0.5878188610076904,0.4172771036624908,0.3705592155456543,0.2767926752567291,0.7012028694152832,0.259490966796875,0.4783397912979126,0.33345444351434705,0.0705304816365242,0.2955429255962372,0.3454468548297882,0.46401381492614746,0.49173814058303833
YMR218C,val,False,True,0.23266097903251648,0.2651069611310959,0.41773203015327454,0.17702221870422363,0.3555983006954193,0.09314329922199249,0.28203895688056946,0.2914702266454697,0.4752914607524872,0.43399640917778015,0.1382209062576294,0.28377386927604675,0.12606848776340485
YMR219W,val,False,True,0.5751975178718567,0.258651340007782,0.4674649238586426,0.2580273747444153,0.4613611400127411,-0.2842494547367096,0.39065271615982056,0.3113052785396576,0.43564799427986145,0.2616022527217865,0.31363868713378906,0.10049164295196533,0.4451458156108856
YMR220W,val,True,True,0.2736606299877167,0.010705188661813737,0.1868080198764801,-0.45142871141433716,0.2679206132888794,0.04179863631725311,0.008427385240793228,-0.06879481673240662,-0.04324641823768616,-0.3171309232711792,0.2807855010032654,-0.07656155526638031,-0.1878206878900528
YMR221C,val,True,True,0.007693371269851923,0.0921131618320942,0.06465277820825577,-0.29602327942848206,0.47582533955574036,0.20326107740402222,0.012849893420934677,0.17236192524433136,0.05114622414112091,0.35187792778015137,0.1861017942428589,-0.07600432634353638,0.348688006401062
YMR222C,val,True,True,0.25820863246917725,0.4175838351249695,0.3069635033607483,0.6024649143218994,0.6865424513816833,0.24446731805801392,0.24748098850250244,0.35583076179027556,0.4028867781162262,0.2841780185699463,0.3728039264678955,0.14657087624073029,0.5727142095565796
YMR223W,val,True,True,-0.3398813307285309,-0.11928229117766023,-0.02952318638563156,-0.5457885265350342,0.005458909552544355,-0.13508760929107666,0.10852895677089691,-0.28390379548072814,-0.14649845659732819,-0.24118852615356445,-0.45344775915145874,-0.35631972551345825,-0.22206450998783112
YMR224C,val,True,True,-0.5619959831237793,0.5269669234752655,0.548639714717865,0.7135641574859619,0.5810127854347229,0.6771764755249023,0.11444148421287537,0.2996157079935074,-0.274077445268631,0.7845368981361389,0.5231196284294128,0.04142753779888153,0.4230719208717346
YMR225C,val,True,True,1.0599489212036133,0.48339364528656004,1.0280601978302002,0.5834080576896667,0.12380930781364441,0.2814966142177582,0.40019404888153076,0.52844198346138,0.9489066004753113,0.6145253777503967,0.4382888376712799,0.1761486530303955,0.4643404483795166
YMR226C,val,False,True,0.8392863869667053,0.7012632131576538,0.9589681029319763,0.2598642110824585,1.0423309803009033,0.7200433611869812,0.5251094102859497,0.7291017889976501,0.9664733409881592,0.8259625434875488,0.7910633087158203,0.6667612195014954,0.39524853229522705
YMR227C,val,True,True,0.8296753168106079,0.43364783227443693,0.6553775668144226,0.3693044185638428,0.6827602982521057,0.3259032368659973,0.13489364087581635,0.5913410961627961,0.868775486946106,0.19135823845863342,0.5355948805809021,0.5599470138549805,0.8010298609733582
YMR228W,val,False,True,0.020132409408688545,0.05843626148998737,0.12809404730796814,0.016544923186302185,0.10277266800403595,-0.013037683442234993,0.057807352393865585,0.38377813398838045,0.22115617990493774,0.27558669447898865,0.46309801936149597,0.18487383425235748,0.7741759419441223
YMR229C,val,True,True,0.4828428626060486,0.40348443388938904,0.19483917951583862,0.3437313735485077,0.471412718296051,0.2793230414390564,0.7281158566474915,0.44114418923854826,0.41407814621925354,0.5068414211273193,-0.1791582554578781,0.3910462260246277,1.072913408279419
YMR230W,val,True,True,1.5338035821914673,1.639336919784546,1.4687551259994507,1.6328885555267334,2.173933982849121,1.4057954549789429,1.5153114795684814,1.0798092842102052,1.0092984437942505,1.281750202178955,0.9225882291793823,1.3045291900634766,0.8808803558349609
YMR230W-A,val,False,True,-1.9690884351730347,-0.5746281906962395,0.021941252052783966,-0.9490857124328613,-0.578137218952179,-1.5827200412750244,0.21486076712608337,-0.21089302264153958,0.06458226591348648,-0.07611164450645447,0.01883924938738346,-0.8529618978500366,-0.20881308615207672
YMR231W,val,True,True,-0.013337486423552036,0.31781251430511476,0.4018804728984833,0.20994463562965393,0.7690101265907288,-0.14429420232772827,0.35252153873443604,0.15730684772133827,0.03169173747301102,0.4346740245819092,0.5191569328308105,-0.22162258625030518,0.022634129971265793
YMR232W,val,True,True,-1.0463100671768188,-0.3741420090198517,-0.36144864559173584,-1.301537036895752,0.1392776370048523,-0.24874216318130493,-0.098259836435318,0.04776544272899628,0.33775535225868225,-0.39378923177719116,0.2547622323036194,-0.03149597346782684,0.07159483432769775
YMR233W,val,True,True,0.20257914066314697,0.08555520176887513,0.2493591606616974,-0.22489990293979645,0.1493893265724182,-0.13055191934108734,0.3844793438911438,0.024078572168946266,0.41131776571273804,-0.5579478740692139,0.02676485665142536,-0.19309042394161224,0.43334853649139404
YMR234W,val,True,True,0.11128855496644974,0.062409404665231705,0.006558321416378021,-0.5465840101242065,0.040084924548864365,0.48091283440589905,0.33107495307922363,0.38226126208901406,-0.044346582144498825,0.29236286878585815,0.4390154480934143,0.6277283430099487,0.5965462327003479
YMR235C,val,True,True,0.5811904668807983,0.6456381261348725,0.6638748645782471,0.4719502925872803,0.9423336982727051,0.7629477381706238,0.387084037065506,0.8308583974838257,1.0970605611801147,0.7131872773170471,0.6710531115531921,0.8386512994766235,0.8343397378921509
YMR236W,val,True,True,0.9516023993492126,0.6612478733062744,0.6503316760063171,0.2764549255371094,1.0844855308532715,0.9192973971366882,0.37566983699798584,0.8069436073303222,0.8331788778305054,1.0661836862564087,0.7563543915748596,0.6065287590026855,0.7724723219871521
YMR237W,val,True,True,0.28220289945602417,0.5210611283779144,0.45268988609313965,0.7957886457443237,0.7122809290885925,0.23470816016197205,0.4098380208015442,0.5657493472099304,0.263812392950058,0.7833399772644043,0.6443936824798584,0.4865199625492096,0.6506807208061218
YMR238W,val,True,True,0.08447622507810593,-0.027828160673379898,0.20007404685020447,-0.4415658116340637,-0.32377123832702637,0.48653703927993774,-0.060414839535951614,0.2530978500843048,0.2584100067615509,0.08390755951404572,-0.10122467577457428,0.5229110717773438,0.501485288143158
YMR239C,val,True,True,-0.029721496626734734,0.1437045931816101,-0.06363460421562195,0.10346461832523346,0.5725006461143494,-0.12076830863952637,0.22696061432361603,0.27985780537128446,0.1746586561203003,0.5084664821624756,0.13506625592708588,0.22625985741615295,0.3548377752304077
YMR240C,val,True,True,0.3670709431171417,0.7526347815990448,0.8875308036804199,0.8791341185569763,0.9574874639511108,0.22973600029945374,0.8092855215072632,0.8823622226715088,0.8277450799942017,1.284862756729126,0.9210307598114014,0.7014373540878296,0.6767351627349854
YMR241W,val,True,True,-0.06374509632587433,0.5195906370878219,0.6318434476852417,0.6696348786354065,0.4948665499687195,0.21978984773159027,0.5818184614181519,0.6261327147483826,0.6008134484291077,0.47598111629486084,0.4391935467720032,0.6097884774208069,1.0048869848251343
YMR242C,val,True,True,1.2922544479370117,1.8886403799057008,1.85328209400177,1.894113540649414,2.3526108264923096,1.7719247341156006,1.5712707042694092,1.4262266874313354,1.6208611726760864,1.6152207851409912,1.2166714668273926,1.524345874786377,1.15403413772583
YMR242W-A,val,False,True,-1.2203556299209595,-0.12526655197143555,-0.33774566650390625,0.14939174056053162,-0.13960593938827515,-0.4929264187812805,0.19455352425575256,-0.13677415624260902,-0.18585893511772156,-0.018904779106378555,-0.4519485533237457,-0.12713611125946045,0.09997759759426117
YMR243C,val,True,True,0.2702189087867737,0.051793885231018064,-0.3065096437931061,-0.3289504051208496,0.3296016752719879,-0.24452269077301025,0.8093504905700684,-0.18697741478681565,-0.06518217921257019,0.03215404227375984,-0.6795215010643005,-0.2539299726486206,0.031592536717653275
YMR244C-A,val,True,True,1.1905517578125,1.0473170161247254,0.755003809928894,1.559593915939331,1.424210548400879,0.9055039286613464,0.5922728776931763,0.8713898539543152,0.8142673969268799,0.8743231296539307,0.978642463684082,0.8827511072158813,0.806965172290802
YMR244W,val,True,True,-1.8010060787200928,-1.7802472233772277,-1.916481375694275,-1.540762186050415,-2.390166997909546,-2.282632827758789,-0.771192729473114,-1.5650835514068604,-1.8963491916656494,-0.8955588340759277,-1.6585159301757812,-1.8183908462524414,-1.556602954864502
YMR245W,val,False,False,-1.2270761728286743,-1.9798893928527832,-1.2240512371063232,-2.166236162185669,-2.2749693393707275,-2.065253257751465,-2.1689369678497314,-1.9699344396591187,-1.1846429109573364,-2.171117067337036,-2.125501871109009,-2.163743495941162,-2.20466685295105
YMR246W,val,False,True,1.1902005672454834,0.8976859331130982,0.5707600712776184,1.0989677906036377,1.3876698017120361,0.7660840153694153,0.6649479866027832,0.7915634870529175,0.6489378213882446,0.9627548456192017,0.5541125535964966,0.7234437465667725,1.068568468093872
YMR247C,val,True,True,-0.32300981879234314,-0.80723916888237,-0.7876046299934387,-0.5798686742782593,-1.2983611822128296,-0.936972439289093,-0.43338891863822937,-1.1607715368270874,-0.7124890685081482,-0.9040319323539734,-1.772902488708496,-1.6072083711624146,-0.8072258234024048
YMR247W-A,val,False,False,-2.088510751724243,-1.9016456842422484,-1.7496849298477173,-2.137068510055542,-2.2002720832824707,-1.9998325109481812,-1.4213703870773315,-1.869948959350586,-2.0891435146331787,-2.006819486618042,-1.943213939666748,-2.004727363586426,-1.3058404922485352
YMR250W,val,False,True,-0.3707834482192993,0.017658494412899017,-0.07572057098150253,0.21085461974143982,0.2432960420846939,0.3296431005001068,-0.6197807192802429,0.156100794672966,0.39164265990257263,0.28419020771980286,0.046020328998565674,0.15750278532505035,-0.0988520085811615
YMR251W,val,False,True,0.4454679787158966,-0.333813351392746,-0.40300893783569336,-0.057396143674850464,-0.7728357315063477,0.1405910849571228,-0.5764170289039612,-0.2760328948497772,-0.14467689394950867,-0.2514086663722992,-0.40206021070480347,-0.10116800665855408,-0.4808506965637207
YMR251W-A,val,False,True,1.903547763824463,1.1211448669433595,1.2321504354476929,1.0599219799041748,0.9657081365585327,1.4010294675827026,0.9469143152236938,1.2060407876968384,1.9911304712295532,0.7316474914550781,0.8566992282867432,1.0701069831848145,1.380619764328003
YMR252C,val,True,True,0.5903218388557434,0.3084647938609123,0.3917767107486725,0.1865828037261963,-0.06440327316522598,0.6549789309501648,0.37338879704475403,0.5581114530563355,0.6646301746368408,0.4965478181838989,0.21815943717956543,0.8309922814369202,0.5802275538444519
YMR253C,val,True,True,0.019356660544872284,0.03514130413532257,-0.525629460811615,0.44566816091537476,0.13827939331531525,-0.4475920796394348,0.5649805068969727,0.14011272192001342,-0.46983399987220764,0.2830858528614044,0.5621275305747986,-0.14395499229431152,0.4691392183303833
YMR254C,val,False,False,-1.6139827966690063,-1.0336681962013246,-0.9912141561508179,-1.3322761058807373,-0.518160879611969,-1.0668946504592896,-1.2597951889038086,-1.5013690710067749,-1.3977152109146118,-1.8762683868408203,-1.3459409475326538,-1.7798206806182861,-1.1071001291275024
YMR255W,val,False,True,1.0088999271392822,0.4344643473625183,0.41235271096229553,0.31756892800331116,0.48729008436203003,0.3333978056907654,0.6217122077941895,0.37429955303668977,0.6598741412162781,0.5480945110321045,0.06070278584957123,-0.10125860571861267,0.7040849328041077
YMR256C,val,True,True,0.7007008194923401,-0.5035599112510681,-0.21946096420288086,-0.3248571753501892,-1.1927292346954346,-0.1784009337425232,-0.6023512482643127,0.0916414313018322,0.08978676050901413,0.04070219770073891,-0.3812757134437561,0.2780355215072632,0.4309583902359009
YMR257C,val,True,True,-0.33138561248779297,0.3695601999759674,0.346671462059021,0.4273393154144287,0.4126618504524231,0.33379799127578735,0.3273303806781769,0.5210191667079925,0.34264084696769714,0.8888859748840332,0.28038835525512695,0.34437137842178345,0.748809278011322
YMR258C,val,True,True,-0.03638818487524986,0.00025916099548339844,0.11180897802114487,0.06907746940851212,0.27088093757629395,0.37253254652023315,-0.8230041265487671,0.11641344502568245,0.22675538063049316,-0.029455434530973434,0.8261451125144958,-0.21662411093711853,-0.2247537225484848
YMR259C,val,True,True,-0.34839537739753723,0.3325178727507591,-0.05044887214899063,0.16247671842575073,0.843392550945282,0.26762041449546814,0.4395485520362854,0.19502067416906357,0.09514174610376358,0.12133046984672546,0.38679468631744385,-0.16825880110263824,0.5400952696800232
YMR260C,val,True,True,1.1278398036956787,0.5886661827564239,0.3234301507472992,0.3149884343147278,0.8141315579414368,0.8371590971946716,0.6536216735839844,0.8556591153144837,0.762029767036438,0.6485801935195923,0.9101980924606323,1.0108962059020996,0.946591317653656
YMR261C,val,True,True,-0.025688927620649338,0.4033020794391632,0.16118237376213074,0.2617042660713196,0.6855787634849548,0.4586825966835022,0.4493623971939087,0.8381580948829651,0.7509176731109619,0.8649474382400513,1.0763453245162964,0.8830853700637817,0.6154946684837341
YMR262W,val,True,True,-0.07308361679315567,0.6066560745239258,0.6838833689689636,0.3839770257472992,0.6292078495025635,0.8407564759254456,0.49545565247535706,0.9237657308578491,0.8898458480834961,0.7463772296905518,1.1425607204437256,0.6091474294662476,1.2308974266052246
YMR263W,val,True,True,1.001662254333496,0.8881009340286254,0.7579019665718079,0.9399032592773438,1.238167643547058,0.8612004518508911,0.6433313488960266,0.9090158939361572,0.6432949304580688,0.4940776824951172,1.1164366006851196,0.7064821720123291,1.5847880840301514
YMR264W,val,True,True,0.3024878203868866,0.44394307732582095,0.46727168560028076,0.3125919699668884,0.5550164580345154,0.5214858651161194,0.36334940791130066,0.45496705174446106,0.5977457761764526,0.20409023761749268,0.48512348532676697,0.32216060161590576,0.6657151579856873
YMR265C,val,True,True,0.24924401938915253,1.094442331790924,0.7037992477416992,1.0822370052337646,1.4243334531784058,1.3456206321716309,0.9162213206291199,0.9277805924415589,1.391192078590393,0.562629222869873,0.9657968282699585,0.7642053365707397,0.9550794959068298
YMR266W,val,True,True,0.37541303038597107,0.45071519911289215,-0.07899461686611176,0.9395826458930969,0.34960514307022095,0.2596169114112854,0.7837659120559692,0.6710975110530853,0.8559532165527344,1.0866636037826538,-0.13315168023109436,0.9846895933151245,0.5613328218460083
YMR267W,val,True,False,0.8693280220031738,-0.8129985570907593,-0.7737399935722351,-0.9514899253845215,-0.635293185710907,-1.0279451608657837,-0.6765245199203491,-0.7299224138259888,-0.833610475063324,-0.4739823341369629,-1.107633113861084,-0.5658872127532959,-0.6684989333152771
YMR268C,val,True,True,0.017266511917114258,0.42388361096382143,0.40728986263275146,0.2043018937110901,0.6479009985923767,0.5545724034309387,0.3053528964519501,0.5060709536075592,0.6428141593933105,0.6621800661087036,0.49954360723495483,0.21513906121253967,0.5106778740882874
YMR269W,val,True,True,1.2399035692214966,0.5763387978076935,0.8245806694030762,0.5253329277038574,0.5712399482727051,0.7498967051506042,0.2106437385082245,0.6915201067924499,0.7310428023338318,0.7489432096481323,0.45415371656417847,0.7718268632888794,0.7516339421272278
YMR270C,val,True,False,0.3992079496383667,-1.3566259264945983,-1.1008641719818115,-1.6358423233032227,-1.990490198135376,-0.9666644930839539,-1.089268445968628,-1.3623817324638368,-1.0461833477020264,-1.7663183212280273,-1.9372715950012207,-1.4538837671279907,-0.6082516312599182
YMR271C,val,True,True,-0.7547412514686584,0.09860094636678696,0.1794886291027069,-0.31405895948410034,0.2927328944206238,0.05787210911512375,0.2769700586795807,0.042818420380353925,0.0902266576886177,0.2069917619228363,0.15036246180534363,-0.27451008558273315,0.041021306067705154
YMR272C,val,False,True,0.6131361126899719,-0.628626924753189,-0.18794748187065125,-1.1898126602172852,-0.8423559069633484,-0.5516263842582703,-0.3713921904563904,-0.4223599791526794,-0.18321457505226135,-1.488543152809143,-0.10402746498584747,-0.15735548734664917,-0.17865921556949615
YMR272W-A,val,False,False,-1.8984706401824951,-1.811903214454651,-1.906440258026123,-2.0333776473999023,-1.710254430770874,-1.6081291437149048,-1.8013145923614502,-1.7455435037612914,-2.084045648574829,-1.5633984804153442,-1.1185851097106934,-2.0001466274261475,-1.9615416526794434
YMR272W-B,val,False,True,-1.7172963619232178,-1.9828310489654541,-1.8301786184310913,-2.0905117988586426,-2.409259557723999,-1.5905030965805054,-1.9937021732330322,-1.833521580696106,-1.6913830041885376,-1.9482675790786743,-1.7089474201202393,-1.7776302099227905,-2.041379690170288
YMR273C,val,False,True,0.7893985509872437,0.0123465895652771,-0.19545915722846985,-0.23093478381633759,0.20782193541526794,0.08618968725204468,0.1941152662038803,0.02373119629919529,0.2942308783531189,-0.22038325667381287,-0.2612103819847107,0.0013407189399003983,0.3046780228614807
YMR274C,val,True,True,-0.36067065596580505,-0.07364976182579994,0.11280151456594467,-0.8997543454170227,0.30606532096862793,0.14653900265693665,-0.03390030190348625,-0.2777682363986969,-0.2663082182407379,-0.5421276092529297,0.17044967412948608,-0.4214985966682434,-0.32935643196105957
YMR275C,val,True,True,0.37040507793426514,0.0317988246679306,0.6688469052314758,-0.7878673672676086,-0.12257388234138489,0.04607535898685455,0.35451310873031616,-0.18374788761138916,0.16297602653503418,-0.49424684047698975,-0.8575165867805481,-0.07730937004089355,0.3473573327064514
YMR276W,val,True,True,1.3840795755386353,0.5942251145839691,0.39041459560394287,0.41716402769088745,0.798039972782135,0.9083439707756042,0.457163006067276,0.5639406859874725,0.5637581944465637,0.569221556186676,0.5098340511322021,0.20297852158546448,0.9739111065864563
YMR277W,val,False,True,0.7171459794044495,0.3362996578216553,0.17462635040283203,0.02047497034072876,0.7956585884094238,0.579781711101532,0.11095666885375977,0.36989336237311365,0.11078847199678421,0.004077974706888199,0.35609108209609985,0.4982758164405823,0.8802334666252136
YMR278W,val,True,True,-0.0976286381483078,0.22271492183208466,0.13886436820030212,-0.006685465574264526,0.16043837368488312,0.37747862935066223,0.44347870349884033,0.13480949960649014,0.15568318963050842,0.029935453087091446,0.004490667954087257,0.21420210599899292,0.26973608136177063
YMR279C,val,True,True,-1.5840277671813965,-0.5668592482805253,-1.1442617177963257,-0.6564120650291443,-0.6957634687423706,-0.4826163649559021,0.14475737512111664,-0.30766001120209696,-0.44763025641441345,-0.04008311405777931,-0.4825349450111389,-0.5015373229980469,-0.06651441752910614
YMR280C,val,True,True,-0.9252983927726746,-0.08045023381710052,-0.4252440929412842,0.4192444980144501,-0.1916511058807373,0.14206300675868988,-0.3466634750366211,0.013803507760167122,0.15028679370880127,0.03352877125144005,-0.10925174504518509,-0.026141775771975517,0.020595494657754898
YMR281W,val,True,True,0.30369648337364197,-1.1600255727767945,-1.6101984977722168,-1.103694200515747,-1.722641944885254,-0.8483822345733643,-0.5152109861373901,-0.8318249106407165,-0.7306822538375854,-0.9763986468315125,-1.095193862915039,-0.8594521880149841,-0.49739760160446167
YMR282C,val,True,True,0.11674139648675919,0.31026628613471985,0.4116835594177246,-0.26680317521095276,0.6205843091011047,0.4748057723045349,0.31106096506118774,0.3090112738311291,0.24829313158988953,-0.03744805231690407,0.30007410049438477,0.5531450510025024,0.4809921383857727
YMR283C,val,False,False,-0.3070243000984192,-1.95609130859375,-2.0206515789031982,-2.0697202682495117,-2.174116849899292,-1.822538137435913,-1.693429708480835,-2.00895676612854,-2.0174615383148193,-2.1074352264404297,-1.9886819124221802,-1.9139808416366577,-2.0172243118286133
YMR284W,val,True,True,0.0009208522969856858,-0.325761204957962,-0.3220285475254059,-0.366150438785553,-0.3620119094848633,0.143146812915802,-0.72176194190979,-0.4104198068380356,-0.693993330001831,-0.6674262285232544,-0.7192834615707397,0.10368339717388153,-0.07507941126823425
YMR285C,val,True,True,0.5212271213531494,0.5147408366203308,0.7564424872398376,0.5066346526145935,0.660486102104187,0.29858869314193726,0.35155224800109863,0.5812687162309885,1.1436940431594849,0.7501158118247986,-0.017233429476618767,0.5637155175209045,0.4660516381263733
YMR286W,val,True,True,0.9880877137184143,0.21930154860019685,0.2904003858566284,0.15201017260551453,0.4939946234226227,-0.08907556533813477,0.24917812645435333,0.20870459377765654,0.27271729707717896,0.3935375213623047,0.29302167892456055,-0.15399760007858276,0.23824407160282135
YMR287C,val,True,True,-0.029336990788578987,0.22476205676794053,0.1019052192568779,0.46353286504745483,0.4919017553329468,-0.036654457449913025,0.10312490165233612,0.16861482262611388,-0.19081810116767883,0.2377414107322693,0.24216490983963013,0.03254663944244385,0.521439254283905
YMR288W,val,False,True,-0.16647282242774963,0.09774271585047245,0.07336423546075821,0.032909758388996124,0.35637366771698,0.001558905467391014,0.024507012218236923,0.1259751945734024,0.27548447251319885,0.12626516819000244,0.04948402941226959,-0.1425274908542633,0.32116979360580444
YMR289W,val,False,True,0.36541232466697693,0.007205753028392792,0.18163204193115234,-0.4600873589515686,0.3204784393310547,0.058193691074848175,-0.06418804824352264,-0.1525455728173256,-0.05499947816133499,-0.18895778059959412,-0.2548832297325134,0.15021339058876038,-0.4141007661819458
YMR290C,val,True,True,0.7454387545585632,0.8682015776634217,1.2967029809951782,0.6895641684532166,1.1084673404693604,0.7383777499198914,0.5078956484794617,0.8009864509105682,0.4270114600658417,0.8768024444580078,1.0272170305252075,0.6679432392120361,1.005958080291748
YMR290W-A,val,False,False,-1.9007937908172607,-1.857325839996338,-1.78119695186615,-2.052520751953125,-1.5917937755584717,-1.8431035280227661,-2.0180141925811768,-1.9770901918411254,-1.999334692955017,-1.9755654335021973,-1.9048755168914795,-1.9863731861114502,-2.0193021297454834
YMR291W,val,True,True,1.1983228921890259,0.8471986651420593,0.8020010590553284,1.2067687511444092,0.7312857508659363,1.009782314300537,0.4861554503440857,0.7289735376834869,0.8795177936553955,0.759446382522583,0.4237070381641388,0.659416913986206,0.9227795600891113
YMR292W,val,True,True,-0.12213785946369171,-0.11536637991666794,-0.08998193591833115,-0.0993676483631134,-0.2905089259147644,-0.2324395775794983,0.13546618819236755,0.2024200290441513,0.38953229784965515,0.15822014212608337,-0.06365880370140076,0.10306032001972198,0.4249461889266968
YMR293C,val,True,False,-0.23112674057483673,-1.5123855113983153,-1.5558679103851318,-1.3491182327270508,-1.9874476194381714,-1.4184061288833618,-1.2510876655578613,-1.5825186252593995,-1.4874235391616821,-1.818831205368042,-1.7665398120880127,-1.550283432006836,-1.2895151376724243
YMR294W,val,False,False,0.19633422791957855,-0.03848244398832321,-0.11240772157907486,-0.34021633863449097,0.20658855140209198,-0.2633994221687317,0.3170227110385895,0.005719703435897827,-0.6667478680610657,0.25426235795021057,0.1313193440437317,-0.25305283069610596,0.5628175139427185
YMR294W-A,val,False,False,-1.830952525138855,-1.8052534580230712,-2.1204512119293213,-2.1056718826293945,-1.677129864692688,-1.8407469987869263,-1.2822673320770264,-1.873639750480652,-2.250082015991211,-1.7157690525054932,-1.9339078664779663,-2.141850471496582,-1.3265893459320068
YMR295C,val,True,True,1.260345697402954,1.4127066612243653,0.9167792201042175,1.7364327907562256,1.7827999591827393,0.996205747127533,1.6313155889511108,1.0463954567909242,0.8229731321334839,0.9466883540153503,1.0445375442504883,0.8061130046844482,1.6116652488708496
YMR296C,val,True,True,1.3691322803497314,0.9395119190216065,0.7674353718757629,0.9084422588348389,1.4326462745666504,0.7178391814231873,0.8711965084075928,0.9816329002380371,0.6562243700027466,1.1760430335998535,1.113156795501709,0.9453022480010986,1.0174380540847778
YMR297W,val,True,True,0.5978921055793762,0.9235001325607299,0.8520349860191345,0.7302268147468567,1.351244568824768,0.9595588445663452,0.7244354486465454,0.8528220534324646,0.7810148000717163,0.7583847045898438,0.8884322643280029,0.47905904054641724,1.3572194576263428
YMR298W,val,True,True,1.059086561203003,0.4014627069234848,0.3812817633152008,0.19467319548130035,0.6650186777114868,0.37305742502212524,0.3932824730873108,0.5531992375850677,0.4258608818054199,0.8141249418258667,0.8735402226448059,-0.15441426634788513,0.8068844079971313
YMR299C,val,True,True,0.13353563845157623,0.05327563099563122,0.40085119009017944,-0.6480574011802673,0.1646018624305725,0.01837923191487789,0.3306032717227936,-0.057363124936819075,0.26742541790008545,0.04009831324219704,-0.35998713970184326,-0.13772127032279968,-0.09663094580173492
YMR300C,val,False,True,0.4198794662952423,-0.7247025668621063,-0.5201853513717651,-1.384223222732544,-0.9334710240364075,-0.4574446976184845,-0.32818853855133057,-1.310340905189514,-1.8681155443191528,-1.023232340812683,-1.8266465663909912,-1.526330828666687,-0.30737924575805664
YMR301C,val,True,True,0.5229432582855225,0.24801892340183257,0.371021568775177,0.09782758355140686,0.28481966257095337,0.27756884694099426,0.2088569551706314,0.2999669015407562,0.5247921943664551,0.36830082535743713,0.03427913784980774,0.3644854426383972,0.20797690749168396
YMR302C,val,True,True,0.33902794122695923,0.6283845007419586,0.8693007826805115,0.6701028347015381,0.334678053855896,0.8811690211296082,0.3866718113422394,0.6107140600681304,0.6307837963104248,0.6312882900238037,0.4129928648471832,0.5940167307853699,0.7844886183738708
YMR303C,val,False,True,-1.6681408882141113,0.19638951420783995,0.00043053925037384033,0.21915781497955322,0.07227632403373718,0.23557524383068085,0.45450764894485474,0.15671182200312614,-0.04273306578397751,0.5089912414550781,0.31771790981292725,-0.05330725014209747,0.05289027467370033
YMR304C-A,val,False,False,-1.185439944267273,-1.7617191553115845,-2.0449211597442627,-1.734358549118042,-1.878437876701355,-1.6520596742630005,-1.4988185167312622,-1.9431171655654906,-2.1569817066192627,-1.8496648073196411,-2.0975406169891357,-1.9196548461914062,-1.6917438507080078
YMR304W,val,True,True,0.26201075315475464,-0.009582516551017762,-0.22694408893585205,-0.3935641944408417,-0.20674864947795868,0.4830891489982605,0.2962552011013031,0.11568352915346622,0.06486503779888153,0.06483805179595947,0.2488868236541748,0.0020939577370882034,0.1977337747812271
YMR305C,val,True,True,0.9583210349082947,0.5829904686659575,0.5447540879249573,1.514427900314331,0.02950376830995083,0.4138537645339966,0.4124128222465515,0.5589753806591033,0.9301799535751343,0.8563445210456848,0.19276538491249084,0.670204758644104,0.14538228511810303
YMR306C-A,val,False,False,-0.6091828942298889,-2.0332867383956907,-2.1314804553985596,-1.9722528457641602,-2.0085530281066895,-1.9302903413772583,-2.123857021331787,-2.037365531921387,-2.144895553588867,-1.9553098678588867,-1.9455506801605225,-2.0122056007385254,-2.128865957260132
YMR306W,val,True,True,-1.2186403274536133,0.7420231938362122,1.1500974893569946,1.411771297454834,0.8180332183837891,-0.30417340993881226,0.6343873739242554,0.43226089477539065,0.6525347828865051,0.24302956461906433,0.39720404148101807,0.2563251554965973,0.6122109293937683
YMR307C-A,val,False,False,-1.748347520828247,-1.3097597360610962,-1.7279349565505981,-1.91058349609375,-0.8012312054634094,-0.8281542658805847,-1.2808947563171387,-1.3961158514022827,-1.5900806188583374,-1.4709125757217407,-1.127573847770691,-1.6321625709533691,-1.1598496437072754
YMR307W,val,True,True,1.2915538549423218,1.080266672372818,1.2956703901290894,1.1823914051055908,1.633225679397583,0.4278797209262848,0.862166166305542,0.8483402013778687,1.1095672845840454,0.4995039701461792,0.6991180181503296,0.989928126335144,0.943583607673645
YMR308C,val,True,True,0.5134958624839783,0.25317634642124176,0.4717773199081421,0.18384821712970734,0.4015769958496094,-0.26248812675476074,0.47116732597351074,0.38178105354309083,0.3831695318222046,0.6419256329536438,0.35293048620224,0.035590559244155884,0.49528905749320984
YMR309C,val,True,True,0.7127715945243835,0.7762460231781005,0.5814773440361023,0.8855978846549988,0.7359907627105713,0.9489310383796692,0.7292330861091614,0.6713517427444458,0.6372573375701904,0.7218997478485107,0.7451703548431396,0.15197861194610596,1.1004526615142822
YMR310C,val,True,True,0.9077504277229309,0.7160642862319946,0.4871770739555359,0.6162108778953552,0.9550133347511292,0.811445415019989,0.7104747295379639,0.6606299042701721,0.23083925247192383,1.3554940223693848,0.41279369592666626,0.2656707763671875,1.0383517742156982
YMR311C,val,True,True,2.047468423843384,1.0233757138252257,0.9814733862876892,0.7256416082382202,1.336829423904419,1.3882883787155151,0.6846457719802856,0.8183106362819672,0.44063761830329895,0.8187516927719116,1.0070698261260986,0.8650141954421997,0.9600798487663269
YMR312W,val,True,False,0.1539740115404129,-0.8218972206115722,-0.38578081130981445,-1.186523675918579,-0.4585270881652832,-0.7823069095611572,-1.2963476181030273,-0.5914851725101471,-0.3702608346939087,-0.7301766276359558,-0.7752412557601929,-0.42699846625328064,-0.6547486782073975
YMR313C,val,False,True,0.13505719602108002,-0.0840474620461464,0.20218461751937866,-0.012350507080554962,-0.47937071323394775,-0.0422104150056839,-0.08849029242992401,-0.030780436098575593,0.10419874638319016,0.20509877800941467,-0.1836099922657013,-0.8378664255142212,0.5582767128944397
YMR314W,val,True,True,0.9577714800834656,0.3575992420315742,0.033307529985904694,0.5313504934310913,0.507832944393158,0.3487800359725952,0.36672520637512207,0.19733013212680817,0.1902475655078888,0.23248109221458435,0.20728912949562073,0.11417469382286072,0.24245817959308624
YMR315W,val,True,True,0.4025475084781647,0.30526124238967894,0.47215181589126587,-0.2793521285057068,0.42237618565559387,0.6568521857261658,0.25427815318107605,0.29764601290225984,0.25138458609580994,-0.12947015464305878,0.3515835702419281,0.43222272396087646,0.5825093388557434
YMR315W-A,val,True,True,-1.5396182537078857,-1.9282761335372924,-1.746368646621704,-2.0094854831695557,-2.2468478679656982,-1.734850287437439,-1.9038283824920654,-1.802640724182129,-1.8051716089248657,-1.906475305557251,-1.8227643966674805,-1.7147102355957031,-1.7640820741653442
YMR316C-A,val,True,True,-1.4384541511535645,-0.7726031422615052,-1.1390079259872437,-0.31621623039245605,-1.4467723369598389,-0.6363160014152527,-0.3247032165527344,-0.3531920492649078,-0.5250232815742493,-0.17461246252059937,-0.5728076100349426,-0.17526456713676453,-0.3182523250579834
YMR316C-B,val,False,False,-0.9238943457603455,-0.2088635593652725,-1.167275309562683,-0.5671721696853638,0.2851138412952423,-0.0312780886888504,0.43629392981529236,0.04678528755903244,-0.20133361220359802,-0.10050005465745926,0.29474884271621704,-0.4178193211555481,0.6588305830955505
YMR316W,val,True,True,-0.30051693320274353,-0.3248089998960495,0.18085280060768127,-0.46338698267936707,-0.9013381004333496,-0.6245473623275757,0.1843746453523636,-0.5214910477399826,-0.70987468957901,-0.9712796211242676,-0.3464016020298004,-0.05008096992969513,-0.5298183560371399
YMR317W,val,False,True,-0.3418288826942444,-0.0012303486466407776,0.4342910647392273,-0.0588013157248497,-0.424346923828125,0.24578675627708435,-0.20308132469654083,-0.34267036318778993,-0.22436928749084473,-0.47696560621261597,-0.41765207052230835,-0.40419524908065796,-0.19016960263252258
YMR318C,val,True,True,1.220029592514038,0.17667223513126373,0.7985794544219971,0.09378933906555176,0.23509283363819122,0.39701277017593384,-0.6411132216453552,0.08947216421365738,0.18922418355941772,-0.12419039011001587,0.3860948085784912,0.07315541058778763,-0.0769231915473938
YMR319C,val,False,True,0.9081791043281555,-0.07593796923756599,0.9019514918327332,-0.5622180104255676,-0.04464009776711464,-1.0226765871047974,0.3478933572769165,-0.2174032747745514,-0.21422362327575684,-0.4368838965892792,-0.22526583075523376,-0.6382037401199341,0.4275607168674469
YMR320W,val,False,False,-0.8276805877685547,-1.1708087086677552,-1.2173367738723755,-1.366025447845459,-0.5384184718132019,-1.5054327249526978,-1.2268301248550415,-1.1559947550296783,-1.3051929473876953,-1.2352051734924316,-0.4064014256000519,-1.4051705598831177,-1.4280036687850952
YMR321C,val,False,False,-1.9889980554580688,-1.6413923025131225,-1.378012776374817,-1.9557416439056396,-1.9392211437225342,-1.7527607679367065,-1.1812251806259155,-1.882735538482666,-1.9616661071777344,-2.0231332778930664,-1.8932501077651978,-1.8797717094421387,-1.6558564901351929
YMR322C,val,True,True,-2.0193636417388916,-0.2139010936021805,-0.20094990730285645,-0.08591106534004211,-0.5491636395454407,0.13581575453281403,-0.3692966103553772,-0.3056425962597132,-0.3473374545574188,0.019430939108133316,-0.8930569887161255,-0.029603829607367516,-0.27764564752578735
YMR323W,val,True,True,-2.0029969215393066,-1.1231374263763427,-1.351847767829895,-1.3756399154663086,-0.616707444190979,-1.3875670433044434,-0.8839249610900879,-0.8870660543441773,-1.3658655881881714,-0.5756911039352417,-0.7484873533248901,-0.375154972076416,-1.370131254196167
YMR324C,val,False,False,-2.088510751724243,-2.085998296737671,-2.210239887237549,-2.0602588653564453,-2.1756503582000732,-2.003140687942505,-1.9807016849517822,-2.131778860092163,-2.1064915657043457,-2.041616201400757,-2.0485193729400635,-2.315019369125366,-2.147247791290283
YMR325W,val,False,True,-2.088510751724243,-0.8076411008834838,-0.9077091813087463,-1.2463164329528809,-0.7303649187088013,-0.502389132976532,-0.651425838470459,-0.9247290253639221,-0.8252007365226746,-1.3327670097351074,-1.0730518102645874,-0.7906391620635986,-0.6019864082336426
YMR326C,val,False,False,-2.088510751724243,-2.1217586040496825,-2.072094202041626,-2.197458505630493,-2.3085873126983643,-1.9565198421478271,-2.0741331577301025,-2.083387517929077,-2.1892294883728027,-2.1254656314849854,-2.122030019760132,-1.8984758853912354,-2.0817365646362305
YNL001W,val,True,True,-0.035571008920669556,0.629284891486168,0.78022301197052,0.18306325376033783,0.5848537087440491,0.7134811878204346,0.884803295135498,0.6363674402236938,1.4734331369400024,0.2083413302898407,0.5238510370254517,0.24376818537712097,0.7324435114860535
YNL002C,val,True,True,1.3962785005569458,0.9162845849990845,0.6728159189224243,0.7194793820381165,1.5196123123168945,0.7036809325218201,0.965834379196167,0.7414820432662964,0.6711645126342773,1.1025702953338623,0.7924132347106934,0.5299736857414246,0.6112884879112244
YNL003C,val,False,True,0.37977343797683716,0.6338743448257447,0.6500437259674072,0.9598811268806458,0.46043670177459717,0.5757082104682922,0.5233019590377808,0.512889313697815,0.6996310949325562,0.4108874797821045,0.3923264741897583,0.24900633096694946,0.8125951886177063
YNL004W,val,True,True,1.212237000465393,0.17016808912158013,0.41076594591140747,0.22705787420272827,0.1137811541557312,0.07591769099235535,0.02331778034567833,0.1464759424328804,-0.09758492559194565,0.2997785210609436,0.19623124599456787,-0.2975633144378662,0.6315181851387024
YNL005C,val,True,True,0.5551990866661072,0.546838927268982,0.5563614368438721,0.4726691246032715,0.7810636162757874,0.5682019591331482,0.35589849948883057,0.3290360033512115,0.6046738028526306,0.5709799528121948,-0.03471499681472778,0.16121730208396912,0.34302395582199097
YNL006W,val,True,True,0.7160155177116394,0.841520118713379,0.747345507144928,0.7540181279182434,1.3001768589019775,0.8300950527191162,0.5759650468826294,1.064312481880188,1.1493479013442993,1.0007798671722412,0.9534772634506226,1.1275296211242676,1.0904277563095093
YNL007C,val,True,True,1.5182918310165405,0.6773748278617859,0.3668537735939026,0.9779937863349915,0.5966124534606934,0.5794950127601624,0.8659191131591797,0.6855018615722657,0.6678971648216248,0.5346968770027161,0.6740862131118774,0.569480299949646,0.9813487529754639
YNL008C,val,True,True,-0.054346714168787,0.6857055306434632,0.5330832004547119,0.5905707478523254,0.7136408686637878,0.9614483118057251,0.6297845244407654,0.7349094271659851,1.025390863418579,0.6031343340873718,0.5446929931640625,0.7137199640274048,0.7876089811325073
YNL009W,val,True,True,-0.5654477477073669,-0.08860732465982438,-0.09500285238027573,-0.3993094861507416,0.09183871746063232,-0.1230764240026474,0.08251342177391052,-0.03916085660457611,-0.2251497209072113,-0.17247004806995392,0.10590904951095581,-0.12138552963733673,0.2172919660806656
YNL010W,val,True,True,0.19420987367630005,0.870842008292675,0.06943001598119736,0.8428366780281067,1.7324285507202148,0.3859531283378601,1.323561668395996,0.6569876477122307,0.0022055432200431824,0.575585126876831,1.3507555723190308,0.3092072904109955,1.047184705734253
YNL011C,val,True,True,-0.5837332606315613,0.6084568738937378,0.42441391944885254,0.8298224210739136,0.7225635647773743,0.4114190936088562,0.6540653705596924,0.42209328413009645,0.3886588513851166,0.5163266062736511,0.6496856212615967,0.1740456223487854,0.3817497193813324
YNL012W,val,False,True,-1.4094219207763672,-1.1559535622596742,-1.4248119592666626,-1.2599456310272217,-0.934853732585907,-1.5441361665725708,-0.6160203218460083,-1.1593215227127076,-1.5299087762832642,-0.7690343260765076,-0.8388667702674866,-1.4358599185943604,-1.222937822341919
YNL013C,val,False,False,-2.011209011077881,-1.6900187492370606,-1.9927663803100586,-1.7733657360076904,-1.802161455154419,-1.784328579902649,-1.0974715948104858,-1.83640456199646,-1.8633887767791748,-1.7548105716705322,-1.999645709991455,-2.134387254714966,-1.4297904968261719
YNL014W,val,True,True,-0.8538224697113037,-0.6693421959877014,-0.823179304599762,-0.6173298358917236,-0.17022645473480225,-1.3203867673873901,-0.4155886173248291,-0.8909985184669494,-1.2425857782363892,-0.9598003029823303,-0.5744280815124512,-0.9244170188903809,-0.7537614107131958
YNL015W,val,True,True,1.136850357055664,1.1224493622779845,1.24420964717865,0.6431636214256287,1.2371975183486938,1.8097535371780396,0.6779224872589111,0.7562106490135193,1.2108632326126099,0.2884630560874939,1.053853988647461,0.5330436825752258,0.6948292851448059
YNL016W,val,True,True,1.3561537265777588,0.7705532670021057,0.7963621020317078,0.5204711556434631,0.8954749703407288,0.7485966682434082,0.8918614387512207,0.9811445236206054,1.07414972782135,1.0869760513305664,1.2805182933807373,0.7270953059196472,0.7369832396507263
YNL017C,val,False,False,-1.7666864395141602,-1.190554714202881,-0.27736616134643555,-1.4661169052124023,-1.7916123867034912,-1.4567402601242065,-0.9609378576278687,-1.179229524731636,-0.07520534098148346,-1.2198569774627686,-1.6516151428222656,-1.5326690673828125,-1.41680109500885
YNL018C,val,True,True,-1.7274969816207886,-1.1633181929588319,-1.3645856380462646,-0.5964473485946655,-1.5193334817886353,-0.8082501292228699,-1.5279743671417236,-1.3600273370742797,-1.6611828804016113,-0.8237470388412476,-1.3520647287368774,-1.2029597759246826,-1.76018226146698
YNL019C,val,False,False,-1.8565279245376587,-0.8749289125204086,-1.3362716436386108,-0.6641289591789246,-0.15041925013065338,-0.16143867373466492,-2.0623860359191895,-1.0336388945579529,-0.895088791847229,-0.7720999717712402,-0.8755007982254028,-0.7195704579353333,-1.905934453010559
YNL020C,val,True,True,0.040595393627882004,0.6309121906757355,0.1404893398284912,0.26430878043174744,1.6720564365386963,0.5394185781478882,0.5382878184318542,0.804710304737091,0.7222949862480164,0.6641680002212524,0.7972833514213562,0.9453651905059814,0.8944399952888489
YNL021W,val,False,True,0.32697996497154236,-0.14047216773033142,0.5606300234794617,-0.37680572271347046,-0.12392327189445496,-0.2983121871948242,-0.46394968032836914,-0.56294065117836,-0.06494301557540894,-0.6605708599090576,-0.7884881496429443,-0.1356554925441742,-1.1650457382202148
YNL022C,val,True,True,0.34461095929145813,-0.03531061343383044,0.14044365286827087,0.1432591676712036,-0.0008042271947488189,-0.2193317711353302,-0.24011988937854767,-0.1645254522562027,-0.20379957556724548,-0.0672636330127716,-0.7156569957733154,0.23134809732437134,-0.06725515425205231
YNL023C,val,True,True,-0.11045503616333008,0.15700534097850322,0.42531588673591614,0.01974508911371231,0.19474218785762787,0.029391048476099968,0.11583249270915985,0.10968884262256325,0.2785875201225281,0.3051367402076721,0.0013467238750308752,-0.12989887595176697,0.09327210485935211
YNL024C,val,True,True,-0.6224712133407593,0.1217542052268982,0.42990872263908386,-0.17102769017219543,-0.3887854218482971,0.46773576736450195,0.2709396481513977,-0.030709923431277274,0.6130786538124084,-0.07181955873966217,-0.7536793947219849,-0.02425198070704937,0.08312266319990158
YNL024C-A,val,True,True,0.6050536036491394,0.7625140070915222,0.8779429793357849,0.8415248394012451,0.9206605553627014,0.5579052567481995,0.6145364046096802,1.0200900912284852,0.9879156351089478,1.0386615991592407,1.0787687301635742,0.773876965045929,1.2212275266647339
YNL025C,val,True,True,0.03835966810584068,0.8990903258323669,1.438297986984253,0.6853700876235962,1.2224715948104858,0.5921692252159119,0.5571427345275879,0.9498443841934204,1.2784925699234009,0.7275630235671997,1.3529069423675537,0.7361548542976379,0.6541045308113098
YNL026W,val,False,True,0.4478961229324341,0.2266834918409586,0.646454393863678,0.04309467971324921,0.3496290445327759,-0.0011594127863645554,0.09539875388145447,0.30966085344552996,0.7528461813926697,0.27764588594436646,0.1467866599559784,0.12201821058988571,0.24900732934474945
YNL027W,val,True,True,0.5223512649536133,0.21481096521019935,1.0237312316894531,-0.021176517009735107,0.18475115299224854,-0.09303762763738632,-0.02021341398358345,-0.028355195373296737,-0.08059491217136383,-0.0269467793405056,-0.3729570806026459,-0.3192318379878998,0.6579546332359314
YNL028W,val,False,False,-1.8227514028549194,-1.561275601387024,-1.1863970756530762,-1.7455649375915527,-1.9961435794830322,-1.7272974252700806,-1.150974988937378,-1.3946281515061856,-1.8614555597305298,-1.6817831993103027,-1.6532924175262451,-1.810949444770813,0.03433986380696297
YNL029C,val,True,True,-0.07376231998205185,-0.4232269965112209,-0.7706246376037598,-0.021542035043239594,-1.560446858406067,0.26369836926460266,-0.027219820767641068,-0.02139402776956558,0.00011073797941207886,0.29975253343582153,-0.8225581049919128,-0.30210185050964355,0.7178265452384949
YNL030W,val,False,True,2.047914505004883,0.9081769585609436,0.9378783106803894,1.3426105976104736,1.3272024393081665,0.31898272037506104,0.6142107248306274,1.036328947544098,1.1319113969802856,1.2472716569900513,1.160696268081665,0.6963136196136475,0.9454517960548401
YNL031C,val,True,True,2.6965103149414062,1.1229084610939026,1.3349288702011108,1.5470912456512451,1.21787428855896,0.6090354323387146,0.9056124687194824,1.3580532550811768,1.952165126800537,1.315446138381958,1.0885908603668213,1.3375663757324219,1.0964977741241455
YNL032W,val,False,True,0.9412086009979248,0.245770463347435,0.21359556913375854,0.19088301062583923,0.44034162163734436,0.18980243802070618,0.19422967731952667,0.20817579329013824,0.13843736052513123,0.3483783006668091,-0.380034476518631,0.07628823816776276,0.8578095436096191
YNL033W,val,False,False,-1.5681309700012207,-0.9196736216545105,-1.2060765027999878,-0.4203234910964966,-0.5943208336830139,-0.3133162260055542,-2.0643310546875,-1.0071086168289185,-0.7132805585861206,-0.4568840265274048,-1.1269274950027466,-0.8969409465789795,-1.8415100574493408
YNL034W,val,True,True,-1.8289538621902466,-2.111237096786499,-2.276360034942627,-1.9707064628601074,-2.4572854042053223,-2.073267936706543,-1.7785656452178955,-1.804396104812622,-1.7689714431762695,-1.2972476482391357,-1.9036204814910889,-1.897209644317627,-2.1549313068389893
YNL035C,val,True,True,0.20346978306770325,-0.4000341922044754,-0.719759464263916,-0.03792083263397217,-0.4970136284828186,-0.5983766913414001,-0.14710034430027008,-0.709043663740158,-1.1958608627319336,-0.49462616443634033,-1.1765356063842773,-0.5759497284889221,-0.10224595665931702
YNL036W,val,True,True,1.2369041442871094,0.4877825498580933,0.17842334508895874,0.480407178401947,0.6912185549736023,0.3834017515182495,0.7054619193077087,0.24173535630106927,0.26746323704719543,0.6202151775360107,0.051693350076675415,0.22541828453540802,0.043886732310056686
YNL037C,val,True,True,1.1436055898666382,-0.10453206300735474,-0.7080898880958557,-0.5922304391860962,0.3683234453201294,0.09703025221824646,0.31230631470680237,0.3195684224367142,0.29464641213417053,0.443963885307312,0.2844674587249756,0.3695523142814636,0.2052120417356491
YNL038W,val,True,True,0.5359451174736023,0.11625586748123169,0.0033172592520713806,-0.11273989826440811,0.3482687771320343,0.23384320735931396,0.10858999192714691,0.1539445586502552,0.3544016182422638,0.01892063394188881,-0.09516042470932007,0.3301810026168823,0.16137996315956116
YNL039W,val,False,False,0.6539257764816284,-1.4439465641975402,-1.2584974765777588,-1.7651886940002441,-0.9363328814506531,-1.7474042177200317,-1.5123095512390137,-1.1414303302764892,-0.6915519833564758,-1.644839882850647,-0.38153642416000366,-1.6017953157424927,-1.3874280452728271
YNL040W,val,True,False,-0.01833152584731579,-1.0958090424537659,-1.262481451034546,-1.4395060539245605,-0.8568363189697266,-0.6796684861183167,-1.2405529022216797,-0.9185239493846893,-1.3992964029312134,-1.1341943740844727,-0.4648158848285675,-0.9548207521438599,-0.6394923329353333
YNL041C,val,True,True,0.6214338541030884,0.6471626043319703,1.0801405906677246,0.26759859919548035,1.0483169555664062,0.3961229622364044,0.44363391399383545,0.8590913057327271,1.1119548082351685,0.7322714328765869,0.8814237117767334,0.4222860336303711,1.1475205421447754
YNL042W,val,True,True,0.4089664816856384,-0.6393809676170349,-0.8177894949913025,-0.7104179859161377,-0.4631737470626831,-0.5156828761100769,-0.6898407340049744,-0.5296851828694343,-0.9616541266441345,-0.8609194755554199,-0.06433359533548355,-0.28135502338409424,-0.48016369342803955
YNL042W-B,val,True,True,-1.3560808897018433,-0.0840383842587471,-0.06332464516162872,0.021973595023155212,-0.3022325336933136,0.0652359202504158,-0.1418442577123642,0.1927513897418976,0.14406096935272217,0.3357033431529999,-0.42308610677719116,0.4515954852104187,0.45548325777053833
YNL043C,val,False,False,-0.830163836479187,-1.0753614068031312,-1.91946542263031,-0.860295295715332,-1.1279950141906738,-0.23056858777999878,-1.2384827136993408,-0.6277425318956376,-1.17852783203125,-0.5565223097801208,-1.1728571653366089,0.04428212344646454,-0.27508747577667236
YNL044W,val,True,True,1.607158899307251,0.7395445942878723,0.6822766065597534,0.288846492767334,1.1206735372543335,0.8322338461875916,0.7736924886703491,0.5683070123195648,0.4497753083705902,0.594627857208252,0.6268395185470581,0.2607284188270569,0.9095639586448669
YNL045W,val,True,True,0.025444548577070236,-0.1459233894944191,0.08722247183322906,-0.001729138195514679,-0.1913609355688095,-0.3476290702819824,-0.27612027525901794,-0.09856739789247512,-0.646771252155304,0.1812451183795929,-0.2857760787010193,0.10812223702669144,0.15034298598766327
YNL046W,val,True,True,0.14163082838058472,0.8044668078422547,1.1405245065689087,1.1027460098266602,0.9759790301322937,0.31879857182502747,0.4842859208583832,0.5244580000638962,0.6245578527450562,1.0344998836517334,0.1861966848373413,-0.05249173939228058,0.8295273184776306
YNL047C,val,True,True,0.49926868081092834,0.6275067329406738,0.5265921354293823,0.4994853138923645,0.9859217405319214,0.6187199354171753,0.5068145394325256,0.6091728985309601,0.25466251373291016,0.6648815870285034,0.6547443866729736,0.45477333664894104,1.0168026685714722
YNL048W,val,True,True,-0.08483710139989853,0.6269106805324555,0.5990585684776306,1.0148839950561523,0.7991373538970947,0.4112885296344757,0.31018495559692383,0.6129286173731089,0.7059900164604187,0.9821349382400513,0.02016422338783741,0.35294631123542786,1.003407597541809
YNL049C,val,True,True,0.24862146377563477,0.33363099582493305,0.3242507576942444,0.3571130633354187,0.7282585501670837,-0.0073930080980062485,0.2659256160259247,0.22204481959342956,0.27785274386405945,0.2065141797065735,0.06783172488212585,0.12267547845840454,0.4353499710559845
YNL050C,val,True,True,0.7491161823272705,0.4453951597213745,0.8804120421409607,0.3586115837097168,0.4257538914680481,0.15896236896514893,0.40323591232299805,0.6822456955909729,0.627403199672699,0.5378401875495911,0.909317672252655,0.3188575506210327,1.0178098678588867
YNL051W,val,True,False,0.14159834384918213,-0.6236903846263886,-0.24775364995002747,-0.759262204170227,-0.8509169220924377,-0.9352728128433228,-0.32524633407592773,-0.6904227167367936,-0.19938057661056519,-0.7463226318359375,-1.5014660358428955,-0.909753143787384,-0.09519119560718536
YNL052W,val,True,True,0.9110888242721558,0.6347509622573853,0.6520552039146423,0.5410018563270569,0.9000753164291382,0.5952803492546082,0.4853420853614807,0.45980103947222234,0.8398284316062927,0.17808258533477783,0.37933558225631714,0.024227486923336983,0.877531111240387
YNL053W,val,True,True,0.36885330080986023,0.4936681747436523,1.2580879926681519,0.4718809723854065,0.24827918410301208,0.18084624409675598,0.3092464804649353,0.40126862823963166,0.584488570690155,0.5431180596351624,0.7444469928741455,0.19833892583847046,-0.06404940783977509
YNL054W,val,True,True,0.6234725713729858,0.505521833896637,0.5058899521827698,0.33795344829559326,0.6320193409919739,0.5008192658424377,0.5509271621704102,0.5444649517536163,0.6643999218940735,0.17870192229747772,0.9123203754425049,0.1632935255765915,0.8036090135574341
YNL055C,val,True,True,1.0045527219772339,0.6814694821834564,0.733841598033905,0.6892561912536621,1.110056757926941,0.6672717332839966,0.20692113041877747,0.8057034015655518,0.9976967573165894,0.9012788534164429,0.8337597846984863,0.7463241815567017,0.5494574308395386
YNL056W,val,True,True,0.46563124656677246,0.6211016714572907,0.4718034267425537,0.9470553994178772,1.2569856643676758,0.5827299952507019,-0.15306612849235535,0.5508137553930282,0.2781865894794464,1.0369149446487427,0.7142619490623474,0.5113837122917175,0.21332158148288727
YNL057W,val,False,False,-1.3411636352539062,-1.3770930528640748,-0.39355194568634033,-1.8893563747406006,-1.1669435501098633,-1.823394536972046,-1.6122188568115234,-1.336927556991577,-0.7931358814239502,-1.678529977798462,-1.3291246891021729,-1.5763758420944214,-1.3074713945388794
YNL058C,val,True,True,0.6128761768341064,0.04957864880561828,0.5284602046012878,0.03843128681182861,0.4095502495765686,0.3292218744754791,-1.0577703714370728,-0.2104385022073984,0.14256194233894348,-0.4822924733161926,-0.23885804414749146,-0.009309502318501472,-0.46429443359375
YNL059C,val,True,True,0.5145392417907715,0.5437633693218231,0.39371299743652344,0.6054270267486572,1.1988816261291504,0.15480771660804749,0.36598747968673706,0.7121549725532532,0.6150538921356201,1.1444942951202393,0.6748981475830078,0.18459534645080566,0.941733181476593
YNL061W,val,True,True,0.8718608617782593,0.6036537885665894,0.7112510204315186,0.21488571166992188,1.0632222890853882,0.5871315002441406,0.44177842140197754,0.7588374733924865,0.8553488254547119,0.4292870759963989,0.7083935737609863,0.8933113813400269,0.9078465104103088
YNL062C,val,False,True,0.263689786195755,0.03978489190340042,0.05045592039823532,-0.6738438010215759,0.517789363861084,0.11130249500274658,0.19322048127651215,0.13712439090013503,-0.0975465402007103,0.14978012442588806,0.140000581741333,-0.11437174677848816,0.6077595353126526
YNL063W,val,True,True,-0.16145411133766174,0.6361465431749821,0.00041483715176582336,0.6685239672660828,0.6435225605964661,1.1719948053359985,0.6962765455245972,0.8467504739761352,0.5321136713027954,0.9106438755989075,0.7438563108444214,0.8502959609031677,1.1968425512313843
YNL064C,val,True,True,1.442704677581787,0.59874147772789,0.29763346910476685,0.854101836681366,0.6340986490249634,0.3870374858379364,0.8208359479904175,0.8186588644981384,0.68192058801651,1.031804084777832,0.6656710505485535,0.6278321146965027,1.086066484451294
YNL065W,val,True,True,0.36550840735435486,0.27848382741212846,0.28433868288993835,0.17242436110973358,0.4200562834739685,0.1097949966788292,0.4058048129081726,0.7026824951171875,0.8241378664970398,0.47667890787124634,0.8764922618865967,0.6505600810050964,0.6855433583259583
YNL066W,val,True,True,1.2121378183364868,0.6311530590057373,0.2904021739959717,0.2026141881942749,1.434248685836792,0.45321977138519287,0.7752804756164551,0.7602666914463043,0.677018940448761,0.12780621647834778,0.9686511754989624,0.7281964421272278,1.2996606826782227
YNL067W,val,True,True,0.5490267276763916,0.7392826318740845,0.6593726873397827,0.32747572660446167,1.1907274723052979,1.0756571292877197,0.4431801438331604,0.545573890209198,0.16396287083625793,0.44646382331848145,0.7521390318870544,0.40412530303001404,0.9611784219741821
YNL067W-A,val,False,False,-1.4819650650024414,-1.2453168749809265,-1.6114025115966797,-1.3221728801727295,-0.8194714188575745,-1.200295329093933,-1.2732422351837158,-1.0336809277534484,-1.2313275337219238,-0.6642754077911377,-1.2808300256729126,-1.3393793106079102,-0.6525923609733582
YNL067W-B,val,False,True,-1.7688977718353271,-0.04432429820299148,0.05996885150671005,-0.7162415385246277,0.36058953404426575,-0.10219040513038635,0.1762520670890808,0.15396761000156403,-0.19851404428482056,-0.16190019249916077,0.6800147294998169,0.054486796259880066,0.3957507610321045
YNL068C,val,True,True,0.6730855703353882,0.10900738686323166,0.08051811158657074,-0.4499378800392151,0.29082828760147095,0.06042996793985367,0.563198447227478,0.3380577936768532,-0.008943639695644379,0.3003137707710266,0.33418378233909607,0.46454113721847534,0.6001939177513123
YNL069C,val,True,True,1.262910008430481,1.5359804153442382,1.2198154926300049,0.9082258939743042,2.0332119464874268,1.7096210718154907,1.8090276718139648,1.0473862528800963,1.044108271598816,0.7818934917449951,1.049238681793213,1.440087914466858,0.9216029047966003
YNL070W,val,True,True,1.2316409349441528,0.7706018507480621,0.6883583664894104,0.9431269764900208,0.989854097366333,0.45062586665153503,0.7810439467430115,0.6675425171852112,0.5186356902122498,0.5170522928237915,0.47176408767700195,0.6964495182037354,1.1338109970092773
YNL071W,val,True,True,0.2989213466644287,1.019193983078003,1.0450998544692993,0.8314937353134155,1.330338478088379,1.105633020401001,0.7834048271179199,1.24911288022995,1.2126535177230835,1.4326977729797363,1.3058068752288818,0.9763931632041931,1.318013072013855
YNL072W,val,True,True,0.6809054017066956,0.18118976056575775,0.18949639797210693,-0.0858156830072403,0.3366008698940277,0.24423694610595703,0.22143027186393738,0.4621794581413269,0.27609333395957947,0.739702045917511,0.33642977476119995,0.5385488271713257,0.42012330889701843
YNL073W,val,True,True,0.10813494771718979,0.35183281898498536,0.6807997226715088,0.7389608025550842,-0.19660089910030365,0.4722856879234314,0.063718780875206,0.559871256351471,1.0240440368652344,0.910793662071228,0.23166856169700623,0.18947798013687134,0.44337204098701477
YNL074C,val,True,True,0.921829342842102,0.09593644738197327,0.572484016418457,0.13036391139030457,-0.8887887597084045,0.404806911945343,0.26081615686416626,0.12289259135723114,0.12805107235908508,0.21885594725608826,-0.365047812461853,0.05401389300823212,0.5785898566246033
YNL075W,val,True,True,0.5722052454948425,0.23028628826141356,0.1850113868713379,0.20371881127357483,0.5460541248321533,-0.10038813948631287,0.3170352578163147,0.6997763395309449,0.5333556532859802,0.9603654146194458,0.7151806950569153,0.5022205114364624,0.7877594232559204
YNL076W,val,True,True,0.7554479241371155,0.3585712820291519,0.424910306930542,0.026597917079925537,0.705398678779602,0.5017218589782715,0.13422764837741852,0.5847088694572449,0.4760046899318695,0.6166133880615234,0.3238154351711273,0.6877648234367371,0.819346010684967
YNL077W,val,True,True,0.09056374430656433,0.7987458825111389,0.7984343767166138,0.5246455073356628,1.4916009902954102,0.43369656801223755,0.7453519701957703,0.623180228471756,0.3562227785587311,0.7519394159317017,0.7039303779602051,0.373649537563324,0.9301590323448181
YNL078W,val,True,True,1.1676056385040283,1.030358076095581,1.4828757047653198,0.5427600145339966,1.0796809196472168,1.4359424114227295,0.6105313301086426,0.8786660194396972,0.9202925562858582,0.8316229581832886,1.0068359375,0.6453235149383545,0.9892551302909851
YNL079C,val,True,True,1.5543166399002075,1.3118084788322448,0.715283989906311,1.3256652355194092,2.2686867713928223,1.3301067352294922,0.9192996621131897,1.3866994857788086,1.3424662351608276,1.3859567642211914,1.5988023281097412,1.1425169706344604,1.4637551307678223
YNL080C,val,False,True,0.8260557055473328,0.5094151616096496,0.6846303343772888,0.375252902507782,0.6854429841041565,0.34668928384780884,0.45506030321121216,0.5108811140060425,0.5306217074394226,0.7518820762634277,0.06591558456420898,0.4709070920944214,0.7350791096687317
YNL081C,val,True,True,1.3074750900268555,0.7687880754470825,0.5850409865379333,0.8369415402412415,0.961726725101471,0.9691192507743835,0.4911118745803833,1.0058856010437012,0.7449581623077393,1.2782208919525146,0.7771549224853516,1.0013121366500854,1.227781891822815
YNL082W,val,True,True,-0.2570878565311432,0.19187695384025574,0.20222562551498413,0.29631128907203674,0.2783603072166443,-0.1292095184326172,0.3116970658302307,0.4188843101263046,0.4655727744102478,0.49927228689193726,0.47713181376457214,0.1214236170053482,0.5310210585594177
YNL083W,val,True,True,0.05504240840673447,0.6782747983932496,0.4969012141227722,0.635067880153656,1.0980780124664307,0.7622950673103333,0.3990318179130554,0.9304293274879456,0.8830279111862183,0.9502139091491699,1.027780532836914,0.90050208568573,0.8906221985816956
YNL084C,val,True,True,0.6095587611198425,0.46957031488418577,0.37596553564071655,0.38668712973594666,0.6973859667778015,0.4294942319393158,0.45831871032714844,0.5060866355895997,0.6074344515800476,0.3245491683483124,0.7207896709442139,0.4519292712211609,0.4257306158542633
YNL085W,val,True,True,0.3905082941055298,0.6083724141120911,0.4658297896385193,0.5940732955932617,0.8373650312423706,0.7105895280838013,0.43400442600250244,0.6631100535392761,0.5680655241012573,0.8836761713027954,0.35841673612594604,0.7009906768798828,0.804401159286499
YNL086W,val,True,True,0.06431738287210464,0.006145142018795013,-0.004782639443874359,0.019226953387260437,0.10893861949443817,-0.23399555683135986,0.14133833348751068,-0.052062392607331275,-0.004301510751247406,-0.14570778608322144,-0.02837218903005123,-0.10079974681138992,0.018869269639253616
YNL087W,val,True,True,0.2273663580417633,0.12651043720543384,0.12752032279968262,0.49930447340011597,-0.21478042006492615,0.008618587628006935,0.21188922226428986,0.15345218926668167,0.10887544602155685,0.7780168056488037,-0.20770007371902466,0.241489976644516,-0.15342120826244354
YNL088W,val,True,True,0.20635782182216644,0.16756210774183272,-0.019069261848926544,-0.0007221698760986328,0.4499265253543854,-0.08745604753494263,0.4951314926147461,0.17790477052330972,0.30074867606163025,0.17321926355361938,0.3360055983066559,0.08740933239459991,-0.007859017699956894
YNL089C,val,False,False,-1.59152090549469,-1.426223623752594,-1.2350062131881714,-1.9425671100616455,-0.9631868004798889,-1.1612657308578491,-1.829092264175415,-1.4394855618476867,-1.21514093875885,-1.8569409847259521,-1.7238595485687256,-0.8904939293861389,-1.510992407798767
YNL090W,val,True,True,1.1478513479232788,0.6162073075771332,0.5248314142227173,0.5830541253089905,1.1710363626480103,0.5322023034095764,0.26991233229637146,0.7363701224327087,0.40992438793182373,0.7539408206939697,0.6532644033432007,0.9395915269851685,0.9251294732093811
YNL091W,val,True,True,0.8878450393676758,0.7745876789093018,0.9113591313362122,0.5581787824630737,0.8372780680656433,1.0714915990829468,0.4946308135986328,0.8817225813865661,1.1953606605529785,0.6337608098983765,0.5784053802490234,1.1599342823028564,0.841151773929596
YNL092W,val,True,True,-0.45936596393585205,0.3066409856081009,0.2764546573162079,0.6342495679855347,0.42458823323249817,0.31301426887512207,-0.11510179936885834,0.173574198782444,0.08561655133962631,0.25267544388771057,0.18394282460212708,0.20249788463115692,0.14313828945159912
YNL093W,val,True,True,-1.1014119386672974,-0.13907187283039094,-0.47340598702430725,-0.40194451808929443,0.2701599895954132,-0.3168526291847229,0.22668378055095673,-0.24381027221679688,-0.3690483272075653,-0.5326335430145264,-0.2840467095375061,-0.40633365511894226,0.37301087379455566
YNL094W,val,True,True,0.43217915296554565,0.31702067255973815,0.4066697955131531,0.1404404640197754,0.43959999084472656,0.20555230975151062,0.39284080266952515,0.5268234133720398,0.8930602669715881,0.7174835205078125,0.4571560323238373,0.46417462825775146,0.1022426187992096
YNL095C,val,True,True,-0.3752778172492981,0.08193507939577102,0.10920652002096176,0.03637801110744476,0.3390114903450012,-0.44395554065704346,0.36903491616249084,0.15916649699211122,0.44947415590286255,0.2859705686569214,0.42690491676330566,-0.6941232681274414,0.32760611176490784
YNL096C,val,True,True,1.1574946641921997,1.6938164949417114,1.5588699579238892,1.8849360942840576,1.9814488887786865,1.4060781002044678,1.637749433517456,1.4463062524795531,1.3163901567459106,1.4295151233673096,1.679230809211731,1.5221771001815796,1.2842180728912354
YNL097C,val,True,True,0.8346375823020935,0.7786905646324158,0.9113577008247375,0.7858806252479553,0.9353234767913818,0.6674715876579285,0.5934194326400757,0.843869149684906,0.724678099155426,1.0943000316619873,0.8549286127090454,0.9515844583511353,0.593854546546936
YNL097C-B,val,False,True,-0.026914997026324272,0.5006946384906769,0.421787828207016,0.8512540459632874,0.5487339496612549,0.4066685438156128,0.2750288248062134,0.44651386737823484,0.6584304571151733,0.4961533546447754,0.27567070722579956,0.33230310678482056,0.47001171112060547
YNL097W-A,val,False,False,-0.08521169424057007,-2.120869207382202,-2.2160942554473877,-2.1990323066711426,-2.2649734020233154,-1.8987798690795898,-2.025466203689575,-2.1463053226470947,-2.2622909545898438,-2.108785390853882,-2.187736988067627,-2.100749969482422,-2.071963310241699
YNL098C,val,True,True,1.2700225114822388,0.8088838219642639,0.8481329679489136,1.060068130493164,0.8509470820426941,0.7445210218429565,0.5407499074935913,0.8047456979751587,0.9655272960662842,0.5978533029556274,0.5790162086486816,0.8910014629364014,0.9903302192687988
YNL099C,val,True,True,0.7393008470535278,0.3262569710612297,0.017154507339000702,0.43976956605911255,0.5168871283531189,0.3341211974620819,0.3233524560928345,0.19733685702085496,0.0770050510764122,0.5541698932647705,-0.4680476486682892,0.2446633279323578,0.5788936614990234
YNL100W,val,True,True,0.3961368501186371,0.3340859651565552,0.3836888074874878,-0.010890543460845947,0.4482543170452118,0.5661603808403015,0.2832168638706207,0.28980896919965743,0.11335504800081253,0.21940886974334717,0.3612162172794342,0.17091910541057587,0.5841456055641174
YNL101W,val,True,True,-0.038440097123384476,0.47099809944629667,0.8177013993263245,0.4592247009277344,0.7089198231697083,0.23399049043655396,0.13515408337116241,0.18988533057272433,0.00674988329410553,0.5720846652984619,0.3585956394672394,-0.018467778339982033,0.03046424314379692
YNL102W,val,True,True,0.026677118614315987,0.21828300803899764,0.2458818554878235,-0.0008293837308883667,0.6785340309143066,0.07305854558944702,0.09476999193429947,0.35661172345280645,0.37732642889022827,0.11475856602191925,0.8241171836853027,0.4632852375507355,0.003571201115846634
YNL103W,val,True,True,1.0904866456985474,0.6816583156585694,0.7148742079734802,0.7566264271736145,1.0803546905517578,-0.06351727247238159,0.9199535250663757,0.6585085928440094,0.7343593239784241,0.8006991744041443,0.7047569155693054,0.23573240637779236,0.8169951438903809
YNL103W-A,val,False,False,-1.8047124147415161,-1.4015557527542115,-1.4058550596237183,-1.5784733295440674,-1.1779122352600098,-1.2089245319366455,-1.6366136074066162,-1.3397112488746643,-1.3662070035934448,-1.7832192182540894,-0.8224020600318909,-0.8103963136672974,-1.9163316488265991
YNL104C,val,False,True,0.5488005876541138,0.966698044538498,0.7561147809028625,0.9594810605049133,1.750223159790039,0.3924883306026459,0.9751828908920288,0.8378310561180115,0.6008658409118652,1.0924782752990723,0.984539806842804,0.529484748840332,0.9817866086959839
YNL105W,val,False,False,-2.088510751724243,-1.9645946979522706,-2.1080098152160645,-1.9296600818634033,-2.0772387981414795,-1.8045153617858887,-1.9035494327545166,-1.9259971857070923,-1.7584751844406128,-2.0627858638763428,-2.001544713973999,-1.8638274669647217,-1.9433526992797852
YNL106C,val,True,True,-0.06440805643796921,0.1969593963585794,0.34302347898483276,0.3493024408817291,-0.006560970563441515,0.11411488056182861,0.184917151927948,0.1341734781861305,-0.02083953469991684,0.5464565753936768,-0.11101743578910828,-0.22265183925628662,0.4789196252822876
YNL107W,val,True,True,0.40655961632728577,0.6404707372188568,0.7603760957717896,0.7665334343910217,0.9056385159492493,0.40031948685646057,0.36948615312576294,0.5336430013179779,0.4235897958278656,0.6459333896636963,0.5893435478210449,0.2594029903411865,0.7499452829360962
YNL108C,val,True,True,0.2613501250743866,0.2579429119825363,0.4975636601448059,-0.0756591260433197,0.37912529706954956,0.16396506130695343,0.3247196674346924,0.25512207224965094,0.47737768292427063,0.04624216631054878,0.21544459462165833,0.16980628669261932,0.3667396306991577
YNL109W,val,False,False,-1.8193528652191162,-1.3231982588768005,-1.690685510635376,-1.0638198852539062,-0.5817998051643372,-1.285831093788147,-1.9938549995422363,-1.1379400134086608,-1.7837820053100586,-0.8196718692779541,-0.6685710549354553,-0.9996416568756104,-1.418033480644226
YNL110C,val,True,True,1.172208547592163,0.846589183807373,0.6386608481407166,0.7764464020729065,1.3531663417816162,1.026208519935608,0.43846380710601807,1.0814170956611633,1.0291576385498047,1.4531093835830688,0.8557965755462646,1.2868175506591797,0.7822043299674988
YNL111C,val,True,True,0.392486572265625,0.6373294591903687,0.3004041910171509,0.46694058179855347,0.9880775213241577,0.5824961066246033,0.8487288951873779,0.7477573275566101,1.1188191175460815,0.6799362301826477,0.6315998435020447,0.2856704592704773,1.0227609872817993
YNL112W,val,True,True,0.6211404204368591,0.8238479971885682,0.513423502445221,0.9208332300186157,1.0958189964294434,0.7774868011474609,0.8116774559020996,0.9199810266494751,0.7630862593650818,1.320505142211914,0.9450504779815674,0.8794568777084351,0.6918063759803772
YNL113W,val,True,True,1.50784170627594,0.7431927800178528,1.0104176998138428,0.6499477624893188,0.8057177066802979,0.42280203104019165,0.8270787000656128,0.8719250798225403,1.3617757558822632,1.0167009830474854,0.7535719275474548,0.6655409336090088,0.5620357990264893
YNL114C,val,False,False,-1.3886771202087402,-1.8326837301254273,-1.8264408111572266,-1.9665846824645996,-1.8629345893859863,-1.458541989326477,-2.0489165782928467,-1.9250777244567872,-2.11527681350708,-2.081693172454834,-1.6376972198486328,-1.7454643249511719,-2.045257091522217
YNL115C,val,True,True,0.03967065364122391,-0.5756432980298996,-1.3711711168289185,-0.654333233833313,0.09230206906795502,-0.557852566242218,-0.38716164231300354,-0.7396693766117096,-0.5121373534202576,-1.308218002319336,-0.4816625416278839,-0.7522410750389099,-0.6440879106521606
YNL116W,val,True,True,0.4615919291973114,0.138476025685668,0.32522812485694885,-0.13059702515602112,-0.018411602824926376,-0.027937209233641624,0.5440978407859802,0.3150860846042633,0.33884358406066895,0.32237759232521057,0.09876325726509094,0.06222394108772278,0.7532220482826233
YNL117W,val,True,True,-1.7136286497116089,-0.7597880613058805,-0.5469145178794861,-1.2003803253173828,-1.0260789394378662,-0.005343383178114891,-1.0202231407165527,-0.5261908195912838,-1.374284267425537,-0.5529769659042358,-0.5591416358947754,-0.16738322377204895,0.0228319950401783
YNL118C,val,True,True,0.7571046948432922,0.652187168598175,0.4070606827735901,0.45867735147476196,1.121821641921997,0.6075600981712341,0.665816068649292,0.6934047877788544,1.0286643505096436,0.5003534555435181,0.5393577218055725,0.3983124792575836,1.000335931777954
YNL119W,val,True,True,-0.2847636044025421,0.22756571173667908,0.3810688555240631,0.05662073940038681,0.308925062417984,0.11597535759210587,0.2752385437488556,-0.062252584099769595,0.3034433126449585,-0.7175261974334717,0.21222347021102905,-0.24459567666053772,0.1351921707391739
YNL120C,val,False,False,-2.0475821495056152,-2.0217897415161135,-2.040149688720703,-2.01824688911438,-2.0731377601623535,-1.921800136566162,-2.0556142330169678,-1.7172633409500122,-1.9427367448806763,-1.457848072052002,-1.5175220966339111,-1.769197940826416,-1.8990118503570557
YNL121C,val,True,True,1.314762830734253,1.0867241621017456,1.304880976676941,0.5438570976257324,1.1399661302566528,1.6935681104660034,0.7513484954833984,0.9998475909233093,0.9399157762527466,0.832768976688385,0.7836936712265015,1.3984426259994507,1.044416904449463
YNL122C,val,True,True,0.43578651547431946,-0.0793914943933487,-0.011230714619159698,-0.1633090376853943,0.22570094466209412,0.06463190168142319,-0.5127505660057068,0.18272679480724036,0.0006076544523239136,0.47114259004592896,0.002626539906486869,0.3524056673049927,0.08685152232646942
YNL123W,val,True,True,0.4790691137313843,0.859743732213974,0.8844856023788452,1.0575003623962402,1.081834316253662,0.48534199595451355,0.7895563840866089,0.9601452350616455,0.8982775807380676,1.1041427850723267,1.0696024894714355,0.8219281435012817,0.906775176525116
YNL124W,val,True,True,0.9931532740592957,0.7160471439361572,1.1769369840621948,0.6152548789978027,0.4941486120223999,0.739073634147644,0.5548216104507446,0.7193530201911926,0.8414249420166016,0.5164258480072021,0.4305172562599182,0.46116769313812256,1.3472293615341187
YNL125C,val,False,True,0.21121209859848022,0.10000365972518921,0.5546208620071411,0.08229011297225952,-0.6999638676643372,0.21453946828842163,0.34853172302246094,-0.0016357257962226867,-0.1176222637295723,0.39123842120170593,-0.6261357069015503,-0.3005872964859009,0.6449282169342041
YNL126W,val,True,True,-0.1635044366121292,0.2489111740142107,0.21453487873077393,0.2953811585903168,0.4656345844268799,-0.027128031477332115,0.29613327980041504,0.10738569349050522,-0.05856897681951523,0.3448416590690613,-0.048724979162216187,-0.03587900102138519,0.3352597653865814
YNL127W,val,False,True,-0.06964904814958572,0.21935419738292694,0.4001569449901581,-0.2808571457862854,0.19240997731685638,0.23591920733451843,0.5491420030593872,0.18756265789270402,0.08720449358224869,0.3460952639579773,0.05055400729179382,0.18065255880355835,0.2733069658279419
YNL128W,val,True,False,-1.1222914457321167,-0.6993523627519608,-0.8442757725715637,-1.1328930854797363,0.24098323285579681,-0.8960432410240173,-0.8645329475402832,-0.719958683103323,-1.8490630388259888,-0.6507270336151123,-0.10477489233016968,-0.996544361114502,0.0013159103691577911
YNL129W,val,True,True,0.11529942601919174,0.8157313942909241,0.626337468624115,1.094879150390625,0.9756631255149841,0.6391066312789917,0.7426705956459045,0.89355628490448,1.024126648902893,1.0403554439544678,0.7985905408859253,0.8769619464874268,0.727746844291687
YNL130C,val,True,True,0.7602538466453552,0.4268354833126068,0.3359364867210388,0.33658620715141296,0.5177292823791504,0.35642409324645996,0.5875013470649719,0.426899591088295,0.4073682129383087,0.328725129365921,0.5879448056221008,0.223817840218544,0.5866419672966003
YNL130C-A,val,False,False,-1.7304389476776123,-1.601667881011963,-1.6738148927688599,-1.9644396305084229,-1.5117297172546387,-1.3985146284103394,-1.4598405361175537,-1.7153098821640014,-1.7662701606750488,-1.651032567024231,-1.8587515354156494,-1.3118574619293213,-1.9886376857757568
YNL131W,val,True,True,1.2854560613632202,0.36689816117286683,0.2927265167236328,0.3982986807823181,0.6514305472373962,0.12023907899856567,0.37179598212242126,0.5298053205013276,0.443642258644104,0.9060157537460327,0.5497877597808838,0.4897443354129791,0.25983649492263794
YNL132W,val,True,True,0.13305790722370148,0.8201640605926513,0.6346010565757751,0.5719640254974365,1.2233080863952637,1.1799266338348389,0.4910205006599426,0.7129851818084717,0.5917766094207764,0.668777585029602,0.4736338257789612,0.9450881481170654,0.8856497406959534
YNL133C,val,True,True,0.9258350133895874,0.8899605631828308,0.7722114324569702,1.02463698387146,0.8585203886032104,1.3262089490890503,0.46822506189346313,1.1006341338157655,0.5493436455726624,0.9261713027954102,1.5496678352355957,1.4425787925720215,1.0354090929031372
YNL134C,val,True,True,2.213940382003784,0.9917209923267365,1.288588047027588,0.6659730076789856,1.5584635734558105,1.1553584337234497,0.2902218997478485,0.8970274090766907,1.084426999092102,0.5812059044837952,1.556429386138916,0.8788543939590454,0.3842203617095947
YNL135C,val,True,True,1.4651789665222168,0.8296275675296784,0.7412828803062439,0.36364805698394775,1.2152469158172607,1.385890245437622,0.44206973910331726,0.8633861064910888,1.1855987310409546,0.6972283124923706,0.843101978302002,1.0855566263198853,0.5054448843002319
YNL136W,val,False,True,1.0305359363555908,0.838670527935028,0.9080660343170166,0.8675290942192078,1.3584766387939453,0.7052122354507446,0.3540686368942261,0.9656734704971314,0.805016279220581,1.3605626821517944,0.750775158405304,0.9055137038230896,1.0064995288848877
YNL137C,val,True,True,0.5670262575149536,0.35532636679708957,0.4412599802017212,0.29920822381973267,0.7301308512687683,-0.03073468618094921,0.3367674648761749,0.3253332912921906,0.2560026943683624,0.39032942056655884,0.3464335799217224,-0.12287604808807373,0.7567768096923828
YNL138W,val,True,True,0.9297112822532654,0.5829673945903778,0.9751027226448059,0.17138424515724182,0.8666085600852966,0.4835023283958435,0.41823911666870117,0.43744559288024903,0.40186724066734314,0.3321850299835205,0.6212117671966553,0.42014142870903015,0.41182249784469604
YNL138W-A,val,True,True,0.08933933824300766,0.057305571436882016,0.13955208659172058,-0.08682059496641159,0.18331637978553772,-0.07191494852304459,0.12239493429660797,0.25778034776449205,0.08673745393753052,0.15625807642936707,0.0660630613565445,0.0333826020359993,0.9464605450630188
YNL139C,val,True,True,0.13779543340206146,0.008842321485280991,0.06321599334478378,-0.7750347852706909,0.47232383489608765,0.2531304359436035,0.030576128512620926,0.18568014204502106,0.05801501125097275,-0.1646515429019928,0.35578271746635437,0.11583679169416428,0.5634177327156067
YNL140C,val,False,False,-1.7529467344284058,-0.602731691300869,-0.053884975612163544,-0.35053884983062744,-0.7426961064338684,-0.9406028985977173,-0.9259356260299683,-0.3860824152827263,0.2431047558784485,-0.04627265781164169,-0.3776143789291382,-0.769127368927002,-0.9805024266242981
YNL141W,val,False,True,0.15404415130615234,0.5299372151494026,0.10462787002325058,0.8671382069587708,1.267667531967163,-0.055979952216148376,0.46623241901397705,0.5528736189007759,-0.008845709264278412,0.6601879596710205,0.7070485949516296,0.4842098355293274,0.9217674136161804
YNL142W,val,True,True,-0.8038759827613831,-1.0625770270824433,-1.3855198621749878,-1.8858325481414795,-0.8753799200057983,-1.2637476921081543,0.09759488701820374,-1.587401819229126,-1.90159010887146,-1.8524285554885864,-1.322088599205017,-1.476539134979248,-1.3843626976013184
YNL143C,val,True,False,-0.27845868468284607,-0.5512824714183807,-0.3104490637779236,-0.19216158986091614,-0.7054603695869446,-0.4604179263114929,-1.0879234075546265,-0.1111600436270237,-0.3013734519481659,0.016239505261182785,-0.2299627661705017,-0.18518874049186707,0.1444852352142334
YNL144C,val,True,True,-0.4359046518802643,-0.46245698630809784,-0.7382607460021973,-0.7406774163246155,-0.3636336028575897,-0.5458977818489075,0.07618461549282074,-0.16190624982118607,-0.7688404321670532,0.15353117883205414,0.04298459738492966,-0.43731892108917236,0.20011232793331146
YNL144W-A,val,False,False,-1.8805924654006958,-1.991127324104309,-1.6593185663223267,-2.2388503551483154,-2.1778697967529297,-1.812983512878418,-2.0666143894195557,-1.8713787317276,-1.3275266885757446,-2.1113996505737305,-1.768849492073059,-1.9585703611373901,-2.190547466278076
YNL145W,val,True,True,-1.2198970317840576,-0.6918345727026463,-0.8820421695709229,-0.9491659998893738,0.057891231030225754,-0.3479411005973816,-1.3379148244857788,-0.4511597573757172,-0.4054994285106659,-0.5339083075523376,-0.4016590714454651,-0.24387627840042114,-0.670855700969696
YNL146C-A,val,True,True,-1.2736269235610962,-1.066369077563286,-0.3811413645744324,-1.7118043899536133,-0.9863992929458618,-0.21734313666820526,-2.0351572036743164,-1.1484165430068969,-0.5381186008453369,-1.4672987461090088,-1.3043229579925537,-0.5843864679336548,-1.8479559421539307
YNL146W,val,True,True,0.49738049507141113,0.417599493265152,0.4722543954849243,0.05961403250694275,0.7973335981369019,0.34419918060302734,0.4145962595939636,0.5216217875480652,0.66362464427948,0.39422571659088135,0.1291102170944214,0.443967342376709,0.9771810173988342
YNL147W,val,True,True,0.6310379505157471,0.5517846763134002,0.5667470693588257,0.691434919834137,0.4574809670448303,0.7076193690299988,0.3356410562992096,0.536142897605896,0.5054791569709778,0.7925175428390503,0.25279951095581055,0.3333470821380615,0.7965711951255798
YNL148C,val,True,True,0.9021358489990234,0.3624658644199371,0.235009104013443,0.14107006788253784,0.7508116364479065,0.3299025893211365,0.35553592443466187,0.3522726997733116,0.011698685586452484,0.3559713661670685,0.4065169095993042,0.2623121738433838,0.7248643636703491
YNL149C,val,True,True,1.4690465927124023,0.8127188920974732,0.9980451464653015,0.7962310910224915,0.9890361428260803,0.45962196588516235,0.8206601142883301,0.7436242163181305,1.1162950992584229,0.425948828458786,0.9873386025428772,0.5393692851066589,0.6491692662239075
YNL150W,val,False,False,-1.7792441844940186,-1.0037585020065307,-0.9680602550506592,-1.3233675956726074,-0.7179765701293945,-0.5354185104370117,-1.473969578742981,-0.9867903590202332,-0.524149477481842,-0.37300723791122437,-1.641253113746643,-1.4066388607025146,-0.9889031052589417
YNL151C,val,True,True,0.8934763073921204,0.37052564322948456,0.24708276987075806,0.2890152931213379,0.6929351687431335,0.24903301894664764,0.37456196546554565,0.6074861943721771,0.8697379231452942,0.46562886238098145,0.29279038310050964,0.572411835193634,0.8368619680404663
YNL152W,val,True,True,0.1922348439693451,0.42938993871212006,0.3492084741592407,0.442126989364624,1.0292129516601562,0.19337117671966553,0.13303010165691376,0.13033693581819533,-0.28481441736221313,0.8013253211975098,0.0645175576210022,-0.05452959984540939,0.12518581748008728
YNL153C,val,True,True,1.381130337715149,-0.1644699987024069,0.17445725202560425,0.024045780301094055,-0.2678595185279846,-0.015318376943469048,-0.737675130367279,-0.0015115704853087663,-0.4097360074520111,0.47042036056518555,0.0002920792903751135,-0.24118825793266296,0.17265397310256958
YNL154C,val,True,True,1.2159641981124878,-0.14255363047122954,0.2099311351776123,-0.6156039237976074,0.13684307038784027,-0.8419223427772522,0.3979839086532593,0.003565448522567749,0.32999730110168457,0.32462626695632935,-0.28182554244995117,-0.14704860746860504,-0.20792217552661896
YNL155W,val,True,True,0.8109879493713379,0.7420076131820679,0.752824604511261,0.6128405928611755,0.675494909286499,1.0825879573822021,0.5862900018692017,0.8839029312133789,1.131149411201477,0.708179235458374,0.4960228204727173,1.027071475982666,1.0570917129516602
YNL156C,val,True,True,0.7452422380447388,0.5751466125249862,0.7364142537117004,1.0464036464691162,0.224750354886055,0.3767966628074646,0.4913681447505951,0.5353327855467797,0.3168920576572418,0.9758634567260742,0.48744356632232666,0.0695202574133873,0.8269445896148682
YNL157W,val,True,True,0.9043031930923462,0.9192506790161132,0.7559995651245117,1.0987253189086914,1.2227387428283691,0.7140848636627197,0.8047049045562744,0.8468984007835388,1.0300689935684204,0.6345019340515137,0.8630420565605164,0.8097749948501587,0.897104024887085
YNL158W,val,True,True,0.7158388495445251,0.18358311280608178,-0.18144491314888,0.27420252561569214,0.13747963309288025,0.6760048270225525,0.011673491448163986,0.39741386771202086,0.5120893716812134,0.1398617923259735,0.3246026039123535,0.5932008624076843,0.41731470823287964
YNL159C,val,True,True,0.7978104948997498,0.3958656683564186,-0.0789337083697319,0.6177204251289368,0.9957106113433838,0.3614487946033478,0.08338221907615662,0.7550867676734925,0.8593732118606567,0.8163186311721802,0.8182961344718933,0.6324477791786194,0.6489980816841125
YNL160W,val,False,True,0.19038723409175873,-0.0561867892742157,0.8450799584388733,-0.054304033517837524,-0.7230711579322815,0.16670656204223633,-0.5153452754020691,-0.162760990858078,0.8048027157783508,-0.32821059226989746,-0.412054181098938,-0.5905277729034424,-0.287815123796463
YNL161W,val,True,True,1.0711016654968262,0.630264687538147,0.4892919659614563,0.4576006531715393,1.0276563167572021,0.5788600444793701,0.597914457321167,0.4920744478702545,0.5877905488014221,0.3399399220943451,0.45038294792175293,0.31754088401794434,0.7647179365158081
YNL162W,val,True,True,1.2499512434005737,1.0187332510948182,1.4208695888519287,0.858380138874054,1.2204556465148926,0.5625572204589844,1.031403660774231,1.2306437253952027,1.4800642728805542,1.2964928150177002,1.2029510736465454,0.9601254463195801,1.2135850191116333
YNL162W-A,val,True,True,0.4078519344329834,-0.13305999673902988,-0.19735395908355713,-0.19676297903060913,-0.05049820616841316,-0.023068604990839958,-0.19761623442173004,-0.087611386179924,-0.34870222210884094,-0.12462534010410309,0.15560142695903778,-0.3101061284542084,0.18977533280849457
YNL163C,val,True,True,0.1458379179239273,-0.008142281323671341,-0.06142187863588333,-0.17815664410591125,0.14523528516292572,0.10895099490880966,-0.0553191639482975,0.05469611175358295,-0.19411128759384155,0.17559540271759033,0.07019457221031189,-0.0011958833783864975,0.2229977548122406
YNL164C,val,True,True,0.5986812114715576,0.14082142524421215,0.34034082293510437,-0.009196169674396515,0.3790731430053711,0.02489594556391239,-0.031006615608930588,0.3074874922633171,0.5041223764419556,0.4082476496696472,0.2170848846435547,0.03708317130804062,0.37089937925338745
YNL165W,val,True,True,-0.05358738452196121,0.4147674649953842,0.39263826608657837,0.45247137546539307,0.6366506218910217,0.16613350808620453,0.4259435534477234,0.4367648810148239,0.5298336148262024,0.06618879735469818,0.3943314552307129,0.2482999563217163,0.9451705813407898
YNL166C,val,True,True,0.9413382411003113,0.5632404565811158,1.0083600282669067,-0.16384238004684448,0.8379443287849426,0.7636435627937317,0.37009674310684204,0.4928799092769623,1.0283657312393188,-0.07253170013427734,0.576535165309906,0.2886296212673187,0.6434007287025452
YNL167C,val,True,True,0.6226072907447815,0.5923523068428039,0.7647380232810974,0.2985135614871979,0.612433135509491,0.9639808535575867,0.32209596037864685,0.5643957197666168,0.2365383803844452,0.5925763845443726,0.5360939502716064,0.999472975730896,0.4572969079017639
YNL168C,val,True,True,0.6433018445968628,0.35862175822257997,0.2990263104438782,0.26224663853645325,0.722266435623169,0.38185691833496094,0.12771248817443848,0.5239364668726921,-0.026679731905460358,0.6746276617050171,0.9299813508987427,0.44157636165618896,0.6001766920089722
YNL169C,val,True,True,1.1762245893478394,0.9859370231628418,0.9615213871002197,1.1389861106872559,0.978619396686554,1.2278691530227661,0.6226890683174133,0.9724303126335144,1.0713980197906494,0.8028838038444519,0.6077601313591003,0.9981146454811096,1.3819949626922607
YNL170W,val,False,False,-0.6902536749839783,-1.176499080657959,-0.8381157517433167,-1.6381263732910156,-1.5603797435760498,-0.528355062007904,-1.3175184726715088,-1.3067388534545898,-1.1207846403121948,-1.1514298915863037,-1.790455937385559,-0.9934203624725342,-1.4776034355163574
YNL171C,val,False,False,-1.8906028270721436,-1.2574375867843628,-1.346154808998108,-0.48504674434661865,-1.975684642791748,-0.7141228914260864,-1.766178846359253,-1.130375373363495,-1.5332560539245605,-0.8904921412467957,-1.2037218809127808,-0.5071645975112915,-1.517242193222046
YNL172W,val,True,True,-0.26375171542167664,0.011781069636344909,-0.18973112106323242,0.08363048732280731,0.16686999797821045,-0.3577653467655182,0.3559013307094574,0.23293750882148742,-0.09132853150367737,0.7039358019828796,0.2235754430294037,-0.19348260760307312,0.5219874382019043
YNL173C,val,True,True,0.6553952097892761,0.19253896698355674,0.21187078952789307,0.19450311362743378,0.057527970522642136,0.09994389116764069,0.3988490700721741,0.5051195025444031,0.5378732085227966,0.6337078809738159,0.3073520064353943,0.47405362129211426,0.5726107954978943
YNL174W,val,False,False,-1.7862228155136108,-2.0227044820785522,-1.82249116897583,-2.16522216796875,-2.117492437362671,-1.9435466527938843,-2.064769983291626,-1.9807711362838745,-1.9905810356140137,-2.0251896381378174,-2.0417733192443848,-1.8768097162246704,-1.9695019721984863
YNL175C,val,True,True,0.9754911661148071,0.9864558100700378,1.276800513267517,0.46090102195739746,1.30800461769104,0.8490793108940125,1.0374935865402222,1.2828810691833497,1.4351648092269897,0.967044472694397,1.1745469570159912,1.2716922760009766,1.5659568309783936
YNL176C,val,True,True,0.8756247162818909,0.17998207360506058,0.028991080820560455,-0.2692156434059143,0.8232009410858154,0.20593997836112976,0.11099401116371155,0.36407819390296936,0.42945626378059387,0.22447523474693298,0.3426198363304138,0.2963981330394745,0.5274415016174316
YNL177C,val,True,True,0.981804370880127,0.18517391309142112,0.2272389531135559,0.38337862491607666,-0.04920731857419014,0.051792263984680176,0.31266704201698303,0.365571166574955,0.10480112582445145,0.6893622875213623,0.2023545801639557,0.2703041732311249,0.5610336661338806
YNL178W,val,True,True,1.3130550384521484,1.362230658531189,1.0286506414413452,1.2687716484069824,1.8040834665298462,1.307050108909607,1.402597427368164,1.1864924907684327,1.18668794631958,1.3075106143951416,1.2288665771484375,1.4799033403396606,0.7294939756393433
YNL179C,val,False,False,1.45663321018219,-1.4693711757659913,-1.2642768621444702,-1.866128921508789,-1.0384721755981445,-1.5277541875839233,-1.650223731994629,-1.5624433636665345,-1.606475591659546,-1.745147705078125,-1.9052748680114746,-1.835620641708374,-0.7196980118751526
YNL180C,val,True,True,1.5195674896240234,-1.0139349102973938,-1.2694116830825806,-1.1047697067260742,-0.9419718384742737,-1.354056715965271,-0.39946460723876953,-0.5264520823955536,0.2261519432067871,-0.2946060001850128,-1.0640250444412231,-1.0035293102264404,-0.49625200033187866
YNL181W,val,False,True,0.35125741362571716,-0.21592288315296174,0.5536620616912842,-0.654746949672699,0.17200003564357758,-0.3449022173881531,-0.8056273460388184,-0.19995747357606888,0.35626116394996643,-0.06593004614114761,-0.42385223507881165,-0.7079525589942932,-0.15831369161605835
YNL182C,val,True,True,0.2053230255842209,0.18020586371421815,0.25307098031044006,0.3530009090900421,-0.2530421018600464,0.3848333954811096,0.1631661355495453,0.22836811244487762,0.39893826842308044,0.11836749315261841,-0.0779152661561966,0.4306255578994751,0.27182450890541077
YNL183C,val,True,True,0.23071187734603882,0.32623607516288755,0.5969395637512207,-0.24598634243011475,0.5232371687889099,0.43889254331588745,0.31809744238853455,0.3250175014138222,0.4956762492656708,0.37812018394470215,0.37795519828796387,-0.10035549849271774,0.4736913740634918
YNL184C,val,False,True,-1.9120826721191406,-0.47224652767181396,-0.7950976490974426,-0.4251953959465027,-1.2256746292114258,-0.14904901385307312,0.2337840497493744,-0.27751762270927427,-0.6221238374710083,-0.15861275792121887,-0.7832603454589844,-0.2500236928462982,0.4264325201511383
YNL185C,val,True,True,0.14001749455928802,0.17033114060759544,0.24769270420074463,0.09964236617088318,0.024653833359479904,0.21419474482536316,0.26547205448150635,0.40322640389204023,0.0015818402171134949,0.4912348985671997,0.08408501744270325,0.5059288144111633,0.9333014488220215
YNL186W,val,True,True,0.6319872736930847,-0.24095162153244018,-0.34753507375717163,-0.5796127915382385,-0.4913737177848816,-0.3090752363204956,0.5228387117385864,-0.3091933153569698,-0.3482342064380646,-0.3544817566871643,-0.22880205512046814,-0.6299896240234375,0.015541065484285355
YNL187W,val,True,True,0.36328914761543274,-0.017747460305690764,-0.1416897475719452,-0.32815152406692505,0.08605412393808365,0.1316806972026825,0.16336914896965027,0.11518284380435943,0.09889679402112961,-0.36802494525909424,0.09945691376924515,0.5319464206695557,0.213639035820961
YNL188W,val,True,True,0.4919235110282898,0.5133444666862488,0.6611508727073669,0.41455739736557007,0.6433851718902588,0.31393635272979736,0.5336925387382507,0.44769630432128904,0.46449315547943115,0.4057689309120178,0.2797979712486267,0.38115203380584717,0.7072694301605225
YNL189W,val,True,True,0.4675906002521515,0.8522305369377137,0.7385373711585999,0.645220935344696,1.445424199104309,0.9974204301834106,0.4345497488975525,0.8299920439720154,0.6438618898391724,0.7371176481246948,0.9683350920677185,1.0347273349761963,0.7659182548522949
YNL190W,val,False,True,2.104459047317505,1.2499284148216248,0.9753813147544861,1.3427886962890625,1.5447485446929932,1.0792664289474487,1.3074570894241333,1.2775304555892943,1.0376583337783813,1.6016963720321655,1.4781453609466553,1.2579280138015747,1.0122241973876953
YNL191W,val,True,True,0.2917315661907196,-1.4863938093185425,-1.4401440620422363,-1.1727049350738525,-1.8874984979629517,-1.313524603843689,-1.618096947669983,-1.2823101997375488,-1.5874472856521606,-0.6929365992546082,-0.968528687953949,-1.318329095840454,-1.8443093299865723
YNL192W,val,True,True,0.641665518283844,0.4889520645141602,0.9479544758796692,-0.3209388256072998,0.8502922654151917,0.3849033713340759,0.5825490355491638,0.9208990216255188,0.5875264406204224,0.8635517954826355,0.9570471048355103,1.1065980195999146,1.0897717475891113
YNL193W,val,True,True,-0.20411719381809235,0.11744345575571061,-0.07408937811851501,-0.10948214679956436,0.1512964516878128,0.21277666091918945,0.4067156910896301,0.3214081823825836,0.4884093701839447,0.233900249004364,-0.12841325998306274,0.3440185785293579,0.6691259741783142
YNL194C,val,True,True,-1.6589009761810303,-0.11710002645850182,-0.21179571747779846,-0.3726528286933899,0.22479987144470215,-0.24342674016952515,0.017575282603502274,-0.1645269922912121,-0.45048901438713074,-0.03625323995947838,0.04469935595989227,-0.21313396096229553,-0.16745810210704803
YNL195C,val,True,True,-1.1441432237625122,0.3123040318489075,0.3718087673187256,0.44868361949920654,0.5512267351150513,0.6378845572471619,-0.4480835199356079,0.4896159440279007,0.3860418498516083,0.45594656467437744,0.6190242767333984,0.888792097568512,0.09827493131160736
YNL196C,val,True,True,-1.8399617671966553,-0.24017179012298584,0.23401126265525818,-0.2591959834098816,0.20817115902900696,-0.5053226351737976,-0.8785227537155151,0.08175570964813232,0.3269062340259552,0.21373111009597778,0.15198293328285217,0.23424696922302246,-0.518088698387146
YNL197C,val,True,True,1.336402177810669,0.7893887281417846,1.1642968654632568,0.674361526966095,0.9312049150466919,0.6635451316833496,0.51353520154953,0.9218141198158264,1.3638896942138672,0.9779007434844971,0.7538385987281799,0.7301191687583923,0.7833223938941956
YNL198C,val,False,False,-1.49843430519104,-1.767273211479187,-1.6110444068908691,-2.0382635593414307,-1.9138100147247314,-1.7354966402053833,-1.5377514362335205,-1.455067765712738,-1.7509374618530273,-1.704200029373169,-1.6403954029083252,-1.227060079574585,-0.9527458548545837
YNL199C,val,True,True,0.7684245705604553,0.5828131556510925,1.222489356994629,0.6008130311965942,0.5525956153869629,0.17110174894332886,0.36706602573394775,0.5847638368606567,0.6183463335037231,0.5844951868057251,0.8337870240211487,-0.03829967975616455,0.9254903197288513
YNL200C,val,True,True,0.18828248977661133,0.43851704001426695,0.6067231893539429,0.09483605623245239,0.5825625061988831,0.3036014139652252,0.6048620343208313,0.5781759858131409,0.1625734567642212,0.6604965925216675,0.673645555973053,0.4595411419868469,0.9346231818199158
YNL201C,val,False,True,0.3969685435295105,0.42100036442279815,0.34854787588119507,-0.044570788741111755,0.9645488858222961,0.5529465079307556,0.2835293412208557,0.45024862289428713,0.21224600076675415,0.336686372756958,0.7498512864112854,0.3132386803627014,0.6392207741737366
YNL202W,val,True,True,-0.8930792212486267,-0.8320730030536652,-0.39884278178215027,-0.7528242468833923,-1.5921571254730225,-0.42761003971099854,-0.9889308214187622,-0.5743413627147674,-0.23852595686912537,-0.3071557283401489,-1.0640203952789307,-0.7378484010696411,-0.5241563320159912
YNL203C,val,False,False,-0.7263017296791077,-1.5204945802688599,-1.7651010751724243,-1.9122576713562012,-1.0239044427871704,-1.189740538597107,-1.7114691734313965,-1.5931145668029785,-2.1845335960388184,-1.6321181058883667,-1.261376142501831,-1.5698187351226807,-1.3177262544631958
YNL204C,val,True,True,-1.0351171493530273,-0.7682257950305938,-0.22892895340919495,-1.0368919372558594,-1.472031593322754,-0.7545177340507507,-0.3487587571144104,-0.8584769368171692,-0.6467525959014893,-0.6698706746101379,-1.3075531721115112,-0.8172506093978882,-0.8509576320648193
YNL205C,val,False,False,-2.088510751724243,-1.0015620648860932,-1.2409169673919678,-1.5933730602264404,-0.48657235503196716,-1.2139219045639038,-0.4730260372161865,-1.360945951938629,-1.2869824171066284,-1.5179961919784546,-1.8069343566894531,-1.5639901161193848,-0.6288266777992249
YNL206C,val,True,True,0.3248569667339325,0.5312412858009339,0.3513892889022827,0.7151287794113159,0.9803847670555115,0.17871922254562378,0.4305843710899353,0.460153791308403,0.2461128830909729,0.8198091983795166,0.6914891004562378,0.2122585028409958,0.331099271774292
YNL207W,val,True,True,0.8376181125640869,0.47423809468746186,0.5091432929039001,0.1817670315504074,0.653377115726471,0.6835073232650757,0.3433957099914551,0.7620572507381439,0.9011443257331848,0.4136941134929657,0.7364777326583862,0.7692643404006958,0.9897057414054871
YNL208W,val,True,True,0.9906945824623108,1.2203807651996612,1.2671160697937012,1.5366344451904297,1.6404008865356445,1.2361088991165161,0.42164352536201477,0.9371876358985901,1.21728515625,0.4731362462043762,1.0890995264053345,0.777068018913269,1.1293492317199707
YNL209W,val,True,True,0.8348097205162048,0.7716704607009888,0.7181193232536316,0.7761841416358948,1.0267150402069092,0.7038760185241699,0.6334577798843384,0.9043294072151185,1.1495671272277832,0.9790737628936768,0.7497154474258423,0.8267911076545715,0.8164995908737183
YNL210W,val,False,True,-1.9878569841384888,-1.0476723551750182,-0.7295203804969788,-1.311763048171997,-1.290858268737793,-0.7580840587615967,-1.148136019706726,-0.5354610860347748,-0.5516411066055298,-0.4948998689651489,-0.6628543138504028,-0.6844909191131592,-0.2834192216396332
YNL211C,val,True,True,0.15722167491912842,0.010582727193832398,-0.3524593114852905,0.061566710472106934,0.19601786136627197,0.5516191720962524,-0.40383079648017883,-0.0029990464448928834,-0.179068922996521,-0.15289917588233948,0.21594683825969696,-0.2420288622379303,0.3430548906326294
YNL212W,val,True,True,0.30912071466445923,0.6661951959133148,0.985496461391449,0.6568642854690552,0.8293159604072571,0.5646060705184937,0.2946932017803192,0.7219905912876129,0.6457855105400085,1.0697985887527466,0.31886744499206543,1.1325092315673828,0.4429921805858612
YNL213C,val,True,True,0.7516156435012817,0.6369507908821106,0.7286261320114136,0.6629247665405273,0.8390635251998901,0.5551975965499878,0.39894193410873413,0.6737059473991394,0.6335349678993225,1.0005534887313843,0.3785182237625122,0.6099935173988342,0.7459295392036438
YNL214W,val,False,True,0.04074215888977051,0.1900940418243408,0.2853931784629822,-0.419718861579895,0.15539729595184326,0.5839069485664368,0.3454916477203369,0.033037373423576356,-0.01487191766500473,-0.25912603735923767,-0.11456518620252609,0.3012372553348541,0.25251275300979614
YNL215W,val,True,True,0.9470334053039551,0.705787992477417,0.5373784303665161,0.6667221188545227,1.0627002716064453,0.7547094225883484,0.5074297189712524,0.8054056167602539,0.6033539772033691,1.2389507293701172,0.5443506240844727,0.5257683992385864,1.1146043539047241
YNL216W,val,True,True,0.513190507888794,1.1459907412528991,0.6713098883628845,1.1530125141143799,1.6149709224700928,1.1506155729293823,1.1400448083877563,1.332530415058136,0.6627123951911926,1.8088730573654175,1.2723383903503418,1.5906709432601929,1.3280572891235352
YNL217W,val,True,True,0.8121317625045776,0.666660463809967,0.45150792598724365,0.7851330041885376,1.2094087600708008,0.314936101436615,0.5723165273666382,0.8300832748413086,0.4643937349319458,1.024901270866394,0.7159489393234253,0.5864160060882568,1.358756422996521
YNL218W,val,True,True,-0.17180387675762177,0.2672399815171957,0.28381115198135376,-0.16459199786186218,0.5645664930343628,0.006761012598872185,0.645653247833252,0.6248791813850403,0.3691216707229614,0.23435842990875244,0.739885687828064,0.6305734515190125,1.1504566669464111
YNL219C,val,True,True,0.19063109159469604,0.2708294868469238,0.4682353138923645,0.343681275844574,0.22070740163326263,0.2551838457584381,0.06633959710597992,0.5370543956756592,0.5804118514060974,0.16914883255958557,0.48994114995002747,0.7158435583114624,0.729926586151123
YNL220W,val,True,True,-0.14409035444259644,0.18532245382666587,-0.031926367431879044,0.3348575830459595,0.5609712600708008,0.23274067044258118,-0.170030876994133,0.5072656035423279,0.05829697847366333,0.9066520929336548,0.48189687728881836,0.5679259300231934,0.5215561389923096
YNL221C,val,True,True,0.6229610443115234,0.5534272968769074,0.6846354603767395,0.3487406373023987,1.0103679895401,0.12606540322303772,0.5973269939422607,0.660236781835556,0.41978341341018677,0.8319653272628784,0.4216410219669342,0.8340091109275818,0.793785035610199
YNL222W,val,False,True,0.1261993944644928,0.20491463989019393,0.5639419555664062,0.04738668352365494,0.14841021597385406,-0.0803765058517456,0.34521085023880005,0.2879464957397431,0.4644770324230194,0.6358065605163574,0.003050328930839896,-0.06376852095127106,0.4001670777797699
YNL223W,val,True,True,-0.10316543281078339,-0.23073164522647857,0.19603177905082703,0.18796972930431366,-0.6350651979446411,0.2701428234577179,-1.1727373600006104,-0.019390567764639856,0.2523021996021271,0.23435044288635254,-0.4093448221683502,0.020491676405072212,-0.19475233554840088
YNL224C,val,False,True,0.39411288499832153,0.34048955962061883,0.7883253693580627,0.22279348969459534,0.16917847096920013,0.5731596946716309,-0.051009226590394974,0.577168482542038,0.7683678865432739,0.5398067831993103,0.24241188168525696,0.7409762740135193,0.5942795872688293
YNL225C,val,False,True,0.047325894236564636,0.32040166556835176,0.4018968939781189,0.20835435390472412,0.6293419599533081,0.17947962880134583,0.18293549120426178,0.19143913835287094,0.17522630095481873,0.26430588960647583,0.21907755732536316,0.05185481160879135,0.24673113226890564
YNL226W,val,False,False,-2.0334925651550293,-1.2173956274986266,-1.320125937461853,-1.3229119777679443,-1.72585928440094,-0.4852674603462219,-1.2328134775161743,-1.5725998878479004,-2.047837972640991,-1.6853342056274414,-1.6685885190963745,-1.3300631046295166,-1.1311756372451782
YNL227C,val,True,False,0.427496075630188,-0.4766361527144909,-0.6097829937934875,-0.7012894749641418,0.04590949788689613,-0.27064579725265503,-0.8473719954490662,-0.4927243232727051,-0.6808128356933594,0.0631399154663086,-0.2938006520271301,-0.9580117464065552,-0.5941362977027893
YNL228W,val,False,False,-1.823995590209961,-1.6356877565383912,-1.6027202606201172,-1.9678387641906738,-1.6323938369750977,-1.4589165449142456,-1.5165693759918213,-1.8617662191390991,-1.983586072921753,-1.7558879852294922,-1.798498272895813,-1.827589511871338,-1.9432692527770996
YNL229C,val,True,True,1.1817457675933838,0.47289590537548065,0.47243720293045044,0.8812339901924133,0.3425113260746002,0.48379015922546387,0.1845068484544754,0.413606321811676,0.45117032527923584,0.7857561111450195,0.09083448350429535,0.04193831980228424,0.6983323693275452
YNL230C,val,True,True,0.5755627155303955,0.19955488443374633,-0.17871493101119995,0.37770235538482666,0.4890099763870239,-0.2673078775405884,0.5770848989486694,0.5488006711006165,0.31435897946357727,0.9433230757713318,0.3864578306674957,0.1771906018257141,0.9226728677749634
YNL231C,val,True,True,1.4107857942581177,1.061518520116806,1.4499341249465942,0.9696653485298157,1.645524024963379,0.38167867064476013,0.8607904314994812,0.9064063429832458,1.0158361196517944,0.9705268144607544,0.969219982624054,1.098413348197937,0.47803544998168945
YNL232W,val,True,True,0.9582125544548035,0.6828678786754608,0.39777281880378723,1.1589415073394775,0.9120388627052307,0.2185496687889099,0.7270365357398987,0.8479063868522644,1.14938223361969,1.0580734014511108,0.5776874423027039,0.4822334051132202,0.9721554517745972
YNL233W,val,False,True,0.4551020860671997,0.12983996123075486,-0.11452391743659973,0.00969807431101799,0.4368239641189575,0.29911503195762634,0.01808665320277214,0.1930278643965721,0.05275978893041611,0.17936107516288757,0.675944447517395,0.12904612720012665,-0.07197211682796478
YNL234W,val,True,True,-0.15027391910552979,0.008323141932487487,-0.4890212416648865,-0.0059803202748298645,0.37150102853775024,0.057069770991802216,0.10804647207260132,0.2889445036649704,0.6217711567878723,-0.25708186626434326,0.3887518346309662,0.4455452561378479,0.24573613703250885
YNL235C,val,False,False,-1.9879891872406006,-1.627868127822876,-1.2245043516159058,-2.130979299545288,-1.7066051959991455,-1.2726107835769653,-1.8046410083770752,-1.7203048944473267,-1.5939217805862427,-1.9098341464996338,-1.8489670753479004,-1.3729498386383057,-1.8758516311645508
YNL236W,val,False,True,0.26611050963401794,0.3455158356577158,0.6216867566108704,0.27021509408950806,0.5126733183860779,0.026717843487858772,0.2962861657142639,0.41435082256793976,0.5506236553192139,0.27539971470832825,0.39157119393348694,-0.07303451001644135,0.9271940588951111
YNL237W,val,False,True,-0.008035257458686829,0.0747268758714199,0.14078348875045776,-0.15256908535957336,0.24610036611557007,0.15010502934455872,-0.01078541949391365,-0.02398463636636734,-0.06438746303319931,-0.2210603505373001,0.14400732517242432,0.10378478467464447,-0.08226747810840607
YNL238W,val,False,True,0.33610737323760986,0.26335431188344954,0.6205011010169983,-0.05821182578802109,0.21276919543743134,0.2751167118549347,0.26659637689590454,0.34395430237054825,0.47068318724632263,0.5875594019889832,0.27253788709640503,-0.041850052773952484,0.4308410882949829
YNL239W,val,True,True,0.2627109885215759,0.3208135612308979,0.5181185603141785,0.43703147768974304,0.0458800233900547,0.3141734004020691,0.2888643443584442,0.2859480857849121,0.4499780833721161,0.5571991801261902,0.0604056715965271,-0.14277663826942444,0.5049341320991516
YNL240C,val,True,True,0.2914676070213318,0.5499077022075654,0.4641662836074829,0.6126519441604614,0.8132629990577698,0.44588717818260193,0.4135701060295105,0.7676608741283417,0.8652579188346863,1.095258116722107,0.6654645204544067,0.2574591338634491,0.9548646807670593
YNL241C,val,True,True,1.3587135076522827,0.9586167991161346,0.9756157994270325,1.3824970722198486,1.2743858098983765,0.2202531397342682,0.9403321743011475,0.7610830783843994,0.49516937136650085,0.4836798310279846,1.3412184715270996,1.0618733167648315,0.42347440123558044
YNL242W,val,True,True,-0.09978364408016205,-0.023614580929279327,0.15503492951393127,0.2629964351654053,0.10079189389944077,-0.2532769739627838,-0.38361918926239014,-0.2103949960321188,-0.6465579271316528,0.11318118870258331,0.005426408722996712,-0.3640074133872986,-0.1600172370672226
YNL243W,val,True,True,0.7437047958374023,0.48013622164726255,0.6668592691421509,0.4009762108325958,0.6443433165550232,0.6003208756446838,0.08818143606185913,0.5371631860733033,0.5969893932342529,0.44272559881210327,0.7835712432861328,0.33495980501174927,0.5275698900222778
YNL244C,val,True,True,1.6833387613296509,0.9105119585990906,0.7236372828483582,1.233591079711914,0.7850754261016846,1.1340126991271973,0.6762433052062988,0.7574136853218079,1.0314970016479492,0.32883960008621216,0.8842675089836121,0.8944127559661865,0.6480515599250793
YNL245C,val,True,True,0.6006850600242615,0.6700043439865112,0.5592588782310486,0.6056733727455139,0.7801231741905212,0.9699406027793884,0.435025691986084,0.8964391946792603,0.5447193384170532,1.455047845840454,0.9046558737754822,0.6836236715316772,0.8941492438316345
YNL246W,val,True,True,0.766903281211853,0.5295506596565247,0.9117481708526611,0.31968262791633606,0.639687180519104,0.16484734416007996,0.6117879748344421,0.6719408631324768,0.8392224311828613,0.517878532409668,0.48228445649147034,0.26481953263282776,1.2554993629455566
YNL247W,val,True,True,0.48968783020973206,0.23689239621162414,0.22381240129470825,0.3910049796104431,0.1617279052734375,0.2543851137161255,0.15353158116340637,0.16984291970729828,0.41375941038131714,0.42586028575897217,-0.3462733030319214,0.19292321801185608,0.1629449874162674
YNL248C,val,True,True,0.5348115563392639,0.1012548789381981,-0.13906694948673248,0.1047302633523941,0.1489376723766327,-0.07461056858301163,0.46628397703170776,-0.11148776412010193,-0.4728970229625702,-0.1147165298461914,-0.13783103227615356,-0.4253559708595276,0.5933617353439331
YNL249C,val,True,True,-0.7182902693748474,0.017066368460655214,-0.19418156147003174,0.012807253748178482,0.10001052170991898,0.14038638770580292,0.026309240609407425,0.10058235824108124,-0.1297924816608429,-0.09484891593456268,0.13882943987846375,0.21061447262763977,0.37810927629470825
YNL250W,val,False,False,-0.3294534981250763,-1.482797133922577,-1.7121235132217407,-1.6056435108184814,-1.9893215894699097,-0.4807214140892029,-1.6261756420135498,-1.4251370787620545,-1.3514291048049927,-1.8490217924118042,-1.9287644624710083,-0.9418650269508362,-1.0546050071716309
YNL251C,val,True,True,1.0345081090927124,0.5764216005802154,0.44608432054519653,0.7761935591697693,0.3081875443458557,0.9078918099403381,0.4437507688999176,0.40177676230669024,-0.058601461350917816,0.6834442019462585,0.29053017497062683,0.6553330421447754,0.43817785382270813
YNL252C,val,False,True,0.42497923970222473,0.4267129242420197,0.38944149017333984,0.4183846712112427,0.670150101184845,0.3734651803970337,0.2821231782436371,0.7009879946708679,0.5797199010848999,0.6115322113037109,0.8638086318969727,0.5313911437988281,0.918488085269928
YNL253W,val,True,True,-0.32477042078971863,0.6930204927921295,0.9682198166847229,0.5996821522712708,1.081254482269287,0.2616722285747528,0.554273784160614,0.6908778965473175,1.1946178674697876,0.7350265979766846,0.36134859919548035,0.2664860486984253,0.8969103693962097
YNL254C,val,True,True,0.5609113574028015,0.08195753991603852,0.19869932532310486,-0.28285926580429077,0.1976204663515091,0.21668043732643127,0.07964673638343811,0.05024856962263584,-0.17609068751335144,0.4034857153892517,-0.02885556034743786,0.14743509888648987,-0.09473171830177307
YNL255C,val,True,True,1.4108281135559082,0.642335045337677,0.6122829914093018,0.9915263056755066,0.602590024471283,0.432109534740448,0.5731663703918457,0.6848504722118378,0.7239269018173218,0.9939314126968384,0.6752289533615112,0.3691188395023346,0.6620462536811829
YNL256W,val,True,True,0.297267347574234,0.2587295137345791,-0.16032373905181885,0.49309247732162476,0.5469215512275696,0.45010361075401306,-0.03614633157849312,0.32182765007019043,-0.19499999284744263,0.34671247005462646,0.5694647431373596,0.4062783122062683,0.4816827178001404
YNL257C,val,True,True,0.11426178365945816,0.3721920967102051,0.30669814348220825,0.689708948135376,0.7161521315574646,0.21463531255722046,-0.0662340521812439,0.6515963435173034,0.26774775981903076,0.9908322095870972,0.5562260746955872,0.7302190065383911,0.7129566669464111
YNL258C,val,True,True,0.13815775513648987,0.37144931554794314,0.6917486786842346,0.44803866744041443,0.42172443866729736,0.07808321714401245,0.2176515758037567,0.32105325162410736,0.42936083674430847,0.4662782549858093,0.37889593839645386,-0.21031706035137177,0.5410482883453369
YNL259C,val,False,True,0.9542680382728577,0.023985906317830086,0.3083176016807556,0.2253786027431488,0.11449433863162994,-0.03099704347550869,-0.49726396799087524,0.25810151658952235,0.1851578652858734,0.35908231139183044,0.5048403739929199,0.0038270186632871628,0.23760001361370087
YNL260C,val,True,True,0.855761706829071,-0.18178711757063865,-0.15829497575759888,-0.7496452927589417,0.20017558336257935,-0.1903834491968155,-0.01078745350241661,-0.6743113599717617,-1.2454947233200073,-1.3455308675765991,-0.4343346357345581,-0.30319446325302124,-0.043002109974622726
YNL261W,val,True,True,0.053039371967315674,0.37623207569122313,0.35370054841041565,0.29183024168014526,0.5454084873199463,0.2846269905567169,0.4055941104888916,0.3964679539203644,0.2991252839565277,0.5243615508079529,0.1541041135787964,0.4061257243156433,0.5986230969429016
YNL262W,val,True,True,-0.06449896842241287,-0.07754502967000007,-0.9401552081108093,-0.40507543087005615,0.6732290387153625,0.2527308166027069,0.03154563531279564,0.07275259047746659,0.037070132791996,-0.4360339641571045,0.16119445860385895,0.1882167011499405,0.41331562399864197
YNL263C,val,True,True,0.725125789642334,0.18754149749875068,0.04376771301031113,-0.017231255769729614,0.4326477348804474,0.4318891167640686,0.04663417860865593,0.2733632355928421,0.31613966822624207,0.21542876958847046,0.35044485330581665,0.05214022099971771,0.4326626658439636
YNL264C,val,True,True,0.1310872733592987,0.023489132523536682,-0.1757705807685852,0.24093809723854065,-0.37101033329963684,0.12809528410434723,0.2951931953430176,0.09439203031361103,0.4504062533378601,0.45558881759643555,-0.5024347901344299,-0.027557021006941795,0.09595689177513123
YNL265C,val,True,True,0.16846270859241486,-0.05321399047970772,-0.4370400011539459,0.18414384126663208,0.13317124545574188,-0.13463377952575684,-0.011711258441209793,0.13017367348074912,0.1620783805847168,0.12128239870071411,0.20715200901031494,0.12009533494710922,0.04026024416089058
YNL266W,val,False,False,-1.407678246498108,-1.7469468593597413,-1.3205944299697876,-2.143770933151245,-1.9446051120758057,-1.6661003828048706,-1.659663438796997,-1.6005577325820923,-1.1539424657821655,-1.9952776432037354,-1.5221998691558838,-1.9199036359786987,-1.411465048789978
YNL267W,val,True,True,0.40016523003578186,0.25492554903030396,0.31693804264068604,-0.06732003390789032,0.49513596296310425,0.1236996203660965,0.4061741530895233,0.33066146671772,0.19172686338424683,0.16766823828220367,0.3682919442653656,0.2205154001712799,0.7051048874855042
YNL268W,val,False,True,0.5060931444168091,1.0302524447441102,1.060538411140442,1.8137974739074707,0.792560875415802,0.6411313414573669,0.843234121799469,1.0770435690879823,1.4580299854278564,1.1624358892440796,0.8520987033843994,0.9147703647613525,0.9978829026222229
YNL269W,val,False,False,-1.7509758472442627,-1.0729386389255524,-0.2789885699748993,-1.7460083961486816,-1.1560392379760742,-1.3761484622955322,-0.8075085282325745,-1.220547878742218,-0.5552955865859985,-1.9135019779205322,-1.444902777671814,-1.6700875759124756,-0.5189514756202698
YNL270C,val,True,True,-0.9911469221115112,0.1404664158821106,0.6032060980796814,0.24311530590057373,-0.9310737252235413,0.421620637178421,0.3654637634754181,0.16601994037628173,0.16327819228172302,0.6809350848197937,-0.37804144620895386,-0.14547321200370789,0.5094010829925537
YNL271C,val,True,True,0.7224316000938416,0.20857371687889098,0.2831496596336365,0.10930776596069336,0.49480384588241577,-0.1562533676624298,0.31186068058013916,-0.048440325260162356,-0.5091527700424194,0.2168387770652771,0.13392603397369385,-0.4143502712249756,0.3305366039276123
YNL272C,val,True,True,0.27734076976776123,0.20521997213363646,0.6610086560249329,-0.39953291416168213,0.1162162721157074,0.2512255907058716,0.39718225598335266,0.3290727734565735,0.38645151257514954,-0.1385725736618042,0.2549576759338379,0.6581448912620544,0.48438236117362976
YNL273W,val,True,True,-0.3935840129852295,0.07445128113031388,0.23253172636032104,-0.2132652997970581,0.17184434831142426,-0.05248510092496872,0.2336307317018509,-0.003297952562570572,0.24467018246650696,-0.4675193428993225,0.012322122231125832,-0.02245190553367138,0.21648918092250824
YNL274C,val,True,True,-0.48088008165359497,-0.1284414440393448,-0.35289162397384644,-0.3072730600833893,0.2752538323402405,0.040699347853660583,-0.2979957163333893,0.1628035694360733,-0.20155131816864014,0.13357508182525635,0.25762081146240234,0.38268715143203735,0.2416861206293106
YNL275W,val,True,True,-0.4516962170600891,0.2541505217552185,0.21074384450912476,0.43747174739837646,0.3695521056652069,-0.0431692898273468,0.2961542010307312,0.312400958314538,0.342212051153183,0.6561470031738281,0.2205791175365448,0.027959154918789864,0.31510746479034424
YNL276C,val,False,False,-0.6934682130813599,-1.6590434789657593,-1.063007116317749,-2.093390464782715,-1.8811068534851074,-1.560296654701233,-1.6974163055419922,-1.6216259241104125,-0.9639722108840942,-1.7960659265518188,-1.738905668258667,-1.6596027612686157,-1.9495830535888672
YNL277W,val,True,True,-0.6473166942596436,0.16062141321599482,0.15310901403427124,0.6087302565574646,0.12057536840438843,-0.01134573109447956,-0.06796184182167053,0.2299931537359953,-0.0051336586475372314,0.5770183205604553,0.6120399236679077,-0.023211857303977013,-0.01074695959687233
YNL277W-A,val,False,True,-1.4548627138137817,-1.0694057106971742,-1.0636096000671387,-0.5365229249000549,-2.2535407543182373,-0.8166998624801636,-0.6766554117202759,-0.8440772041678428,-1.1650923490524292,-0.0706561729311943,-1.7273972034454346,-0.8278331756591797,-0.42940711975097656
YNL278W,val,True,True,0.7771170139312744,0.83682781457901,0.7660553455352783,1.0859375,0.8137748837471008,0.809258222579956,0.7091131210327148,0.7696994543075562,0.9532060027122498,0.49030065536499023,0.685087263584137,0.5981366634368896,1.1217666864395142
YNL279W,val,False,True,-0.6630777716636658,-0.8788142949342728,-1.8091803789138794,-1.8299388885498047,-0.33961614966392517,-0.3108760118484497,-0.10446004569530487,-1.05225270986557,-0.7178372144699097,-1.4069526195526123,-1.5155905485153198,-0.8210659623146057,-0.7998172044754028
YNL280C,val,True,True,0.12458529323339462,-0.14176060855388642,0.131300687789917,-0.8396645188331604,0.41645151376724243,-0.20214366912841797,-0.21474705636501312,0.12327442467212676,-0.08177520334720612,0.004037622362375259,0.36128702759742737,0.3677627444267273,-0.03494006767868996
YNL281W,val,False,True,1.0885035991668701,0.6008955955505371,0.19314810633659363,0.7450515627861023,0.8390803933143616,0.7731451988220215,0.45405271649360657,0.730136775970459,0.3902238607406616,0.7031128406524658,0.8180949687957764,0.6810556650161743,1.0581965446472168
YNL282W,val,True,True,0.27146589756011963,0.8485246539115906,0.6025345921516418,1.071455478668213,1.1096575260162354,0.7398767471313477,0.7190989255905151,0.9925207257270813,1.1621665954589844,0.688119649887085,1.0723991394042969,1.1272039413452148,0.9127143025398254
YNL283C,val,True,True,0.7707639932632446,0.6750750333070755,0.8115727305412292,0.9810321927070618,0.7286904454231262,0.20403476059436798,0.6500450372695923,0.8425510048866272,1.0646220445632935,0.9235086441040039,0.8083707094192505,0.5120437145233154,0.9042099118232727
YNL284C,val,True,True,0.505595326423645,0.366285240650177,0.06459346413612366,0.3101026117801666,0.2831420600414276,0.836692750453949,0.33689531683921814,0.4748901963233948,0.19207820296287537,0.6556256413459778,0.4247896373271942,0.7391000986099243,0.3628574013710022
YNL285W,val,False,False,-1.8435794115066528,-1.4741574048995971,-1.3736859560012817,-2.02817440032959,-1.6377744674682617,-1.1461344957351685,-1.185017704963684,-1.293912649154663,-1.1266849040985107,-2.0760345458984375,-0.8733521699905396,-1.2238065004348755,-1.1696851253509521
YNL286W,val,True,False,0.5810152292251587,-0.8320992410182952,-0.8478716015815735,-0.996577799320221,-0.7187203764915466,-0.3818782866001129,-1.2154481410980225,-0.8519840478897095,-1.56574285030365,-0.6174331903457642,-0.7549557685852051,-0.33772486448287964,-0.9840635657310486
YNL287W,val,False,True,0.6013215184211731,0.8636836647987366,0.962562620639801,0.9498852491378784,0.7923426032066345,0.8423358798027039,0.771291971206665,0.6639975786209107,0.8096728920936584,0.6799024343490601,0.46607208251953125,0.5396008491516113,0.8247396349906921
YNL288W,val,True,True,0.9483311176300049,-0.08767437040805817,0.7491409182548523,0.16208603978157043,-0.0900251716375351,-0.34108293056488037,-0.9184907078742981,-0.3500166926532984,-0.45373761653900146,-0.3307003378868103,0.017475111410021782,-0.08951842784881592,-0.893602192401886
YNL289W,val,True,True,1.0956758260726929,0.9378419905900955,0.6351551413536072,1.580357551574707,0.22804893553256989,1.5613502264022827,0.6842980980873108,0.5330522328615188,0.4644630551338196,0.9257335662841797,0.13673906028270721,0.6575945615768433,0.48073092103004456
YNL290W,val,True,True,0.7993960380554199,0.0691816508769989,0.12560150027275085,-0.014156214892864227,-0.08456086367368698,0.1703965961933136,0.14862723648548126,-0.04518608599901199,0.016011230647563934,-0.132550448179245,-0.14889435470104218,-0.18355083465576172,0.223053976893425
YNL291C,val,True,True,0.0962563306093216,-0.155578376352787,0.003946073353290558,-0.2919069230556488,0.10269738733768463,-0.4081796705722809,-0.1844487488269806,-0.17597362995147706,-0.39534664154052734,0.15537284314632416,0.12215356528759003,-0.371844083070755,-0.3902038335800171
YNL292W,val,True,True,0.6294136047363281,-0.07641176581382751,0.18514734506607056,-0.699007511138916,0.18305161595344543,0.17011170089244843,-0.22136197984218597,0.0893052190542221,0.3185901939868927,-0.46414119005203247,0.1201629638671875,0.2670368552207947,0.20487727224826813
YNL293W,val,True,True,-0.08646665513515472,0.31236936450004577,0.39778652787208557,0.017083600163459778,0.7495831847190857,0.11899687349796295,0.2783966362476349,0.15956665500998496,0.1371684968471527,0.5004948377609253,0.2994372248649597,-0.1709047257900238,0.031637441366910934
YNL294C,val,False,True,0.4924442768096924,0.07188729494810105,-0.0790460854768753,-0.029379550367593765,0.737989604473114,-0.2517860531806946,-0.018341440707445145,-0.04156718775629997,-0.12876160442829132,0.15690110623836517,-0.23421072959899902,-0.03178488463163376,0.030020173639059067
YNL295W,val,True,True,0.16614027321338654,0.5166606664657593,0.3600378632545471,0.7025842070579529,0.6327267289161682,0.4832087755203247,0.40474575757980347,0.5519203662872314,0.22098499536514282,0.5204243063926697,0.5070220828056335,0.34460383653640747,1.1665666103363037
YNL296W,val,False,False,-1.8294188976287842,-1.179297524690628,-0.6957225203514099,-1.794548749923706,-1.657960057258606,-0.4659455716609955,-1.2823107242584229,-1.5126566886901855,-1.6298342943191528,-1.796274185180664,-1.1676619052886963,-1.4951155185699463,-1.4743975400924683
YNL297C,val,True,True,-0.038593001663684845,0.7071978271007537,0.6184249520301819,0.979498565196991,0.912241518497467,0.6446126103401184,0.3812114894390106,0.8706175208091735,0.9788147211074829,0.6888872385025024,0.7633697986602783,0.6152841448783875,1.3067317008972168
YNL298W,val,True,True,0.6691523194313049,0.9019487977027894,0.34087562561035156,1.5168235301971436,1.4489316940307617,0.6495136618614197,0.55359947681427,0.9433424830436706,0.5910313129425049,0.8858232498168945,1.3859074115753174,1.113293170928955,0.7406572699546814
YNL299W,val,True,True,0.20887552201747894,0.4277958571910858,0.5374082922935486,0.23435017466545105,0.3410505950450897,0.7679060101509094,0.2582642138004303,0.3003122925758362,0.3081836402416229,0.21867835521697998,0.035587042570114136,0.48778846859931946,0.4513239562511444
YNL300W,val,True,True,2.404932975769043,0.058095406740903854,-0.3119724988937378,0.27073851227760315,0.4399816393852234,-0.10592792928218842,-0.0023426897823810577,-0.29094220548868177,-0.07876322418451309,-0.15105268359184265,-0.257746160030365,-0.6261816024780273,-0.3409673571586609
YNL301C,val,True,True,0.8003262281417847,1.1275210738182069,1.1876431703567505,0.9551704525947571,1.396580457687378,0.9438467025756836,1.1543645858764648,0.7223371267318726,0.6364763379096985,0.4127877354621887,0.8288507461547852,0.37328267097473145,1.360288143157959
YNL302C,val,True,True,1.3683531284332275,1.826412844657898,1.4508823156356812,1.996574878692627,2.1331369876861572,2.022839069366455,1.5286309719085693,1.0968944728374481,0.3544887602329254,1.3475984334945679,1.6070162057876587,1.2653114795684814,0.9100574851036072
YNL303W,val,False,False,-1.7252048254013062,-1.7821547746658326,-2.168902635574341,-1.8862919807434082,-1.8476181030273438,-1.1976040601730347,-1.8103570938110352,-1.7259339332580566,-2.177687883377075,-1.6323403120040894,-1.5369952917099,-1.606866478919983,-1.6757797002792358
YNL304W,val,True,True,-0.15835818648338318,0.42741243839263915,0.5244399309158325,0.6571318507194519,0.6505877375602722,-0.0934801697731018,0.39838284254074097,0.5146097481250763,0.9079387187957764,0.37740594148635864,0.7258024215698242,0.07735419273376465,0.4845474660396576
YNL305C,val,True,True,0.440973699092865,0.4802817076444626,0.8644915223121643,0.5603325963020325,0.4038463830947876,0.5061379075050354,0.06660012900829315,0.5953262954950332,1.1443902254104614,0.675962507724762,0.6915611624717712,0.36514812707901,0.09956945478916168
YNL306W,val,True,True,1.0235309600830078,0.7777126133441925,0.7984890341758728,0.9696139693260193,0.7309985756874084,0.3528183400630951,1.036643147468567,0.509616705775261,0.7959305644035339,0.7484814524650574,0.37801530957221985,0.09974987804889679,0.5259063243865967
YNL307C,val,True,True,0.5912617444992065,0.4598208241164684,0.4450364112854004,0.6508502960205078,-0.02531507983803749,0.3612552285194397,0.8672772645950317,0.21119586527347564,0.252326101064682,0.25943535566329956,-0.11459340900182724,0.0707622841000557,0.5880489945411682
YNL308C,val,True,True,1.495379090309143,0.6770621955394744,0.8968769907951355,0.43689095973968506,1.2254925966262817,0.5434761047363281,0.282574325799942,0.9418913006782532,0.9167365431785583,0.8592017889022827,1.1086993217468262,0.8911897540092468,0.9336290955543518
YNL309W,val,True,True,0.9561380743980408,-0.11909163594245911,-0.29719269275665283,-0.48207002878189087,0.35493654012680054,-0.23402708768844604,0.06289508938789368,0.2375685155391693,-0.1314237415790558,0.29822224378585815,0.3928004205226898,0.03782424330711365,0.5904194116592407
YNL310C,val,True,True,1.0197200775146484,0.07735335901379585,-0.0077911242842674255,0.08087383210659027,0.21759366989135742,0.15423652529716492,-0.05814610794186592,0.06990858092904091,-0.23513486981391907,-0.01943882927298546,0.20736293494701385,0.12434050440788269,0.2724131643772125
YNL311C,val,True,True,0.39776426553726196,0.7693889737129211,0.6672050356864929,0.884444534778595,0.9591589570045471,0.7013444900512695,0.6347918510437012,0.4006861761212349,0.029278464615345,0.6396012902259827,0.45111313462257385,0.2500297427177429,0.63340824842453
YNL312W,val,True,True,0.29177722334861755,0.008870469033718109,0.10069457441568375,-0.1582765132188797,0.1638452261686325,-0.19587403535842896,0.13396309316158295,0.08888884037733077,0.02965710312128067,-0.20799806714057922,0.07233388721942902,-0.09536194801330566,0.6458132266998291
YNL313C,val,True,True,0.5700181126594543,0.07398680038750172,-0.31066495180130005,0.3032360076904297,0.32149940729141235,0.01781395636498928,0.03804958239197731,0.24277226626873016,0.15160369873046875,0.26290613412857056,0.32478660345077515,0.24399814009666443,0.23056675493717194
YNL314W,val,False,True,0.1441822052001953,0.3148876458406448,0.6557665467262268,-0.07182419300079346,0.4835955500602722,0.3211764097213745,0.1857239156961441,0.436629718542099,0.9294893741607666,0.2930358946323395,0.3740467429161072,0.16686570644378662,0.4197108745574951
YNL315C,val,False,True,-0.011071300134062767,0.43019654750823977,0.5527823567390442,0.19557178020477295,0.69391930103302,0.6384657621383667,0.07024353742599487,0.2784756898880005,0.3931190073490143,-0.10504940152168274,0.3364383280277252,0.43353867530822754,0.33433184027671814
YNL316C,val,False,True,0.2268999069929123,0.3534504443407059,0.19594132900238037,0.1687992364168167,0.7582648396492004,0.25125688314437866,0.3929899334907532,0.5691340625286102,0.18836790323257446,0.5703812837600708,0.6817325949668884,0.26943239569664,1.1357561349868774
YNL317W,val,False,True,0.44729316234588623,-1.8489884376525878,-1.6629282236099243,-2.444074869155884,-2.246652841567993,-1.4987608194351196,-1.3925254344940186,-1.3971851110458373,-1.4062858819961548,-1.5949121713638306,-1.5947366952896118,-1.0842766761779785,-1.3057141304016113
YNL318C,val,True,True,-2.0581986904144287,-1.7822359800338745,-1.5226651430130005,-2.170701503753662,-2.067012071609497,-1.213122844696045,-1.937678337097168,-1.352241003513336,-1.6328505277633667,-1.5989508628845215,-1.5079193115234375,-0.513621985912323,-1.5078623294830322
YNL319W,val,False,False,-1.9463707208633423,-1.6951655387878417,-1.7768555879592896,-2.0234553813934326,-1.8207745552062988,-1.7355049848556519,-1.1192371845245361,-1.884403109550476,-1.670337438583374,-2.028083324432373,-1.9711588621139526,-2.040088176727295,-1.7123477458953857
YNL320W,val,True,True,-0.7730399370193481,0.20329419076442717,0.29137909412384033,0.09772875905036926,0.38713473081588745,-0.06591741740703583,0.3061457872390747,0.29740235656499864,0.1104503646492958,0.43772536516189575,0.1326456516981125,0.20703813433647156,0.5991522669792175
YNL321W,val,True,True,0.6215434670448303,1.0521543741226196,1.2671645879745483,1.0920934677124023,1.1111087799072266,0.9114904999732971,0.8789145350456238,1.040837788581848,1.1669148206710815,1.3185837268829346,1.0362401008605957,0.6500029563903809,1.032447338104248
YNL322C,val,True,True,1.0672651529312134,0.7289916396141052,0.7783914804458618,0.5525546669960022,0.8137787580490112,0.8840531706809998,0.6161801218986511,0.5517162084579468,0.6884808540344238,0.21464627981185913,0.6850605010986328,0.512459397315979,0.6579340100288391
YNL323W,val,True,False,0.28324663639068604,-0.9088246166706085,0.13774201273918152,-0.9878352284431458,-0.5798138976097107,-1.2613810300827026,-1.852834939956665,-0.9152406044304371,-0.04169914498925209,-0.13556629419326782,-0.6605156660079956,-1.8436086177825928,-1.8948132991790771
YNL324W,val,False,False,-1.9863955974578857,-1.7662474870681764,-1.1391854286193848,-1.9867641925811768,-2.1477131843566895,-1.8728867769241333,-1.684687852859497,-1.8551167011260987,-1.4947654008865356,-2.072690010070801,-1.9448816776275635,-2.022714138031006,-1.7405322790145874
YNL325C,val,True,False,-0.6301618218421936,-0.7187515527009964,-0.353079617023468,-1.2717938423156738,-0.6122488975524902,0.11804060637950897,-1.4746760129928589,-0.2868142858147621,-0.5775133371353149,-0.7667390704154968,-0.24680128693580627,0.06702200323343277,0.0899602621793747
YNL326C,val,True,True,-0.2399575263261795,-0.34730929136276245,-0.3712919354438782,-0.8046436309814453,-0.1758197695016861,-0.04015110433101654,-0.34464001655578613,-0.41446604281663896,-0.7673138976097107,-0.9136015772819519,-0.3394451141357422,0.07442153245210648,-0.12639115750789642
YNL327W,val,False,True,1.55058753490448,1.2762441158294677,1.767511010169983,1.338582992553711,1.0376155376434326,1.436928391456604,0.8005826473236084,1.2922341108322144,1.8710678815841675,0.9139446020126343,1.0463882684707642,1.1188099384307861,1.5109598636627197
YNL328C,val,True,True,0.5453493595123291,-0.828789108991623,-1.0093718767166138,-1.129775047302246,-1.103416085243225,-0.3651154935359955,-0.5362670421600342,-0.5538617461919785,-0.34995684027671814,-0.6612922549247742,-1.4279588460922241,-0.21567700803279877,-0.11442378163337708
YNL329C,val,True,True,-0.14529965817928314,0.03149682953953743,0.02033284306526184,-0.13597311079502106,0.22959980368614197,0.06545004993677139,-0.021925438195466995,-0.09564152508974075,-0.01704210788011551,-0.20449258387088776,-0.12651294469833374,-0.14425700902938843,0.014097020030021667
YNL330C,val,True,True,0.6466089487075806,0.26879800446331503,0.4536544680595398,0.2180405557155609,0.3880559206008911,0.027183378115296364,0.25705569982528687,0.32849307358264923,0.7606180310249329,0.29280731081962585,0.12987257540225983,0.10724425315856934,0.3519231975078583
YNL331C,val,True,False,-0.5127608776092529,-1.857290554046631,-2.2280852794647217,-1.844015121459961,-2.1623008251190186,-1.4078322649002075,-1.6442192792892456,-1.9343429803848267,-2.2271029949188232,-1.8873647451400757,-1.9120714664459229,-1.664940357208252,-1.9802353382110596
YNL332W,val,False,True,-1.9795371294021606,-1.3351966977119445,-1.2843701839447021,-1.990046739578247,-1.5203123092651367,-1.2344415187835693,-0.6468127369880676,-1.8160671710968017,-1.9859246015548706,-1.7701258659362793,-1.9907687902450562,-1.770294427871704,-1.5632221698760986
YNL333W,val,True,True,-0.8009934425354004,-0.19200949668884276,0.19858163595199585,-0.36202186346054077,-0.13679403066635132,-0.30348730087280273,-0.3563259243965149,-0.3266560986638069,0.08918286114931107,-0.3896390497684479,-0.6070208549499512,-0.5252960324287415,-0.20050741732120514
YNL334C,val,False,True,-1.0648350715637207,-0.8207072012126446,-1.425221562385559,-0.729671061038971,-0.0101085864007473,-0.816127359867096,-1.1224074363708496,-0.8926493048667907,-1.4761215448379517,-0.4542762041091919,-0.6210986375808716,-1.0782043933868408,-0.8335457444190979
YNL335W,val,False,True,-2.044090509414673,-0.8880371630191803,-1.2382184267044067,-1.6811575889587402,-0.8400906920433044,-0.5199666023254395,-0.16075250506401062,-1.3583598971366881,-1.0383347272872925,-1.889708399772644,-1.7233223915100098,-1.3569527864456177,-0.7834811806678772
YNL336W,val,True,True,-0.9448878169059753,-1.0500639259815217,-1.4810675382614136,-1.1316659450531006,-0.4357468783855438,-0.7564173340797424,-1.4454219341278076,-1.3292800426483153,-1.2146782875061035,-1.0784701108932495,-1.4994196891784668,-1.4240002632141113,-1.429831862449646
YNL337W,val,False,False,-2.088510751724243,-2.1832273483276365,-2.2330033779144287,-2.267241954803467,-2.255469799041748,-2.0379977226257324,-2.1224238872528076,-2.158645248413086,-2.2052862644195557,-2.024993658065796,-2.189636468887329,-2.2300004959106445,-2.1433093547821045
YNL338W,val,False,False,-0.7456964254379272,-1.3829447865486144,-0.6358872056007385,-1.874943494796753,-1.7145936489105225,-1.0848667621612549,-1.6044328212738037,-1.314166522026062,-1.0228655338287354,-1.6665152311325073,-0.9778734445571899,-1.4687427282333374,-1.43483567237854
YNL339C,val,False,True,-2.088510751724243,-1.716124176979065,-1.9031978845596313,-1.8480300903320312,-1.8749213218688965,-1.9000587463378906,-1.054412841796875,-1.6391670465469361,-1.74217689037323,-1.8902298212051392,-1.9774925708770752,-1.2984533309936523,-1.2874826192855835
YNL339W-A,val,False,False,-2.088510751724243,-2.112434959411621,-2.1742260456085205,-2.194647789001465,-2.236009359359741,-1.9029152393341064,-2.0543763637542725,-2.2191567420959473,-2.243046760559082,-2.2194008827209473,-2.2187492847442627,-2.2136244773864746,-2.2009623050689697
YNL339W-B,val,False,False,-2.088510751724243,-2.157426905632019,-2.20593523979187,-2.1735386848449707,-2.2542836666107178,-1.9938246011734009,-2.1595523357391357,-2.163981056213379,-2.1635711193084717,-2.1580655574798584,-2.2001140117645264,-2.2048661708831787,-2.0932884216308594
YNR001C,val,True,True,0.647967517375946,0.2398659184575081,0.10529275983572006,0.1202482283115387,0.756149172782898,-0.20400096476078033,0.42164039611816406,0.4617766946554184,0.1324501931667328,0.6141281723976135,0.5553105473518372,0.23011936247348785,0.7768751978874207
YNR001W-A,val,False,False,-1.870608925819397,-1.9193809509277344,-2.0532987117767334,-1.5589330196380615,-2.202770948410034,-1.7450084686279297,-2.036893606185913,-2.0115040063858034,-1.9190269708633423,-1.713726282119751,-2.2555227279663086,-2.0266530513763428,-2.1425909996032715
YNR002C,val,False,True,-0.9419748187065125,-0.5764584049582482,-1.1627097129821777,-0.05601748079061508,-0.7657033801078796,-0.1976938545703888,-0.7001675963401794,0.1436166349798441,0.0810689628124237,0.2469913363456726,0.12248705327510834,0.0005797017365694046,0.2669561207294464
YNR003C,val,True,True,0.14285893738269806,0.23940306454896926,0.4435429573059082,0.03240098059177399,0.32787075638771057,0.10776432603597641,0.2854363024234772,0.4154458656907082,0.5289604663848877,0.6120220422744751,0.2554370164871216,0.043264396488666534,0.6375454068183899
YNR003W-A,val,False,False,-1.883122205734253,-1.124491810798645,-0.43038350343704224,-1.6542282104492188,-1.8250333070755005,-0.3152526021003723,-1.3975614309310913,-1.086238145828247,-0.9968169331550598,-1.420546293258667,-1.6477036476135254,-0.3976168632507324,-0.9685069918632507
YNR004W,val,True,True,-0.6323053240776062,0.09872196689248085,0.18983474373817444,-0.3432807922363281,0.4953846335411072,0.1375495046377182,0.01412174478173256,0.1792854331433773,0.23454216122627258,0.051124539226293564,0.34652191400527954,0.18194803595542908,0.08229051530361176
YNR005C,val,False,False,-2.088510751724243,-1.9487894296646118,-1.818985104560852,-2.061905860900879,-2.0916149616241455,-1.8167963027954102,-1.9546449184417725,-2.041527581214905,-1.9652303457260132,-2.0732760429382324,-2.1155316829681396,-2.0423192977905273,-2.0112805366516113
YNR006W,val,False,True,0.5662606954574585,0.35366879738867285,0.7351238131523132,0.5703169703483582,0.08053779602050781,-0.01545858196914196,0.3978239893913269,0.5526130378246308,0.8388073444366455,0.8834487795829773,0.2779370844364166,0.31048882007598877,0.4523831605911255
YNR007C,val,True,True,0.1722910851240158,0.21875181794166565,0.3713541030883789,0.17943201959133148,0.2319437712430954,0.1625869870185852,0.14844220876693726,0.1423987165093422,-0.10208351165056229,0.6170380711555481,-0.10380434989929199,-0.1124076098203659,0.41325098276138306
YNR008W,val,True,True,0.5476353764533997,-0.1735317438840866,-0.40031206607818604,0.03923565149307251,-0.12991271913051605,0.12961697578430176,-0.5062865614891052,-0.0632923573255539,-0.18028151988983154,0.13690277934074402,-0.1491299867630005,0.03284116089344025,-0.1567942202091217
YNR009W,val,True,True,1.092413306236267,0.6139771670103074,0.37082183361053467,0.5781547427177429,1.2155460119247437,0.20656470954418182,0.6987985372543335,0.6322886705398559,0.5606517195701599,0.5377095341682434,0.6696413159370422,0.4713464379310608,0.9220943450927734
YNR010W,val,True,True,0.1531772017478943,0.2123315379023552,0.5726351141929626,-0.06494730710983276,0.17875972390174866,0.05162089318037033,0.3235892653465271,0.23753505945205688,0.578111469745636,0.5186688303947449,0.31728267669677734,-0.14483053982257843,-0.08155713975429535
YNR011C,val,True,True,0.14159232378005981,0.6919735491275787,0.5448917746543884,0.3480242192745209,0.9812568426132202,0.9258973002433777,0.6597976088523865,0.531332965195179,0.11742077022790909,0.5722422003746033,0.7204586863517761,0.8528651595115662,0.3936780095100403
YNR012W,val,True,True,-0.09242703020572662,0.6775071382522583,0.5690510869026184,0.6330370306968689,0.594471275806427,0.9766160845756531,0.6143602132797241,0.8058341324329377,0.48521688580513,0.8771050572395325,0.5196511745452881,1.364107608795166,0.7830899357795715
YNR013C,val,False,True,0.5230391025543213,0.9853364586830139,1.060524344444275,0.8266106247901917,1.4773406982421875,0.686299741268158,0.8759068846702576,0.8614123582839965,1.1780353784561157,0.821806788444519,0.7720094919204712,0.9610835909843445,0.5741265416145325
YNR014W,val,True,True,0.5006635785102844,0.06852595508098602,0.9652443528175354,-0.1113189160823822,0.19624750316143036,-0.2681375741958618,-0.4394055902957916,0.07663760781288147,-0.2205686867237091,0.17618779838085175,0.24258100986480713,-0.0524878203868866,0.23747573792934418
YNR015W,val,True,True,0.41384971141815186,0.3205345213413239,0.3793186545372009,0.4096178114414215,0.20308978855609894,0.237526074051857,0.3731202781200409,0.3153913530986756,0.2027551233768463,0.6908763647079468,-0.0010374917183071375,0.3745766282081604,0.3097861409187317
YNR016C,val,True,True,0.743331253528595,0.9760298728942871,0.9181039929389954,0.750133216381073,1.9342658519744873,0.657018780708313,0.6206275224685669,0.8242604255676269,1.2706307172775269,0.8978775143623352,0.641762375831604,0.5316386818885803,0.7793928384780884
YNR017W,val,False,True,1.145825743675232,0.6773958265781402,-0.18668344616889954,0.9533336758613586,1.2237825393676758,0.8515263795852661,0.5450199842453003,0.4918950855731964,-0.32886382937431335,0.31645965576171875,0.7140085697174072,0.6464893817901611,1.1113816499710083
YNR018W,val,True,True,1.053863525390625,0.9728116691112518,0.8945140242576599,1.151975154876709,1.500236988067627,0.36957135796546936,0.947760820388794,1.1258339285850525,1.2125204801559448,0.7989055514335632,1.161710500717163,1.1687896251678467,1.2872434854507446
YNR019W,val,True,True,0.8125473856925964,0.8064172148704529,0.6733034253120422,0.6638472676277161,1.310395359992981,0.727300226688385,0.6572397947311401,0.8186054348945617,0.8152176737785339,0.3943254351615906,1.229468822479248,0.992400586605072,0.6616146564483643
YNR020C,val,False,True,0.6832398772239685,0.41543573439121245,0.5115669369697571,0.02076326310634613,0.6508188843727112,0.604243814945221,0.289785772562027,0.38967822045087813,0.09719745069742203,0.4599273204803467,0.8160417079925537,0.38088515400886536,0.19433946907520294
YNR021W,val,True,True,0.22206538915634155,0.6826288819313049,0.7398820519447327,0.5074219107627869,0.9196154475212097,0.7481118440628052,0.49811315536499023,0.49280050992965696,0.656636655330658,0.37694495916366577,0.7823265790939331,0.4585815966129303,0.18951275944709778
YNR022C,val,True,True,0.8763889074325562,0.19085011184215545,0.24976378679275513,0.2749311327934265,0.1629963517189026,0.15321630239486694,0.11334298551082611,0.34319917261600497,0.40767809748649597,0.3227199912071228,0.3706021308898926,0.1092301458120346,0.5057654976844788
YNR023W,val,False,True,0.48324573040008545,0.3035403091460466,0.16853246092796326,0.10132314264774323,0.7248210310935974,0.019496852532029152,0.5035280585289001,0.1565651286393404,0.4916061460971832,0.15462610125541687,0.193517804145813,0.013543272390961647,-0.07046768069267273
YNR024W,val,True,True,1.1504887342453003,0.3958259217441082,0.395116925239563,0.3953171968460083,0.3620832860469818,0.8189835548400879,0.007628645747900009,0.33396014720201495,-0.12014486640691757,0.7731544375419617,0.327299028635025,0.24618002772331238,0.4433121085166931
YNR025C,val,False,False,-0.8495836853981018,-1.4928561687469482,-0.6413065195083618,-2.025151491165161,-1.6229710578918457,-1.3468481302261353,-1.8280036449432373,-1.2557487726211547,-0.5348901748657227,-1.7630864381790161,-1.283550500869751,-1.5337616205215454,-1.1634551286697388
YNR026C,val,False,True,0.4278866648674011,0.3597108945250511,0.3116968274116516,0.3102782666683197,0.31042546033859253,0.7601830959320068,0.1059708222746849,0.42043048441410064,0.3784312903881073,0.30883848667144775,0.7387744188308716,0.44312912225723267,0.23297910392284393
YNR027W,val,True,True,0.24106691777706146,0.2839538902044296,0.3803878724575043,0.2532186508178711,0.30071496963500977,0.223166361451149,0.262281596660614,0.3554473578929901,0.21047785878181458,0.6291236877441406,0.19889616966247559,-0.27566808462142944,1.0144071578979492
YNR028W,val,True,True,1.0218532085418701,0.3184856168925762,-0.06053481996059418,0.7415400147438049,0.6123808026313782,0.29909199476242065,-4.990771412849426e-05,0.6561630547046662,1.003819227218628,0.9534367322921753,0.7256677150726318,0.5040772557258606,0.09381434321403503
YNR029C,val,True,True,0.42870786786079407,0.20498933345079423,0.46747419238090515,-0.05286812037229538,0.40869128704071045,0.28885290026664734,-0.08720359206199646,0.1779652014374733,-0.0989786833524704,0.22691309452056885,0.10028380155563354,0.10453122109174728,0.5570765733718872
YNR030W,val,True,True,0.037853650748729706,-0.29211867302656175,0.07236436754465103,-0.23413732647895813,-0.781295120716095,-0.15372911095619202,-0.3637961745262146,-0.2767485693097115,0.049955613911151886,0.10648234188556671,-0.3375369906425476,-0.7013200521469116,-0.5013237595558167
YNR031C,val,False,True,0.3707766532897949,0.4232779234647751,0.6500070691108704,0.27767014503479004,0.7042694687843323,0.1581072062253952,0.32633572816848755,0.5311473250389099,0.6173734068870544,0.2860873341560364,0.7698837518692017,0.2990441918373108,0.6833479404449463
YNR032C-A,val,True,True,0.5066646933555603,-0.06940054446458817,-0.11801937967538834,-0.13289669156074524,0.12761329114437103,-0.2951933443546295,0.07149340212345123,-0.017881066352128983,0.2069040834903717,-0.0741475522518158,-0.3398089110851288,0.14237503707408905,-0.024727988988161087
YNR032W,val,True,True,0.23875446617603302,0.2814891695976257,0.7633771300315857,0.21894392371177673,-0.2544035017490387,0.3391020894050598,0.3404262065887451,0.4740638017654419,0.6657677888870239,0.5367351770401001,0.6593577861785889,0.09585067629814148,0.4126075804233551
YNR033W,val,False,True,0.27789831161499023,-0.16257627606391906,-0.13573193550109863,-0.5294110774993896,0.0653432309627533,-0.07276296615600586,-0.1403186321258545,0.06358900815248489,0.08196959644556046,0.2948691248893738,0.05606062710285187,-0.2911834716796875,0.17622916400432587
YNR034W,val,True,True,-0.026530975475907326,0.9733408927917481,0.707362949848175,1.3538570404052734,1.3317302465438843,0.7722631096839905,0.701491117477417,0.6793025493621826,0.2025012969970703,0.8352468013763428,0.7404205203056335,0.8715004920959473,0.7468436360359192
YNR034W-A,val,True,True,-1.3688703775405884,-0.4770703285932541,-0.23606586456298828,-0.8280612230300903,-0.12886016070842743,-0.6227100491523743,-0.5696543455123901,-0.4564947605133057,-0.44448766112327576,-0.13226529955863953,-0.6176276803016663,-0.6505932807922363,-0.43749988079071045
YNR035C,val,True,True,0.6687772274017334,0.6289109945297241,0.8447573781013489,0.5067549347877502,0.7702062129974365,0.48090893030166626,0.5419275164604187,0.839866042137146,1.1258758306503296,0.6483725905418396,0.9809321165084839,0.6869114637374878,0.7572382092475891
YNR036C,val,True,True,1.3263071775436401,0.7149914026260376,0.2169516682624817,1.0465192794799805,0.661730170249939,0.9612347483634949,0.688521146774292,0.6604190468788147,0.5336917042732239,0.7230685353279114,0.5698559880256653,0.6278206706047058,0.8476583361625671
YNR037C,val,True,True,0.5998621582984924,1.102793550491333,1.044236183166504,1.1865930557250977,1.2892546653747559,1.2888092994689941,0.7050745487213135,1.1402398705482484,1.1270782947540283,1.4179675579071045,1.0106117725372314,0.9423089623451233,1.203232765197754
YNR038W,val,True,True,0.3232063353061676,1.0200509786605836,1.1891943216323853,1.035857915878296,1.2969863414764404,0.7524915933609009,0.825724720954895,0.9399733662605285,0.6935296654701233,1.2989578247070312,0.789507269859314,0.5070359706878662,1.410836100578308
YNR039C,val,True,True,0.36014682054519653,0.3763655960559845,0.3060854375362396,0.3135431706905365,0.3155863285064697,0.6793681979179382,0.2672448456287384,0.5122177064418793,0.30003276467323303,0.7155157327651978,0.5532504320144653,0.5347329378128052,0.45755666494369507
YNR040W,val,True,True,0.27781620621681213,0.21138013079762458,-0.15582068264484406,0.0005286522209644318,0.5755077004432678,0.3907935917377472,0.24589139223098755,0.12531000152230262,0.026062719523906708,0.04440009221434593,0.12009260058403015,-0.20330646634101868,0.639301061630249
YNR041C,val,False,True,0.23579561710357666,0.4439368098974228,0.631926417350769,0.019704416394233704,0.5670803785324097,0.6103206276893616,0.39065220952033997,0.415546590089798,0.5045472979545593,0.4076499938964844,0.21906504034996033,0.436156690120697,0.5103139281272888
YNR042W,val,False,False,-1.4372284412384033,-1.1450704634189606,-0.35314449667930603,-1.6823556423187256,-0.9975257515907288,-1.0293339490890503,-1.6629924774169922,-1.0199626088142395,-1.1833082437515259,-0.9665893316268921,-0.8463010787963867,-1.1420300006866455,-0.9615843892097473
YNR043W,val,True,True,0.6160674095153809,0.5548234224319458,0.6400212645530701,0.344857394695282,0.7614187598228455,0.7682947516441345,0.259524941444397,0.5627107441425323,0.39564111828804016,0.369880735874176,0.6980059146881104,0.717487096786499,0.6325388550758362
YNR044W,val,False,True,0.7268106341362,-0.7155026495456696,-0.694191038608551,-1.7190628051757812,-0.5720882415771484,0.1277344524860382,-0.7199056148529053,-0.6598962903022766,-0.9543954730033875,-1.041198492050171,0.06529635190963745,-0.3834131956100464,-0.9857706427574158
YNR045W,val,True,True,0.3874723017215729,0.36054227948188783,0.29579198360443115,0.28801730275154114,0.5070713758468628,0.5166628956794739,0.19516783952713013,0.43557879626750945,0.41122516989707947,0.7065125703811646,0.20143115520477295,0.7640461325645447,0.09467895328998566
YNR046W,val,True,True,1.200277328491211,0.5909209847450256,0.8862375617027283,0.48137587308883667,0.649061381816864,0.60759037733078,0.3303397297859192,0.5760051369667053,0.557186484336853,0.6497873663902283,0.9691358804702759,0.20711231231689453,0.4968036413192749
YNR047W,val,True,True,0.5305339694023132,0.48656835556030276,0.3694685995578766,0.7371020317077637,0.40995025634765625,0.606082558631897,0.3102383315563202,0.7663319110870361,0.6414852142333984,0.7661520838737488,0.7606737613677979,0.900158703327179,0.7631897926330566
YNR048W,val,True,True,-0.14708782732486725,0.5090779185295105,0.5392422676086426,0.052991658449172974,0.9268484711647034,0.7256751656532288,0.3006320297718048,0.477006334066391,0.6466568112373352,0.4316714107990265,0.23072439432144165,0.5478406548500061,0.5281383991241455
YNR049C,val,True,True,0.7317106127738953,0.34831127524375916,0.31999242305755615,0.18002255260944366,0.5398022532463074,0.45536673069000244,0.24637241661548615,0.6017861485481262,0.5457892417907715,0.6900319457054138,0.27369099855422974,0.6233359575271606,0.8760825991630554
YNR050C,val,True,True,-0.18461166322231293,0.0686954028904438,0.03710239380598068,0.06902848184108734,0.053481828421354294,0.27892714738845825,-0.09506283700466156,-0.03291353285312652,0.2667900323867798,-0.07843448221683502,-0.10337269306182861,-0.0381595641374588,-0.21139095723628998
YNR051C,val,False,True,1.2190274000167847,0.6300832867622376,0.6924838423728943,0.41310515999794006,1.208129644393921,0.43863818049430847,0.398059606552124,0.6083514273166657,0.7017415165901184,0.66075599193573,0.7751357555389404,0.21247300505638123,0.6916508674621582
YNR052C,val,True,True,1.2197984457015991,0.7859751105308532,0.8304902911186218,0.7761510014533997,0.9256055951118469,0.7264002561569214,0.6712284088134766,0.9059189796447754,0.9644564986228943,0.774105429649353,0.8379404544830322,0.6640188097953796,1.2890737056732178
YNR053C,val,True,True,1.2546136379241943,0.6514053523540497,0.44784361124038696,0.49568337202072144,0.9949114918708801,0.48788657784461975,0.8307017087936401,0.4287841558456421,0.12917426228523254,0.48305195569992065,0.3917127251625061,0.26245763897895813,0.877524197101593
YNR054C,val,True,True,1.12812077999115,0.4215943992137909,0.48466259241104126,-0.07366383075714111,0.8528043627738953,0.4411087930202484,0.40306007862091064,0.5306000232696533,0.7347919940948486,0.22442087531089783,0.35630884766578674,0.5493313074111938,0.7881470918655396
YNR055C,val,True,True,0.04744011536240578,-0.3711077820509672,-1.4057313203811646,0.03122321516275406,0.1528678983449936,-0.01577344350516796,-0.6181252598762512,-0.5148882925510406,-0.8904532194137573,-0.8383982181549072,-0.3424927890300751,-0.18634256720542908,-0.31675466895103455
YNR056C,val,True,False,-1.9906121492385864,-0.8092768251895904,0.17417719960212708,-1.7308332920074463,-0.8628119230270386,-0.7187679409980774,-0.9081481695175171,-0.6434080392122269,-0.18381807208061218,-1.207077980041504,-1.5449786186218262,0.12616445124149323,-0.4073299765586853
YNR057C,val,True,True,-1.075802206993103,-0.7293343350291253,0.09418802708387375,-1.524332046508789,-1.2931137084960938,-0.0978049784898758,-0.8256089687347412,-0.2758851140737534,0.1429804563522339,-0.4518485963344574,-1.4690123796463013,-0.04647238552570343,0.4449273347854614
YNR058W,val,True,True,-1.231744647026062,-0.7432422429323197,-0.12262614071369171,-0.5512772798538208,-1.7276782989501953,-0.3017217516899109,-1.0129077434539795,-0.5036095529794693,0.30644404888153076,0.14421451091766357,-2.161344289779663,-0.6445109844207764,-0.16285105049610138
YNR059W,val,True,True,-0.6543464660644531,0.4222730457782745,0.1418609917163849,0.5661163926124573,0.5651037096977234,0.3442283272743225,0.4940558075904846,0.5539503812789917,0.43446922302246094,0.8961937427520752,0.3502623736858368,0.336926132440567,0.7519004344940186
YNR060W,val,False,True,-1.1544252634048462,0.7849791347980499,1.0822460651397705,0.8444328904151917,0.8999963402748108,0.4644683301448822,0.6337520480155945,0.6242569386959076,0.7832627892494202,1.3130176067352295,0.35240158438682556,0.1165086030960083,0.5560941100120544
YNR061C,val,True,True,-0.15279217064380646,0.3113672912120819,0.3758409321308136,-0.1317613422870636,0.5929156541824341,0.38569116592407227,0.3341500461101532,0.26874315589666364,0.24581730365753174,0.1761571764945984,0.6510703563690186,0.07905689626932144,0.1916140466928482
YNR062C,val,False,False,-1.8294707536697388,-2.025353717803955,-1.8447459936141968,-2.1184000968933105,-2.092740535736084,-1.9949504137039185,-2.0759315490722656,-2.0952454566955567,-2.1220805644989014,-1.8400843143463135,-2.2710485458374023,-2.135896682739258,-2.107117176055908
YNR063W,val,True,False,-0.2987056374549866,-0.6887664094567298,-0.14813631772994995,-1.6646685600280762,0.07390158623456955,-1.0182573795318604,-0.6866713762283325,-0.5614381223917008,-0.192283034324646,-1.1778794527053833,-0.3330336809158325,-0.8826181888580322,-0.22137625515460968
YNR064C,val,True,True,-1.567745327949524,-0.5156338930130004,-1.2128711938858032,-0.5848037004470825,-0.2932237684726715,-0.32884982228279114,-0.15842097997665405,-0.8892600387334824,-1.689687967300415,-0.790421724319458,-0.49326014518737793,-1.2935152053833008,-0.17941515147686005
YNR065C,val,True,False,-0.4220243990421295,-0.273571053147316,-0.08169664442539215,-1.1623108386993408,0.28748008608818054,0.335641473531723,-0.7469693422317505,0.048695150017738345,0.1566489338874817,-0.7058250904083252,0.31080764532089233,0.6584059000015259,-0.176561638712883
YNR066C,val,True,True,-0.42241138219833374,-0.1350310780107975,0.07386883348226547,-0.2611960768699646,-0.9028682112693787,0.44406089186668396,-0.029020827263593674,0.39338562190532683,0.19237399101257324,0.6662777066230774,-0.05009777843952179,0.37442201375961304,0.7839521765708923
YNR067C,val,True,True,0.9822881817817688,0.12703035324811934,0.053679607808589935,0.921904981136322,-0.5598027110099792,-0.24601829051971436,0.4653881788253784,0.07368120402097703,0.5032660365104675,0.3182049095630646,0.08634460717439651,-0.7159607410430908,0.1765512079000473
YNR068C,val,False,False,-0.5785498023033142,-1.7016477823257445,-2.0872058868408203,-2.1089603900909424,-1.597168207168579,-1.105527639389038,-1.6093767881393433,-1.7650522232055663,-2.0654144287109375,-1.855938196182251,-2.1215434074401855,-1.5867054462432861,-1.1956596374511719
YNR069C,val,False,True,-0.36973050236701965,0.2702449530363083,0.19311568140983582,0.12364250421524048,0.45621591806411743,0.23677800595760345,0.34147265553474426,0.1378121916204691,-0.32383695244789124,0.29365333914756775,0.4216504395008087,0.005634309723973274,0.29195982217788696
YNR070W,val,True,True,-1.6357150077819824,0.179431714117527,0.54941326379776,-0.03485448658466339,0.021885477006435394,0.03812018036842346,0.32259413599967957,0.3102997187525034,0.30917564034461975,0.2861764430999756,0.2683089077472687,-0.018108902499079704,0.7059465050697327
YNR071C,val,True,True,-1.5726510286331177,-1.7270187616348267,-1.7376092672348022,-2.3000991344451904,-1.7050576210021973,-1.3769153356552124,-1.515412449836731,-1.4595394849777221,-1.8767496347427368,-1.664705514907837,-1.5264172554016113,-0.893628716468811,-1.3361963033676147
YNR072W,val,True,True,-1.9737300872802734,-2.094957876205444,-2.1447322368621826,-2.12601375579834,-2.169250965118408,-2.0916967391967773,-1.9430956840515137,-1.8141710042953492,-1.8698205947875977,-2.0819504261016846,-1.4439711570739746,-1.896468162536621,-1.7786446809768677
YNR073C,val,True,False,-1.628213882446289,-1.7159032821655273,-1.4093050956726074,-1.7583532333374023,-1.8863879442214966,-1.8688231706619263,-1.656646966934204,-1.8466540575027466,-1.5539854764938354,-1.7771252393722534,-2.0717179775238037,-1.9139293432235718,-1.9165122509002686
YNR074C,val,True,True,0.09211117774248123,0.5695030570030213,0.1469261646270752,0.756228506565094,0.3678063750267029,1.0710231065750122,0.5055311322212219,0.3396652936935425,-0.27404361963272095,0.6350269913673401,0.4778199791908264,0.10073602199554443,0.7587870955467224
YNR075C-A,val,False,True,-2.088510751724243,-2.107204461097717,-2.1873157024383545,-2.205092668533325,-2.1659679412841797,-1.8893593549728394,-2.0882866382598877,-2.1549694538116455,-2.0192503929138184,-2.1393625736236572,-2.2607028484344482,-2.0584192276000977,-2.297112226486206
YNR075W,val,True,True,-0.4775683581829071,0.18202421367168425,0.17882606387138367,0.0524786040186882,0.3191640377044678,0.07151614874601364,0.28813621401786804,0.22575901485979558,0.2431834638118744,0.31500181555747986,-0.01582222990691662,0.1416931003332138,0.4447389245033264
YNR076W,val,True,True,-1.1100492477416992,-2.0089251041412353,-2.393381357192993,-1.5866119861602783,-2.001917600631714,-2.026277780532837,-2.0364367961883545,-2.0767839193344115,-1.9594217538833618,-2.1010918617248535,-2.197293758392334,-2.021101474761963,-2.105010747909546
YNR077C,val,True,False,-2.088510751724243,-2.0468326568603517,-2.0271387100219727,-1.9056589603424072,-2.2859103679656982,-2.0939362049102783,-1.9215190410614014,-2.094668674468994,-2.0177953243255615,-2.122223138809204,-2.205624580383301,-2.0992941856384277,-2.0284061431884766
